#  wavefront obj file written by the visualization toolkit

mtllib model.mtl

v -0.004999999888241291 0.008660254068672657 -2.7403074913695156e-16
v -0.004999999888241291 0.6480064392089844 -2.7403074913695156e-16
v -0.05999999865889549 0.4427436292171478 -2.7403074913695156e-16
v -0.05999999865889549 0.10392304509878159 -2.7403074913695156e-16
v -0.004999999888241291 0.008660254068672657 -0.054999999701976776
v -0.004999999888241291 0.273333340883255 -0.054999999701976776
v -0.05999999865889549 0.273333340883255 -0.054999999701976776
v -0.05999999865889549 0.10392304509878159 -0.054999999701976776
v -0.004999999888241291 0.3933333456516266 -0.054999999701976776
v -0.004999999888241291 0.6480064392089844 -0.054999999701976776
v -0.05999999865889549 0.4427436292171478 -0.054999999701976776
v -0.05999999865889549 0.3933333456516266 -0.054999999701976776
v -0.004999999888241291 0.273333340883255 -0.05999999865889549
v -0.05999999865889549 0.273333340883255 -0.05999999865889549
v -0.004999999888241291 0.3933333456516266 -0.05999999865889549
v -0.05999999865889549 0.3933333456516266 -0.05999999865889549
v -0.004999999888241291 0.28033334016799927 -0.0044999998062849045
v -0.004999999888241291 0.28033334016799927 -0.010499999858438969
v -0.004999999888241291 0.3863333463668823 -0.0044999998062849045
v -0.004999999888241291 0.3863333463668823 -0.010499999858438969
v -0.004999999888241291 0.2863333225250244 -0.010499999858438969
v -0.004999999888241291 0.3803333342075348 -0.010499999858438969
v -0.004999999888241291 0.2863333225250244 -0.0044999998062849045
v -0.004999999888241291 0.3803333342075348 -0.0044999998062849045
v -0.05999999865889549 0.28033334016799927 -0.0044999998062849045
v -0.05999999865889549 0.28033334016799927 -0.010499999858438969
v -0.05999999865889549 0.3863333463668823 -0.0044999998062849045
v -0.05999999865889549 0.3863333463668823 -0.010499999858438969
v -0.05999999865889549 0.3803333342075348 -0.010499999858438969
v -0.05999999865889549 0.2863333225250244 -0.010499999858438969
v -0.05999999865889549 0.2863333225250244 -0.0044999998062849045
v -0.05999999865889549 0.3803333342075348 -0.0044999998062849045
v -0.28184500336647034 0.16849678754806519 -2.7403074913695156e-16
v -0.20671361684799194 0.1886281967163086 -2.7403074913695156e-16
v -0.08987604081630707 0.057663459330797195 -0.054999999701976776
v -0.06237604469060898 0.1052948608994484 -0.054999999701976776
v -0.19379909336566925 0.11766345798969269 -0.054999999701976776
v -0.28184500336647034 0.16849678754806519 -0.054999999701976776
v -0.20671361684799194 0.1886281967163086 -0.054999999701976776
v -0.16629908978939056 0.1652948558330536 -0.054999999701976776
v -0.08987604081630707 0.057663459330797195 -0.26195502281188965
v -0.06237604469060898 0.1052948608994484 -0.26195502281188965
v -0.19379909336566925 0.11766345798969269 -0.26195502281188965
v -0.16629908978939056 0.1652948558330536 -0.26195502281188965
v -0.09593822062015533 0.06116345897316933 -0.25145500898361206
v -0.09593822062015533 0.06116345897316933 -0.2574550211429596
v -0.18773691356182098 0.11416345834732056 -0.25145500898361206
v -0.18773691356182098 0.11416345834732056 -0.2574550211429596
v -0.10113437473773956 0.0641634613275528 -0.2574550211429596
v -0.18254075944423676 0.11116345971822739 -0.2574550211429596
v -0.10113437473773956 0.0641634613275528 -0.25145500898361206
v -0.18254075944423676 0.11116345971822739 -0.25145500898361206
v -0.06843822449445724 0.10879486054182053 -0.25145500898361206
v -0.06843822449445724 0.10879486054182053 -0.2574550211429596
v -0.1602369099855423 0.16179485619068146 -0.25145500898361206
v -0.1602369099855423 0.16179485619068146 -0.2574550211429596
v -0.15504075586795807 0.1587948501110077 -0.2574550211429596
v -0.07363437116146088 0.1117948591709137 -0.2574550211429596
v -0.07363437116146088 0.1117948591709137 -0.25145500898361206
v -0.15504075586795807 0.1587948501110077 -0.25145500898361206
v -0.11000744253396988 0.4661282002925873 -0.054999999701976776
v -0.06237604469060898 0.4386281967163086 -0.054999999701976776
v -0.17000743746757507 0.3622051477432251 -0.054999999701976776
v -0.12237603962421417 0.3347051441669464 -0.054999999701976776
v -0.11000744253396988 0.4661282002925873 -0.09738901257514954
v -0.06237604469060898 0.4386281967163086 -0.09738901257514954
v -0.17000743746757507 0.3622051477432251 -0.09738901257514954
v -0.12237603962421417 0.3347051441669464 -0.09738901257514954
v -0.11350744217634201 0.460066020488739 -0.08688901364803314
v -0.11350744217634201 0.460066020488739 -0.09288901090621948
v -0.16650743782520294 0.36826732754707336 -0.08688901364803314
v -0.16650743782520294 0.36826732754707336 -0.09288901090621948
v -0.11650744080543518 0.4548698663711548 -0.09288901090621948
v -0.16350744664669037 0.3734634816646576 -0.09288901090621948
v -0.11650744080543518 0.4548698663711548 -0.08688901364803314
v -0.16350744664669037 0.3734634816646576 -0.08688901364803314
v -0.06587604433298111 0.4325660169124603 -0.08688901364803314
v -0.06587604433298111 0.4325660169124603 -0.09288901090621948
v -0.11887603998184204 0.3407673239707947 -0.08688901364803314
v -0.11887603998184204 0.3407673239707947 -0.09288901090621948
v -0.11587604135274887 0.3459634780883789 -0.09288901090621948
v -0.06887604296207428 0.4273698627948761 -0.09288901090621948
v -0.06887604296207428 0.4273698627948761 -0.08688901364803314
v -0.11587604135274887 0.3459634780883789 -0.08688901364803314
v -0.004999999888241291 0.008660254068672657 -2.7403074913695156e-16
v -0.004999999888241291 0.008660254068672657 -2.7403074913695156e-16
v -0.004999999888241291 0.6480064392089844 -2.7403074913695156e-16
v -0.004999999888241291 0.6480064392089844 -2.7403074913695156e-16
v -0.05999999865889549 0.4427436292171478 -2.7403074913695156e-16
v -0.05999999865889549 0.4427436292171478 -2.7403074913695156e-16
v -0.05999999865889549 0.10392304509878159 -2.7403074913695156e-16
v -0.05999999865889549 0.10392304509878159 -2.7403074913695156e-16
v -0.004999999888241291 0.008660254068672657 -0.054999999701976776
v -0.004999999888241291 0.008660254068672657 -0.054999999701976776
v -0.004999999888241291 0.273333340883255 -0.054999999701976776
v -0.004999999888241291 0.273333340883255 -0.054999999701976776
v -0.05999999865889549 0.273333340883255 -0.054999999701976776
v -0.05999999865889549 0.273333340883255 -0.054999999701976776
v -0.05999999865889549 0.10392304509878159 -0.054999999701976776
v -0.05999999865889549 0.10392304509878159 -0.054999999701976776
v -0.004999999888241291 0.3933333456516266 -0.054999999701976776
v -0.004999999888241291 0.3933333456516266 -0.054999999701976776
v -0.004999999888241291 0.6480064392089844 -0.054999999701976776
v -0.004999999888241291 0.6480064392089844 -0.054999999701976776
v -0.05999999865889549 0.4427436292171478 -0.054999999701976776
v -0.05999999865889549 0.4427436292171478 -0.054999999701976776
v -0.05999999865889549 0.3933333456516266 -0.054999999701976776
v -0.05999999865889549 0.3933333456516266 -0.054999999701976776
v -0.004999999888241291 0.273333340883255 -0.05999999865889549
v -0.004999999888241291 0.273333340883255 -0.05999999865889549
v -0.05999999865889549 0.273333340883255 -0.05999999865889549
v -0.05999999865889549 0.273333340883255 -0.05999999865889549
v -0.004999999888241291 0.3933333456516266 -0.05999999865889549
v -0.004999999888241291 0.3933333456516266 -0.05999999865889549
v -0.05999999865889549 0.3933333456516266 -0.05999999865889549
v -0.05999999865889549 0.3933333456516266 -0.05999999865889549
v -0.004999999888241291 0.28033334016799927 -0.0044999998062849045
v -0.004999999888241291 0.28033334016799927 -0.0044999998062849045
v -0.004999999888241291 0.28033334016799927 -0.010499999858438969
v -0.004999999888241291 0.28033334016799927 -0.010499999858438969
v -0.004999999888241291 0.3863333463668823 -0.0044999998062849045
v -0.004999999888241291 0.3863333463668823 -0.0044999998062849045
v -0.004999999888241291 0.3863333463668823 -0.010499999858438969
v -0.004999999888241291 0.3863333463668823 -0.010499999858438969
v -0.004999999888241291 0.2863333225250244 -0.010499999858438969
v -0.004999999888241291 0.2863333225250244 -0.010499999858438969
v -0.004999999888241291 0.3803333342075348 -0.010499999858438969
v -0.004999999888241291 0.3803333342075348 -0.010499999858438969
v -0.004999999888241291 0.2863333225250244 -0.0044999998062849045
v -0.004999999888241291 0.2863333225250244 -0.0044999998062849045
v -0.004999999888241291 0.3803333342075348 -0.0044999998062849045
v -0.004999999888241291 0.3803333342075348 -0.0044999998062849045
v -0.05999999865889549 0.28033334016799927 -0.0044999998062849045
v -0.05999999865889549 0.28033334016799927 -0.0044999998062849045
v -0.05999999865889549 0.28033334016799927 -0.010499999858438969
v -0.05999999865889549 0.28033334016799927 -0.010499999858438969
v -0.05999999865889549 0.3863333463668823 -0.0044999998062849045
v -0.05999999865889549 0.3863333463668823 -0.0044999998062849045
v -0.05999999865889549 0.3863333463668823 -0.010499999858438969
v -0.05999999865889549 0.3863333463668823 -0.010499999858438969
v -0.05999999865889549 0.3803333342075348 -0.010499999858438969
v -0.05999999865889549 0.3803333342075348 -0.010499999858438969
v -0.05999999865889549 0.2863333225250244 -0.010499999858438969
v -0.05999999865889549 0.2863333225250244 -0.010499999858438969
v -0.05999999865889549 0.2863333225250244 -0.0044999998062849045
v -0.05999999865889549 0.2863333225250244 -0.0044999998062849045
v -0.05999999865889549 0.3803333342075348 -0.0044999998062849045
v -0.05999999865889549 0.3803333342075348 -0.0044999998062849045
v -0.28184500336647034 0.16849678754806519 -2.7403074913695156e-16
v -0.28184500336647034 0.16849678754806519 -2.7403074913695156e-16
v -0.20671361684799194 0.1886281967163086 -2.7403074913695156e-16
v -0.20671361684799194 0.1886281967163086 -2.7403074913695156e-16
v -0.08987604081630707 0.057663459330797195 -0.054999999701976776
v -0.08987604081630707 0.057663459330797195 -0.054999999701976776
v -0.06237604469060898 0.1052948608994484 -0.054999999701976776
v -0.06237604469060898 0.1052948608994484 -0.054999999701976776
v -0.19379909336566925 0.11766345798969269 -0.054999999701976776
v -0.19379909336566925 0.11766345798969269 -0.054999999701976776
v -0.28184500336647034 0.16849678754806519 -0.054999999701976776
v -0.28184500336647034 0.16849678754806519 -0.054999999701976776
v -0.20671361684799194 0.1886281967163086 -0.054999999701976776
v -0.20671361684799194 0.1886281967163086 -0.054999999701976776
v -0.16629908978939056 0.1652948558330536 -0.054999999701976776
v -0.16629908978939056 0.1652948558330536 -0.054999999701976776
v -0.08987604081630707 0.057663459330797195 -0.26195502281188965
v -0.08987604081630707 0.057663459330797195 -0.26195502281188965
v -0.06237604469060898 0.1052948608994484 -0.26195502281188965
v -0.06237604469060898 0.1052948608994484 -0.26195502281188965
v -0.19379909336566925 0.11766345798969269 -0.26195502281188965
v -0.19379909336566925 0.11766345798969269 -0.26195502281188965
v -0.16629908978939056 0.1652948558330536 -0.26195502281188965
v -0.16629908978939056 0.1652948558330536 -0.26195502281188965
v -0.09593822062015533 0.06116345897316933 -0.25145500898361206
v -0.09593822062015533 0.06116345897316933 -0.25145500898361206
v -0.09593822062015533 0.06116345897316933 -0.2574550211429596
v -0.09593822062015533 0.06116345897316933 -0.2574550211429596
v -0.18773691356182098 0.11416345834732056 -0.25145500898361206
v -0.18773691356182098 0.11416345834732056 -0.25145500898361206
v -0.18773691356182098 0.11416345834732056 -0.2574550211429596
v -0.18773691356182098 0.11416345834732056 -0.2574550211429596
v -0.10113437473773956 0.0641634613275528 -0.2574550211429596
v -0.10113437473773956 0.0641634613275528 -0.2574550211429596
v -0.18254075944423676 0.11116345971822739 -0.2574550211429596
v -0.18254075944423676 0.11116345971822739 -0.2574550211429596
v -0.10113437473773956 0.0641634613275528 -0.25145500898361206
v -0.10113437473773956 0.0641634613275528 -0.25145500898361206
v -0.18254075944423676 0.11116345971822739 -0.25145500898361206
v -0.18254075944423676 0.11116345971822739 -0.25145500898361206
v -0.06843822449445724 0.10879486054182053 -0.25145500898361206
v -0.06843822449445724 0.10879486054182053 -0.25145500898361206
v -0.06843822449445724 0.10879486054182053 -0.2574550211429596
v -0.06843822449445724 0.10879486054182053 -0.2574550211429596
v -0.1602369099855423 0.16179485619068146 -0.25145500898361206
v -0.1602369099855423 0.16179485619068146 -0.25145500898361206
v -0.1602369099855423 0.16179485619068146 -0.2574550211429596
v -0.1602369099855423 0.16179485619068146 -0.2574550211429596
v -0.15504075586795807 0.1587948501110077 -0.2574550211429596
v -0.15504075586795807 0.1587948501110077 -0.2574550211429596
v -0.07363437116146088 0.1117948591709137 -0.2574550211429596
v -0.07363437116146088 0.1117948591709137 -0.2574550211429596
v -0.07363437116146088 0.1117948591709137 -0.25145500898361206
v -0.07363437116146088 0.1117948591709137 -0.25145500898361206
v -0.15504075586795807 0.1587948501110077 -0.25145500898361206
v -0.15504075586795807 0.1587948501110077 -0.25145500898361206
v -0.11000744253396988 0.4661282002925873 -0.054999999701976776
v -0.11000744253396988 0.4661282002925873 -0.054999999701976776
v -0.06237604469060898 0.4386281967163086 -0.054999999701976776
v -0.06237604469060898 0.4386281967163086 -0.054999999701976776
v -0.17000743746757507 0.3622051477432251 -0.054999999701976776
v -0.17000743746757507 0.3622051477432251 -0.054999999701976776
v -0.12237603962421417 0.3347051441669464 -0.054999999701976776
v -0.12237603962421417 0.3347051441669464 -0.054999999701976776
v -0.11000744253396988 0.4661282002925873 -0.09738901257514954
v -0.11000744253396988 0.4661282002925873 -0.09738901257514954
v -0.06237604469060898 0.4386281967163086 -0.09738901257514954
v -0.06237604469060898 0.4386281967163086 -0.09738901257514954
v -0.17000743746757507 0.3622051477432251 -0.09738901257514954
v -0.17000743746757507 0.3622051477432251 -0.09738901257514954
v -0.12237603962421417 0.3347051441669464 -0.09738901257514954
v -0.12237603962421417 0.3347051441669464 -0.09738901257514954
v -0.11350744217634201 0.460066020488739 -0.08688901364803314
v -0.11350744217634201 0.460066020488739 -0.08688901364803314
v -0.11350744217634201 0.460066020488739 -0.09288901090621948
v -0.11350744217634201 0.460066020488739 -0.09288901090621948
v -0.16650743782520294 0.36826732754707336 -0.08688901364803314
v -0.16650743782520294 0.36826732754707336 -0.08688901364803314
v -0.16650743782520294 0.36826732754707336 -0.09288901090621948
v -0.16650743782520294 0.36826732754707336 -0.09288901090621948
v -0.11650744080543518 0.4548698663711548 -0.09288901090621948
v -0.11650744080543518 0.4548698663711548 -0.09288901090621948
v -0.16350744664669037 0.3734634816646576 -0.09288901090621948
v -0.16350744664669037 0.3734634816646576 -0.09288901090621948
v -0.11650744080543518 0.4548698663711548 -0.08688901364803314
v -0.11650744080543518 0.4548698663711548 -0.08688901364803314
v -0.16350744664669037 0.3734634816646576 -0.08688901364803314
v -0.16350744664669037 0.3734634816646576 -0.08688901364803314
v -0.06587604433298111 0.4325660169124603 -0.08688901364803314
v -0.06587604433298111 0.4325660169124603 -0.08688901364803314
v -0.06587604433298111 0.4325660169124603 -0.09288901090621948
v -0.06587604433298111 0.4325660169124603 -0.09288901090621948
v -0.11887603998184204 0.3407673239707947 -0.08688901364803314
v -0.11887603998184204 0.3407673239707947 -0.08688901364803314
v -0.11887603998184204 0.3407673239707947 -0.09288901090621948
v -0.11887603998184204 0.3407673239707947 -0.09288901090621948
v -0.11587604135274887 0.3459634780883789 -0.09288901090621948
v -0.11587604135274887 0.3459634780883789 -0.09288901090621948
v -0.06887604296207428 0.4273698627948761 -0.09288901090621948
v -0.06887604296207428 0.4273698627948761 -0.09288901090621948
v -0.06887604296207428 0.4273698627948761 -0.08688901364803314
v -0.06887604296207428 0.4273698627948761 -0.08688901364803314
v -0.11587604135274887 0.3459634780883789 -0.08688901364803314
v -0.11587604135274887 0.3459634780883789 -0.08688901364803314
vn 0 0 1
vn 0 0 1
vn 0 0 1
vn 0 0 1
vn 0 0 -1
vn 0 0 -1
vn 0 0 -1
vn 0 0 -1
vn 0 0 -1
vn 0 0 -1
vn 0 0 -1
vn 0 0 -1
vn 0 -1 0
vn 0 -1 0
vn 0 1 0
vn 0 1 0
vn 1 0 0
vn 1 0 0
vn 1 0 0
vn 1 0 0
vn 1 0 0
vn 1 0 0
vn 1 0 0
vn 1 0 0
vn -1 0 0
vn -1 0 0
vn -1 0 0
vn -1 0 0
vn -1 0 0
vn -1 0 0
vn -1 0 0
vn -1 0 0
vn 0 0 1
vn 0 0 1
vn 0 0 -1
vn 0 0 -1
vn 0 0 -1
vn 0 0 -1
vn 0 0 -1
vn 0 0 -1
vn 0.866025447845459 -0.49999991059303284 0
vn 0.866025447845459 -0.49999991059303284 0
vn -0.8660253882408142 0.5000000596046448 0
vn -0.8660253882408142 0.5000000596046448 0
vn -0.4999999403953552 -0.866025447845459 -2.957379585666331e-8
vn -0.5 -0.866025447845459 -2.9872171580791473e-7
vn -0.4999997913837433 -0.8660255074501038 1.8246737454319373e-9
vn -0.4999997615814209 -0.8660255670547485 -1.1948871758704627e-7
vn -0.5000000596046448 -0.8660253882408142 4.076797921470643e-8
vn -0.49999991059303284 -0.866025447845459 1.696004545692631e-7
vn -0.5000000596046448 -0.8660253882408142 -4.702668832123891e-8
vn -0.4999999403953552 -0.866025447845459 -2.9136528745254964e-9
vn 0.5 0.866025447845459 -5.549660286874314e-9
vn 0.5000000596046448 0.8660253882408142 3.634193888046866e-7
vn 0.5000001192092896 0.8660253882408142 -6.742099145640168e-8
vn 0.5000002384185791 0.8660252690315247 -7.169318791966361e-7
vn 0.5000001192092896 0.8660253286361694 -2.3845143459766405e-7
vn 0.5000000596046448 0.8660253882408142 1.1211881201234064e-7
vn 0.5000000596046448 0.8660253882408142 -3.4242602087175555e-9
vn 0.5000001192092896 0.8660253286361694 -1.0607914191496093e-7
vn 0 0 -1
vn 0 0 -1
vn 0 0 -1
vn 0 0 -1
vn 0.5000000596046448 0.8660253882408142 0
vn 0.5000000596046448 0.8660253882408142 0
vn -0.5000000596046448 -0.8660253882408142 0
vn -0.5000000596046448 -0.8660253882408142 0
vn -0.8660255074501038 0.4999997913837433 1.1241059638678053e-8
vn -0.8660255670547485 0.4999997615814209 -1.1948871758704627e-7
vn -0.8660256862640381 0.4999994933605194 -8.992853395284328e-8
vn -0.8660258054733276 0.4999993145465851 9.559103091305587e-7
vn -0.866025447845459 0.4999999403953552 -4.066321821483143e-7
vn -0.8660256266593933 0.49999961256980896 -1.5604094016907766e-7
vn -0.866025447845459 0.49999991059303284 -3.326076480902884e-8
vn -0.8660255670547485 0.4999998211860657 -2.3658566661310942e-8
vn 0.8660255074501038 -0.4999997913837433 -1.1241059638678053e-8
vn 0.8660255670547485 -0.4999997615814209 1.1948871758704627e-7
vn 0.8660255074501038 -0.49999985098838806 -1.06724968418348e-7
vn 0.8660255670547485 -0.4999997615814209 -1.1948871758704627e-7
vn 0.866025447845459 -0.49999991059303284 -1.0024906060834837e-7
vn 0.866025447845459 -0.4999999403953552 -1.2720033737423364e-7
vn 0.866025447845459 -0.49999991059303284 2.39330777418445e-8
vn 0.866025447845459 -0.4999999403953552 -5.933984681405491e-8
vn 1 0 0
vn -0.5 -0.8660253882408142 -1.1983662950854068e-8
vn 1 0 0
vn -0.866025447845459 0.4999999701976776 2.1888210355314186e-8
vn -1 0 0
vn 0.866025447845459 -0.4999999403953552 -5.583265760833456e-8
vn -1 0 0
vn 0.5000003576278687 0.8660252690315247 1.7403653629344262e-8
vn 1 0 0
vn -0.5 -0.8660253882408142 0
vn 0 -1 0
vn 1 0 0
vn 0 -1 0
vn -1 0 0
vn -1 0 0
vn 0.5000013709068298 0.8660246133804321 0
vn 0 1 0
vn 1 0 0
vn 1 0 0
vn -0.866025447845459 0.4999999701976776 0
vn -1 0 0
vn 0.8660253882408142 -0.5 0
vn 0 1 0
vn -1 0 0
vn 0 0 -1
vn 1 0 0
vn 0 0 -1
vn -1 0 0
vn 0 0 -1
vn 1 0 0
vn 0 0 -1
vn -1 0 0
vn 0 0 -1
vn 0 1 0
vn 0 1 0
vn 0 0 1
vn 0 0 -1
vn 0 -1 0
vn 0 -1 0
vn 0 0 1
vn 0 -1 0
vn 0 0 1
vn 0 1 0
vn 0 0 1
vn 0 -1 0
vn 0 0 -1
vn 0 1 0
vn 0 0 -1
vn 0 0 -1
vn 0 1 0
vn 0 1 0
vn 0 0 1
vn 0 0 -1
vn 0 -1 0
vn 0 -1 0
vn 0 0 1
vn 0 1 0
vn 0 0 1
vn 0 -1 0
vn 0 0 1
vn 0 -1 0
vn 0 0 -1
vn 0 1 0
vn 0 0 -1
vn -0.5 -0.8660253882408142 7.303796234481297e-9
vn -0.866025447845459 0.4999999701976776 -1.0094148628070343e-8
vn 0.5 0.8660253882408142 -1.1986629466775867e-8
vn 0.8660253882408142 -0.5 7.490758235917383e-8
vn 0.866025447845459 -0.49999991059303284 0
vn -0.4999999701976776 -0.866025447845459 -1.1225582241536358e-8
vn 0.866025447845459 -0.49999991059303284 0
vn 0.5000003576278687 0.8660252094268799 -5.90570152780856e-8
vn -0.8660253882408142 0.5000000596046448 0
vn -0.4999999701976776 -0.866025447845459 -2.0737598305231586e-8
vn -0.5 -0.8660253882408142 0
vn -0.866025447845459 0.4999999701976776 0
vn 0.5000000596046448 0.8660253882408142 0
vn 0.8660253882408142 -0.5000000596046448 0
vn -0.8660253882408142 0.5000000596046448 0
vn 0.4999999701976776 0.866025447845459 -4.252218133160568e-9
vn 0 0 -1
vn -0.4999999701976776 -0.866025447845459 -1.3598473458387161e-7
vn 0 0 -1
vn 0.5 0.866025447845459 2.41379353838056e-7
vn 0 0 -1
vn -0.49999991059303284 -0.866025447845459 1.1246117992413929e-7
vn 0 0 -1
vn 0.5000000596046448 0.8660253882408142 -1.688605664185161e-7
vn 0 0 -1
vn -0.866025447845459 0.49999991059303284 0
vn -0.866025447845459 0.49999991059303284 0
vn 0 0 1
vn 0 0 -1
vn 0.8660253882408142 -0.5000000596046448 0
vn 0.8660253882408142 -0.5000000596046448 0
vn 0 0 1
vn 0.8660253882408142 -0.5000000596046448 0
vn 0 0 1
vn -0.8660253286361694 0.5000001192092896 0
vn 0 0 1
vn 0.8660253882408142 -0.5000000596046448 0
vn 0 0 -1
vn -0.8660253286361694 0.5000001192092896 0
vn 0 0 -1
vn 0 0 -1
vn -0.866025447845459 0.49999991059303284 0
vn -0.866025447845459 0.49999991059303284 0
vn 0 0 1
vn 0 0 -1
vn 0.8660253882408142 -0.5000000596046448 0
vn 0.8660253882408142 -0.5000000596046448 0
vn 0 0 1
vn -0.8660253286361694 0.5000001192092896 0
vn 0 0 1
vn 0.8660253882408142 -0.5000000596046448 0
vn 0 0 1
vn 0.8660253882408142 -0.5000000596046448 0
vn 0 0 -1
vn -0.8660253286361694 0.5000001192092896 0
vn 0 0 -1
vn 0.5000000596046448 0.8660253882408142 0
vn -0.866025447845459 0.49999991059303284 4.517815099802647e-8
vn 0.5000000596046448 0.8660253882408142 0
vn 0.8660255074501038 -0.49999988079071045 1.3944126742160279e-8
vn -0.5000000596046448 -0.8660253882408142 0
vn -0.8660255670547485 0.4999997913837433 1.3479549920702993e-8
vn -0.5000000596046448 -0.8660253882408142 0
vn 0.866025447845459 -0.4999999403953552 3.076459265116682e-8
vn 0 0 -1
vn -0.8660255074501038 0.4999998211860657 8.669564266483576e-8
vn 0 0 -1
vn 0.8660255074501038 -0.49999988079071045 1.539172167497327e-8
vn 0 0 -1
vn -0.8660255670547485 0.49999967217445374 2.3527444881210613e-8
vn 0 0 -1
vn 0.8660255074501038 -0.4999998211860657 8.669564266483576e-8
vn 0 0 -1
vn -0.5000000596046448 -0.8660253882408142 0
vn -0.5000000596046448 -0.8660253882408142 0
vn 0 0 1
vn 0 0 -1
vn 0.5000000596046448 0.8660253882408142 0
vn 0.5000000596046448 0.8660253882408142 0
vn 0 0 1
vn 0.5000000596046448 0.8660253882408142 0
vn 0 0 1
vn -0.5 -0.8660253882408142 0
vn 0 0 1
vn 0.5000000596046448 0.8660253882408142 0
vn 0 0 -1
vn -0.5 -0.8660253882408142 0
vn 0 0 -1
vn 0 0 -1
vn -0.5000000596046448 -0.8660253882408142 0
vn -0.5000000596046448 -0.8660253882408142 0
vn 0 0 1
vn 0 0 -1
vn 0.5000000596046448 0.8660253882408142 0
vn 0.5000000596046448 0.8660253882408142 0
vn 0 0 1
vn -0.5 -0.8660253882408142 0
vn 0 0 1
vn 0.5000000596046448 0.8660253882408142 0
vn 0 0 1
vn 0.5000000596046448 0.8660253882408142 0
vn 0 0 -1
vn -0.5 -0.8660253882408142 0
vn 0 0 -1

g grp1
usemtl mtl1
f 4//4 1//1 3//3 
f 2//2 3//3 1//1 
f 6//6 8//8 7//7 
f 8//8 6//6 5//5 
f 11//11 9//9 12//12 
f 9//9 11//11 10//10 
f 97//97 13//13 95//95 
f 13//13 97//97 14//14 
f 101//101 15//15 107//107 
f 16//16 107//107 15//15 
f 111//111 113//113 109//109 
f 113//113 111//111 115//115 
f 96//96 18//18 17//17 
f 18//18 96//96 110//110 
f 19//19 20//20 102//102 
f 114//114 102//102 20//20 
f 114//114 18//18 110//110 
f 22//22 114//114 20//20 
f 21//21 114//114 22//22 
f 114//114 21//21 18//18 
f 21//21 24//24 23//23 
f 24//24 21//21 22//22 
f 87//87 102//102 103//103 
f 96//96 85//85 93//93 
f 87//87 19//19 102//102 
f 17//17 85//85 96//96 
f 17//17 87//87 85//85 
f 87//87 24//24 19//19 
f 87//87 23//23 24//24 
f 23//23 87//87 17//17 
f 25//25 26//26 98//98 
f 112//112 98//98 26//26 
f 108//108 28//28 27//27 
f 28//28 108//108 116//116 
f 26//26 116//116 112//112 
f 116//116 29//29 28//28 
f 116//116 30//30 29//29 
f 30//30 116//116 26//26 
f 31//31 32//32 30//30 
f 29//29 30//30 32//32 
f 108//108 89//89 105//105 
f 27//27 89//89 108//108 
f 91//91 98//98 99//99 
f 91//91 25//25 98//98 
f 89//89 25//25 91//91 
f 32//32 89//89 27//27 
f 31//31 89//89 32//32 
f 89//89 31//31 25//25 
f 129//129 145//145 125//125 
f 143//143 125//125 145//145 
f 130//130 117//117 146//146 
f 133//133 146//146 117//117 
f 119//119 134//134 118//118 
f 134//134 119//119 135//135 
f 120//120 126//126 136//136 
f 144//144 136//136 126//126 
f 127//127 147//147 131//131 
f 147//147 127//127 141//141 
f 148//148 121//121 132//132 
f 121//121 148//148 137//137 
f 122//122 138//138 123//123 
f 139//139 123//123 138//138 
f 128//128 124//124 142//142 
f 140//140 142//142 124//124 
f 33//33 4//4 34//34 
f 1//1 4//4 33//33 
f 5//5 35//35 8//8 
f 36//36 8//8 35//35 
f 38//38 39//39 37//37 
f 40//40 37//37 39//39 
f 153//153 41//41 155//155 
f 42//42 155//155 41//41 
f 163//163 43//43 157//157 
f 43//43 163//163 44//44 
f 169//169 171//171 165//165 
f 167//167 165//165 171//171 
f 46//46 166//166 45//45 
f 154//154 45//45 166//166 
f 47//47 170//170 48//48 
f 170//170 47//47 158//158 
f 46//46 49//49 166//166 
f 48//48 170//170 50//50 
f 166//166 49//49 170//170 
f 50//50 170//170 49//49 
f 51//51 52//52 49//49 
f 50//50 49//49 52//52 
f 94//94 86//86 154//154 
f 159//159 158//158 149//149 
f 149//149 158//158 86//86 
f 86//86 158//158 154//154 
f 154//154 158//158 45//45 
f 47//47 52//52 158//158 
f 52//52 51//51 158//158 
f 158//158 51//51 45//45 
f 53//53 168//168 54//54 
f 168//168 53//53 156//156 
f 56//56 172//172 55//55 
f 164//164 55//55 172//172 
f 56//56 57//57 172//172 
f 54//54 168//168 58//58 
f 172//172 57//57 168//168 
f 58//58 168//168 57//57 
f 58//58 60//60 59//59 
f 60//60 58//58 57//57 
f 161//161 151//151 164//164 
f 151//151 92//92 164//164 
f 164//164 92//92 55//55 
f 100//100 156//156 92//92 
f 92//92 156//156 55//55 
f 53//53 59//59 156//156 
f 59//59 60//60 156//156 
f 55//55 156//156 60//60 
f 181//181 201//201 185//185 
f 201//201 181//181 199//199 
f 186//186 189//189 173//173 
f 189//189 186//186 202//202 
f 174//174 190//190 175//175 
f 191//191 175//175 190//190 
f 192//192 182//182 176//176 
f 182//182 192//192 200//200 
f 187//187 203//203 183//183 
f 197//197 183//183 203//203 
f 193//193 204//204 177//177 
f 188//188 177//177 204//204 
f 179//179 194//194 178//178 
f 194//194 179//179 195//195 
f 180//180 198//198 196//196 
f 198//198 180//180 184//184 
f 34//34 3//3 33//33 
f 3//3 2//2 33//33 
f 11//11 61//61 10//10 
f 11//11 62//62 61//61 
f 39//39 63//63 64//64 
f 39//39 38//38 63//63 
f 207//207 65//65 205//205 
f 65//65 207//207 66//66 
f 209//209 67//67 211//211 
f 68//68 211//211 67//67 
f 215//215 217//217 213//213 
f 217//217 215//215 219//219 
f 69//69 214//214 70//70 
f 214//214 69//69 206//206 
f 72//72 218//218 71//71 
f 210//210 71//71 218//218 
f 214//214 73//73 70//70 
f 74//74 218//218 72//72 
f 218//218 73//73 214//214 
f 73//73 218//218 74//74 
f 73//73 76//76 75//75 
f 76//76 73//73 74//74 
f 206//206 88//88 104//104 
f 150//150 210//210 160//160 
f 75//75 206//206 69//69 
f 76//76 206//206 75//75 
f 210//210 76//76 71//71 
f 210//210 206//206 76//76 
f 88//88 210//210 150//150 
f 210//210 88//88 206//206 
f 78//78 216//216 77//77 
f 208//208 77//77 216//216 
f 79//79 220//220 80//80 
f 220//220 79//79 212//212 
f 220//220 81//81 80//80 
f 82//82 216//216 78//78 
f 216//216 81//81 220//220 
f 81//81 216//216 82//82 
f 83//83 84//84 82//82 
f 81//81 82//82 84//84 
f 212//212 152//152 162//162 
f 212//212 90//90 152//152 
f 79//79 90//90 212//212 
f 208//208 83//83 77//77 
f 208//208 84//84 83//83 
f 90//90 208//208 106//106 
f 90//90 84//84 208//208 
f 84//84 90//90 79//79 
f 233//233 249//249 229//229 
f 247//247 229//229 249//249 
f 221//221 237//237 234//234 
f 250//250 234//234 237//237 
f 223//223 238//238 222//222 
f 238//238 223//223 239//239 
f 224//224 230//230 240//240 
f 248//248 240//240 230//230 
f 231//231 251//251 235//235 
f 251//251 231//231 245//245 
f 225//225 252//252 241//241 
f 252//252 225//225 236//236 
f 226//226 242//242 227//227 
f 243//243 227//227 242//242 
f 244//244 246//246 228//228 
f 232//232 228//228 246//246 
v 0.004999999888241291 0.008660254068672657 3.250510905005447e-16
v 0.004999999888241291 0.6480064392089844 3.250510905005447e-16
v 0.05999999865889549 0.4427436292171478 3.250510905005447e-16
v 0.05999999865889549 0.10392304509878159 3.250510905005447e-16
v 0.004999999888241291 0.008660254068672657 -0.054999999701976776
v 0.004999999888241291 0.273333340883255 -0.054999999701976776
v 0.05999999865889549 0.273333340883255 -0.054999999701976776
v 0.05999999865889549 0.10392304509878159 -0.054999999701976776
v 0.004999999888241291 0.3933333456516266 -0.054999999701976776
v 0.004999999888241291 0.6480064392089844 -0.054999999701976776
v 0.05999999865889549 0.4427436292171478 -0.054999999701976776
v 0.05999999865889549 0.3933333456516266 -0.054999999701976776
v 0.004999999888241291 0.273333340883255 -0.05999999865889549
v 0.05999999865889549 0.273333340883255 -0.05999999865889549
v 0.004999999888241291 0.3933333456516266 -0.05999999865889549
v 0.05999999865889549 0.3933333456516266 -0.05999999865889549
v 0.004999999888241291 0.28033334016799927 -0.0044999998062849045
v 0.004999999888241291 0.28033334016799927 -0.010499999858438969
v 0.004999999888241291 0.3863333463668823 -0.0044999998062849045
v 0.004999999888241291 0.3863333463668823 -0.010499999858438969
v 0.004999999888241291 0.2863333225250244 -0.010499999858438969
v 0.004999999888241291 0.3803333342075348 -0.010499999858438969
v 0.004999999888241291 0.2863333225250244 -0.0044999998062849045
v 0.004999999888241291 0.3803333342075348 -0.0044999998062849045
v 0.05999999865889549 0.28033334016799927 -0.0044999998062849045
v 0.05999999865889549 0.28033334016799927 -0.010499999858438969
v 0.05999999865889549 0.3863333463668823 -0.0044999998062849045
v 0.05999999865889549 0.3863333463668823 -0.010499999858438969
v 0.05999999865889549 0.3803333342075348 -0.010499999858438969
v 0.05999999865889549 0.2863333225250244 -0.010499999858438969
v 0.05999999865889549 0.2863333225250244 -0.0044999998062849045
v 0.05999999865889549 0.3803333342075348 -0.0044999998062849045
v 0.28184500336647034 0.16849678754806519 3.250510905005447e-16
v 0.20671361684799194 0.1886281967163086 3.250510905005447e-16
v 0.08987604081630707 0.057663459330797195 -0.054999999701976776
v 0.06237604469060898 0.1052948608994484 -0.054999999701976776
v 0.19379909336566925 0.11766345798969269 -0.054999999701976776
v 0.28184500336647034 0.16849678754806519 -0.054999999701976776
v 0.20671361684799194 0.1886281967163086 -0.054999999701976776
v 0.16629908978939056 0.1652948558330536 -0.054999999701976776
v 0.08987604081630707 0.057663459330797195 -0.30000001192092896
v 0.06237604469060898 0.1052948608994484 -0.30000001192092896
v 0.19379909336566925 0.11766345798969269 -0.30000001192092896
v 0.16629908978939056 0.1652948558330536 -0.30000001192092896
v 0.09593822062015533 0.06116345897316933 -0.28949999809265137
v 0.09593822062015533 0.06116345897316933 -0.2955000102519989
v 0.18773691356182098 0.11416345834732056 -0.28949999809265137
v 0.18773691356182098 0.11416345834732056 -0.2955000102519989
v 0.10113437473773956 0.0641634613275528 -0.2955000102519989
v 0.18254075944423676 0.11116345971822739 -0.2955000102519989
v 0.10113437473773956 0.0641634613275528 -0.28949999809265137
v 0.18254075944423676 0.11116345971822739 -0.28949999809265137
v 0.06843822449445724 0.10879486054182053 -0.28949999809265137
v 0.06843822449445724 0.10879486054182053 -0.2955000102519989
v 0.1602369099855423 0.16179485619068146 -0.28949999809265137
v 0.1602369099855423 0.16179485619068146 -0.2955000102519989
v 0.15504075586795807 0.1587948501110077 -0.2955000102519989
v 0.07363437116146088 0.1117948591709137 -0.2955000102519989
v 0.07363437116146088 0.1117948591709137 -0.28949999809265137
v 0.15504075586795807 0.1587948501110077 -0.28949999809265137
v 0.17000743746757507 0.3622051477432251 -0.054999999701976776
v 0.12237603962421417 0.3347051441669464 -0.054999999701976776
v 0.11000744253396988 0.4661282002925873 -0.054999999701976776
v 0.06237604469060898 0.4386281967163086 -0.054999999701976776
v 0.17000743746757507 0.3622051477432251 -0.09719471633434296
v 0.12237603962421417 0.3347051441669464 -0.09719471633434296
v 0.11000744253396988 0.4661282002925873 -0.09719471633434296
v 0.06237604469060898 0.4386281967163086 -0.09719471633434296
v 0.16650743782520294 0.36826732754707336 -0.08669471740722656
v 0.16650743782520294 0.36826732754707336 -0.0926947146654129
v 0.11350744217634201 0.460066020488739 -0.08669471740722656
v 0.11350744217634201 0.460066020488739 -0.0926947146654129
v 0.16350744664669037 0.3734634816646576 -0.0926947146654129
v 0.11650744080543518 0.4548698663711548 -0.0926947146654129
v 0.16350744664669037 0.3734634816646576 -0.08669471740722656
v 0.11650744080543518 0.4548698663711548 -0.08669471740722656
v 0.11887603998184204 0.3407673239707947 -0.08669471740722656
v 0.11887603998184204 0.3407673239707947 -0.0926947146654129
v 0.06587604433298111 0.4325660169124603 -0.08669471740722656
v 0.06587604433298111 0.4325660169124603 -0.0926947146654129
v 0.06887604296207428 0.4273698627948761 -0.0926947146654129
v 0.11587604135274887 0.3459634780883789 -0.0926947146654129
v 0.11587604135274887 0.3459634780883789 -0.08669471740722656
v 0.06887604296207428 0.4273698627948761 -0.08669471740722656
v 0.004999999888241291 0.008660254068672657 3.250510905005447e-16
v 0.004999999888241291 0.008660254068672657 3.250510905005447e-16
v 0.004999999888241291 0.6480064392089844 3.250510905005447e-16
v 0.004999999888241291 0.6480064392089844 3.250510905005447e-16
v 0.05999999865889549 0.4427436292171478 3.250510905005447e-16
v 0.05999999865889549 0.4427436292171478 3.250510905005447e-16
v 0.05999999865889549 0.10392304509878159 3.250510905005447e-16
v 0.05999999865889549 0.10392304509878159 3.250510905005447e-16
v 0.004999999888241291 0.008660254068672657 -0.054999999701976776
v 0.004999999888241291 0.008660254068672657 -0.054999999701976776
v 0.004999999888241291 0.273333340883255 -0.054999999701976776
v 0.004999999888241291 0.273333340883255 -0.054999999701976776
v 0.05999999865889549 0.273333340883255 -0.054999999701976776
v 0.05999999865889549 0.273333340883255 -0.054999999701976776
v 0.05999999865889549 0.10392304509878159 -0.054999999701976776
v 0.05999999865889549 0.10392304509878159 -0.054999999701976776
v 0.004999999888241291 0.3933333456516266 -0.054999999701976776
v 0.004999999888241291 0.3933333456516266 -0.054999999701976776
v 0.004999999888241291 0.6480064392089844 -0.054999999701976776
v 0.004999999888241291 0.6480064392089844 -0.054999999701976776
v 0.05999999865889549 0.4427436292171478 -0.054999999701976776
v 0.05999999865889549 0.4427436292171478 -0.054999999701976776
v 0.05999999865889549 0.3933333456516266 -0.054999999701976776
v 0.05999999865889549 0.3933333456516266 -0.054999999701976776
v 0.004999999888241291 0.273333340883255 -0.05999999865889549
v 0.004999999888241291 0.273333340883255 -0.05999999865889549
v 0.05999999865889549 0.273333340883255 -0.05999999865889549
v 0.05999999865889549 0.273333340883255 -0.05999999865889549
v 0.004999999888241291 0.3933333456516266 -0.05999999865889549
v 0.004999999888241291 0.3933333456516266 -0.05999999865889549
v 0.05999999865889549 0.3933333456516266 -0.05999999865889549
v 0.05999999865889549 0.3933333456516266 -0.05999999865889549
v 0.004999999888241291 0.28033334016799927 -0.0044999998062849045
v 0.004999999888241291 0.28033334016799927 -0.0044999998062849045
v 0.004999999888241291 0.28033334016799927 -0.010499999858438969
v 0.004999999888241291 0.28033334016799927 -0.010499999858438969
v 0.004999999888241291 0.3863333463668823 -0.0044999998062849045
v 0.004999999888241291 0.3863333463668823 -0.0044999998062849045
v 0.004999999888241291 0.3863333463668823 -0.010499999858438969
v 0.004999999888241291 0.3863333463668823 -0.010499999858438969
v 0.004999999888241291 0.2863333225250244 -0.010499999858438969
v 0.004999999888241291 0.2863333225250244 -0.010499999858438969
v 0.004999999888241291 0.3803333342075348 -0.010499999858438969
v 0.004999999888241291 0.3803333342075348 -0.010499999858438969
v 0.004999999888241291 0.2863333225250244 -0.0044999998062849045
v 0.004999999888241291 0.2863333225250244 -0.0044999998062849045
v 0.004999999888241291 0.3803333342075348 -0.0044999998062849045
v 0.004999999888241291 0.3803333342075348 -0.0044999998062849045
v 0.05999999865889549 0.28033334016799927 -0.0044999998062849045
v 0.05999999865889549 0.28033334016799927 -0.0044999998062849045
v 0.05999999865889549 0.28033334016799927 -0.010499999858438969
v 0.05999999865889549 0.28033334016799927 -0.010499999858438969
v 0.05999999865889549 0.3863333463668823 -0.0044999998062849045
v 0.05999999865889549 0.3863333463668823 -0.0044999998062849045
v 0.05999999865889549 0.3863333463668823 -0.010499999858438969
v 0.05999999865889549 0.3863333463668823 -0.010499999858438969
v 0.05999999865889549 0.3803333342075348 -0.010499999858438969
v 0.05999999865889549 0.3803333342075348 -0.010499999858438969
v 0.05999999865889549 0.2863333225250244 -0.010499999858438969
v 0.05999999865889549 0.2863333225250244 -0.010499999858438969
v 0.05999999865889549 0.2863333225250244 -0.0044999998062849045
v 0.05999999865889549 0.2863333225250244 -0.0044999998062849045
v 0.05999999865889549 0.3803333342075348 -0.0044999998062849045
v 0.05999999865889549 0.3803333342075348 -0.0044999998062849045
v 0.28184500336647034 0.16849678754806519 3.250510905005447e-16
v 0.28184500336647034 0.16849678754806519 3.250510905005447e-16
v 0.20671361684799194 0.1886281967163086 3.250510905005447e-16
v 0.20671361684799194 0.1886281967163086 3.250510905005447e-16
v 0.08987604081630707 0.057663459330797195 -0.054999999701976776
v 0.08987604081630707 0.057663459330797195 -0.054999999701976776
v 0.06237604469060898 0.1052948608994484 -0.054999999701976776
v 0.06237604469060898 0.1052948608994484 -0.054999999701976776
v 0.19379909336566925 0.11766345798969269 -0.054999999701976776
v 0.19379909336566925 0.11766345798969269 -0.054999999701976776
v 0.28184500336647034 0.16849678754806519 -0.054999999701976776
v 0.28184500336647034 0.16849678754806519 -0.054999999701976776
v 0.20671361684799194 0.1886281967163086 -0.054999999701976776
v 0.20671361684799194 0.1886281967163086 -0.054999999701976776
v 0.16629908978939056 0.1652948558330536 -0.054999999701976776
v 0.16629908978939056 0.1652948558330536 -0.054999999701976776
v 0.08987604081630707 0.057663459330797195 -0.30000001192092896
v 0.08987604081630707 0.057663459330797195 -0.30000001192092896
v 0.06237604469060898 0.1052948608994484 -0.30000001192092896
v 0.06237604469060898 0.1052948608994484 -0.30000001192092896
v 0.19379909336566925 0.11766345798969269 -0.30000001192092896
v 0.19379909336566925 0.11766345798969269 -0.30000001192092896
v 0.16629908978939056 0.1652948558330536 -0.30000001192092896
v 0.16629908978939056 0.1652948558330536 -0.30000001192092896
v 0.09593822062015533 0.06116345897316933 -0.28949999809265137
v 0.09593822062015533 0.06116345897316933 -0.28949999809265137
v 0.09593822062015533 0.06116345897316933 -0.2955000102519989
v 0.09593822062015533 0.06116345897316933 -0.2955000102519989
v 0.18773691356182098 0.11416345834732056 -0.28949999809265137
v 0.18773691356182098 0.11416345834732056 -0.28949999809265137
v 0.18773691356182098 0.11416345834732056 -0.2955000102519989
v 0.18773691356182098 0.11416345834732056 -0.2955000102519989
v 0.10113437473773956 0.0641634613275528 -0.2955000102519989
v 0.10113437473773956 0.0641634613275528 -0.2955000102519989
v 0.18254075944423676 0.11116345971822739 -0.2955000102519989
v 0.18254075944423676 0.11116345971822739 -0.2955000102519989
v 0.10113437473773956 0.0641634613275528 -0.28949999809265137
v 0.10113437473773956 0.0641634613275528 -0.28949999809265137
v 0.18254075944423676 0.11116345971822739 -0.28949999809265137
v 0.18254075944423676 0.11116345971822739 -0.28949999809265137
v 0.06843822449445724 0.10879486054182053 -0.28949999809265137
v 0.06843822449445724 0.10879486054182053 -0.28949999809265137
v 0.06843822449445724 0.10879486054182053 -0.2955000102519989
v 0.06843822449445724 0.10879486054182053 -0.2955000102519989
v 0.1602369099855423 0.16179485619068146 -0.28949999809265137
v 0.1602369099855423 0.16179485619068146 -0.28949999809265137
v 0.1602369099855423 0.16179485619068146 -0.2955000102519989
v 0.1602369099855423 0.16179485619068146 -0.2955000102519989
v 0.15504075586795807 0.1587948501110077 -0.2955000102519989
v 0.15504075586795807 0.1587948501110077 -0.2955000102519989
v 0.07363437116146088 0.1117948591709137 -0.2955000102519989
v 0.07363437116146088 0.1117948591709137 -0.2955000102519989
v 0.07363437116146088 0.1117948591709137 -0.28949999809265137
v 0.07363437116146088 0.1117948591709137 -0.28949999809265137
v 0.15504075586795807 0.1587948501110077 -0.28949999809265137
v 0.15504075586795807 0.1587948501110077 -0.28949999809265137
v 0.17000743746757507 0.3622051477432251 -0.054999999701976776
v 0.17000743746757507 0.3622051477432251 -0.054999999701976776
v 0.12237603962421417 0.3347051441669464 -0.054999999701976776
v 0.12237603962421417 0.3347051441669464 -0.054999999701976776
v 0.11000744253396988 0.4661282002925873 -0.054999999701976776
v 0.11000744253396988 0.4661282002925873 -0.054999999701976776
v 0.06237604469060898 0.4386281967163086 -0.054999999701976776
v 0.06237604469060898 0.4386281967163086 -0.054999999701976776
v 0.17000743746757507 0.3622051477432251 -0.09719471633434296
v 0.17000743746757507 0.3622051477432251 -0.09719471633434296
v 0.12237603962421417 0.3347051441669464 -0.09719471633434296
v 0.12237603962421417 0.3347051441669464 -0.09719471633434296
v 0.11000744253396988 0.4661282002925873 -0.09719471633434296
v 0.11000744253396988 0.4661282002925873 -0.09719471633434296
v 0.06237604469060898 0.4386281967163086 -0.09719471633434296
v 0.06237604469060898 0.4386281967163086 -0.09719471633434296
v 0.16650743782520294 0.36826732754707336 -0.08669471740722656
v 0.16650743782520294 0.36826732754707336 -0.08669471740722656
v 0.16650743782520294 0.36826732754707336 -0.0926947146654129
v 0.16650743782520294 0.36826732754707336 -0.0926947146654129
v 0.11350744217634201 0.460066020488739 -0.08669471740722656
v 0.11350744217634201 0.460066020488739 -0.08669471740722656
v 0.11350744217634201 0.460066020488739 -0.0926947146654129
v 0.11350744217634201 0.460066020488739 -0.0926947146654129
v 0.16350744664669037 0.3734634816646576 -0.0926947146654129
v 0.16350744664669037 0.3734634816646576 -0.0926947146654129
v 0.11650744080543518 0.4548698663711548 -0.0926947146654129
v 0.11650744080543518 0.4548698663711548 -0.0926947146654129
v 0.16350744664669037 0.3734634816646576 -0.08669471740722656
v 0.16350744664669037 0.3734634816646576 -0.08669471740722656
v 0.11650744080543518 0.4548698663711548 -0.08669471740722656
v 0.11650744080543518 0.4548698663711548 -0.08669471740722656
v 0.11887603998184204 0.3407673239707947 -0.08669471740722656
v 0.11887603998184204 0.3407673239707947 -0.08669471740722656
v 0.11887603998184204 0.3407673239707947 -0.0926947146654129
v 0.11887603998184204 0.3407673239707947 -0.0926947146654129
v 0.06587604433298111 0.4325660169124603 -0.08669471740722656
v 0.06587604433298111 0.4325660169124603 -0.08669471740722656
v 0.06587604433298111 0.4325660169124603 -0.0926947146654129
v 0.06587604433298111 0.4325660169124603 -0.0926947146654129
v 0.06887604296207428 0.4273698627948761 -0.0926947146654129
v 0.06887604296207428 0.4273698627948761 -0.0926947146654129
v 0.11587604135274887 0.3459634780883789 -0.0926947146654129
v 0.11587604135274887 0.3459634780883789 -0.0926947146654129
v 0.11587604135274887 0.3459634780883789 -0.08669471740722656
v 0.11587604135274887 0.3459634780883789 -0.08669471740722656
v 0.06887604296207428 0.4273698627948761 -0.08669471740722656
v 0.06887604296207428 0.4273698627948761 -0.08669471740722656
vn 0 0 -1
vn 0 0 -1
vn 0 0 -1
vn 0 0 -1
vn 0 0 1
vn 0 0 1
vn 0 0 1
vn 0 0 1
vn 0 0 1
vn 0 0 1
vn 0 0 1
vn 0 0 1
vn 0 1 0
vn 0 1 0
vn 0 -1 0
vn 0 -1 0
vn 1 0 0
vn 1 0 0
vn 1 0 0
vn 1 0 0
vn 1 0 0
vn 1 0 0
vn 1 0 0
vn 1 0 0
vn -1 0 0
vn -1 0 0
vn -1 0 0
vn -1 0 0
vn -1 0 0
vn -1 0 0
vn -1 0 0
vn -1 0 0
vn 0 0 -1
vn 0 0 -1
vn 0 0 1
vn 0 0 1
vn 0 0 1
vn 0 0 1
vn 0 0 1
vn 0 0 1
vn 0.866025447845459 0.49999991059303284 0
vn 0.866025447845459 0.49999991059303284 0
vn -0.8660253882408142 -0.5000000596046448 0
vn -0.8660253882408142 -0.5000000596046448 0
vn -0.4999999403953552 0.866025447845459 2.477578142645598e-8
vn -0.5 0.866025447845459 2.9872171580791473e-7
vn -0.4999997913837433 0.8660255074501038 -1.528640880543719e-9
vn -0.4999997615814209 0.8660255670547485 1.1948871758704627e-7
vn -0.5000000596046448 0.8660253882408142 -4.076797921470643e-8
vn -0.49999991059303284 0.866025447845459 -1.696004545692631e-7
vn -0.5000000596046448 0.8660253882408142 3.9397139772745504e-8
vn -0.4999999403953552 0.866025447845459 2.440945667814276e-9
vn 0.5 -0.866025447845459 4.649290286096175e-9
vn 0.5000000596046448 -0.8660253882408142 -3.634193888046866e-7
vn 0.5000001192092896 -0.8660253882408142 5.3344404449262584e-8
vn 0.5000002384185791 -0.8660252690315247 7.169318791966361e-7
vn 0.5000001192092896 -0.8660253286361694 2.3845143459766405e-7
vn 0.5000000596046448 -0.8660253882408142 -1.1211881201234064e-7
vn 0.5000000596046448 -0.8660253882408142 2.8687126008009045e-9
vn 0.5000001192092896 -0.8660253286361694 8.886899394155989e-8
vn 0 0 1
vn 0 0 1
vn 0 0 1
vn 0 0 1
vn -0.5000000596046448 0.8660253882408142 0
vn -0.5000000596046448 0.8660253882408142 0
vn 0.5000000596046448 -0.8660253882408142 0
vn 0.5000000596046448 -0.8660253882408142 0
vn -0.8660256862640381 -0.4999994933605194 9.047980853438276e-8
vn -0.8660258054733276 -0.4999993145465851 -9.559103091305587e-7
vn -0.8660255074501038 -0.4999997913837433 -1.1309968961370487e-8
vn -0.8660255670547485 -0.4999997615814209 1.1948871758704627e-7
vn -0.8660255670547485 -0.4999997019767761 1.1703070867952192e-7
vn -0.866025447845459 -0.4999999403953552 5.082902134745382e-7
vn -0.8660255670547485 -0.4999997019767761 2.9754488650723943e-8
vn -0.866025447845459 -0.4999999403953552 2.509849750254034e-8
vn 0.8660255074501038 0.49999985098838806 1.06986533410236e-7
vn 0.8660255670547485 0.4999997615814209 1.1948871758704627e-7
vn 0.8660255074501038 0.4999997913837433 1.1309968961370487e-8
vn 0.8660255670547485 0.4999997615814209 -1.1948871758704627e-7
vn 0.866025447845459 0.49999991059303284 -1.0024906060834837e-7
vn 0.866025447845459 0.4999999403953552 -1.2720033737423364e-7
vn 0.866025447845459 0.4999999403953552 7.423720660426625e-8
vn 0.866025447845459 0.4999999403953552 -1.8059846951246072e-8
vn 1 0 0
vn -0.5 0.8660253882408142 1.1983662950854068e-8
vn 1 0 0
vn -0.866025447845459 -0.4999999701976776 -2.1888210355314186e-8
vn -1 0 0
vn 0.866025447845459 0.4999999403953552 5.604184849516969e-8
vn -1 0 0
vn 0.5000003576278687 -0.8660252690315247 -1.7530618734440395e-8
vn 1 0 0
vn -0.5 0.8660253882408142 0
vn 0 1 0
vn 1 0 0
vn 0 1 0
vn -1 0 0
vn -1 0 0
vn 0.5000013709068298 -0.8660246133804321 0
vn 0 -1 0
vn 1 0 0
vn 1 0 0
vn -0.866025447845459 -0.4999999701976776 0
vn -1 0 0
vn 0.8660253882408142 0.5 0
vn 0 -1 0
vn -1 0 0
vn 0 0 1
vn 1 0 0
vn 0 0 1
vn -1 0 0
vn 0 0 1
vn 1 0 0
vn 0 0 1
vn -1 0 0
vn 0 0 1
vn 0 -1 0
vn 0 -1 0
vn 0 0 -1
vn 0 0 1
vn 0 1 0
vn 0 1 0
vn 0 0 -1
vn 0 1 0
vn 0 0 -1
vn 0 -1 0
vn 0 0 -1
vn 0 1 0
vn 0 0 1
vn 0 -1 0
vn 0 0 1
vn 0 0 1
vn 0 -1 0
vn 0 -1 0
vn 0 0 -1
vn 0 0 1
vn 0 1 0
vn 0 1 0
vn 0 0 -1
vn 0 -1 0
vn 0 0 -1
vn 0 1 0
vn 0 0 -1
vn 0 1 0
vn 0 0 1
vn 0 -1 0
vn 0 0 1
vn -0.5 0.8660253882408142 -7.303796234481297e-9
vn -0.866025447845459 -0.4999999701976776 1.0094148628070343e-8
vn 0.5 -0.8660253882408142 1.1986629466775867e-8
vn 0.8660253882408142 0.5 -7.490758235917383e-8
vn 0.866025447845459 0.49999991059303284 0
vn -0.4999999701976776 0.866025447845459 1.14549987273449e-8
vn 0.866025447845459 0.49999991059303284 0
vn 0.5000003576278687 -0.8660252690315247 4.68629259842146e-8
vn -0.8660253882408142 -0.5000000596046448 0
vn -0.4999999701976776 0.866025447845459 1.810223793086152e-8
vn -0.5 0.8660253882408142 0
vn -0.866025447845459 -0.4999999701976776 0
vn 0.5000000596046448 -0.8660253882408142 0
vn 0.8660253882408142 0.5000000596046448 0
vn -0.8660253882408142 -0.5000000596046448 0
vn 0.4999999701976776 -0.866025447845459 4.5309631602208356e-9
vn 0 0 1
vn -0.4999999701976776 0.866025447845459 1.3598473458387161e-7
vn 0 0 1
vn 0.5 -0.866025447845459 -2.41379353838056e-7
vn 0 0 1
vn -0.49999991059303284 0.866025447845459 -1.1246117992413929e-7
vn 0 0 1
vn 0.5000000596046448 -0.8660253882408142 1.688605664185161e-7
vn 0 0 1
vn -0.866025447845459 -0.49999991059303284 0
vn -0.866025447845459 -0.49999991059303284 0
vn 0 0 -1
vn 0 0 1
vn 0.8660253882408142 0.5000000596046448 0
vn 0.8660253882408142 0.5000000596046448 0
vn 0 0 -1
vn 0.8660253882408142 0.5000000596046448 0
vn 0 0 -1
vn -0.8660253286361694 -0.5000001192092896 0
vn 0 0 -1
vn 0.8660253882408142 0.5000000596046448 0
vn 0 0 1
vn -0.8660253286361694 -0.5000001192092896 0
vn 0 0 1
vn 0 0 1
vn -0.866025447845459 -0.49999991059303284 0
vn -0.866025447845459 -0.49999991059303284 0
vn 0 0 -1
vn 0 0 1
vn 0.8660253882408142 0.5000000596046448 0
vn 0.8660253882408142 0.5000000596046448 0
vn 0 0 -1
vn -0.8660253286361694 -0.5000001192092896 0
vn 0 0 -1
vn 0.8660253882408142 0.5000000596046448 0
vn 0 0 -1
vn 0.8660253882408142 0.5000000596046448 0
vn 0 0 1
vn -0.8660253286361694 -0.5000001192092896 0
vn 0 0 1
vn -0.5000000596046448 0.8660253882408142 0
vn -0.8660255670547485 -0.4999997913837433 -1.3495096595761424e-8
vn -0.5000000596046448 0.8660253882408142 0
vn 0.866025447845459 0.4999999403953552 -3.072722165597952e-8
vn 0.5000000596046448 -0.8660253882408142 0
vn -0.866025447845459 -0.49999991059303284 -4.5367386292127776e-8
vn 0.5000000596046448 -0.8660253882408142 0
vn 0.8660255074501038 0.49999988079071045 -1.4032223383253495e-8
vn 0 0 1
vn -0.8660255670547485 -0.49999967217445374 -2.3527444881210613e-8
vn 0 0 1
vn 0.8660255074501038 0.49999988079071045 1.539172167497327e-8
vn 0 0 1
vn -0.8660255074501038 -0.4999998211860657 -8.669564266483576e-8
vn 0 0 1
vn 0.8660255074501038 0.4999998211860657 8.669564266483576e-8
vn 0 0 1
vn 0.5000000596046448 -0.8660253882408142 0
vn 0.5000000596046448 -0.8660253882408142 0
vn 0 0 -1
vn 0 0 1
vn -0.5000000596046448 0.8660253882408142 0
vn -0.5000000596046448 0.8660253882408142 0
vn 0 0 -1
vn -0.5 0.8660253882408142 0
vn 0 0 -1
vn 0.5000000596046448 -0.8660253882408142 0
vn 0 0 -1
vn -0.5 0.8660253882408142 0
vn 0 0 1
vn 0.5000000596046448 -0.8660253882408142 0
vn 0 0 1
vn 0 0 1
vn 0.5000000596046448 -0.8660253882408142 0
vn 0.5000000596046448 -0.8660253882408142 0
vn 0 0 -1
vn 0 0 1
vn -0.5000000596046448 0.8660253882408142 0
vn -0.5000000596046448 0.8660253882408142 0
vn 0 0 -1
vn 0.5000000596046448 -0.8660253882408142 0
vn 0 0 -1
vn -0.5 0.8660253882408142 0
vn 0 0 -1
vn -0.5 0.8660253882408142 0
vn 0 0 1
vn 0.5000000596046448 -0.8660253882408142 0
vn 0 0 1

g grp253
usemtl mtl253
f 256//256 253//253 255//255 
f 254//254 255//255 253//253 
f 258//258 260//260 259//259 
f 260//260 258//258 257//257 
f 263//263 261//261 264//264 
f 261//261 263//263 262//262 
f 349//349 265//265 347//347 
f 265//265 349//349 266//266 
f 353//353 267//267 359//359 
f 268//268 359//359 267//267 
f 363//363 365//365 361//361 
f 365//365 363//363 367//367 
f 348//348 270//270 269//269 
f 270//270 348//348 362//362 
f 271//271 272//272 354//354 
f 366//366 354//354 272//272 
f 366//366 270//270 362//362 
f 274//274 366//366 272//272 
f 273//273 366//366 274//274 
f 366//366 273//273 270//270 
f 273//273 276//276 275//275 
f 276//276 273//273 274//274 
f 339//339 354//354 355//355 
f 348//348 337//337 345//345 
f 339//339 271//271 354//354 
f 269//269 337//337 348//348 
f 269//269 339//339 337//337 
f 339//339 276//276 271//271 
f 339//339 275//275 276//276 
f 275//275 339//339 269//269 
f 277//277 278//278 350//350 
f 364//364 350//350 278//278 
f 360//360 280//280 279//279 
f 280//280 360//360 368//368 
f 278//278 368//368 364//364 
f 368//368 281//281 280//280 
f 368//368 282//282 281//281 
f 282//282 368//368 278//278 
f 283//283 284//284 282//282 
f 281//281 282//282 284//284 
f 360//360 341//341 357//357 
f 279//279 341//341 360//360 
f 343//343 350//350 351//351 
f 343//343 277//277 350//350 
f 341//341 277//277 343//343 
f 284//284 341//341 279//279 
f 283//283 341//341 284//284 
f 341//341 283//283 277//277 
f 381//381 397//397 377//377 
f 395//395 377//377 397//397 
f 382//382 369//369 398//398 
f 385//385 398//398 369//369 
f 371//371 386//386 370//370 
f 386//386 371//371 387//387 
f 372//372 378//378 388//388 
f 396//396 388//388 378//378 
f 379//379 399//399 383//383 
f 399//399 379//379 393//393 
f 400//400 373//373 384//384 
f 373//373 400//400 389//389 
f 374//374 390//390 375//375 
f 391//391 375//375 390//390 
f 380//380 376//376 394//394 
f 392//392 394//394 376//376 
f 285//285 256//256 286//286 
f 253//253 256//256 285//285 
f 257//257 287//287 260//260 
f 288//288 260//260 287//287 
f 290//290 291//291 289//289 
f 292//292 289//289 291//291 
f 405//405 293//293 407//407 
f 294//294 407//407 293//293 
f 415//415 295//295 409//409 
f 296//296 295//295 415//415 
f 421//421 423//423 417//417 
f 419//419 417//417 423//423 
f 298//298 418//418 297//297 
f 406//406 297//297 418//418 
f 299//299 422//422 300//300 
f 422//422 299//299 410//410 
f 298//298 301//301 418//418 
f 300//300 422//422 302//302 
f 418//418 301//301 422//422 
f 302//302 422//422 301//301 
f 303//303 304//304 301//301 
f 302//302 301//301 304//304 
f 346//346 338//338 406//406 
f 411//411 410//410 401//401 
f 401//401 410//410 338//338 
f 338//338 410//410 406//406 
f 406//406 410//410 297//297 
f 299//299 304//304 410//410 
f 304//304 303//303 410//410 
f 297//297 410//410 303//303 
f 305//305 420//420 306//306 
f 420//420 305//305 408//408 
f 308//308 424//424 307//307 
f 416//416 307//307 424//424 
f 308//308 309//309 424//424 
f 306//306 420//420 310//310 
f 424//424 309//309 420//420 
f 310//310 420//420 309//309 
f 310//310 312//312 311//311 
f 312//312 310//310 309//309 
f 413//413 403//403 416//416 
f 403//403 344//344 416//416 
f 416//416 344//344 307//307 
f 352//352 408//408 344//344 
f 344//344 408//408 307//307 
f 305//305 311//311 408//408 
f 311//311 312//312 408//408 
f 307//307 408//408 312//312 
f 433//433 453//453 437//437 
f 453//453 433//433 451//451 
f 438//438 441//441 425//425 
f 441//441 438//438 454//454 
f 426//426 442//442 427//427 
f 443//443 427//427 442//442 
f 444//444 434//434 428//428 
f 434//434 444//444 452//452 
f 439//439 455//455 435//435 
f 449//449 435//435 455//455 
f 445//445 456//456 429//429 
f 440//440 429//429 456//456 
f 431//431 446//446 430//430 
f 446//446 431//431 447//447 
f 432//432 450//450 448//448 
f 450//450 432//432 436//436 
f 255//255 285//285 286//286 
f 254//254 285//285 255//255 
f 314//314 291//291 313//313 
f 313//313 291//291 290//290 
f 262//262 263//263 315//315 
f 315//315 263//263 316//316 
f 457//457 317//317 459//459 
f 318//318 459//459 317//317 
f 463//463 319//319 461//461 
f 319//319 463//463 320//320 
f 469//469 471//471 465//465 
f 467//467 465//465 471//471 
f 322//322 466//466 321//321 
f 458//458 321//321 466//466 
f 323//323 470//470 324//324 
f 470//470 323//323 462//462 
f 324//324 470//470 326//326 
f 322//322 325//325 466//466 
f 470//470 466//466 326//326 
f 325//325 326//326 466//466 
f 327//327 328//328 325//325 
f 326//326 325//325 328//328 
f 356//356 462//462 340//340 
f 412//412 402//402 458//458 
f 323//323 328//328 462//462 
f 328//328 327//327 462//462 
f 321//321 458//458 327//327 
f 327//327 458//458 462//462 
f 402//402 340//340 458//458 
f 340//340 462//462 458//458 
f 329//329 468//468 330//330 
f 468//468 329//329 460//460 
f 332//332 472//472 331//331 
f 464//464 331//331 472//472 
f 332//332 333//333 472//472 
f 330//330 468//468 334//334 
f 472//472 333//333 468//468 
f 334//334 468//468 333//333 
f 334//334 336//336 335//335 
f 336//336 334//334 333//333 
f 414//414 460//460 404//404 
f 404//404 460//460 342//342 
f 460//460 329//329 342//342 
f 331//331 464//464 336//336 
f 336//336 464//464 335//335 
f 358//358 342//342 464//464 
f 464//464 342//342 335//335 
f 329//329 335//335 342//342 
f 481//481 501//501 485//485 
f 501//501 481//481 499//499 
f 473//473 502//502 489//489 
f 502//502 473//473 486//486 
f 474//474 490//490 475//475 
f 491//491 475//475 490//490 
f 500//500 476//476 492//492 
f 476//476 500//500 482//482 
f 487//487 503//503 483//483 
f 497//497 483//483 503//503 
f 477//477 493//493 488//488 
f 504//504 488//488 493//493 
f 479//479 494//494 478//478 
f 494//494 479//479 495//495 
f 484//484 496//496 480//480 
f 496//496 484//484 498//498 
v 0.004999999888241291 0.9913397431373596 0.016640564426779747
v 0.004999999888241291 0.67166668176651 0.016640564426779747
v 0.05999999865889549 0.7266666889190674 0.016640564426779747
v 0.05999999865889549 0.8960769772529602 0.016640564426779747
v 0.004999999888241291 0.9913397431373596 -0.03835943713784218
v 0.004999999888241291 0.8933333158493042 -0.03835943713784218
v 0.05999999865889549 0.8933333158493042 -0.03835943713784218
v 0.05999999865889549 0.8960769772529602 -0.03835943713784218
v 0.004999999888241291 0.7733333110809326 -0.03835943713784218
v 0.004999999888241291 0.67166668176651 -0.03835943713784218
v 0.05999999865889549 0.7266666889190674 -0.03835943713784218
v 0.05999999865889549 0.7733333110809326 -0.03835943713784218
v 0.004999999888241291 0.8933333158493042 -0.28335943818092346
v 0.05999999865889549 0.8933333158493042 -0.28335943818092346
v 0.004999999888241291 0.7733333110809326 -0.28335943818092346
v 0.05999999865889549 0.7733333110809326 -0.28335943818092346
v 0.004999999888241291 0.8863333463668823 -0.2728594243526459
v 0.004999999888241291 0.8863333463668823 -0.2788594365119934
v 0.004999999888241291 0.7803333401679993 -0.2728594243526459
v 0.004999999888241291 0.7803333401679993 -0.2788594365119934
v 0.004999999888241291 0.8803333044052124 -0.2788594365119934
v 0.004999999888241291 0.7863333225250244 -0.2788594365119934
v 0.004999999888241291 0.8803333044052124 -0.2728594243526459
v 0.004999999888241291 0.7863333225250244 -0.2728594243526459
v 0.05999999865889549 0.8863333463668823 -0.2728594243526459
v 0.05999999865889549 0.8863333463668823 -0.2788594365119934
v 0.05999999865889549 0.7803333401679993 -0.2728594243526459
v 0.05999999865889549 0.7803333401679993 -0.2788594365119934
v 0.05999999865889549 0.7863333225250244 -0.2788594365119934
v 0.05999999865889549 0.8803333044052124 -0.2788594365119934
v 0.05999999865889549 0.8803333044052124 -0.2728594243526459
v 0.05999999865889549 0.7863333225250244 -0.2728594243526459
v 0.5586900115013123 0.67166668176651 0.016640564426779747
v 0.3534272313117981 0.7266666889190674 0.016640564426779747
v 0.23421360552310944 0.8590031862258911 -0.03835943713784218
v 0.20671361684799194 0.8113718032836914 -0.03835943713784218
v 0.3381366729736328 0.7990031838417053 -0.03835943713784218
v 0.5586900115013123 0.67166668176651 -0.03835943713784218
v 0.3534272313117981 0.7266666889190674 -0.03835943713784218
v 0.3106366693973541 0.7513718008995056 -0.03835943713784218
v 0.23421360552310944 0.8590031862258911 -0.043359436094760895
v 0.20671361684799194 0.8113718032836914 -0.043359436094760895
v 0.3381366729736328 0.7990031838417053 -0.043359436094760895
v 0.3106366693973541 0.7513718008995056 -0.043359436094760895
v 0.2402757853269577 0.8555032014846802 0.012140563689172268
v 0.2402757853269577 0.8555032014846802 0.006140563637018204
v 0.33207449316978455 0.802503228187561 0.012140563689172268
v 0.33207449316978455 0.802503228187561 0.006140563637018204
v 0.24547193944454193 0.8525031805038452 0.006140563637018204
v 0.3268783390522003 0.8055031895637512 0.006140563637018204
v 0.24547193944454193 0.8525031805038452 0.012140563689172268
v 0.3268783390522003 0.8055031895637512 0.012140563689172268
v 0.21277578175067902 0.8078718185424805 0.012140563689172268
v 0.21277578175067902 0.8078718185424805 0.006140563637018204
v 0.30457448959350586 0.7548717856407166 0.012140563689172268
v 0.30457448959350586 0.7548717856407166 0.006140563637018204
v 0.29937833547592163 0.7578718066215515 0.006140563637018204
v 0.21797193586826324 0.8048717975616455 0.006140563637018204
v 0.21797193586826324 0.8048717975616455 0.012140563689172268
v 0.29937833547592163 0.7578718066215515 0.012140563689172268
v 0.22867514193058014 0.67166668176651 -0.03835943713784218
v 0.22867514193058014 0.7266666889190674 -0.03835943713784218
v 0.3486751317977905 0.67166668176651 -0.03835943713784218
v 0.3486751317977905 0.7266666889190674 -0.03835943713784218
v 0.22867514193058014 0.67166668176651 -0.09055989235639572
v 0.22867514193058014 0.7266666889190674 -0.09055989235639572
v 0.3486751317977905 0.67166668176651 -0.09055989235639572
v 0.3486751317977905 0.7266666889190674 -0.09055989235639572
v 0.2356751412153244 0.67166668176651 -0.08005989342927933
v 0.2356751412153244 0.67166668176651 -0.08605989068746567
v 0.34167513251304626 0.67166668176651 -0.08005989342927933
v 0.34167513251304626 0.67166668176651 -0.08605989068746567
v 0.24167513847351074 0.67166668176651 -0.08605989068746567
v 0.33567512035369873 0.67166668176651 -0.08605989068746567
v 0.24167513847351074 0.67166668176651 -0.08005989342927933
v 0.33567512035369873 0.67166668176651 -0.08005989342927933
v 0.2356751412153244 0.7266666889190674 -0.08005989342927933
v 0.2356751412153244 0.7266666889190674 -0.08605989068746567
v 0.34167513251304626 0.7266666889190674 -0.08005989342927933
v 0.34167513251304626 0.7266666889190674 -0.08605989068746567
v 0.33567512035369873 0.7266666889190674 -0.08605989068746567
v 0.24167513847351074 0.7266666889190674 -0.08605989068746567
v 0.24167513847351074 0.7266666889190674 -0.08005989342927933
v 0.33567512035369873 0.7266666889190674 -0.08005989342927933
v 0.004999999888241291 0.9913397431373596 0.016640564426779747
v 0.004999999888241291 0.9913397431373596 0.016640564426779747
v 0.004999999888241291 0.67166668176651 0.016640564426779747
v 0.004999999888241291 0.67166668176651 0.016640564426779747
v 0.05999999865889549 0.7266666889190674 0.016640564426779747
v 0.05999999865889549 0.7266666889190674 0.016640564426779747
v 0.05999999865889549 0.8960769772529602 0.016640564426779747
v 0.05999999865889549 0.8960769772529602 0.016640564426779747
v 0.004999999888241291 0.9913397431373596 -0.03835943713784218
v 0.004999999888241291 0.9913397431373596 -0.03835943713784218
v 0.004999999888241291 0.8933333158493042 -0.03835943713784218
v 0.004999999888241291 0.8933333158493042 -0.03835943713784218
v 0.05999999865889549 0.8933333158493042 -0.03835943713784218
v 0.05999999865889549 0.8933333158493042 -0.03835943713784218
v 0.05999999865889549 0.8960769772529602 -0.03835943713784218
v 0.05999999865889549 0.8960769772529602 -0.03835943713784218
v 0.004999999888241291 0.7733333110809326 -0.03835943713784218
v 0.004999999888241291 0.7733333110809326 -0.03835943713784218
v 0.004999999888241291 0.67166668176651 -0.03835943713784218
v 0.004999999888241291 0.67166668176651 -0.03835943713784218
v 0.05999999865889549 0.7266666889190674 -0.03835943713784218
v 0.05999999865889549 0.7266666889190674 -0.03835943713784218
v 0.05999999865889549 0.7733333110809326 -0.03835943713784218
v 0.05999999865889549 0.7733333110809326 -0.03835943713784218
v 0.004999999888241291 0.8933333158493042 -0.28335943818092346
v 0.004999999888241291 0.8933333158493042 -0.28335943818092346
v 0.05999999865889549 0.8933333158493042 -0.28335943818092346
v 0.05999999865889549 0.8933333158493042 -0.28335943818092346
v 0.004999999888241291 0.7733333110809326 -0.28335943818092346
v 0.004999999888241291 0.7733333110809326 -0.28335943818092346
v 0.05999999865889549 0.7733333110809326 -0.28335943818092346
v 0.05999999865889549 0.7733333110809326 -0.28335943818092346
v 0.004999999888241291 0.8863333463668823 -0.2728594243526459
v 0.004999999888241291 0.8863333463668823 -0.2728594243526459
v 0.004999999888241291 0.8863333463668823 -0.2788594365119934
v 0.004999999888241291 0.8863333463668823 -0.2788594365119934
v 0.004999999888241291 0.7803333401679993 -0.2728594243526459
v 0.004999999888241291 0.7803333401679993 -0.2728594243526459
v 0.004999999888241291 0.7803333401679993 -0.2788594365119934
v 0.004999999888241291 0.7803333401679993 -0.2788594365119934
v 0.004999999888241291 0.8803333044052124 -0.2788594365119934
v 0.004999999888241291 0.8803333044052124 -0.2788594365119934
v 0.004999999888241291 0.7863333225250244 -0.2788594365119934
v 0.004999999888241291 0.7863333225250244 -0.2788594365119934
v 0.004999999888241291 0.8803333044052124 -0.2728594243526459
v 0.004999999888241291 0.8803333044052124 -0.2728594243526459
v 0.004999999888241291 0.7863333225250244 -0.2728594243526459
v 0.004999999888241291 0.7863333225250244 -0.2728594243526459
v 0.05999999865889549 0.8863333463668823 -0.2728594243526459
v 0.05999999865889549 0.8863333463668823 -0.2728594243526459
v 0.05999999865889549 0.8863333463668823 -0.2788594365119934
v 0.05999999865889549 0.8863333463668823 -0.2788594365119934
v 0.05999999865889549 0.7803333401679993 -0.2728594243526459
v 0.05999999865889549 0.7803333401679993 -0.2728594243526459
v 0.05999999865889549 0.7803333401679993 -0.2788594365119934
v 0.05999999865889549 0.7803333401679993 -0.2788594365119934
v 0.05999999865889549 0.7863333225250244 -0.2788594365119934
v 0.05999999865889549 0.7863333225250244 -0.2788594365119934
v 0.05999999865889549 0.8803333044052124 -0.2788594365119934
v 0.05999999865889549 0.8803333044052124 -0.2788594365119934
v 0.05999999865889549 0.8803333044052124 -0.2728594243526459
v 0.05999999865889549 0.8803333044052124 -0.2728594243526459
v 0.05999999865889549 0.7863333225250244 -0.2728594243526459
v 0.05999999865889549 0.7863333225250244 -0.2728594243526459
v 0.5586900115013123 0.67166668176651 0.016640564426779747
v 0.5586900115013123 0.67166668176651 0.016640564426779747
v 0.3534272313117981 0.7266666889190674 0.016640564426779747
v 0.3534272313117981 0.7266666889190674 0.016640564426779747
v 0.23421360552310944 0.8590031862258911 -0.03835943713784218
v 0.23421360552310944 0.8590031862258911 -0.03835943713784218
v 0.20671361684799194 0.8113718032836914 -0.03835943713784218
v 0.20671361684799194 0.8113718032836914 -0.03835943713784218
v 0.3381366729736328 0.7990031838417053 -0.03835943713784218
v 0.3381366729736328 0.7990031838417053 -0.03835943713784218
v 0.5586900115013123 0.67166668176651 -0.03835943713784218
v 0.5586900115013123 0.67166668176651 -0.03835943713784218
v 0.3534272313117981 0.7266666889190674 -0.03835943713784218
v 0.3534272313117981 0.7266666889190674 -0.03835943713784218
v 0.3106366693973541 0.7513718008995056 -0.03835943713784218
v 0.3106366693973541 0.7513718008995056 -0.03835943713784218
v 0.23421360552310944 0.8590031862258911 -0.043359436094760895
v 0.23421360552310944 0.8590031862258911 -0.043359436094760895
v 0.20671361684799194 0.8113718032836914 -0.043359436094760895
v 0.20671361684799194 0.8113718032836914 -0.043359436094760895
v 0.3381366729736328 0.7990031838417053 -0.043359436094760895
v 0.3381366729736328 0.7990031838417053 -0.043359436094760895
v 0.3106366693973541 0.7513718008995056 -0.043359436094760895
v 0.3106366693973541 0.7513718008995056 -0.043359436094760895
v 0.2402757853269577 0.8555032014846802 0.012140563689172268
v 0.2402757853269577 0.8555032014846802 0.012140563689172268
v 0.2402757853269577 0.8555032014846802 0.006140563637018204
v 0.2402757853269577 0.8555032014846802 0.006140563637018204
v 0.33207449316978455 0.802503228187561 0.012140563689172268
v 0.33207449316978455 0.802503228187561 0.012140563689172268
v 0.33207449316978455 0.802503228187561 0.006140563637018204
v 0.33207449316978455 0.802503228187561 0.006140563637018204
v 0.24547193944454193 0.8525031805038452 0.006140563637018204
v 0.24547193944454193 0.8525031805038452 0.006140563637018204
v 0.3268783390522003 0.8055031895637512 0.006140563637018204
v 0.3268783390522003 0.8055031895637512 0.006140563637018204
v 0.24547193944454193 0.8525031805038452 0.012140563689172268
v 0.24547193944454193 0.8525031805038452 0.012140563689172268
v 0.3268783390522003 0.8055031895637512 0.012140563689172268
v 0.3268783390522003 0.8055031895637512 0.012140563689172268
v 0.21277578175067902 0.8078718185424805 0.012140563689172268
v 0.21277578175067902 0.8078718185424805 0.012140563689172268
v 0.21277578175067902 0.8078718185424805 0.006140563637018204
v 0.21277578175067902 0.8078718185424805 0.006140563637018204
v 0.30457448959350586 0.7548717856407166 0.012140563689172268
v 0.30457448959350586 0.7548717856407166 0.012140563689172268
v 0.30457448959350586 0.7548717856407166 0.006140563637018204
v 0.30457448959350586 0.7548717856407166 0.006140563637018204
v 0.29937833547592163 0.7578718066215515 0.006140563637018204
v 0.29937833547592163 0.7578718066215515 0.006140563637018204
v 0.21797193586826324 0.8048717975616455 0.006140563637018204
v 0.21797193586826324 0.8048717975616455 0.006140563637018204
v 0.21797193586826324 0.8048717975616455 0.012140563689172268
v 0.21797193586826324 0.8048717975616455 0.012140563689172268
v 0.29937833547592163 0.7578718066215515 0.012140563689172268
v 0.29937833547592163 0.7578718066215515 0.012140563689172268
v 0.22867514193058014 0.67166668176651 -0.03835943713784218
v 0.22867514193058014 0.67166668176651 -0.03835943713784218
v 0.22867514193058014 0.7266666889190674 -0.03835943713784218
v 0.22867514193058014 0.7266666889190674 -0.03835943713784218
v 0.3486751317977905 0.67166668176651 -0.03835943713784218
v 0.3486751317977905 0.67166668176651 -0.03835943713784218
v 0.3486751317977905 0.7266666889190674 -0.03835943713784218
v 0.3486751317977905 0.7266666889190674 -0.03835943713784218
v 0.22867514193058014 0.67166668176651 -0.09055989235639572
v 0.22867514193058014 0.67166668176651 -0.09055989235639572
v 0.22867514193058014 0.7266666889190674 -0.09055989235639572
v 0.22867514193058014 0.7266666889190674 -0.09055989235639572
v 0.3486751317977905 0.67166668176651 -0.09055989235639572
v 0.3486751317977905 0.67166668176651 -0.09055989235639572
v 0.3486751317977905 0.7266666889190674 -0.09055989235639572
v 0.3486751317977905 0.7266666889190674 -0.09055989235639572
v 0.2356751412153244 0.67166668176651 -0.08005989342927933
v 0.2356751412153244 0.67166668176651 -0.08005989342927933
v 0.2356751412153244 0.67166668176651 -0.08605989068746567
v 0.2356751412153244 0.67166668176651 -0.08605989068746567
v 0.34167513251304626 0.67166668176651 -0.08005989342927933
v 0.34167513251304626 0.67166668176651 -0.08005989342927933
v 0.34167513251304626 0.67166668176651 -0.08605989068746567
v 0.34167513251304626 0.67166668176651 -0.08605989068746567
v 0.24167513847351074 0.67166668176651 -0.08605989068746567
v 0.24167513847351074 0.67166668176651 -0.08605989068746567
v 0.33567512035369873 0.67166668176651 -0.08605989068746567
v 0.33567512035369873 0.67166668176651 -0.08605989068746567
v 0.24167513847351074 0.67166668176651 -0.08005989342927933
v 0.24167513847351074 0.67166668176651 -0.08005989342927933
v 0.33567512035369873 0.67166668176651 -0.08005989342927933
v 0.33567512035369873 0.67166668176651 -0.08005989342927933
v 0.2356751412153244 0.7266666889190674 -0.08005989342927933
v 0.2356751412153244 0.7266666889190674 -0.08005989342927933
v 0.2356751412153244 0.7266666889190674 -0.08605989068746567
v 0.2356751412153244 0.7266666889190674 -0.08605989068746567
v 0.34167513251304626 0.7266666889190674 -0.08005989342927933
v 0.34167513251304626 0.7266666889190674 -0.08005989342927933
v 0.34167513251304626 0.7266666889190674 -0.08605989068746567
v 0.34167513251304626 0.7266666889190674 -0.08605989068746567
v 0.33567512035369873 0.7266666889190674 -0.08605989068746567
v 0.33567512035369873 0.7266666889190674 -0.08605989068746567
v 0.24167513847351074 0.7266666889190674 -0.08605989068746567
v 0.24167513847351074 0.7266666889190674 -0.08605989068746567
v 0.24167513847351074 0.7266666889190674 -0.08005989342927933
v 0.24167513847351074 0.7266666889190674 -0.08005989342927933
v 0.33567512035369873 0.7266666889190674 -0.08005989342927933
v 0.33567512035369873 0.7266666889190674 -0.08005989342927933
vn 0 0 1
vn 0 0 1
vn 0 0 1
vn 0 0 1
vn 0 0 -1
vn 0 0 -1
vn 0 0 -1
vn 0 0 -1
vn 0 0 -1
vn 0 0 -1
vn 0 0 -1
vn 0 0 -1
vn 0 1 0
vn 0 1 0
vn 0 -1 0
vn 0 -1 0
vn -1 0 0
vn -1 0 0
vn -1 0 0
vn -1 0 0
vn -1 0 0
vn -1 0 0
vn -1 0 0
vn -1 0 0
vn 1 0 0
vn 1 0 0
vn 1 0 0
vn 1 0 0
vn 1 0 0
vn 1 0 0
vn 1 0 0
vn 1 0 0
vn 0 0 1
vn 0 0 1
vn 0 0 -1
vn 0 0 -1
vn 0 0 -1
vn 0 0 -1
vn 0 0 -1
vn 0 0 -1
vn -0.866025447845459 0.4999999701976776 0
vn -0.866025447845459 0.4999999701976776 0
vn 0.8660253286361694 -0.5000001788139343 0
vn 0.8660253286361694 -0.5000001788139343 0
vn 0.5000001788139343 0.8660253286361694 -0.000060477585066109896
vn 0.49999967217445374 0.8660256266593933 -2.3173537044840486e-7
vn 0.49999991059303284 0.866025447845459 0.00011157333938172087
vn 0.500001072883606 0.8660247921943665 0.0000028445604129956337
vn 0.500000536441803 0.8660250902175903 -1.48497790064539e-7
vn 0.4999982416629791 0.8660264015197754 0.00000408136475016363
vn 0.5000007748603821 0.8660249710083008 -0.00007851512782508507
vn 0.49999865889549255 0.8660261631011963 0.00008488597086397931
vn -0.5000004768371582 -0.8660251498222351 0.000028185844712425023
vn -0.5000003576278687 -0.8660252690315247 1.8156285364057112e-7
vn -0.5000000596046448 -0.8660253882408142 0.000015009984963398892
vn -0.4999997317790985 -0.8660255670547485 0.000001504117335571209
vn -0.5000007748603821 -0.8660249710083008 0.0000020172303720755735
vn -0.500000536441803 -0.8660250902175903 7.32392138047544e-8
vn -0.5000007748603821 -0.8660249710083008 0.00003723571353475563
vn -0.500000536441803 -0.8660250902175903 0.000012090268683095928
vn 0 0 -1
vn 0 0 -1
vn 0 0 -1
vn 0 0 -1
vn -1 0 0
vn -1 0 0
vn 1 0 0
vn 1 0 0
vn 0 -1 0
vn 0 -1 0
vn 0 -1 0
vn 0 -1 0
vn 0 -1 0
vn 0 -1 0
vn 0 -1 0
vn 0 -1 0
vn 0 1 0
vn 0 1 0
vn 0 1 0
vn 0 1 0
vn 0 1 0
vn 0 1 0
vn 0 1 0
vn 0 1 0
vn -1 0 0
vn 0.5 0.8660253882408142 -7.576498433081724e-7
vn -1 0 0
vn 0 -1 0
vn 1 0 0
vn 0 1 0
vn 1 0 0
vn -0.5000000596046448 -0.8660253882408142 0.0000013959388525108807
vn -1 0 0
vn 0.5000000596046448 0.8660253882408142 0
vn 0 1 0
vn -1 0 0
vn 0 1 0
vn 1 0 0
vn 1 0 0
vn -0.5000001192092896 -0.8660253286361694 0
vn 0 -1 0
vn -1 0 0
vn -1 0 0
vn 0 -1 0
vn 1 0 0
vn 0 1 0
vn 0 -1 0
vn 1 0 0
vn 0 0 -1
vn -1 0 0
vn 0 0 -1
vn 1 0 0
vn 0 0 -1
vn -1 0 0
vn 0 0 -1
vn 1 0 0
vn 0 0 -1
vn 0 -1 0
vn 0 -1 0
vn 0 0 1
vn 0 0 -1
vn 0 1 0
vn 0 1 0
vn 0 0 1
vn 0 1 0
vn 0 0 1
vn 0 -1 0
vn 0 0 1
vn 0 1 0
vn 0 0 -1
vn 0 -1 0
vn 0 0 -1
vn 0 0 -1
vn 0 -1 0
vn 0 -1 0
vn 0 0 1
vn 0 0 -1
vn 0 1 0
vn 0 1 0
vn 0 0 1
vn 0 -1 0
vn 0 0 1
vn 0 1 0
vn 0 0 1
vn 0 1 0
vn 0 0 -1
vn 0 -1 0
vn 0 0 -1
vn 0.4999995231628418 0.8660256862640381 0.00001619730937818531
vn 0 -1 0
vn -0.5000006556510925 -0.8660250306129456 0.00002679644057934638
vn 0 1 0
vn -0.866025447845459 0.4999999701976776 0
vn 0.49999913573265076 0.8660259246826172 -7.054799766592623e-8
vn -0.866025447845459 0.4999999701976776 0
vn -0.49999964237213135 -0.8660256266593933 3.6568533090530764e-8
vn 0.8660253286361694 -0.5000001788139343 0
vn 0.5000023245811462 0.8660240769386292 -1.8296670134532178e-7
vn 0.49999991059303284 0.866025447845459 0
vn 0 -1 0
vn -0.4999995231628418 -0.8660256862640381 0
vn 0 1 0
vn 0.8660253286361694 -0.5000001788139343 0
vn -0.4999988377094269 -0.8660260438919067 -4.488645899414223e-8
vn 0 0 -1
vn 0.49999910593032837 0.8660259246826172 0.0000021568498596025165
vn 0 0 -1
vn -0.5000008344650269 -0.8660249710083008 0.0000012618853588719503
vn 0 0 -1
vn 0.5000023245811462 0.8660241365432739 -3.823190013463318e-7
vn 0 0 -1
vn -0.49999910593032837 -0.8660259246826172 -1.4347654087032424e-7
vn 0 0 -1
vn 0.8660253286361694 -0.5000001788139343 0
vn 0.8660253286361694 -0.5000001788139343 0
vn 0 0 1
vn 0 0 -1
vn -0.8660255670547485 0.4999997019767761 0
vn -0.8660255670547485 0.4999997019767761 0
vn 0 0 1
vn -0.8660253286361694 0.5000001788139343 0
vn 0 0 1
vn 0.8660253286361694 -0.5000001788139343 0
vn 0 0 1
vn -0.8660253286361694 0.5000001788139343 0
vn 0 0 -1
vn 0.8660253286361694 -0.5000001788139343 0
vn 0 0 -1
vn 0 0 -1
vn 0.8660253286361694 -0.5000001788139343 0
vn 0.8660253286361694 -0.5000001788139343 0
vn 0 0 1
vn 0 0 -1
vn -0.8660255670547485 0.4999997019767761 0
vn -0.8660255670547485 0.4999997019767761 0
vn 0 0 1
vn 0.8660253286361694 -0.5000001788139343 0
vn 0 0 1
vn -0.8660253286361694 0.5000001788139343 0
vn 0 0 1
vn -0.8660253286361694 0.5000001788139343 0
vn 0 0 -1
vn 0.8660253286361694 -0.5000001788139343 0
vn 0 0 -1
vn -1 0 0
vn 0 -1 0
vn -1 0 0
vn 0 1 0
vn 1 0 0
vn 0 -1 0
vn 1 0 0
vn 0 1 0
vn 0 0 -1
vn 0 -1 0
vn 0 0 -1
vn 0 1 0
vn 0 0 -1
vn 0 -1 0
vn 0 0 -1
vn 0 1 0
vn 0 0 -1
vn 1 0 0
vn 1 0 0
vn 0 0 1
vn 0 0 -1
vn -1 0 0
vn -1 0 0
vn 0 0 1
vn -1 0 0
vn 0 0 1
vn 1 0 0
vn 0 0 1
vn -1 0 0
vn 0 0 -1
vn 1 0 0
vn 0 0 -1
vn 0 0 -1
vn 1 0 0
vn 1 0 0
vn 0 0 1
vn 0 0 -1
vn -1 0 0
vn -1 0 0
vn 0 0 1
vn 1 0 0
vn 0 0 1
vn -1 0 0
vn 0 0 1
vn -1 0 0
vn 0 0 -1
vn 1 0 0
vn 0 0 -1

g grp505
usemtl mtl505
f 507//507 508//508 506//506 
f 505//505 506//506 508//508 
f 512//512 510//510 509//509 
f 510//510 512//512 511//511 
f 513//513 515//515 514//514 
f 515//515 513//513 516//516 
f 601//601 517//517 599//599 
f 517//517 601//601 518//518 
f 605//605 519//519 611//611 
f 520//520 611//611 519//519 
f 615//615 617//617 613//613 
f 617//617 615//615 619//619 
f 521//521 614//614 522//522 
f 600//600 614//614 521//521 
f 524//524 618//618 523//523 
f 606//606 523//523 618//618 
f 614//614 525//525 522//522 
f 526//526 618//618 524//524 
f 618//618 525//525 614//614 
f 525//525 618//618 526//526 
f 525//525 528//528 527//527 
f 528//528 525//525 526//526 
f 600//600 589//589 597//597 
f 591//591 606//606 607//607 
f 589//589 606//606 591//591 
f 600//600 606//606 589//589 
f 600//600 523//523 606//606 
f 527//527 600//600 521//521 
f 528//528 600//600 527//527 
f 600//600 528//528 523//523 
f 530//530 616//616 529//529 
f 529//529 616//616 602//602 
f 531//531 620//620 532//532 
f 620//620 531//531 612//612 
f 534//534 616//616 530//530 
f 620//620 533//533 532//532 
f 534//534 620//620 616//616 
f 620//620 534//534 533//533 
f 535//535 536//536 534//534 
f 533//533 534//534 536//536 
f 612//612 593//593 609//609 
f 612//612 595//595 593//593 
f 531//531 595//595 612//612 
f 595//595 602//602 603//603 
f 531//531 602//602 595//595 
f 602//602 535//535 529//529 
f 602//602 536//536 535//535 
f 536//536 602//602 531//531 
f 633//633 649//649 629//629 
f 647//647 629//629 649//649 
f 634//634 621//621 650//650 
f 637//637 650//650 621//621 
f 623//623 638//638 622//622 
f 638//638 623//623 639//639 
f 624//624 630//630 640//640 
f 648//648 640//640 630//630 
f 631//631 651//651 635//635 
f 651//651 631//631 645//645 
f 652//652 625//625 636//636 
f 625//625 652//652 641//641 
f 626//626 642//642 627//627 
f 643//643 627//627 642//642 
f 632//632 628//628 646//646 
f 644//644 646//646 628//628 
f 538//538 505//505 508//508 
f 505//505 538//538 537//537 
f 540//540 512//512 539//539 
f 509//509 539//539 512//512 
f 544//544 541//541 543//543 
f 543//543 541//541 542//542 
f 657//657 545//545 659//659 
f 546//546 659//659 545//545 
f 667//667 547//547 661//661 
f 547//547 667//667 548//548 
f 673//673 675//675 669//669 
f 671//671 669//669 675//675 
f 549//549 550//550 658//658 
f 670//670 658//658 550//550 
f 662//662 552//552 551//551 
f 552//552 662//662 674//674 
f 674//674 670//670 552//552 
f 550//550 553//553 670//670 
f 553//553 554//554 670//670 
f 552//552 670//670 554//554 
f 555//555 556//556 553//553 
f 554//554 553//553 556//556 
f 663//663 662//662 653//653 
f 598//598 590//590 658//658 
f 662//662 551//551 653//653 
f 658//658 590//590 549//549 
f 590//590 653//653 549//549 
f 551//551 556//556 653//653 
f 556//556 555//555 653//653 
f 549//549 653//653 555//555 
f 660//660 558//558 557//557 
f 558//558 660//660 672//672 
f 559//559 560//560 668//668 
f 676//676 668//668 560//560 
f 676//676 560//560 672//672 
f 558//558 672//672 562//562 
f 562//562 672//672 561//561 
f 560//560 561//561 672//672 
f 562//562 564//564 563//563 
f 564//564 562//562 561//561 
f 665//665 655//655 668//668 
f 668//668 655//655 559//559 
f 604//604 660//660 596//596 
f 660//660 557//557 596//596 
f 596//596 557//557 655//655 
f 559//559 655//655 564//564 
f 564//564 655//655 563//563 
f 557//557 563//563 655//655 
f 685//685 705//705 689//689 
f 705//705 685//685 703//703 
f 690//690 693//693 677//677 
f 693//693 690//690 706//706 
f 678//678 694//694 679//679 
f 695//695 679//679 694//694 
f 696//696 686//686 680//680 
f 686//686 696//696 704//704 
f 691//691 707//707 687//687 
f 701//701 687//687 707//707 
f 708//708 692//692 697//697 
f 681//681 697//697 692//692 
f 683//683 698//698 682//682 
f 698//698 683//683 699//699 
f 700//700 688//688 702//702 
f 688//688 700//700 684//684 
f 507//507 506//506 538//538 
f 537//537 538//538 506//506 
f 565//565 515//515 566//566 
f 514//514 515//515 565//565 
f 567//567 543//543 542//542 
f 543//543 567//567 568//568 
f 711//711 569//569 709//709 
f 569//569 711//711 570//570 
f 713//713 571//571 715//715 
f 572//572 715//715 571//571 
f 719//719 721//721 717//717 
f 721//721 719//719 723//723 
f 573//573 718//718 574//574 
f 718//718 573//573 710//710 
f 576//576 722//722 575//575 
f 714//714 575//575 722//722 
f 578//578 722//722 576//576 
f 718//718 577//577 574//574 
f 578//578 718//718 722//722 
f 577//577 718//718 578//578 
f 577//577 580//580 579//579 
f 580//580 577//577 578//578 
f 654//654 714//714 664//664 
f 710//710 592//592 608//608 
f 714//714 580//580 575//575 
f 714//714 579//579 580//580 
f 579//579 710//710 573//573 
f 714//714 710//710 579//579 
f 710//710 654//654 592//592 
f 654//654 710//710 714//714 
f 582//582 720//720 581//581 
f 712//712 581//581 720//720 
f 583//583 724//724 584//584 
f 724//724 583//583 716//716 
f 724//724 585//585 584//584 
f 586//586 720//720 582//582 
f 720//720 585//585 724//724 
f 720//720 586//586 585//585 
f 587//587 588//588 586//586 
f 585//585 586//586 588//588 
f 594//594 712//712 610//610 
f 656//656 712//712 594//594 
f 656//656 581//581 712//712 
f 588//588 716//716 583//583 
f 587//587 716//716 588//588 
f 716//716 656//656 666//666 
f 587//587 656//656 716//716 
f 656//656 587//587 581//581 
f 737//737 753//753 733//733 
f 751//751 733//733 753//753 
f 738//738 725//725 754//754 
f 741//741 754//754 725//725 
f 727//727 742//742 726//726 
f 742//742 727//727 743//743 
f 728//728 734//734 744//744 
f 752//752 744//744 734//734 
f 735//735 755//755 739//739 
f 755//755 735//735 749//749 
f 756//756 729//729 740//740 
f 729//729 756//756 745//745 
f 730//730 746//746 731//731 
f 747//747 731//731 746//746 
f 736//736 732//732 750//750 
f 748//748 750//750 732//732 
v -0.004999999888241291 0.9913397431373596 0.016640562564134598
v -0.004999999888241291 0.67166668176651 0.016640562564134598
v -0.05999999865889549 0.7266666889190674 0.016640562564134598
v -0.05999999865889549 0.8960769772529602 0.016640562564134598
v -0.004999999888241291 0.9913397431373596 -0.03835943713784218
v -0.004999999888241291 0.8933333158493042 -0.03835943713784218
v -0.05999999865889549 0.8933333158493042 -0.03835943713784218
v -0.05999999865889549 0.8960769772529602 -0.03835943713784218
v -0.004999999888241291 0.7733333110809326 -0.03835943713784218
v -0.004999999888241291 0.67166668176651 -0.03835943713784218
v -0.05999999865889549 0.7266666889190674 -0.03835943713784218
v -0.05999999865889549 0.7733333110809326 -0.03835943713784218
v -0.004999999888241291 0.8933333158493042 -0.28335943818092346
v -0.05999999865889549 0.8933333158493042 -0.28335943818092346
v -0.004999999888241291 0.7733333110809326 -0.28335943818092346
v -0.05999999865889549 0.7733333110809326 -0.28335943818092346
v -0.004999999888241291 0.8863333463668823 -0.2728594243526459
v -0.004999999888241291 0.8863333463668823 -0.2788594365119934
v -0.004999999888241291 0.7803333401679993 -0.2728594243526459
v -0.004999999888241291 0.7803333401679993 -0.2788594365119934
v -0.004999999888241291 0.8803333044052124 -0.2788594365119934
v -0.004999999888241291 0.7863333225250244 -0.2788594365119934
v -0.004999999888241291 0.8803333044052124 -0.2728594243526459
v -0.004999999888241291 0.7863333225250244 -0.2728594243526459
v -0.05999999865889549 0.8863333463668823 -0.2728594243526459
v -0.05999999865889549 0.8863333463668823 -0.2788594365119934
v -0.05999999865889549 0.7803333401679993 -0.2728594243526459
v -0.05999999865889549 0.7803333401679993 -0.2788594365119934
v -0.05999999865889549 0.7863333225250244 -0.2788594365119934
v -0.05999999865889549 0.8803333044052124 -0.2788594365119934
v -0.05999999865889549 0.8803333044052124 -0.2728594243526459
v -0.05999999865889549 0.7863333225250244 -0.2728594243526459
v -0.5586900115013123 0.67166668176651 0.016640562564134598
v -0.3534272313117981 0.7266666889190674 0.016640562564134598
v -0.23421360552310944 0.8590031862258911 -0.03835943713784218
v -0.20671361684799194 0.8113718032836914 -0.03835943713784218
v -0.3381366729736328 0.7990031838417053 -0.03835943713784218
v -0.5586900115013123 0.67166668176651 -0.03835943713784218
v -0.3534272313117981 0.7266666889190674 -0.03835943713784218
v -0.3106366693973541 0.7513718008995056 -0.03835943713784218
v -0.23421360552310944 0.8590031862258911 -0.043359436094760895
v -0.20671361684799194 0.8113718032836914 -0.043359436094760895
v -0.3381366729736328 0.7990031838417053 -0.043359436094760895
v -0.3106366693973541 0.7513718008995056 -0.043359436094760895
v -0.2402757853269577 0.8555032014846802 0.012140562757849693
v -0.2402757853269577 0.8555032014846802 0.006140562705695629
v -0.33207449316978455 0.802503228187561 0.012140562757849693
v -0.33207449316978455 0.802503228187561 0.006140562705695629
v -0.24547193944454193 0.8525031805038452 0.006140562705695629
v -0.3268783390522003 0.8055031895637512 0.006140562705695629
v -0.24547193944454193 0.8525031805038452 0.012140562757849693
v -0.3268783390522003 0.8055031895637512 0.012140562757849693
v -0.21277578175067902 0.8078718185424805 0.012140562757849693
v -0.21277578175067902 0.8078718185424805 0.006140562705695629
v -0.30457448959350586 0.7548717856407166 0.012140562757849693
v -0.30457448959350586 0.7548717856407166 0.006140562705695629
v -0.29937833547592163 0.7578718066215515 0.006140562705695629
v -0.21797193586826324 0.8048717975616455 0.006140562705695629
v -0.21797193586826324 0.8048717975616455 0.012140562757849693
v -0.29937833547592163 0.7578718066215515 0.012140562757849693
v -0.3486751317977905 0.67166668176651 -0.03835943713784218
v -0.3486751317977905 0.7266666889190674 -0.03835943713784218
v -0.22867514193058014 0.67166668176651 -0.03835943713784218
v -0.22867514193058014 0.7266666889190674 -0.03835943713784218
v -0.3486751317977905 0.67166668176651 -0.09056401252746582
v -0.3486751317977905 0.7266666889190674 -0.09056401252746582
v -0.22867514193058014 0.67166668176651 -0.09056401252746582
v -0.22867514193058014 0.7266666889190674 -0.09056401252746582
v -0.34167513251304626 0.67166668176651 -0.08006401360034943
v -0.34167513251304626 0.67166668176651 -0.08606401085853577
v -0.2356751412153244 0.67166668176651 -0.08006401360034943
v -0.2356751412153244 0.67166668176651 -0.08606401085853577
v -0.33567512035369873 0.67166668176651 -0.08606401085853577
v -0.24167513847351074 0.67166668176651 -0.08606401085853577
v -0.33567512035369873 0.67166668176651 -0.08006401360034943
v -0.24167513847351074 0.67166668176651 -0.08006401360034943
v -0.34167513251304626 0.7266666889190674 -0.08006401360034943
v -0.34167513251304626 0.7266666889190674 -0.08606401085853577
v -0.2356751412153244 0.7266666889190674 -0.08006401360034943
v -0.2356751412153244 0.7266666889190674 -0.08606401085853577
v -0.24167513847351074 0.7266666889190674 -0.08606401085853577
v -0.33567512035369873 0.7266666889190674 -0.08606401085853577
v -0.33567512035369873 0.7266666889190674 -0.08006401360034943
v -0.24167513847351074 0.7266666889190674 -0.08006401360034943
v -0.004999999888241291 0.9913397431373596 0.016640562564134598
v -0.004999999888241291 0.9913397431373596 0.016640562564134598
v -0.004999999888241291 0.67166668176651 0.016640562564134598
v -0.004999999888241291 0.67166668176651 0.016640562564134598
v -0.05999999865889549 0.7266666889190674 0.016640562564134598
v -0.05999999865889549 0.7266666889190674 0.016640562564134598
v -0.05999999865889549 0.8960769772529602 0.016640562564134598
v -0.05999999865889549 0.8960769772529602 0.016640562564134598
v -0.004999999888241291 0.9913397431373596 -0.03835943713784218
v -0.004999999888241291 0.9913397431373596 -0.03835943713784218
v -0.004999999888241291 0.8933333158493042 -0.03835943713784218
v -0.004999999888241291 0.8933333158493042 -0.03835943713784218
v -0.05999999865889549 0.8933333158493042 -0.03835943713784218
v -0.05999999865889549 0.8933333158493042 -0.03835943713784218
v -0.05999999865889549 0.8960769772529602 -0.03835943713784218
v -0.05999999865889549 0.8960769772529602 -0.03835943713784218
v -0.004999999888241291 0.7733333110809326 -0.03835943713784218
v -0.004999999888241291 0.7733333110809326 -0.03835943713784218
v -0.004999999888241291 0.67166668176651 -0.03835943713784218
v -0.004999999888241291 0.67166668176651 -0.03835943713784218
v -0.05999999865889549 0.7266666889190674 -0.03835943713784218
v -0.05999999865889549 0.7266666889190674 -0.03835943713784218
v -0.05999999865889549 0.7733333110809326 -0.03835943713784218
v -0.05999999865889549 0.7733333110809326 -0.03835943713784218
v -0.004999999888241291 0.8933333158493042 -0.28335943818092346
v -0.004999999888241291 0.8933333158493042 -0.28335943818092346
v -0.05999999865889549 0.8933333158493042 -0.28335943818092346
v -0.05999999865889549 0.8933333158493042 -0.28335943818092346
v -0.004999999888241291 0.7733333110809326 -0.28335943818092346
v -0.004999999888241291 0.7733333110809326 -0.28335943818092346
v -0.05999999865889549 0.7733333110809326 -0.28335943818092346
v -0.05999999865889549 0.7733333110809326 -0.28335943818092346
v -0.004999999888241291 0.8863333463668823 -0.2728594243526459
v -0.004999999888241291 0.8863333463668823 -0.2728594243526459
v -0.004999999888241291 0.8863333463668823 -0.2788594365119934
v -0.004999999888241291 0.8863333463668823 -0.2788594365119934
v -0.004999999888241291 0.7803333401679993 -0.2728594243526459
v -0.004999999888241291 0.7803333401679993 -0.2728594243526459
v -0.004999999888241291 0.7803333401679993 -0.2788594365119934
v -0.004999999888241291 0.7803333401679993 -0.2788594365119934
v -0.004999999888241291 0.8803333044052124 -0.2788594365119934
v -0.004999999888241291 0.8803333044052124 -0.2788594365119934
v -0.004999999888241291 0.7863333225250244 -0.2788594365119934
v -0.004999999888241291 0.7863333225250244 -0.2788594365119934
v -0.004999999888241291 0.8803333044052124 -0.2728594243526459
v -0.004999999888241291 0.8803333044052124 -0.2728594243526459
v -0.004999999888241291 0.7863333225250244 -0.2728594243526459
v -0.004999999888241291 0.7863333225250244 -0.2728594243526459
v -0.05999999865889549 0.8863333463668823 -0.2728594243526459
v -0.05999999865889549 0.8863333463668823 -0.2728594243526459
v -0.05999999865889549 0.8863333463668823 -0.2788594365119934
v -0.05999999865889549 0.8863333463668823 -0.2788594365119934
v -0.05999999865889549 0.7803333401679993 -0.2728594243526459
v -0.05999999865889549 0.7803333401679993 -0.2728594243526459
v -0.05999999865889549 0.7803333401679993 -0.2788594365119934
v -0.05999999865889549 0.7803333401679993 -0.2788594365119934
v -0.05999999865889549 0.7863333225250244 -0.2788594365119934
v -0.05999999865889549 0.7863333225250244 -0.2788594365119934
v -0.05999999865889549 0.8803333044052124 -0.2788594365119934
v -0.05999999865889549 0.8803333044052124 -0.2788594365119934
v -0.05999999865889549 0.8803333044052124 -0.2728594243526459
v -0.05999999865889549 0.8803333044052124 -0.2728594243526459
v -0.05999999865889549 0.7863333225250244 -0.2728594243526459
v -0.05999999865889549 0.7863333225250244 -0.2728594243526459
v -0.5586900115013123 0.67166668176651 0.016640562564134598
v -0.5586900115013123 0.67166668176651 0.016640562564134598
v -0.3534272313117981 0.7266666889190674 0.016640562564134598
v -0.3534272313117981 0.7266666889190674 0.016640562564134598
v -0.23421360552310944 0.8590031862258911 -0.03835943713784218
v -0.23421360552310944 0.8590031862258911 -0.03835943713784218
v -0.20671361684799194 0.8113718032836914 -0.03835943713784218
v -0.20671361684799194 0.8113718032836914 -0.03835943713784218
v -0.3381366729736328 0.7990031838417053 -0.03835943713784218
v -0.3381366729736328 0.7990031838417053 -0.03835943713784218
v -0.5586900115013123 0.67166668176651 -0.03835943713784218
v -0.5586900115013123 0.67166668176651 -0.03835943713784218
v -0.3534272313117981 0.7266666889190674 -0.03835943713784218
v -0.3534272313117981 0.7266666889190674 -0.03835943713784218
v -0.3106366693973541 0.7513718008995056 -0.03835943713784218
v -0.3106366693973541 0.7513718008995056 -0.03835943713784218
v -0.23421360552310944 0.8590031862258911 -0.043359436094760895
v -0.23421360552310944 0.8590031862258911 -0.043359436094760895
v -0.20671361684799194 0.8113718032836914 -0.043359436094760895
v -0.20671361684799194 0.8113718032836914 -0.043359436094760895
v -0.3381366729736328 0.7990031838417053 -0.043359436094760895
v -0.3381366729736328 0.7990031838417053 -0.043359436094760895
v -0.3106366693973541 0.7513718008995056 -0.043359436094760895
v -0.3106366693973541 0.7513718008995056 -0.043359436094760895
v -0.2402757853269577 0.8555032014846802 0.012140562757849693
v -0.2402757853269577 0.8555032014846802 0.012140562757849693
v -0.2402757853269577 0.8555032014846802 0.006140562705695629
v -0.2402757853269577 0.8555032014846802 0.006140562705695629
v -0.33207449316978455 0.802503228187561 0.012140562757849693
v -0.33207449316978455 0.802503228187561 0.012140562757849693
v -0.33207449316978455 0.802503228187561 0.006140562705695629
v -0.33207449316978455 0.802503228187561 0.006140562705695629
v -0.24547193944454193 0.8525031805038452 0.006140562705695629
v -0.24547193944454193 0.8525031805038452 0.006140562705695629
v -0.3268783390522003 0.8055031895637512 0.006140562705695629
v -0.3268783390522003 0.8055031895637512 0.006140562705695629
v -0.24547193944454193 0.8525031805038452 0.012140562757849693
v -0.24547193944454193 0.8525031805038452 0.012140562757849693
v -0.3268783390522003 0.8055031895637512 0.012140562757849693
v -0.3268783390522003 0.8055031895637512 0.012140562757849693
v -0.21277578175067902 0.8078718185424805 0.012140562757849693
v -0.21277578175067902 0.8078718185424805 0.012140562757849693
v -0.21277578175067902 0.8078718185424805 0.006140562705695629
v -0.21277578175067902 0.8078718185424805 0.006140562705695629
v -0.30457448959350586 0.7548717856407166 0.012140562757849693
v -0.30457448959350586 0.7548717856407166 0.012140562757849693
v -0.30457448959350586 0.7548717856407166 0.006140562705695629
v -0.30457448959350586 0.7548717856407166 0.006140562705695629
v -0.29937833547592163 0.7578718066215515 0.006140562705695629
v -0.29937833547592163 0.7578718066215515 0.006140562705695629
v -0.21797193586826324 0.8048717975616455 0.006140562705695629
v -0.21797193586826324 0.8048717975616455 0.006140562705695629
v -0.21797193586826324 0.8048717975616455 0.012140562757849693
v -0.21797193586826324 0.8048717975616455 0.012140562757849693
v -0.29937833547592163 0.7578718066215515 0.012140562757849693
v -0.29937833547592163 0.7578718066215515 0.012140562757849693
v -0.3486751317977905 0.67166668176651 -0.03835943713784218
v -0.3486751317977905 0.67166668176651 -0.03835943713784218
v -0.3486751317977905 0.7266666889190674 -0.03835943713784218
v -0.3486751317977905 0.7266666889190674 -0.03835943713784218
v -0.22867514193058014 0.67166668176651 -0.03835943713784218
v -0.22867514193058014 0.67166668176651 -0.03835943713784218
v -0.22867514193058014 0.7266666889190674 -0.03835943713784218
v -0.22867514193058014 0.7266666889190674 -0.03835943713784218
v -0.3486751317977905 0.67166668176651 -0.09056401252746582
v -0.3486751317977905 0.67166668176651 -0.09056401252746582
v -0.3486751317977905 0.7266666889190674 -0.09056401252746582
v -0.3486751317977905 0.7266666889190674 -0.09056401252746582
v -0.22867514193058014 0.67166668176651 -0.09056401252746582
v -0.22867514193058014 0.67166668176651 -0.09056401252746582
v -0.22867514193058014 0.7266666889190674 -0.09056401252746582
v -0.22867514193058014 0.7266666889190674 -0.09056401252746582
v -0.34167513251304626 0.67166668176651 -0.08006401360034943
v -0.34167513251304626 0.67166668176651 -0.08006401360034943
v -0.34167513251304626 0.67166668176651 -0.08606401085853577
v -0.34167513251304626 0.67166668176651 -0.08606401085853577
v -0.2356751412153244 0.67166668176651 -0.08006401360034943
v -0.2356751412153244 0.67166668176651 -0.08006401360034943
v -0.2356751412153244 0.67166668176651 -0.08606401085853577
v -0.2356751412153244 0.67166668176651 -0.08606401085853577
v -0.33567512035369873 0.67166668176651 -0.08606401085853577
v -0.33567512035369873 0.67166668176651 -0.08606401085853577
v -0.24167513847351074 0.67166668176651 -0.08606401085853577
v -0.24167513847351074 0.67166668176651 -0.08606401085853577
v -0.33567512035369873 0.67166668176651 -0.08006401360034943
v -0.33567512035369873 0.67166668176651 -0.08006401360034943
v -0.24167513847351074 0.67166668176651 -0.08006401360034943
v -0.24167513847351074 0.67166668176651 -0.08006401360034943
v -0.34167513251304626 0.7266666889190674 -0.08006401360034943
v -0.34167513251304626 0.7266666889190674 -0.08006401360034943
v -0.34167513251304626 0.7266666889190674 -0.08606401085853577
v -0.34167513251304626 0.7266666889190674 -0.08606401085853577
v -0.2356751412153244 0.7266666889190674 -0.08006401360034943
v -0.2356751412153244 0.7266666889190674 -0.08006401360034943
v -0.2356751412153244 0.7266666889190674 -0.08606401085853577
v -0.2356751412153244 0.7266666889190674 -0.08606401085853577
v -0.24167513847351074 0.7266666889190674 -0.08606401085853577
v -0.24167513847351074 0.7266666889190674 -0.08606401085853577
v -0.33567512035369873 0.7266666889190674 -0.08606401085853577
v -0.33567512035369873 0.7266666889190674 -0.08606401085853577
v -0.33567512035369873 0.7266666889190674 -0.08006401360034943
v -0.33567512035369873 0.7266666889190674 -0.08006401360034943
v -0.24167513847351074 0.7266666889190674 -0.08006401360034943
v -0.24167513847351074 0.7266666889190674 -0.08006401360034943
vn 0 0 -1
vn 0 0 -1
vn 0 0 -1
vn 0 0 -1
vn 0 0 1
vn 0 0 1
vn 0 0 1
vn 0 0 1
vn 0 0 1
vn 0 0 1
vn 0 0 1
vn 0 0 1
vn 0 -1 0
vn 0 -1 0
vn 0 1 0
vn 0 1 0
vn -1 0 0
vn -1 0 0
vn -1 0 0
vn -1 0 0
vn -1 0 0
vn -1 0 0
vn -1 0 0
vn -1 0 0
vn 1 0 0
vn 1 0 0
vn 1 0 0
vn 1 0 0
vn 1 0 0
vn 1 0 0
vn 1 0 0
vn 1 0 0
vn 0 0 -1
vn 0 0 -1
vn 0 0 1
vn 0 0 1
vn 0 0 1
vn 0 0 1
vn 0 0 1
vn 0 0 1
vn -0.866025447845459 -0.4999999701976776 0
vn -0.866025447845459 -0.4999999701976776 0
vn 0.8660253286361694 0.5000001788139343 0
vn 0.8660253286361694 0.5000001788139343 0
vn 0.5000001788139343 -0.8660253286361694 0.00006047759598004632
vn 0.49999967217445374 -0.8660256266593933 2.3173537044840486e-7
vn 0.49999991059303284 -0.866025447845459 -0.00011157336848555133
vn 0.500001072883606 -0.8660247921943665 -0.000002844560640369309
vn 0.500000536441803 -0.8660250902175903 1.48497790064539e-7
vn 0.4999982416629791 -0.8660264015197754 -0.0000040813652049109805
vn 0.5000007748603821 -0.8660249710083008 0.0000785151423770003
vn 0.49999865889549255 -0.8660261631011963 -0.00008488599269185215
vn -0.5000004768371582 0.8660251498222351 -0.000028185850169393234
vn -0.5000003576278687 0.8660252690315247 -1.8156285364057112e-7
vn -0.5000000596046448 0.8660253882408142 -0.000015009987691882998
vn -0.4999997317790985 0.8660255670547485 -0.000001504117335571209
vn -0.5000007748603821 0.8660249710083008 -0.0000020172303720755735
vn -0.500000536441803 0.8660250902175903 -7.32392138047544e-8
vn -0.5000007748603821 0.8660249710083008 -0.000037235720810713246
vn -0.500000536441803 0.8660250902175903 -0.000012090270502085332
vn 0 0 1
vn 0 0 1
vn 0 0 1
vn 0 0 1
vn 1 0 0
vn 1 0 0
vn -1 0 0
vn -1 0 0
vn 0 1 0
vn 0 1 0
vn 0 1 0
vn 0 1 0
vn 0 1 0
vn 0 1 0
vn 0 1 0
vn 0 1 0
vn 0 -1 0
vn 0 -1 0
vn 0 -1 0
vn 0 -1 0
vn 0 -1 0
vn 0 -1 0
vn 0 -1 0
vn 0 -1 0
vn -1 0 0
vn 0.5 -0.8660253882408142 7.57650013838429e-7
vn -1 0 0
vn 0 1 0
vn 1 0 0
vn 0 -1 0
vn 1 0 0
vn -0.5000000596046448 0.8660253882408142 -0.0000013959389661977184
vn -1 0 0
vn 0.5000000596046448 -0.8660253882408142 0
vn 0 -1 0
vn -1 0 0
vn 0 -1 0
vn 1 0 0
vn 1 0 0
vn -0.5000001192092896 0.8660253286361694 0
vn 0 1 0
vn -1 0 0
vn -1 0 0
vn 0 1 0
vn 1 0 0
vn 0 -1 0
vn 0 1 0
vn 1 0 0
vn 0 0 1
vn -1 0 0
vn 0 0 1
vn 1 0 0
vn 0 0 1
vn -1 0 0
vn 0 0 1
vn 1 0 0
vn 0 0 1
vn 0 1 0
vn 0 1 0
vn 0 0 -1
vn 0 0 1
vn 0 -1 0
vn 0 -1 0
vn 0 0 -1
vn 0 -1 0
vn 0 0 -1
vn 0 1 0
vn 0 0 -1
vn 0 -1 0
vn 0 0 1
vn 0 1 0
vn 0 0 1
vn 0 0 1
vn 0 1 0
vn 0 1 0
vn 0 0 -1
vn 0 0 1
vn 0 -1 0
vn 0 -1 0
vn 0 0 -1
vn 0 1 0
vn 0 0 -1
vn 0 -1 0
vn 0 0 -1
vn 0 -1 0
vn 0 0 1
vn 0 1 0
vn 0 0 1
vn 0.4999995231628418 -0.8660256862640381 -0.000016197316654142924
vn 0 1 0
vn -0.5000006556510925 0.8660250306129456 -0.000026796444217325188
vn 0 -1 0
vn -0.866025447845459 -0.4999999701976776 0
vn 0.49999913573265076 -0.8660259246826172 7.054799766592623e-8
vn -0.866025447845459 -0.4999999701976776 0
vn -0.49999964237213135 0.8660256266593933 -3.6568533090530764e-8
vn 0.8660253286361694 0.5000001788139343 0
vn 0.5000023245811462 -0.8660240769386292 1.8296670134532178e-7
vn 0.49999991059303284 -0.866025447845459 0
vn 0 1 0
vn -0.4999995231628418 0.8660256862640381 0
vn 0 -1 0
vn 0.8660253286361694 0.5000001788139343 0
vn -0.4999988377094269 0.8660260438919067 4.488646254685591e-8
vn 0 0 1
vn 0.49999910593032837 -0.8660259246826172 -0.0000021568503143498674
vn 0 0 1
vn -0.5000008344650269 0.8660249710083008 -0.0000012618853588719503
vn 0 0 1
vn 0.5000023245811462 -0.8660241365432739 3.823190013463318e-7
vn 0 0 1
vn -0.49999910593032837 0.8660259246826172 1.4347655508117896e-7
vn 0 0 1
vn 0.8660253286361694 0.5000001788139343 0
vn 0.8660253286361694 0.5000001788139343 0
vn 0 0 -1
vn 0 0 1
vn -0.8660255670547485 -0.4999997019767761 0
vn -0.8660255670547485 -0.4999997019767761 0
vn 0 0 -1
vn -0.8660253286361694 -0.5000001788139343 0
vn 0 0 -1
vn 0.8660253286361694 0.5000001788139343 0
vn 0 0 -1
vn -0.8660253286361694 -0.5000001788139343 0
vn 0 0 1
vn 0.8660253286361694 0.5000001788139343 0
vn 0 0 1
vn 0 0 1
vn 0.8660253286361694 0.5000001788139343 0
vn 0.8660253286361694 0.5000001788139343 0
vn 0 0 -1
vn 0 0 1
vn -0.8660255670547485 -0.4999997019767761 0
vn -0.8660255670547485 -0.4999997019767761 0
vn 0 0 -1
vn 0.8660253286361694 0.5000001788139343 0
vn 0 0 -1
vn -0.8660253286361694 -0.5000001788139343 0
vn 0 0 -1
vn -0.8660253286361694 -0.5000001788139343 0
vn 0 0 1
vn 0.8660253286361694 0.5000001788139343 0
vn 0 0 1
vn 1 0 0
vn 0 1 0
vn 1 0 0
vn 0 -1 0
vn -1 0 0
vn 0 1 0
vn -1 0 0
vn 0 -1 0
vn 0 0 1
vn 0 1 0
vn 0 0 1
vn 0 -1 0
vn 0 0 1
vn 0 1 0
vn 0 0 1
vn 0 -1 0
vn 0 0 1
vn -1 0 0
vn -1 0 0
vn 0 0 -1
vn 0 0 1
vn 1 0 0
vn 1 0 0
vn 0 0 -1
vn 1 0 0
vn 0 0 -1
vn -1 0 0
vn 0 0 -1
vn 1 0 0
vn 0 0 1
vn -1 0 0
vn 0 0 1
vn 0 0 1
vn -1 0 0
vn -1 0 0
vn 0 0 -1
vn 0 0 1
vn 1 0 0
vn 1 0 0
vn 0 0 -1
vn -1 0 0
vn 0 0 -1
vn 1 0 0
vn 0 0 -1
vn 1 0 0
vn 0 0 1
vn -1 0 0
vn 0 0 1

g grp757
usemtl mtl757
f 759//759 760//760 758//758 
f 757//757 758//758 760//760 
f 764//764 762//762 761//761 
f 762//762 764//764 763//763 
f 765//765 767//767 766//766 
f 767//767 765//765 768//768 
f 853//853 769//769 851//851 
f 769//769 853//853 770//770 
f 857//857 771//771 863//863 
f 772//772 863//863 771//771 
f 867//867 869//869 865//865 
f 869//869 867//867 871//871 
f 773//773 866//866 774//774 
f 852//852 866//866 773//773 
f 776//776 870//870 775//775 
f 858//858 775//775 870//870 
f 866//866 777//777 774//774 
f 778//778 870//870 776//776 
f 870//870 777//777 866//866 
f 777//777 870//870 778//778 
f 777//777 780//780 779//779 
f 780//780 777//777 778//778 
f 852//852 841//841 849//849 
f 843//843 858//858 859//859 
f 841//841 858//858 843//843 
f 852//852 858//858 841//841 
f 852//852 775//775 858//858 
f 779//779 852//852 773//773 
f 780//780 852//852 779//779 
f 852//852 780//780 775//775 
f 782//782 868//868 781//781 
f 781//781 868//868 854//854 
f 783//783 872//872 784//784 
f 872//872 783//783 864//864 
f 786//786 868//868 782//782 
f 872//872 785//785 784//784 
f 786//786 872//872 868//868 
f 872//872 786//786 785//785 
f 787//787 788//788 786//786 
f 785//785 786//786 788//788 
f 864//864 845//845 861//861 
f 864//864 847//847 845//845 
f 783//783 847//847 864//864 
f 847//847 854//854 855//855 
f 783//783 854//854 847//847 
f 854//854 787//787 781//781 
f 854//854 788//788 787//787 
f 788//788 854//854 783//783 
f 885//885 901//901 881//881 
f 899//899 881//881 901//901 
f 886//886 873//873 902//902 
f 889//889 902//902 873//873 
f 875//875 890//890 874//874 
f 890//890 875//875 891//891 
f 876//876 882//882 892//892 
f 900//900 892//892 882//882 
f 883//883 903//903 887//887 
f 903//903 883//883 897//897 
f 904//904 877//877 888//888 
f 877//877 904//904 893//893 
f 878//878 894//894 879//879 
f 895//895 879//879 894//894 
f 884//884 880//880 898//898 
f 896//896 898//898 880//880 
f 790//790 757//757 760//760 
f 757//757 790//790 789//789 
f 792//792 764//764 791//791 
f 761//761 791//791 764//764 
f 796//796 793//793 795//795 
f 795//795 793//793 794//794 
f 909//909 797//797 911//911 
f 798//798 911//911 797//797 
f 919//919 799//799 913//913 
f 799//799 919//919 800//800 
f 925//925 927//927 921//921 
f 923//923 921//921 927//927 
f 801//801 802//802 910//910 
f 922//922 910//910 802//802 
f 914//914 804//804 803//803 
f 804//804 914//914 926//926 
f 926//926 922//922 804//804 
f 802//802 805//805 922//922 
f 805//805 806//806 922//922 
f 804//804 922//922 806//806 
f 807//807 808//808 805//805 
f 806//806 805//805 808//808 
f 915//915 914//914 905//905 
f 850//850 842//842 910//910 
f 914//914 803//803 905//905 
f 910//910 842//842 801//801 
f 842//842 905//905 801//801 
f 803//803 808//808 905//905 
f 808//808 807//807 905//905 
f 801//801 905//905 807//807 
f 912//912 810//810 809//809 
f 810//810 912//912 924//924 
f 811//811 812//812 920//920 
f 928//928 920//920 812//812 
f 928//928 812//812 924//924 
f 810//810 924//924 814//814 
f 814//814 924//924 813//813 
f 924//924 812//812 813//813 
f 814//814 816//816 815//815 
f 816//816 814//814 813//813 
f 917//917 907//907 920//920 
f 920//920 907//907 811//811 
f 856//856 912//912 848//848 
f 912//912 809//809 848//848 
f 848//848 809//809 907//907 
f 811//811 907//907 816//816 
f 816//816 907//907 815//815 
f 809//809 815//815 907//907 
f 937//937 957//957 941//941 
f 957//957 937//937 955//955 
f 942//942 945//945 929//929 
f 945//945 942//942 958//958 
f 930//930 946//946 931//931 
f 947//947 931//931 946//946 
f 948//948 938//938 932//932 
f 938//938 948//948 956//956 
f 943//943 959//959 939//939 
f 953//953 939//939 959//959 
f 960//960 944//944 949//949 
f 933//933 949//949 944//944 
f 935//935 950//950 934//934 
f 950//950 935//935 951//951 
f 952//952 940//940 954//954 
f 940//940 952//952 936//936 
f 758//758 790//790 759//759 
f 790//790 758//758 789//789 
f 794//794 817//817 795//795 
f 818//818 795//795 817//817 
f 820//820 819//819 767//767 
f 819//819 766//766 767//767 
f 961//961 821//821 963//963 
f 822//822 963//963 821//821 
f 967//967 823//823 965//965 
f 823//823 967//967 824//824 
f 969//969 973//973 971//971 
f 975//975 971//971 973//973 
f 826//826 970//970 825//825 
f 962//962 825//825 970//970 
f 827//827 974//974 828//828 
f 974//974 827//827 966//966 
f 826//826 829//829 970//970 
f 828//828 974//974 830//830 
f 970//970 829//829 974//974 
f 829//829 830//830 974//974 
f 831//831 832//832 829//829 
f 830//830 829//829 832//832 
f 916//916 906//906 962//962 
f 860//860 966//966 844//844 
f 825//825 962//962 831//831 
f 831//831 962//962 832//832 
f 827//827 832//832 966//966 
f 832//832 962//962 966//966 
f 844//844 966//966 906//906 
f 962//962 906//906 966//966 
f 833//833 972//972 834//834 
f 972//972 833//833 964//964 
f 836//836 976//976 835//835 
f 968//968 835//835 976//976 
f 834//834 972//972 838//838 
f 836//836 837//837 976//976 
f 972//972 976//976 838//838 
f 838//838 976//976 837//837 
f 838//838 840//840 839//839 
f 840//840 838//838 837//837 
f 862//862 846//846 968//968 
f 846//846 908//908 968//968 
f 968//968 908//908 835//835 
f 833//833 839//839 964//964 
f 839//839 840//840 964//964 
f 918//918 964//964 908//908 
f 964//964 840//840 908//908 
f 835//835 908//908 840//840 
f 985//985 1005//1005 989//989 
f 1005//1005 985//985 1003//1003 
f 1006//1006 977//977 990//990 
f 977//977 1006//1006 993//993 
f 978//978 994//994 979//979 
f 995//995 979//979 994//994 
f 996//996 986//986 980//980 
f 986//986 996//996 1004//1004 
f 991//991 1007//1007 987//987 
f 1001//1001 987//987 1007//1007 
f 992//992 981//981 1008//1008 
f 997//997 1008//1008 981//981 
f 983//983 998//998 982//982 
f 998//998 983//983 999//999 
f 1002//1002 984//984 988//988 
f 984//984 1002//1002 1000//1000 
v -0.009999999776482582 6.49480638812306e-15 0.011744205839931965
v -0.28684499859809875 0.159836545586586 0.011744205839931965
v -0.26671361923217773 0.08470514416694641 0.011744205839931965
v -0.11999999731779099 7.793767665747672e-14 0.011744205839931965
v -0.009999999776482582 6.49480638812306e-15 -0.043255794793367386
v -0.09487604349851608 0.04900320619344711 -0.043255794793367386
v -0.12237603962421417 0.0013718090485781431 -0.043255794793367386
v -0.11999999731779099 7.793767665747672e-14 -0.043255794793367386
v -0.19879908859729767 0.1090032085776329 -0.043255794793367386
v -0.28684499859809875 0.159836545586586 -0.043255794793367386
v -0.26671361923217773 0.08470514416694641 -0.043255794793367386
v -0.22629909217357635 0.061371810734272 -0.043255794793367386
v -0.09487604349851608 0.04900320619344711 -0.26195502281188965
v -0.12237603962421417 0.0013718090485781431 -0.26195502281188965
v -0.19879908859729767 0.1090032085776329 -0.26195502281188965
v -0.22629909217357635 0.061371810734272 -0.26195502281188965
v -0.10093822330236435 0.052503205835819244 -0.25145500898361206
v -0.10093822330236435 0.052503205835819244 -0.2574550211429596
v -0.1927369087934494 0.10550320893526077 -0.25145500898361206
v -0.1927369087934494 0.10550320893526077 -0.2574550211429596
v -0.10613436996936798 0.055503204464912415 -0.2574550211429596
v -0.18754075467586517 0.102503202855587 -0.2574550211429596
v -0.10613436996936798 0.055503204464912415 -0.25145500898361206
v -0.18754075467586517 0.102503202855587 -0.25145500898361206
v -0.12843821942806244 0.004871808923780918 -0.25145500898361206
v -0.12843821942806244 0.004871808923780918 -0.2574550211429596
v -0.2202369123697281 0.05787180736660957 -0.25145500898361206
v -0.2202369123697281 0.05787180736660957 -0.2574550211429596
v -0.21504075825214386 0.0548718087375164 -0.2574550211429596
v -0.13363437354564667 0.007871809415519238 -0.2574550211429596
v -0.13363437354564667 0.007871809415519238 -0.25145500898361206
v -0.21504075825214386 0.0548718087375164 -0.25145500898361206
v -0.5636900067329407 -0.319673091173172 0.011744205839931965
v -0.4134272336959839 -0.16941028833389282 0.011744205839931965
v -0.23921361565589905 -0.1323365420103073 -0.043255794793367386
v -0.26671361923217773 -0.08470514416694641 -0.043255794793367386
v -0.34313666820526123 -0.1923365443944931 -0.043255794793367386
v -0.5636900067329407 -0.319673091173172 -0.043255794793367386
v -0.4134272336959839 -0.16941028833389282 -0.043255794793367386
v -0.3706366717815399 -0.1447051465511322 -0.043255794793367386
v -0.23921361565589905 -0.1323365420103073 -0.0482557937502861
v -0.26671361923217773 -0.08470514416694641 -0.0482557937502861
v -0.34313666820526123 -0.1923365443944931 -0.0482557937502861
v -0.3706366717815399 -0.1447051465511322 -0.0482557937502861
v -0.24527579545974731 -0.13583654165267944 0.00724420603364706
v -0.24527579545974731 -0.13583654165267944 0.0012442062143236399
v -0.33707448840141296 -0.18883654475212097 0.00724420603364706
v -0.33707448840141296 -0.18883654475212097 0.0012442062143236399
v -0.25047194957733154 -0.13883653283119202 0.0012442062143236399
v -0.33187833428382874 -0.1858365386724472 0.0012442062143236399
v -0.25047194957733154 -0.13883653283119202 0.00724420603364706
v -0.33187833428382874 -0.1858365386724472 0.00724420603364706
v -0.272775799036026 -0.08820514380931854 0.00724420603364706
v -0.272775799036026 -0.08820514380931854 0.0012442062143236399
v -0.36457449197769165 -0.14120514690876007 0.00724420603364706
v -0.36457449197769165 -0.14120514690876007 0.0012442062143236399
v -0.3593783378601074 -0.1382051408290863 0.0012442062143236399
v -0.27797195315361023 -0.09120514243841171 0.0012442062143236399
v -0.27797195315361023 -0.09120514243841171 0.00724420603364706
v -0.3593783378601074 -0.1382051408290863 0.00724420603364706
v -0.398682564496994 -0.033871810883283615 -0.043255794793367386
v -0.3510511815547943 -0.061371810734272 -0.043255794793367386
v -0.4586825668811798 -0.1377948522567749 -0.043255794793367386
v -0.4110511839389801 -0.1652948558330536 -0.043255794793367386
v -0.398682564496994 -0.033871810883283615 -0.0973493829369545
v -0.3510511815547943 -0.061371810734272 -0.0973493829369545
v -0.4586825668811798 -0.1377948522567749 -0.0973493829369545
v -0.4110511839389801 -0.1652948558330536 -0.0973493829369545
v -0.40218257904052734 -0.03993398696184158 -0.0868493840098381
v -0.40218257904052734 -0.03993398696184158 -0.09284938871860504
v -0.45518258213996887 -0.13173267245292664 -0.0868493840098381
v -0.45518258213996887 -0.13173267245292664 -0.09284938871860504
v -0.4051825702190399 -0.04513014107942581 -0.09284938871860504
v -0.4521825611591339 -0.1265365332365036 -0.09284938871860504
v -0.4051825702190399 -0.04513014107942581 -0.0868493840098381
v -0.4521825611591339 -0.1265365332365036 -0.0868493840098381
v -0.35455116629600525 -0.06743399053812027 -0.0868493840098381
v -0.35455116629600525 -0.06743399053812027 -0.09284938871860504
v -0.4075511693954468 -0.15923267602920532 -0.0868493840098381
v -0.4075511693954468 -0.15923267602920532 -0.09284938871860504
v -0.4045511782169342 -0.1540365219116211 -0.09284938871860504
v -0.3575511872768402 -0.0726301372051239 -0.09284938871860504
v -0.3575511872768402 -0.0726301372051239 -0.0868493840098381
v -0.4045511782169342 -0.1540365219116211 -0.0868493840098381
v -0.009999999776482582 6.49480638812306e-15 0.011744205839931965
v -0.009999999776482582 6.49480638812306e-15 0.011744205839931965
v -0.28684499859809875 0.159836545586586 0.011744205839931965
v -0.28684499859809875 0.159836545586586 0.011744205839931965
v -0.26671361923217773 0.08470514416694641 0.011744205839931965
v -0.26671361923217773 0.08470514416694641 0.011744205839931965
v -0.11999999731779099 7.793767665747672e-14 0.011744205839931965
v -0.11999999731779099 7.793767665747672e-14 0.011744205839931965
v -0.009999999776482582 6.49480638812306e-15 -0.043255794793367386
v -0.009999999776482582 6.49480638812306e-15 -0.043255794793367386
v -0.09487604349851608 0.04900320619344711 -0.043255794793367386
v -0.09487604349851608 0.04900320619344711 -0.043255794793367386
v -0.12237603962421417 0.0013718090485781431 -0.043255794793367386
v -0.12237603962421417 0.0013718090485781431 -0.043255794793367386
v -0.11999999731779099 7.793767665747672e-14 -0.043255794793367386
v -0.11999999731779099 7.793767665747672e-14 -0.043255794793367386
v -0.19879908859729767 0.1090032085776329 -0.043255794793367386
v -0.19879908859729767 0.1090032085776329 -0.043255794793367386
v -0.28684499859809875 0.159836545586586 -0.043255794793367386
v -0.28684499859809875 0.159836545586586 -0.043255794793367386
v -0.26671361923217773 0.08470514416694641 -0.043255794793367386
v -0.26671361923217773 0.08470514416694641 -0.043255794793367386
v -0.22629909217357635 0.061371810734272 -0.043255794793367386
v -0.22629909217357635 0.061371810734272 -0.043255794793367386
v -0.09487604349851608 0.04900320619344711 -0.26195502281188965
v -0.09487604349851608 0.04900320619344711 -0.26195502281188965
v -0.12237603962421417 0.0013718090485781431 -0.26195502281188965
v -0.12237603962421417 0.0013718090485781431 -0.26195502281188965
v -0.19879908859729767 0.1090032085776329 -0.26195502281188965
v -0.19879908859729767 0.1090032085776329 -0.26195502281188965
v -0.22629909217357635 0.061371810734272 -0.26195502281188965
v -0.22629909217357635 0.061371810734272 -0.26195502281188965
v -0.10093822330236435 0.052503205835819244 -0.25145500898361206
v -0.10093822330236435 0.052503205835819244 -0.25145500898361206
v -0.10093822330236435 0.052503205835819244 -0.2574550211429596
v -0.10093822330236435 0.052503205835819244 -0.2574550211429596
v -0.1927369087934494 0.10550320893526077 -0.25145500898361206
v -0.1927369087934494 0.10550320893526077 -0.25145500898361206
v -0.1927369087934494 0.10550320893526077 -0.2574550211429596
v -0.1927369087934494 0.10550320893526077 -0.2574550211429596
v -0.10613436996936798 0.055503204464912415 -0.2574550211429596
v -0.10613436996936798 0.055503204464912415 -0.2574550211429596
v -0.18754075467586517 0.102503202855587 -0.2574550211429596
v -0.18754075467586517 0.102503202855587 -0.2574550211429596
v -0.10613436996936798 0.055503204464912415 -0.25145500898361206
v -0.10613436996936798 0.055503204464912415 -0.25145500898361206
v -0.18754075467586517 0.102503202855587 -0.25145500898361206
v -0.18754075467586517 0.102503202855587 -0.25145500898361206
v -0.12843821942806244 0.004871808923780918 -0.25145500898361206
v -0.12843821942806244 0.004871808923780918 -0.25145500898361206
v -0.12843821942806244 0.004871808923780918 -0.2574550211429596
v -0.12843821942806244 0.004871808923780918 -0.2574550211429596
v -0.2202369123697281 0.05787180736660957 -0.25145500898361206
v -0.2202369123697281 0.05787180736660957 -0.25145500898361206
v -0.2202369123697281 0.05787180736660957 -0.2574550211429596
v -0.2202369123697281 0.05787180736660957 -0.2574550211429596
v -0.21504075825214386 0.0548718087375164 -0.2574550211429596
v -0.21504075825214386 0.0548718087375164 -0.2574550211429596
v -0.13363437354564667 0.007871809415519238 -0.2574550211429596
v -0.13363437354564667 0.007871809415519238 -0.2574550211429596
v -0.13363437354564667 0.007871809415519238 -0.25145500898361206
v -0.13363437354564667 0.007871809415519238 -0.25145500898361206
v -0.21504075825214386 0.0548718087375164 -0.25145500898361206
v -0.21504075825214386 0.0548718087375164 -0.25145500898361206
v -0.5636900067329407 -0.319673091173172 0.011744205839931965
v -0.5636900067329407 -0.319673091173172 0.011744205839931965
v -0.4134272336959839 -0.16941028833389282 0.011744205839931965
v -0.4134272336959839 -0.16941028833389282 0.011744205839931965
v -0.23921361565589905 -0.1323365420103073 -0.043255794793367386
v -0.23921361565589905 -0.1323365420103073 -0.043255794793367386
v -0.26671361923217773 -0.08470514416694641 -0.043255794793367386
v -0.26671361923217773 -0.08470514416694641 -0.043255794793367386
v -0.34313666820526123 -0.1923365443944931 -0.043255794793367386
v -0.34313666820526123 -0.1923365443944931 -0.043255794793367386
v -0.5636900067329407 -0.319673091173172 -0.043255794793367386
v -0.5636900067329407 -0.319673091173172 -0.043255794793367386
v -0.4134272336959839 -0.16941028833389282 -0.043255794793367386
v -0.4134272336959839 -0.16941028833389282 -0.043255794793367386
v -0.3706366717815399 -0.1447051465511322 -0.043255794793367386
v -0.3706366717815399 -0.1447051465511322 -0.043255794793367386
v -0.23921361565589905 -0.1323365420103073 -0.0482557937502861
v -0.23921361565589905 -0.1323365420103073 -0.0482557937502861
v -0.26671361923217773 -0.08470514416694641 -0.0482557937502861
v -0.26671361923217773 -0.08470514416694641 -0.0482557937502861
v -0.34313666820526123 -0.1923365443944931 -0.0482557937502861
v -0.34313666820526123 -0.1923365443944931 -0.0482557937502861
v -0.3706366717815399 -0.1447051465511322 -0.0482557937502861
v -0.3706366717815399 -0.1447051465511322 -0.0482557937502861
v -0.24527579545974731 -0.13583654165267944 0.00724420603364706
v -0.24527579545974731 -0.13583654165267944 0.00724420603364706
v -0.24527579545974731 -0.13583654165267944 0.0012442062143236399
v -0.24527579545974731 -0.13583654165267944 0.0012442062143236399
v -0.33707448840141296 -0.18883654475212097 0.00724420603364706
v -0.33707448840141296 -0.18883654475212097 0.00724420603364706
v -0.33707448840141296 -0.18883654475212097 0.0012442062143236399
v -0.33707448840141296 -0.18883654475212097 0.0012442062143236399
v -0.25047194957733154 -0.13883653283119202 0.0012442062143236399
v -0.25047194957733154 -0.13883653283119202 0.0012442062143236399
v -0.33187833428382874 -0.1858365386724472 0.0012442062143236399
v -0.33187833428382874 -0.1858365386724472 0.0012442062143236399
v -0.25047194957733154 -0.13883653283119202 0.00724420603364706
v -0.25047194957733154 -0.13883653283119202 0.00724420603364706
v -0.33187833428382874 -0.1858365386724472 0.00724420603364706
v -0.33187833428382874 -0.1858365386724472 0.00724420603364706
v -0.272775799036026 -0.08820514380931854 0.00724420603364706
v -0.272775799036026 -0.08820514380931854 0.00724420603364706
v -0.272775799036026 -0.08820514380931854 0.0012442062143236399
v -0.272775799036026 -0.08820514380931854 0.0012442062143236399
v -0.36457449197769165 -0.14120514690876007 0.00724420603364706
v -0.36457449197769165 -0.14120514690876007 0.00724420603364706
v -0.36457449197769165 -0.14120514690876007 0.0012442062143236399
v -0.36457449197769165 -0.14120514690876007 0.0012442062143236399
v -0.3593783378601074 -0.1382051408290863 0.0012442062143236399
v -0.3593783378601074 -0.1382051408290863 0.0012442062143236399
v -0.27797195315361023 -0.09120514243841171 0.0012442062143236399
v -0.27797195315361023 -0.09120514243841171 0.0012442062143236399
v -0.27797195315361023 -0.09120514243841171 0.00724420603364706
v -0.27797195315361023 -0.09120514243841171 0.00724420603364706
v -0.3593783378601074 -0.1382051408290863 0.00724420603364706
v -0.3593783378601074 -0.1382051408290863 0.00724420603364706
v -0.398682564496994 -0.033871810883283615 -0.043255794793367386
v -0.398682564496994 -0.033871810883283615 -0.043255794793367386
v -0.3510511815547943 -0.061371810734272 -0.043255794793367386
v -0.3510511815547943 -0.061371810734272 -0.043255794793367386
v -0.4586825668811798 -0.1377948522567749 -0.043255794793367386
v -0.4586825668811798 -0.1377948522567749 -0.043255794793367386
v -0.4110511839389801 -0.1652948558330536 -0.043255794793367386
v -0.4110511839389801 -0.1652948558330536 -0.043255794793367386
v -0.398682564496994 -0.033871810883283615 -0.0973493829369545
v -0.398682564496994 -0.033871810883283615 -0.0973493829369545
v -0.3510511815547943 -0.061371810734272 -0.0973493829369545
v -0.3510511815547943 -0.061371810734272 -0.0973493829369545
v -0.4586825668811798 -0.1377948522567749 -0.0973493829369545
v -0.4586825668811798 -0.1377948522567749 -0.0973493829369545
v -0.4110511839389801 -0.1652948558330536 -0.0973493829369545
v -0.4110511839389801 -0.1652948558330536 -0.0973493829369545
v -0.40218257904052734 -0.03993398696184158 -0.0868493840098381
v -0.40218257904052734 -0.03993398696184158 -0.0868493840098381
v -0.40218257904052734 -0.03993398696184158 -0.09284938871860504
v -0.40218257904052734 -0.03993398696184158 -0.09284938871860504
v -0.45518258213996887 -0.13173267245292664 -0.0868493840098381
v -0.45518258213996887 -0.13173267245292664 -0.0868493840098381
v -0.45518258213996887 -0.13173267245292664 -0.09284938871860504
v -0.45518258213996887 -0.13173267245292664 -0.09284938871860504
v -0.4051825702190399 -0.04513014107942581 -0.09284938871860504
v -0.4051825702190399 -0.04513014107942581 -0.09284938871860504
v -0.4521825611591339 -0.1265365332365036 -0.09284938871860504
v -0.4521825611591339 -0.1265365332365036 -0.09284938871860504
v -0.4051825702190399 -0.04513014107942581 -0.0868493840098381
v -0.4051825702190399 -0.04513014107942581 -0.0868493840098381
v -0.4521825611591339 -0.1265365332365036 -0.0868493840098381
v -0.4521825611591339 -0.1265365332365036 -0.0868493840098381
v -0.35455116629600525 -0.06743399053812027 -0.0868493840098381
v -0.35455116629600525 -0.06743399053812027 -0.0868493840098381
v -0.35455116629600525 -0.06743399053812027 -0.09284938871860504
v -0.35455116629600525 -0.06743399053812027 -0.09284938871860504
v -0.4075511693954468 -0.15923267602920532 -0.0868493840098381
v -0.4075511693954468 -0.15923267602920532 -0.0868493840098381
v -0.4075511693954468 -0.15923267602920532 -0.09284938871860504
v -0.4075511693954468 -0.15923267602920532 -0.09284938871860504
v -0.4045511782169342 -0.1540365219116211 -0.09284938871860504
v -0.4045511782169342 -0.1540365219116211 -0.09284938871860504
v -0.3575511872768402 -0.0726301372051239 -0.09284938871860504
v -0.3575511872768402 -0.0726301372051239 -0.09284938871860504
v -0.3575511872768402 -0.0726301372051239 -0.0868493840098381
v -0.3575511872768402 -0.0726301372051239 -0.0868493840098381
v -0.4045511782169342 -0.1540365219116211 -0.0868493840098381
v -0.4045511782169342 -0.1540365219116211 -0.0868493840098381
vn 0 0 1
vn 0 0 1
vn 0 0 1
vn 0 0 1
vn 0 0 -1
vn 0 0 -1
vn 0 0 -1
vn 0 0 -1
vn 0 0 -1
vn 0 0 -1
vn 0 0 -1
vn 0 0 -1
vn 0.866025447845459 -0.4999999403953552 0
vn 0.866025447845459 -0.4999999403953552 0
vn -0.8660253882408142 0.5000000596046448 0
vn -0.8660253882408142 0.5000000596046448 0
vn 0.5 0.8660253882408142 3.035835050013702e-8
vn 0.5000000596046448 0.8660253882408142 3.634193888046866e-7
vn 0.5000001192092896 0.8660253882408142 1.0330473365627313e-8
vn 0.5000002384185791 0.8660252690315247 -7.169318791966361e-7
vn 0.5000000596046448 0.8660253882408142 1.6169389027709258e-7
vn 0.5000001788139343 0.8660253286361694 -2.2771021690459747e-7
vn 0.5000000596046448 0.8660253882408142 3.796309044901136e-8
vn 0.5000001788139343 0.8660253286361694 4.040604739685705e-9
vn -0.49999991059303284 -0.8660255074501038 9.684824053834973e-10
vn -0.49999991059303284 -0.8660255074501038 -6.721240453089194e-8
vn -0.5000001192092896 -0.8660253882408142 -3.4129755022149766e-8
vn -0.4999999701976776 -0.866025447845459 -4.779548703481851e-7
vn -0.4999999403953552 -0.866025447845459 -3.2890031320675917e-7
vn -0.5 -0.866025447845459 -1.2592920484166825e-7
vn -0.5 -0.866025447845459 3.6290981331177363e-9
vn -0.4999999403953552 -0.866025447845459 -4.099727490824989e-8
vn 0 0 1
vn 0 0 1
vn 0 0 -1
vn 0 0 -1
vn 0 0 -1
vn 0 0 -1
vn 0 0 -1
vn 0 0 -1
vn 0.8660253882408142 0.5000000596046448 0
vn 0.8660253882408142 0.5000000596046448 0
vn -0.8660253882408142 -0.5000000596046448 0
vn -0.8660253882408142 -0.5000000596046448 0
vn 0.49999967217445374 -0.8660256266593933 -0.000030248882467276417
vn 0.49999964237213135 -0.8660256266593933 8.204790447052801e-7
vn 0.5000002384185791 -0.8660253286361694 0.00001323996275459649
vn 0.5000001192092896 -0.8660253882408142 -4.3450430808888996e-8
vn 0.4999997019767761 -0.8660255670547485 8.250024734479666e-7
vn 0.5000002384185791 -0.8660252690315247 -2.8669058238506295e-8
vn 0.49999964237213135 -0.8660256266593933 -0.000039676680898992345
vn 0.5000001788139343 -0.8660253286361694 0.000009984607459045947
vn -0.49999991059303284 0.8660255074501038 0.0000032659631870046724
vn -0.49999991059303284 0.8660255074501038 -2.0674103495821328e-7
vn -0.5000002384185791 0.8660253286361694 -0.000003207977215424762
vn -0.5000001192092896 0.8660253882408142 4.3450430808888996e-8
vn -0.5000002384185791 0.8660252690315247 2.2659952136905304e-8
vn -0.4999999403953552 0.866025447845459 -2.1577127995442424e-7
vn -0.49999991059303284 0.866025447845459 0.000004312481905799359
vn -0.5000001788139343 0.8660253286361694 -0.0000022780520794185577
vn 0 0 -1
vn 0 0 -1
vn 0 0 -1
vn 0 0 -1
vn 0.5000001192092896 0.8660253286361694 0
vn 0.5000001192092896 0.8660253286361694 0
vn -0.5000001788139343 -0.8660253286361694 0
vn -0.5000001788139343 -0.8660253286361694 0
vn -0.8660250306129456 0.5000007748603821 1.787008443443483e-7
vn -0.8660252690315247 0.5000002384185791 -0.000002596740159788169
vn -0.8660253882408142 0.5 3.295980093298567e-7
vn -0.866024911403656 0.5000009536743164 -0.000004789460035681259
vn -0.8660255670547485 0.4999997019767761 -7.022168801995576e-7
vn -0.8660247921943665 0.5000011920928955 -0.0000023081188373907935
vn -0.8660256266593933 0.49999964237213135 9.06088573060515e-8
vn -0.866024911403656 0.5000008344650269 1.7869348312160582e-7
vn 0.8660255074501038 -0.49999991059303284 -9.156343026006653e-7
vn 0.8660250306129456 -0.5000006556510925 -0.0000043065483623649925
vn 0.8660250902175903 -0.5000005960464478 1.6445837047740497e-7
vn 0.8660253286361694 -0.5000001192092896 -0.000002389779865552555
vn 0.8660255670547485 -0.4999997019767761 -9.176040975944488e-7
vn 0.8660250306129456 -0.5000007748603821 -0.000001725216634440585
vn 0.8660250306129456 -0.5000007748603821 -9.552405799695407e-7
vn 0.8660256266593933 -0.49999964237213135 1.4616672672218556e-7
vn 0.5 0.8660253882408142 -4.041119794351289e-8
vn 0.5 -0.8660253882408142 -5.932937483521528e-7
vn 0.5 0.8660253882408142 -2.8915550842611992e-8
vn -0.8660253882408142 0.5 -1.5144888010354407e-8
vn -0.4999999403953552 -0.866025447845459 -2.5848537532624505e-8
vn 0.866025447845459 -0.5 5.941525671460113e-8
vn -0.5 -0.8660253882408142 -1.2593719844744555e-8
vn -0.5 0.866025447845459 2.1967288432733767e-7
vn 0.5 0.8660253882408142 0
vn 0.5 -0.8660253882408142 0
vn 0.866025447845459 -0.4999999403953552 0
vn 0.4999999701976776 0.866025447845459 -1.7671837326815876e-8
vn 0.866025447845459 -0.4999999403953552 0
vn -0.4999999701976776 -0.866025447845459 -2.815874644568339e-8
vn -0.5000001192092896 -0.8660253286361694 0
vn -0.4999999701976776 0.8660253882408142 0
vn -0.8660253882408142 0.5000000596046448 0
vn 0.5000001192092896 0.8660253882408142 2.045277724960215e-9
vn 0.5000000596046448 0.8660253882408142 0
vn -0.8660253882408142 0.4999999701976776 0
vn -0.49999991059303284 -0.866025447845459 0
vn 0.866025447845459 -0.4999999701976776 0
vn -0.8660253882408142 0.5000000596046448 0
vn -0.5 -0.8660253882408142 -1.0626513002875981e-8
vn 0 0 -1
vn 0.5 0.866025447845459 2.499723450455349e-7
vn 0 0 -1
vn -0.49999991059303284 -0.866025447845459 -9.882326423849008e-8
vn 0 0 -1
vn 0.5000001192092896 0.8660253882408142 -2.0769441277934675e-7
vn 0 0 -1
vn -0.5000000596046448 -0.8660253882408142 -2.3657732128867792e-7
vn 0 0 -1
vn -0.866025447845459 0.4999999403953552 0
vn -0.866025447845459 0.4999999403953552 0
vn 0 0 1
vn 0 0 -1
vn 0.8660253882408142 -0.5 0
vn 0.8660253882408142 -0.5 0
vn 0 0 1
vn 0.8660253882408142 -0.5000000596046448 0
vn 0 0 1
vn -0.8660253882408142 0.5000000596046448 0
vn 0 0 1
vn 0.8660253882408142 -0.5000000596046448 0
vn 0 0 -1
vn -0.8660253882408142 0.5000000596046448 0
vn 0 0 -1
vn 0 0 -1
vn -0.866025447845459 0.4999999403953552 0
vn -0.866025447845459 0.4999999403953552 0
vn 0 0 1
vn 0 0 -1
vn 0.8660253882408142 -0.5 0
vn 0.8660253882408142 -0.5 0
vn 0 0 1
vn -0.8660253882408142 0.5000000596046448 0
vn 0 0 1
vn 0.8660253882408142 -0.5000000596046448 0
vn 0 0 1
vn 0.8660253882408142 -0.5000000596046448 0
vn 0 0 -1
vn -0.8660253882408142 0.5000000596046448 0
vn 0 0 -1
vn 0.4999999701976776 -0.866025447845459 -0.00001351911123492755
vn -0.866025447845459 0.5 1.0365979363768929e-7
vn -0.5000000596046448 0.8660253882408142 6.656314326392021e-7
vn 0.8660250306129456 -0.5000007748603821 -6.961619192225044e-7
vn 0.8660253882408142 0.5000000596046448 0
vn 0.4999999403953552 -0.866025447845459 6.157397258732544e-9
vn 0.8660253882408142 0.5000000596046448 0
vn -0.49999991059303284 0.866025447845459 -5.313625095482166e-9
vn -0.8660253882408142 -0.5000000596046448 0
vn 0.4999999403953552 -0.866025447845459 -8.232730053236992e-9
vn 0.5000000596046448 -0.8660253882408142 0
vn -0.866025447845459 0.4999999701976776 0
vn -0.5 0.8660253882408142 0
vn 0.8660250902175903 -0.5000005960464478 0
vn -0.8660253882408142 -0.5000000596046448 0
vn -0.4999999403953552 0.866025447845459 5.222623222778111e-9
vn 0 0 -1
vn 0.4999999403953552 -0.866025447845459 1.3125190712059975e-8
vn 0 0 -1
vn -0.4999999403953552 0.866025447845459 -1.3125190712059975e-8
vn 0 0 -1
vn 0.49999988079071045 -0.8660255074501038 6.391819056261738e-7
vn 0 0 -1
vn -0.5000001192092896 0.8660253882408142 -1.5179685419752786e-7
vn 0 0 -1
vn -0.8660253882408142 -0.5000000596046448 0
vn -0.8660253882408142 -0.5000000596046448 0
vn 0 0 1
vn 0 0 -1
vn 0.8660253882408142 0.5000000596046448 0
vn 0.8660253882408142 0.5000000596046448 0
vn 0 0 1
vn 0.8660253286361694 0.5000001192092896 0
vn 0 0 1
vn -0.8660253882408142 -0.5000000596046448 0
vn 0 0 1
vn 0.8660253286361694 0.5000001192092896 0
vn 0 0 -1
vn -0.8660253882408142 -0.5000000596046448 0
vn 0 0 -1
vn 0 0 -1
vn -0.8660253882408142 -0.5000000596046448 0
vn -0.8660253882408142 -0.5000000596046448 0
vn 0 0 1
vn 0 0 -1
vn 0.8660253882408142 0.5000000596046448 0
vn 0.8660253882408142 0.5000000596046448 0
vn 0 0 1
vn -0.8660253882408142 -0.5000000596046448 0
vn 0 0 1
vn 0.8660253286361694 0.5000001192092896 0
vn 0 0 1
vn 0.8660253286361694 0.5000001192092896 0
vn 0 0 -1
vn -0.8660253882408142 -0.5000000596046448 0
vn 0 0 -1
vn 0.5000001192092896 0.8660253286361694 0
vn -0.8660253882408142 0.5000000596046448 1.5790583063335362e-7
vn 0.5000001192092896 0.8660253286361694 0
vn 0.8660256862640381 -0.4999995231628418 1.0786104809312747e-7
vn -0.5000001788139343 -0.8660253286361694 0
vn -0.8660252690315247 0.5000003576278687 1.927326849227029e-7
vn -0.5000001788139343 -0.8660253286361694 0
vn 0.8660253286361694 -0.5000001788139343 1.2951282712947432e-7
vn 0 0 -1
vn -0.8660250902175903 0.500000536441803 -0.0000015414118479384342
vn 0 0 -1
vn 0.866025447845459 -0.49999991059303284 -0.000001500790631325799
vn 0 0 -1
vn -0.8660253882408142 0.5000000596046448 -0.0000015793046941325883
vn 0 0 -1
vn 0.8660251498222351 -0.5000004172325134 -0.0000013456617580231978
vn 0 0 -1
vn -0.4999999403953552 -0.866025447845459 0
vn -0.4999999403953552 -0.866025447845459 0
vn 0 0 1
vn 0 0 -1
vn 0.4999999403953552 0.866025447845459 0
vn 0.4999999403953552 0.866025447845459 0
vn 0 0 1
vn 0.5000000596046448 0.8660253882408142 0
vn 0 0 1
vn -0.4999999701976776 -0.866025447845459 0
vn 0 0 1
vn 0.5000000596046448 0.8660253882408142 0
vn 0 0 -1
vn -0.4999999701976776 -0.866025447845459 0
vn 0 0 -1
vn 0 0 -1
vn -0.4999999403953552 -0.866025447845459 0
vn -0.4999999403953552 -0.866025447845459 0
vn 0 0 1
vn 0 0 -1
vn 0.4999999403953552 0.866025447845459 0
vn 0.4999999403953552 0.866025447845459 0
vn 0 0 1
vn -0.4999999701976776 -0.866025447845459 0
vn 0 0 1
vn 0.5000000596046448 0.8660253882408142 0
vn 0 0 1
vn 0.5000000596046448 0.8660253882408142 0
vn 0 0 -1
vn -0.4999999701976776 -0.866025447845459 0
vn 0 0 -1

g grp1009
usemtl mtl1009
f 1011//1011 1012//1012 1010//1010 
f 1009//1009 1010//1010 1012//1012 
f 1016//1016 1014//1014 1013//1013 
f 1016//1016 1015//1015 1014//1014 
f 1017//1017 1019//1019 1018//1018 
f 1019//1019 1017//1017 1020//1020 
f 1105//1105 1021//1021 1103//1103 
f 1022//1022 1021//1021 1105//1105 
f 1109//1109 1023//1023 1115//1115 
f 1115//1115 1023//1023 1024//1024 
f 1117//1117 1123//1123 1121//1121 
f 1123//1123 1117//1117 1119//1119 
f 1025//1025 1118//1118 1026//1026 
f 1118//1118 1025//1025 1104//1104 
f 1028//1028 1122//1122 1027//1027 
f 1110//1110 1027//1027 1122//1122 
f 1030//1030 1122//1122 1028//1028 
f 1118//1118 1029//1029 1026//1026 
f 1030//1030 1118//1118 1122//1122 
f 1029//1029 1118//1118 1030//1030 
f 1029//1029 1032//1032 1031//1031 
f 1032//1032 1029//1029 1030//1030 
f 1104//1104 1093//1093 1101//1101 
f 1095//1095 1110//1110 1111//1111 
f 1093//1093 1110//1110 1095//1095 
f 1104//1104 1110//1110 1093//1093 
f 1025//1025 1110//1110 1104//1104 
f 1110//1110 1032//1032 1027//1027 
f 1110//1110 1031//1031 1032//1032 
f 1031//1031 1110//1110 1025//1025 
f 1034//1034 1120//1120 1033//1033 
f 1106//1106 1033//1033 1120//1120 
f 1035//1035 1124//1124 1036//1036 
f 1124//1124 1035//1035 1116//1116 
f 1038//1038 1120//1120 1034//1034 
f 1124//1124 1037//1037 1036//1036 
f 1120//1120 1037//1037 1124//1124 
f 1120//1120 1038//1038 1037//1037 
f 1039//1039 1040//1040 1038//1038 
f 1037//1037 1038//1038 1040//1040 
f 1116//1116 1097//1097 1113//1113 
f 1116//1116 1099//1099 1097//1097 
f 1035//1035 1099//1099 1116//1116 
f 1099//1099 1106//1106 1107//1107 
f 1035//1035 1106//1106 1099//1099 
f 1106//1106 1039//1039 1033//1033 
f 1106//1106 1040//1040 1039//1039 
f 1035//1035 1040//1040 1106//1106 
f 1137//1137 1153//1153 1133//1133 
f 1151//1151 1133//1133 1153//1153 
f 1141//1141 1154//1154 1125//1125 
f 1138//1138 1125//1125 1154//1154 
f 1127//1127 1142//1142 1126//1126 
f 1142//1142 1127//1127 1143//1143 
f 1144//1144 1128//1128 1152//1152 
f 1134//1134 1152//1152 1128//1128 
f 1135//1135 1155//1155 1139//1139 
f 1155//1155 1135//1135 1149//1149 
f 1140//1140 1145//1145 1129//1129 
f 1145//1145 1140//1140 1156//1156 
f 1130//1130 1146//1146 1131//1131 
f 1147//1147 1131//1131 1146//1146 
f 1132//1132 1148//1148 1136//1136 
f 1150//1150 1136//1136 1148//1148 
f 1042//1042 1009//1009 1012//1012 
f 1041//1041 1009//1009 1042//1042 
f 1044//1044 1016//1016 1043//1043 
f 1013//1013 1043//1043 1016//1016 
f 1048//1048 1045//1045 1047//1047 
f 1046//1046 1047//1047 1045//1045 
f 1161//1161 1049//1049 1163//1163 
f 1050//1050 1163//1163 1049//1049 
f 1171//1171 1051//1051 1165//1165 
f 1051//1051 1171//1171 1052//1052 
f 1173//1173 1177//1177 1175//1175 
f 1179//1179 1175//1175 1177//1177 
f 1053//1053 1054//1054 1162//1162 
f 1174//1174 1162//1162 1054//1054 
f 1166//1166 1056//1056 1055//1055 
f 1056//1056 1166//1166 1178//1178 
f 1174//1174 1054//1054 1178//1178 
f 1056//1056 1178//1178 1058//1058 
f 1058//1058 1178//1178 1057//1057 
f 1054//1054 1057//1057 1178//1178 
f 1059//1059 1060//1060 1057//1057 
f 1058//1058 1057//1057 1060//1060 
f 1167//1167 1166//1166 1157//1157 
f 1102//1102 1094//1094 1162//1162 
f 1166//1166 1055//1055 1157//1157 
f 1162//1162 1094//1094 1053//1053 
f 1094//1094 1157//1157 1053//1053 
f 1055//1055 1060//1060 1157//1157 
f 1060//1060 1059//1059 1157//1157 
f 1157//1157 1059//1059 1053//1053 
f 1164//1164 1062//1062 1061//1061 
f 1062//1062 1164//1164 1176//1176 
f 1063//1063 1064//1064 1172//1172 
f 1180//1180 1172//1172 1064//1064 
f 1176//1176 1180//1180 1062//1062 
f 1064//1064 1065//1065 1180//1180 
f 1065//1065 1066//1066 1180//1180 
f 1062//1062 1180//1180 1066//1066 
f 1066//1066 1068//1068 1067//1067 
f 1068//1068 1066//1066 1065//1065 
f 1169//1169 1159//1159 1172//1172 
f 1172//1172 1159//1159 1063//1063 
f 1108//1108 1164//1164 1100//1100 
f 1164//1164 1061//1061 1100//1100 
f 1100//1100 1061//1061 1159//1159 
f 1063//1063 1159//1159 1068//1068 
f 1068//1068 1159//1159 1067//1067 
f 1061//1061 1067//1067 1159//1159 
f 1189//1189 1209//1209 1193//1193 
f 1209//1209 1189//1189 1207//1207 
f 1197//1197 1194//1194 1210//1210 
f 1194//1194 1197//1197 1181//1181 
f 1182//1182 1198//1198 1183//1183 
f 1199//1199 1183//1183 1198//1198 
f 1190//1190 1200//1200 1208//1208 
f 1200//1200 1190//1190 1184//1184 
f 1195//1195 1211//1211 1191//1191 
f 1205//1205 1191//1191 1211//1211 
f 1185//1185 1201//1201 1196//1196 
f 1212//1212 1196//1196 1201//1201 
f 1187//1187 1202//1202 1186//1186 
f 1202//1202 1187//1187 1203//1203 
f 1192//1192 1204//1204 1188//1188 
f 1204//1204 1192//1192 1206//1206 
f 1011//1011 1010//1010 1042//1042 
f 1041//1041 1042//1042 1010//1010 
f 1069//1069 1019//1019 1070//1070 
f 1018//1018 1019//1019 1069//1069 
f 1071//1071 1047//1047 1046//1046 
f 1047//1047 1071//1071 1072//1072 
f 1215//1215 1073//1073 1213//1213 
f 1073//1073 1215//1215 1074//1074 
f 1217//1217 1075//1075 1219//1219 
f 1076//1076 1219//1219 1075//1075 
f 1225//1225 1223//1223 1227//1227 
f 1223//1223 1225//1225 1221//1221 
f 1077//1077 1222//1222 1078//1078 
f 1222//1222 1077//1077 1214//1214 
f 1080//1080 1226//1226 1079//1079 
f 1218//1218 1079//1079 1226//1226 
f 1082//1082 1226//1226 1080//1080 
f 1222//1222 1081//1081 1078//1078 
f 1226//1226 1081//1081 1222//1222 
f 1081//1081 1226//1226 1082//1082 
f 1081//1081 1084//1084 1083//1083 
f 1084//1084 1081//1081 1082//1082 
f 1158//1158 1218//1218 1168//1168 
f 1214//1214 1096//1096 1112//1112 
f 1218//1218 1084//1084 1079//1079 
f 1218//1218 1083//1083 1084//1084 
f 1083//1083 1214//1214 1077//1077 
f 1218//1218 1214//1214 1083//1083 
f 1214//1214 1158//1158 1096//1096 
f 1218//1218 1158//1158 1214//1214 
f 1086//1086 1224//1224 1085//1085 
f 1216//1216 1085//1085 1224//1224 
f 1087//1087 1228//1228 1088//1088 
f 1228//1228 1087//1087 1220//1220 
f 1090//1090 1224//1224 1086//1086 
f 1228//1228 1089//1089 1088//1088 
f 1224//1224 1089//1089 1228//1228 
f 1089//1089 1224//1224 1090//1090 
f 1091//1091 1092//1092 1090//1090 
f 1089//1089 1090//1090 1092//1092 
f 1098//1098 1216//1216 1114//1114 
f 1160//1160 1216//1216 1098//1098 
f 1160//1160 1085//1085 1216//1216 
f 1092//1092 1220//1220 1087//1087 
f 1091//1091 1220//1220 1092//1092 
f 1220//1220 1160//1160 1170//1170 
f 1091//1091 1160//1160 1220//1220 
f 1160//1160 1091//1091 1085//1085 
f 1241//1241 1257//1257 1237//1237 
f 1255//1255 1237//1237 1257//1257 
f 1245//1245 1258//1258 1229//1229 
f 1242//1242 1229//1229 1258//1258 
f 1231//1231 1246//1246 1230//1230 
f 1246//1246 1231//1231 1247//1247 
f 1248//1248 1232//1232 1256//1256 
f 1238//1238 1256//1256 1232//1232 
f 1239//1239 1259//1259 1243//1243 
f 1259//1259 1239//1239 1253//1253 
f 1244//1244 1249//1249 1233//1233 
f 1249//1249 1244//1244 1260//1260 
f 1234//1234 1250//1250 1235//1235 
f 1251//1251 1235//1235 1250//1250 
f 1236//1236 1252//1252 1240//1240 
f 1254//1254 1240//1240 1252//1252 
v -0.8560253977775574 0.5 -0.2105640023946762
v -0.30233538150787354 0.1803269237279892 -0.2105640023946762
v -0.4525981843471527 0.3305897116661072 -0.2105640023946762
v -0.7460253834724426 0.5 -0.2105640023946762
v -0.8560253977775574 0.5 -0.2655639946460724
v -0.6268118023872375 0.3676634728908539 -0.2655639946460724
v -0.5993117690086365 0.4152948558330536 -0.2655639946460724
v -0.7460253834724426 0.5 -0.2655639946460724
v -0.522888720035553 0.3076634705066681 -0.2655639946460724
v -0.30233538150787354 0.1803269237279892 -0.2655639946460724
v -0.4525981843471527 0.3305897116661072 -0.2655639946460724
v -0.4953887462615967 0.3552948534488678 -0.2655639946460724
v -0.6268118023872375 0.3676634728908539 -0.2705639898777008
v -0.5993117690086365 0.4152948558330536 -0.2705639898777008
v -0.522888720035553 0.3076634705066681 -0.2705639898777008
v -0.4953887462615967 0.3552948534488678 -0.2705639898777008
v -0.6207495927810669 0.36416345834732056 -0.21506400406360626
v -0.6207495927810669 0.36416345834732056 -0.2210640013217926
v -0.5289509296417236 0.31116345524787903 -0.21506400406360626
v -0.5289509296417236 0.31116345524787903 -0.2210640013217926
v -0.6155534386634827 0.361163467168808 -0.2210640013217926
v -0.5341470837593079 0.3141634464263916 -0.2210640013217926
v -0.6155534386634827 0.361163467168808 -0.21506400406360626
v -0.5341470837593079 0.3141634464263916 -0.21506400406360626
v -0.5932496190071106 0.41179487109184265 -0.21506400406360626
v -0.5932496190071106 0.41179487109184265 -0.2210640013217926
v -0.5014508962631226 0.3587948679924011 -0.21506400406360626
v -0.5014508962631226 0.3587948679924011 -0.2210640013217926
v -0.5066470503807068 0.3617948591709137 -0.2210640013217926
v -0.5880534648895264 0.4087948501110077 -0.2210640013217926
v -0.5880534648895264 0.4087948501110077 -0.21506400406360626
v -0.5066470503807068 0.3617948591709137 -0.21506400406360626
v -0.5791804194450378 0.6598365306854248 -0.2105640023946762
v -0.5993117690086365 0.584705114364624 -0.2105640023946762
v -0.7711493372917175 0.5490031838417053 -0.2655639946460724
v -0.7436493635177612 0.5013718008995056 -0.2655639946460724
v -0.6672263145446777 0.6090031862258911 -0.2655639946460724
v -0.5791804194450378 0.6598365306854248 -0.2655639946460724
v -0.5993117690086365 0.584705114364624 -0.2655639946460724
v -0.6397263407707214 0.5613718032836914 -0.2655639946460724
v -0.7711493372917175 0.5490031838417053 -0.2705639898777008
v -0.7436493635177612 0.5013718008995056 -0.2705639898777008
v -0.6672263145446777 0.6090031862258911 -0.2705639898777008
v -0.6397263407707214 0.5613718032836914 -0.2705639898777008
v -0.7650871872901917 0.552503228187561 -0.21506400406360626
v -0.7650871872901917 0.552503228187561 -0.2210640013217926
v -0.6732884645462036 0.6055032014846802 -0.21506400406360626
v -0.6732884645462036 0.6055032014846802 -0.2210640013217926
v -0.7598910331726074 0.5555031895637512 -0.2210640013217926
v -0.6784846186637878 0.6025031805038452 -0.2210640013217926
v -0.7598910331726074 0.5555031895637512 -0.21506400406360626
v -0.6784846186637878 0.6025031805038452 -0.21506400406360626
v -0.7375871539115906 0.5048717856407166 -0.21506400406360626
v -0.7375871539115906 0.5048717856407166 -0.2210640013217926
v -0.6457884907722473 0.5578718185424805 -0.21506400406360626
v -0.6457884907722473 0.5578718185424805 -0.2210640013217926
v -0.6509846448898315 0.5548717975616455 -0.2210640013217926
v -0.7323910593986511 0.5078718066215515 -0.2210640013217926
v -0.7323910593986511 0.5078718066215515 -0.21506400406360626
v -0.6509846448898315 0.5548717975616455 -0.21506400406360626
v -0.4073428213596344 0.3622051477432251 -0.2655639946460724
v -0.4549742341041565 0.3347051441669464 -0.2655639946460724
v -0.4673428237438202 0.4661282002925873 -0.2655639946460724
v -0.5149742364883423 0.4386281967163086 -0.2655639946460724
v -0.4073428213596344 0.3622051477432251 -0.3005639910697937
v -0.4549742341041565 0.3347051441669464 -0.3005639910697937
v -0.4673428237438202 0.4661282002925873 -0.3005639910697937
v -0.5149742364883423 0.4386281967163086 -0.3005639910697937
v -0.4108428359031677 0.36826732754707336 -0.2900640070438385
v -0.4108428359031677 0.36826732754707336 -0.29606398940086365
v -0.46384283900260925 0.460066020488739 -0.2900640070438385
v -0.46384283900260925 0.460066020488739 -0.29606398940086365
v -0.4138428270816803 0.3734634816646576 -0.29606398940086365
v -0.4608428180217743 0.4548698663711548 -0.29606398940086365
v -0.4138428270816803 0.3734634816646576 -0.2900640070438385
v -0.4608428180217743 0.4548698663711548 -0.2900640070438385
v -0.45847421884536743 0.3407673239707947 -0.2900640070438385
v -0.45847421884536743 0.3407673239707947 -0.29606398940086365
v -0.5114742517471313 0.4325660169124603 -0.2900640070438385
v -0.5114742517471313 0.4325660169124603 -0.29606398940086365
v -0.5084742307662964 0.4273698627948761 -0.29606398940086365
v -0.4614742398262024 0.3459634780883789 -0.29606398940086365
v -0.4614742398262024 0.3459634780883789 -0.2900640070438385
v -0.5084742307662964 0.4273698627948761 -0.2900640070438385
v -0.8560253977775574 0.5 -0.2105640023946762
v -0.8560253977775574 0.5 -0.2105640023946762
v -0.30233538150787354 0.1803269237279892 -0.2105640023946762
v -0.30233538150787354 0.1803269237279892 -0.2105640023946762
v -0.4525981843471527 0.3305897116661072 -0.2105640023946762
v -0.4525981843471527 0.3305897116661072 -0.2105640023946762
v -0.7460253834724426 0.5 -0.2105640023946762
v -0.7460253834724426 0.5 -0.2105640023946762
v -0.8560253977775574 0.5 -0.2655639946460724
v -0.8560253977775574 0.5 -0.2655639946460724
v -0.6268118023872375 0.3676634728908539 -0.2655639946460724
v -0.6268118023872375 0.3676634728908539 -0.2655639946460724
v -0.5993117690086365 0.4152948558330536 -0.2655639946460724
v -0.5993117690086365 0.4152948558330536 -0.2655639946460724
v -0.7460253834724426 0.5 -0.2655639946460724
v -0.7460253834724426 0.5 -0.2655639946460724
v -0.522888720035553 0.3076634705066681 -0.2655639946460724
v -0.522888720035553 0.3076634705066681 -0.2655639946460724
v -0.30233538150787354 0.1803269237279892 -0.2655639946460724
v -0.30233538150787354 0.1803269237279892 -0.2655639946460724
v -0.4525981843471527 0.3305897116661072 -0.2655639946460724
v -0.4525981843471527 0.3305897116661072 -0.2655639946460724
v -0.4953887462615967 0.3552948534488678 -0.2655639946460724
v -0.4953887462615967 0.3552948534488678 -0.2655639946460724
v -0.6268118023872375 0.3676634728908539 -0.2705639898777008
v -0.6268118023872375 0.3676634728908539 -0.2705639898777008
v -0.5993117690086365 0.4152948558330536 -0.2705639898777008
v -0.5993117690086365 0.4152948558330536 -0.2705639898777008
v -0.522888720035553 0.3076634705066681 -0.2705639898777008
v -0.522888720035553 0.3076634705066681 -0.2705639898777008
v -0.4953887462615967 0.3552948534488678 -0.2705639898777008
v -0.4953887462615967 0.3552948534488678 -0.2705639898777008
v -0.6207495927810669 0.36416345834732056 -0.21506400406360626
v -0.6207495927810669 0.36416345834732056 -0.21506400406360626
v -0.6207495927810669 0.36416345834732056 -0.2210640013217926
v -0.6207495927810669 0.36416345834732056 -0.2210640013217926
v -0.5289509296417236 0.31116345524787903 -0.21506400406360626
v -0.5289509296417236 0.31116345524787903 -0.21506400406360626
v -0.5289509296417236 0.31116345524787903 -0.2210640013217926
v -0.5289509296417236 0.31116345524787903 -0.2210640013217926
v -0.6155534386634827 0.361163467168808 -0.2210640013217926
v -0.6155534386634827 0.361163467168808 -0.2210640013217926
v -0.5341470837593079 0.3141634464263916 -0.2210640013217926
v -0.5341470837593079 0.3141634464263916 -0.2210640013217926
v -0.6155534386634827 0.361163467168808 -0.21506400406360626
v -0.6155534386634827 0.361163467168808 -0.21506400406360626
v -0.5341470837593079 0.3141634464263916 -0.21506400406360626
v -0.5341470837593079 0.3141634464263916 -0.21506400406360626
v -0.5932496190071106 0.41179487109184265 -0.21506400406360626
v -0.5932496190071106 0.41179487109184265 -0.21506400406360626
v -0.5932496190071106 0.41179487109184265 -0.2210640013217926
v -0.5932496190071106 0.41179487109184265 -0.2210640013217926
v -0.5014508962631226 0.3587948679924011 -0.21506400406360626
v -0.5014508962631226 0.3587948679924011 -0.21506400406360626
v -0.5014508962631226 0.3587948679924011 -0.2210640013217926
v -0.5014508962631226 0.3587948679924011 -0.2210640013217926
v -0.5066470503807068 0.3617948591709137 -0.2210640013217926
v -0.5066470503807068 0.3617948591709137 -0.2210640013217926
v -0.5880534648895264 0.4087948501110077 -0.2210640013217926
v -0.5880534648895264 0.4087948501110077 -0.2210640013217926
v -0.5880534648895264 0.4087948501110077 -0.21506400406360626
v -0.5880534648895264 0.4087948501110077 -0.21506400406360626
v -0.5066470503807068 0.3617948591709137 -0.21506400406360626
v -0.5066470503807068 0.3617948591709137 -0.21506400406360626
v -0.5791804194450378 0.6598365306854248 -0.2105640023946762
v -0.5791804194450378 0.6598365306854248 -0.2105640023946762
v -0.5993117690086365 0.584705114364624 -0.2105640023946762
v -0.5993117690086365 0.584705114364624 -0.2105640023946762
v -0.7711493372917175 0.5490031838417053 -0.2655639946460724
v -0.7711493372917175 0.5490031838417053 -0.2655639946460724
v -0.7436493635177612 0.5013718008995056 -0.2655639946460724
v -0.7436493635177612 0.5013718008995056 -0.2655639946460724
v -0.6672263145446777 0.6090031862258911 -0.2655639946460724
v -0.6672263145446777 0.6090031862258911 -0.2655639946460724
v -0.5791804194450378 0.6598365306854248 -0.2655639946460724
v -0.5791804194450378 0.6598365306854248 -0.2655639946460724
v -0.5993117690086365 0.584705114364624 -0.2655639946460724
v -0.5993117690086365 0.584705114364624 -0.2655639946460724
v -0.6397263407707214 0.5613718032836914 -0.2655639946460724
v -0.6397263407707214 0.5613718032836914 -0.2655639946460724
v -0.7711493372917175 0.5490031838417053 -0.2705639898777008
v -0.7711493372917175 0.5490031838417053 -0.2705639898777008
v -0.7436493635177612 0.5013718008995056 -0.2705639898777008
v -0.7436493635177612 0.5013718008995056 -0.2705639898777008
v -0.6672263145446777 0.6090031862258911 -0.2705639898777008
v -0.6672263145446777 0.6090031862258911 -0.2705639898777008
v -0.6397263407707214 0.5613718032836914 -0.2705639898777008
v -0.6397263407707214 0.5613718032836914 -0.2705639898777008
v -0.7650871872901917 0.552503228187561 -0.21506400406360626
v -0.7650871872901917 0.552503228187561 -0.21506400406360626
v -0.7650871872901917 0.552503228187561 -0.2210640013217926
v -0.7650871872901917 0.552503228187561 -0.2210640013217926
v -0.6732884645462036 0.6055032014846802 -0.21506400406360626
v -0.6732884645462036 0.6055032014846802 -0.21506400406360626
v -0.6732884645462036 0.6055032014846802 -0.2210640013217926
v -0.6732884645462036 0.6055032014846802 -0.2210640013217926
v -0.7598910331726074 0.5555031895637512 -0.2210640013217926
v -0.7598910331726074 0.5555031895637512 -0.2210640013217926
v -0.6784846186637878 0.6025031805038452 -0.2210640013217926
v -0.6784846186637878 0.6025031805038452 -0.2210640013217926
v -0.7598910331726074 0.5555031895637512 -0.21506400406360626
v -0.7598910331726074 0.5555031895637512 -0.21506400406360626
v -0.6784846186637878 0.6025031805038452 -0.21506400406360626
v -0.6784846186637878 0.6025031805038452 -0.21506400406360626
v -0.7375871539115906 0.5048717856407166 -0.21506400406360626
v -0.7375871539115906 0.5048717856407166 -0.21506400406360626
v -0.7375871539115906 0.5048717856407166 -0.2210640013217926
v -0.7375871539115906 0.5048717856407166 -0.2210640013217926
v -0.6457884907722473 0.5578718185424805 -0.21506400406360626
v -0.6457884907722473 0.5578718185424805 -0.21506400406360626
v -0.6457884907722473 0.5578718185424805 -0.2210640013217926
v -0.6457884907722473 0.5578718185424805 -0.2210640013217926
v -0.6509846448898315 0.5548717975616455 -0.2210640013217926
v -0.6509846448898315 0.5548717975616455 -0.2210640013217926
v -0.7323910593986511 0.5078718066215515 -0.2210640013217926
v -0.7323910593986511 0.5078718066215515 -0.2210640013217926
v -0.7323910593986511 0.5078718066215515 -0.21506400406360626
v -0.7323910593986511 0.5078718066215515 -0.21506400406360626
v -0.6509846448898315 0.5548717975616455 -0.21506400406360626
v -0.6509846448898315 0.5548717975616455 -0.21506400406360626
v -0.4073428213596344 0.3622051477432251 -0.2655639946460724
v -0.4073428213596344 0.3622051477432251 -0.2655639946460724
v -0.4549742341041565 0.3347051441669464 -0.2655639946460724
v -0.4549742341041565 0.3347051441669464 -0.2655639946460724
v -0.4673428237438202 0.4661282002925873 -0.2655639946460724
v -0.4673428237438202 0.4661282002925873 -0.2655639946460724
v -0.5149742364883423 0.4386281967163086 -0.2655639946460724
v -0.5149742364883423 0.4386281967163086 -0.2655639946460724
v -0.4073428213596344 0.3622051477432251 -0.3005639910697937
v -0.4073428213596344 0.3622051477432251 -0.3005639910697937
v -0.4549742341041565 0.3347051441669464 -0.3005639910697937
v -0.4549742341041565 0.3347051441669464 -0.3005639910697937
v -0.4673428237438202 0.4661282002925873 -0.3005639910697937
v -0.4673428237438202 0.4661282002925873 -0.3005639910697937
v -0.5149742364883423 0.4386281967163086 -0.3005639910697937
v -0.5149742364883423 0.4386281967163086 -0.3005639910697937
v -0.4108428359031677 0.36826732754707336 -0.2900640070438385
v -0.4108428359031677 0.36826732754707336 -0.2900640070438385
v -0.4108428359031677 0.36826732754707336 -0.29606398940086365
v -0.4108428359031677 0.36826732754707336 -0.29606398940086365
v -0.46384283900260925 0.460066020488739 -0.2900640070438385
v -0.46384283900260925 0.460066020488739 -0.2900640070438385
v -0.46384283900260925 0.460066020488739 -0.29606398940086365
v -0.46384283900260925 0.460066020488739 -0.29606398940086365
v -0.4138428270816803 0.3734634816646576 -0.29606398940086365
v -0.4138428270816803 0.3734634816646576 -0.29606398940086365
v -0.4608428180217743 0.4548698663711548 -0.29606398940086365
v -0.4608428180217743 0.4548698663711548 -0.29606398940086365
v -0.4138428270816803 0.3734634816646576 -0.2900640070438385
v -0.4138428270816803 0.3734634816646576 -0.2900640070438385
v -0.4608428180217743 0.4548698663711548 -0.2900640070438385
v -0.4608428180217743 0.4548698663711548 -0.2900640070438385
v -0.45847421884536743 0.3407673239707947 -0.2900640070438385
v -0.45847421884536743 0.3407673239707947 -0.2900640070438385
v -0.45847421884536743 0.3407673239707947 -0.29606398940086365
v -0.45847421884536743 0.3407673239707947 -0.29606398940086365
v -0.5114742517471313 0.4325660169124603 -0.2900640070438385
v -0.5114742517471313 0.4325660169124603 -0.2900640070438385
v -0.5114742517471313 0.4325660169124603 -0.29606398940086365
v -0.5114742517471313 0.4325660169124603 -0.29606398940086365
v -0.5084742307662964 0.4273698627948761 -0.29606398940086365
v -0.5084742307662964 0.4273698627948761 -0.29606398940086365
v -0.4614742398262024 0.3459634780883789 -0.29606398940086365
v -0.4614742398262024 0.3459634780883789 -0.29606398940086365
v -0.4614742398262024 0.3459634780883789 -0.2900640070438385
v -0.4614742398262024 0.3459634780883789 -0.2900640070438385
v -0.5084742307662964 0.4273698627948761 -0.2900640070438385
v -0.5084742307662964 0.4273698627948761 -0.2900640070438385
vn 0 0 1
vn 0 0 1
vn 0 0 1
vn 0 0 1
vn 0 0 -1
vn 0 0 -1
vn 0 0 -1
vn 0 0 -1
vn 0 0 -1
vn 0 0 -1
vn 0 0 -1
vn 0 0 -1
vn -0.8660250902175903 0.5000005960464478 0
vn -0.8660250902175903 0.5000005960464478 0
vn 0.8660255670547485 -0.4999997615814209 0
vn 0.8660255670547485 -0.4999997615814209 0
vn -0.49999961256980896 -0.8660256862640381 -0.000029366801754804328
vn -0.499999463558197 -0.8660257458686829 7.609961585330893e-7
vn -0.4999983608722687 -0.8660263419151306 -0.00002656785181898158
vn -0.49999716877937317 -0.8660270571708679 -1.2931128878790332e-7
vn -0.49999991059303284 -0.8660255074501038 5.3479544703805e-7
vn -0.4999997913837433 -0.8660255670547485 -4.1457204247308255e-7
vn -0.4999997913837433 -0.8660255074501038 -0.000029839973649359308
vn -0.4999999403953552 -0.866025447845459 -0.000013077015864837449
vn 0.5000006556510925 0.8660250902175903 -0.000024896706236177124
vn 0.5000008940696716 0.866024911403656 -1.313903652544468e-7
vn 0.5000008344650269 0.866024911403656 0.000007679906957491767
vn 0.5000013709068298 0.8660246133804321 6.192594810272567e-7
vn 0.4999994933605194 0.8660257458686829 0.000001139342884926009
vn 0.500000536441803 0.8660251498222351 7.223385001253746e-9
vn 0.5000007748603821 0.8660250306129456 -0.000031389961804961786
vn 0.4999995529651642 0.8660256862640381 0.00000762259242037544
vn 0 0 1
vn 0 0 1
vn 0 0 -1
vn 0 0 -1
vn 0 0 -1
vn 0 0 -1
vn 0 0 -1
vn 0 0 -1
vn -0.8660255670547485 -0.4999997615814209 0
vn -0.8660255670547485 -0.4999997615814209 0
vn 0.8660255670547485 0.4999997615814209 0
vn 0.8660255670547485 0.4999997615814209 0
vn -0.5000005960464478 0.8660250902175903 0.000045917411625850946
vn -0.5000020265579224 0.8660242557525635 0.0000028135166303400183
vn -0.5000007152557373 0.8660250306129456 -0.000035648630728246644
vn -0.5000008940696716 0.866024911403656 -1.313903652544468e-7
vn -0.49999862909317017 0.8660262227058411 0.000003179115765306051
vn -0.5000007152557373 0.8660250306129456 9.631180297731134e-9
vn -0.4999982416629791 0.8660264611244202 0.00004734605681733228
vn -0.5000004768371582 0.8660251498222351 -0.00003379700137884356
vn 0.5000006556510925 -0.8660250902175903 0.000005420923116616905
vn 0.4999999403953552 -0.866025447845459 0.0000041087173485721
vn 0.5000006556510925 -0.8660250306129456 -0.000014855642803013325
vn 0.5000008940696716 -0.866024911403656 1.313903652544468e-7
vn 0.5000007152557373 -0.8660250306129456 -9.631180297731134e-9
vn 0.5000015497207642 -0.8660244941711426 0.00000415433760281303
vn 0.5000020861625671 -0.8660241961479187 0.000005568381766352104
vn 0.5000004172325134 -0.8660252094268799 -0.000010862510862352792
vn 0 0 -1
vn 0 0 -1
vn 0 0 -1
vn 0 0 -1
vn 0.4999999403953552 -0.866025447845459 0
vn 0.4999999403953552 -0.866025447845459 0
vn -0.4999999403953552 0.866025447845459 0
vn -0.4999999403953552 0.866025447845459 0
vn 0.8660250902175903 0.5000005960464478 -2.9262560019560624e-7
vn 0.8660253286361694 0.5000001192092896 0.0000023897760002000723
vn 0.8660256266593933 0.49999967217445374 -4.681997722855158e-7
vn 0.8660252094268799 0.5000003576278687 0.000003823632141575217
vn 0.8660255670547485 0.4999997615814209 9.175870445687906e-7
vn 0.8660249710083008 0.5000007748603821 0.000002254292667203117
vn 0.8660256266593933 0.49999967217445374 -2.1067043576294964e-7
vn 0.8660250902175903 0.5000005960464478 -3.1054025839694077e-7
vn -0.8660256266593933 -0.49999967217445374 -4.681997722855158e-7
vn -0.8660252094268799 -0.5000003576278687 0.000003823632141575217
vn -0.8660256266593933 -0.49999967217445374 4.681997722855158e-7
vn -0.8660252094268799 -0.5000003576278687 -0.000003823632141575217
vn -0.8660250902175903 -0.5000005960464478 -0.000001959720293598366
vn -0.8660250902175903 -0.5000005960464478 0.0000016907195004023379
vn -0.8660251498222351 -0.5000004768371582 -2.8810583785343624e-7
vn -0.8660250902175903 -0.5000005960464478 3.1054025839694077e-7
vn -0.5 -0.8660253882408142 -3.731119875283184e-7
vn -0.4999995231628418 0.8660256862640381 -2.56981962820646e-7
vn -0.49999964237213135 -0.8660256266593933 -0.000028400752853485756
vn 0.8660253882408142 0.5 1.3500489615125844e-7
vn 0.5000002384185791 0.8660252690315247 -0.00001159437215392245
vn -0.8660253286361694 -0.5000001788139343 6.548233244529911e-8
vn 0.5 0.8660253882408142 5.258593205326179e-7
vn 0.500001072883606 -0.8660248517990112 0.0000031526524253422394
vn -0.5 -0.8660253882408142 0
vn -0.4999997615814209 0.8660255670547485 0
vn -0.8660250902175903 0.5000005960464478 0
vn -0.4999997913837433 -0.8660255074501038 1.5425193566898088e-8
vn -0.8660250902175903 0.5000005960464478 0
vn 0.5 0.8660253882408142 3.41463568531708e-9
vn 0.5 0.8660253882408142 0
vn 0.49999961256980896 -0.8660256266593933 -4.005895277714444e-7
vn 0.8660255670547485 -0.4999997615814209 0
vn -0.49999821186065674 -0.8660264611244202 -1.418849961964952e-7
vn -0.5000000596046448 -0.8660253882408142 0
vn 0.8660253882408142 0.5 0
vn 0.5 0.8660253882408142 0
vn -0.8660250902175903 -0.5000005960464478 0
vn 0.8660255670547485 -0.4999997615814209 0
vn 0.5000017881393433 0.8660244345664978 -1.1403047750491169e-7
vn 0 0 -1
vn -0.4999997317790985 -0.8660255670547485 2.4510434570856887e-8
vn 0 0 -1
vn 0.5000002980232239 0.8660252690315247 5.011863208892464e-7
vn 0 0 -1
vn -0.49999886751174927 -0.8660260438919067 3.600537183956476e-7
vn 0 0 -1
vn 0.5000017285346985 0.8660244345664978 -2.589628991245263e-7
vn 0 0 -1
vn 0.8660256862640381 -0.4999995231628418 0
vn 0.8660256862640381 -0.4999995231628418 0
vn 0 0 1
vn 0 0 -1
vn -0.8660252094268799 0.5000003576278687 0
vn -0.8660252094268799 0.5000003576278687 0
vn 0 0 1
vn -0.8660255670547485 0.4999997615814209 0
vn 0 0 1
vn 0.8660252094268799 -0.5000003576278687 0
vn 0 0 1
vn -0.8660255670547485 0.4999997615814209 0
vn 0 0 -1
vn 0.8660252094268799 -0.5000003576278687 0
vn 0 0 -1
vn 0 0 -1
vn 0.8660256862640381 -0.4999995231628418 0
vn 0.8660256862640381 -0.4999995231628418 0
vn 0 0 1
vn 0 0 -1
vn -0.8660252094268799 0.5000003576278687 0
vn -0.8660252094268799 0.5000003576278687 0
vn 0 0 1
vn 0.8660252094268799 -0.5000003576278687 0
vn 0 0 1
vn -0.8660255670547485 0.4999997615814209 0
vn 0 0 1
vn -0.8660255670547485 0.4999997615814209 0
vn 0 0 -1
vn 0.8660252094268799 -0.5000003576278687 0
vn 0 0 -1
vn -0.5000001192092896 0.8660253882408142 -0.0000013729192005484947
vn 0.8660253286361694 0.5000001192092896 1.8851058314339753e-7
vn 0.5000002384185791 -0.8660252690315247 -0.00001216536657011602
vn -0.866025447845459 -0.4999999403953552 6.771050209408713e-8
vn -0.8660255670547485 -0.4999997615814209 0
vn -0.5000032186508179 0.8660235404968262 -2.4954437094493187e-7
vn -0.8660255670547485 -0.4999997615814209 0
vn 0.4999980628490448 -0.8660265207290649 -2.670596757070598e-7
vn 0.8660255670547485 0.4999997615814209 0
vn -0.5000001192092896 0.8660253286361694 -3.1625233543053355e-9
vn -0.5000001788139343 0.8660253286361694 0
vn 0.8660253286361694 0.5000001192092896 0
vn 0.49999919533729553 -0.8660259246826172 0
vn -0.866025447845459 -0.4999999403953552 0
vn 0.8660255670547485 0.4999997615814209 0
vn 0.49999967217445374 -0.8660256266593933 -3.215973620740442e-8
vn 0 0 -1
vn -0.5000033378601074 0.8660235404968262 -5.196656047701254e-7
vn 0 0 -1
vn 0.4999982714653015 -0.8660264015197754 -3.02773571547732e-7
vn 0 0 -1
vn -0.4999995529651642 0.8660256862640381 0.00000225659232455655
vn 0 0 -1
vn 0.5000019073486328 -0.8660243153572083 0.0000032811949495226145
vn 0 0 -1
vn 0.8660253286361694 0.5000001192092896 0
vn 0.8660253286361694 0.5000001192092896 0
vn 0 0 1
vn 0 0 -1
vn -0.8660255670547485 -0.4999997615814209 0
vn -0.8660255670547485 -0.4999997615814209 0
vn 0 0 1
vn -0.8660255670547485 -0.4999997615814209 0
vn 0 0 1
vn 0.8660255670547485 0.4999997615814209 0
vn 0 0 1
vn -0.8660255670547485 -0.4999997615814209 0
vn 0 0 -1
vn 0.8660255670547485 0.4999997615814209 0
vn 0 0 -1
vn 0 0 -1
vn 0.8660253286361694 0.5000001192092896 0
vn 0.8660253286361694 0.5000001192092896 0
vn 0 0 1
vn 0 0 -1
vn -0.8660255670547485 -0.4999997615814209 0
vn -0.8660255670547485 -0.4999997615814209 0
vn 0 0 1
vn 0.8660255670547485 0.4999997615814209 0
vn 0 0 1
vn -0.8660255670547485 -0.4999997615814209 0
vn 0 0 1
vn -0.8660255670547485 -0.4999997615814209 0
vn 0 0 -1
vn 0.8660255670547485 0.4999997615814209 0
vn 0 0 -1
vn 0.4999999403953552 -0.866025447845459 0
vn 0.8660253882408142 0.5000001192092896 -1.9542532925242995e-7
vn 0.4999999403953552 -0.866025447845459 0
vn -0.8660252094268799 -0.5000003576278687 -3.399673573767359e-7
vn -0.4999999403953552 0.866025447845459 0
vn 0.8660253882408142 0.5000001192092896 -1.3776997320746887e-7
vn -0.4999999403953552 0.866025447845459 0
vn -0.8660253882408142 -0.5000001192092896 2.4322676495103224e-7
vn 0 0 -1
vn 0.8660251498222351 0.5000004172325134 0.0000013680802339877118
vn 0 0 -1
vn -0.8660255670547485 -0.4999998211860657 0.0000014911295238562161
vn 0 0 -1
vn 0.8660255670547485 0.4999998211860657 0.0000014911295238562161
vn 0 0 -1
vn -0.8660255670547485 -0.4999997615814209 -0.000001738623836899933
vn 0 0 -1
vn -0.5000001788139343 0.8660253286361694 0
vn -0.5000001788139343 0.8660253286361694 0
vn 0 0 1
vn 0 0 -1
vn 0.4999999403953552 -0.866025447845459 0
vn 0.4999999403953552 -0.866025447845459 0
vn 0 0 1
vn 0.4999999403953552 -0.866025447845459 0
vn 0 0 1
vn -0.4999999403953552 0.866025447845459 0
vn 0 0 1
vn 0.4999999403953552 -0.866025447845459 0
vn 0 0 -1
vn -0.4999999403953552 0.866025447845459 0
vn 0 0 -1
vn 0 0 -1
vn -0.5000001788139343 0.8660253286361694 0
vn -0.5000001788139343 0.8660253286361694 0
vn 0 0 1
vn 0 0 -1
vn 0.4999999403953552 -0.866025447845459 0
vn 0.4999999403953552 -0.866025447845459 0
vn 0 0 1
vn -0.4999999403953552 0.866025447845459 0
vn 0 0 1
vn 0.4999999403953552 -0.866025447845459 0
vn 0 0 1
vn 0.4999999403953552 -0.866025447845459 0
vn 0 0 -1
vn -0.4999999403953552 0.866025447845459 0
vn 0 0 -1

g grp1261
usemtl mtl1261
f 1264//1264 1261//1261 1263//1263 
f 1262//1262 1263//1263 1261//1261 
f 1266//1266 1268//1268 1267//1267 
f 1268//1268 1266//1266 1265//1265 
f 1271//1271 1269//1269 1272//1272 
f 1269//1269 1271//1271 1270//1270 
f 1357//1357 1273//1273 1355//1355 
f 1273//1273 1357//1357 1274//1274 
f 1361//1361 1275//1275 1367//1367 
f 1276//1276 1367//1367 1275//1275 
f 1371//1371 1373//1373 1369//1369 
f 1373//1373 1371//1371 1375//1375 
f 1356//1356 1278//1278 1277//1277 
f 1278//1278 1356//1356 1370//1370 
f 1279//1279 1280//1280 1362//1362 
f 1374//1374 1362//1362 1280//1280 
f 1374//1374 1278//1278 1370//1370 
f 1282//1282 1374//1374 1280//1280 
f 1281//1281 1374//1374 1282//1282 
f 1374//1374 1281//1281 1278//1278 
f 1281//1281 1284//1284 1283//1283 
f 1284//1284 1281//1281 1282//1282 
f 1347//1347 1362//1362 1363//1363 
f 1356//1356 1345//1345 1353//1353 
f 1347//1347 1279//1279 1362//1362 
f 1277//1277 1345//1345 1356//1356 
f 1277//1277 1347//1347 1345//1345 
f 1347//1347 1284//1284 1279//1279 
f 1347//1347 1283//1283 1284//1284 
f 1283//1283 1347//1347 1277//1277 
f 1285//1285 1286//1286 1358//1358 
f 1372//1372 1358//1358 1286//1286 
f 1368//1368 1288//1288 1287//1287 
f 1288//1288 1368//1368 1376//1376 
f 1372//1372 1288//1288 1376//1376 
f 1290//1290 1372//1372 1286//1286 
f 1289//1289 1372//1372 1290//1290 
f 1372//1372 1289//1289 1288//1288 
f 1291//1291 1292//1292 1290//1290 
f 1289//1289 1290//1290 1292//1292 
f 1368//1368 1349//1349 1365//1365 
f 1287//1287 1349//1349 1368//1368 
f 1351//1351 1358//1358 1359//1359 
f 1351//1351 1285//1285 1358//1358 
f 1349//1349 1285//1285 1351//1351 
f 1292//1292 1349//1349 1287//1287 
f 1291//1291 1349//1349 1292//1292 
f 1349//1349 1291//1291 1285//1285 
f 1389//1389 1405//1405 1385//1385 
f 1403//1403 1385//1385 1405//1405 
f 1393//1393 1406//1406 1377//1377 
f 1390//1390 1377//1377 1406//1406 
f 1379//1379 1394//1394 1378//1378 
f 1394//1394 1379//1379 1395//1395 
f 1396//1396 1380//1380 1404//1404 
f 1386//1386 1404//1404 1380//1380 
f 1387//1387 1407//1407 1391//1391 
f 1407//1407 1387//1387 1401//1401 
f 1408//1408 1381//1381 1392//1392 
f 1381//1381 1408//1408 1397//1397 
f 1382//1382 1398//1398 1383//1383 
f 1399//1399 1383//1383 1398//1398 
f 1388//1388 1384//1384 1402//1402 
f 1400//1400 1402//1402 1384//1384 
f 1293//1293 1264//1264 1294//1294 
f 1264//1264 1293//1293 1261//1261 
f 1265//1265 1295//1295 1268//1268 
f 1295//1295 1296//1296 1268//1268 
f 1298//1298 1299//1299 1297//1297 
f 1300//1300 1297//1297 1299//1299 
f 1413//1413 1301//1301 1415//1415 
f 1302//1302 1415//1415 1301//1301 
f 1423//1423 1303//1303 1417//1417 
f 1303//1303 1423//1423 1304//1304 
f 1429//1429 1431//1431 1425//1425 
f 1427//1427 1425//1425 1431//1431 
f 1305//1305 1306//1306 1414//1414 
f 1426//1426 1414//1414 1306//1306 
f 1418//1418 1308//1308 1307//1307 
f 1308//1308 1418//1418 1430//1430 
f 1426//1426 1306//1306 1430//1430 
f 1308//1308 1430//1430 1310//1310 
f 1310//1310 1430//1430 1309//1309 
f 1306//1306 1309//1309 1430//1430 
f 1311//1311 1312//1312 1309//1309 
f 1310//1310 1309//1309 1312//1312 
f 1354//1354 1346//1346 1414//1414 
f 1419//1419 1418//1418 1409//1409 
f 1414//1414 1346//1346 1305//1305 
f 1418//1418 1307//1307 1409//1409 
f 1409//1409 1307//1307 1346//1346 
f 1305//1305 1346//1346 1311//1311 
f 1311//1311 1346//1346 1312//1312 
f 1307//1307 1312//1312 1346//1346 
f 1416//1416 1314//1314 1313//1313 
f 1314//1314 1416//1416 1428//1428 
f 1315//1315 1316//1316 1424//1424 
f 1432//1432 1424//1424 1316//1316 
f 1428//1428 1432//1432 1314//1314 
f 1316//1316 1317//1317 1432//1432 
f 1317//1317 1318//1318 1432//1432 
f 1318//1318 1314//1314 1432//1432 
f 1318//1318 1320//1320 1319//1319 
f 1320//1320 1318//1318 1317//1317 
f 1421//1421 1411//1411 1424//1424 
f 1424//1424 1411//1411 1315//1315 
f 1416//1416 1313//1313 1360//1360 
f 1360//1360 1313//1313 1352//1352 
f 1313//1313 1319//1319 1352//1352 
f 1319//1319 1320//1320 1352//1352 
f 1352//1352 1320//1320 1411//1411 
f 1411//1411 1320//1320 1315//1315 
f 1441//1441 1461//1461 1445//1445 
f 1461//1461 1441//1441 1459//1459 
f 1462//1462 1433//1433 1446//1446 
f 1433//1433 1462//1462 1449//1449 
f 1434//1434 1450//1450 1435//1435 
f 1451//1451 1435//1435 1450//1450 
f 1436//1436 1460//1460 1442//1442 
f 1460//1460 1436//1436 1452//1452 
f 1447//1447 1463//1463 1443//1443 
f 1457//1457 1443//1443 1463//1463 
f 1437//1437 1453//1453 1448//1448 
f 1464//1464 1448//1448 1453//1453 
f 1439//1439 1454//1454 1438//1438 
f 1454//1454 1439//1439 1455//1455 
f 1444//1444 1456//1456 1440//1440 
f 1456//1456 1444//1444 1458//1458 
f 1294//1294 1263//1263 1293//1293 
f 1262//1262 1293//1293 1263//1263 
f 1271//1271 1321//1321 1270//1270 
f 1321//1321 1271//1271 1322//1322 
f 1299//1299 1323//1323 1324//1324 
f 1299//1299 1298//1298 1323//1323 
f 1467//1467 1325//1325 1465//1465 
f 1325//1325 1467//1467 1326//1326 
f 1469//1469 1327//1327 1471//1471 
f 1328//1328 1471//1471 1327//1327 
f 1475//1475 1477//1477 1473//1473 
f 1477//1477 1475//1475 1479//1479 
f 1329//1329 1474//1474 1330//1330 
f 1474//1474 1329//1329 1466//1466 
f 1332//1332 1478//1478 1331//1331 
f 1470//1470 1331//1331 1478//1478 
f 1334//1334 1478//1478 1332//1332 
f 1474//1474 1333//1333 1330//1330 
f 1478//1478 1333//1333 1474//1474 
f 1478//1478 1334//1334 1333//1333 
f 1333//1333 1336//1336 1335//1335 
f 1336//1336 1333//1333 1334//1334 
f 1466//1466 1348//1348 1364//1364 
f 1410//1410 1470//1470 1420//1420 
f 1470//1470 1336//1336 1331//1331 
f 1470//1470 1335//1335 1336//1336 
f 1335//1335 1466//1466 1329//1329 
f 1470//1470 1466//1466 1335//1335 
f 1348//1348 1470//1470 1410//1410 
f 1470//1470 1348//1348 1466//1466 
f 1338//1338 1476//1476 1337//1337 
f 1468//1468 1337//1337 1476//1476 
f 1339//1339 1480//1480 1340//1340 
f 1480//1480 1339//1339 1472//1472 
f 1480//1480 1341//1341 1340//1340 
f 1342//1342 1476//1476 1338//1338 
f 1476//1476 1341//1341 1480//1480 
f 1476//1476 1342//1342 1341//1341 
f 1343//1343 1344//1344 1342//1342 
f 1341//1341 1342//1342 1344//1344 
f 1472//1472 1412//1412 1422//1422 
f 1472//1472 1350//1350 1412//1412 
f 1344//1344 1472//1472 1339//1339 
f 1343//1343 1472//1472 1344//1344 
f 1343//1343 1350//1350 1472//1472 
f 1468//1468 1343//1343 1337//1337 
f 1468//1468 1350//1350 1343//1343 
f 1350//1350 1468//1468 1366//1366 
f 1493//1493 1509//1509 1489//1489 
f 1507//1507 1489//1489 1509//1509 
f 1510//1510 1494//1494 1497//1497 
f 1481//1481 1497//1497 1494//1494 
f 1483//1483 1498//1498 1482//1482 
f 1498//1498 1483//1483 1499//1499 
f 1508//1508 1500//1500 1490//1490 
f 1484//1484 1490//1490 1500//1500 
f 1491//1491 1511//1511 1495//1495 
f 1511//1511 1491//1491 1505//1505 
f 1512//1512 1485//1485 1496//1496 
f 1512//1512 1501//1501 1485//1485 
f 1486//1486 1502//1502 1487//1487 
f 1503//1503 1487//1487 1502//1502 
f 1492//1492 1488//1488 1506//1506 
f 1488//1488 1504//1504 1506//1506 
v -0.8610253930091858 0.4913397431373596 -0.2105640023946762
v -0.30733537673950195 0.17166666686534882 -0.2105640023946762
v -0.5125981569290161 0.2266666740179062 -0.2105640023946762
v -0.8060253858566284 0.3960769474506378 -0.2105640023946762
v -0.8610253930091858 0.4913397431373596 -0.2655639946460724
v -0.631811797618866 0.3590032160282135 -0.2655639946460724
v -0.6593117713928223 0.3113718032836914 -0.2655639946460724
v -0.8060253858566284 0.3960769474506378 -0.2655639946460724
v -0.5278887152671814 0.2990032136440277 -0.2655639946460724
v -0.30733537673950195 0.17166666686534882 -0.2655639946460724
v -0.5125981569290161 0.2266666740179062 -0.2655639946460724
v -0.5553887486457825 0.2513718008995056 -0.2655639946460724
v -0.631811797618866 0.3590032160282135 -0.2705639898777008
v -0.6593117713928223 0.3113718032836914 -0.2705639898777008
v -0.5278887152671814 0.2990032136440277 -0.2705639898777008
v -0.5553887486457825 0.2513718008995056 -0.2705639898777008
v -0.6257495880126953 0.3555032014846802 -0.21506400406360626
v -0.6257495880126953 0.3555032014846802 -0.2210640013217926
v -0.533950924873352 0.30250319838523865 -0.21506400406360626
v -0.533950924873352 0.30250319838523865 -0.2210640013217926
v -0.6205534338951111 0.3525032103061676 -0.2210640013217926
v -0.5391470789909363 0.3055032193660736 -0.2210640013217926
v -0.6205534338951111 0.3525032103061676 -0.21506400406360626
v -0.5391470789909363 0.3055032193660736 -0.21506400406360626
v -0.6532496213912964 0.30787181854248047 -0.21506400406360626
v -0.6532496213912964 0.30787181854248047 -0.2210640013217926
v -0.5614508986473083 0.25487181544303894 -0.21506400406360626
v -0.5614508986473083 0.25487181544303894 -0.2210640013217926
v -0.5666470527648926 0.2578718066215515 -0.2210640013217926
v -0.6480534672737122 0.3048717975616455 -0.2210640013217926
v -0.6480534672737122 0.3048717975616455 -0.21506400406360626
v -0.5666470527648926 0.2578718066215515 -0.21506400406360626
v -0.8610253930091858 0.17166666686534882 -0.2105640023946762
v -0.8060253858566284 0.2266666740179062 -0.2105640023946762
v -0.8610253930091858 0.3933333456516266 -0.2655639946460724
v -0.8060253858566284 0.3933333456516266 -0.2655639946460724
v -0.8610253930091858 0.273333340883255 -0.2655639946460724
v -0.8610253930091858 0.17166666686534882 -0.2655639946460724
v -0.8060253858566284 0.2266666740179062 -0.2655639946460724
v -0.8060253858566284 0.273333340883255 -0.2655639946460724
v -0.8610253930091858 0.3933333456516266 -0.2705639898777008
v -0.8060253858566284 0.3933333456516266 -0.2705639898777008
v -0.8610253930091858 0.273333340883255 -0.2705639898777008
v -0.8060253858566284 0.273333340883255 -0.2705639898777008
v -0.8610253930091858 0.3863333463668823 -0.21506400406360626
v -0.8610253930091858 0.3863333463668823 -0.2210640013217926
v -0.8610253930091858 0.28033334016799927 -0.21506400406360626
v -0.8610253930091858 0.28033334016799927 -0.2210640013217926
v -0.8610253930091858 0.3803333342075348 -0.2210640013217926
v -0.8610253930091858 0.2863333225250244 -0.2210640013217926
v -0.8610253930091858 0.3803333342075348 -0.21506400406360626
v -0.8610253930091858 0.2863333225250244 -0.21506400406360626
v -0.8060253858566284 0.3863333463668823 -0.21506400406360626
v -0.8060253858566284 0.3863333463668823 -0.2210640013217926
v -0.8060253858566284 0.28033334016799927 -0.21506400406360626
v -0.8060253858566284 0.28033334016799927 -0.2210640013217926
v -0.8060253858566284 0.2863333225250244 -0.2210640013217926
v -0.8060253858566284 0.3803333342075348 -0.2210640013217926
v -0.8060253858566284 0.3803333342075348 -0.21506400406360626
v -0.8060253858566284 0.2863333225250244 -0.21506400406360626
v -0.6373502612113953 0.17166666686534882 -0.2655639946460724
v -0.6373502612113953 0.2266666740179062 -0.2655639946460724
v -0.5173502564430237 0.17166666686534882 -0.2655639946460724
v -0.5173502564430237 0.2266666740179062 -0.2655639946460724
v -0.6373502612113953 0.17166666686534882 -0.30354058742523193
v -0.6373502612113953 0.2266666740179062 -0.30354058742523193
v -0.5173502564430237 0.17166666686534882 -0.30354058742523193
v -0.5173502564430237 0.2266666740179062 -0.30354058742523193
v -0.6303502917289734 0.17166666686534882 -0.29304060339927673
v -0.6303502917289734 0.17166666686534882 -0.2990405857563019
v -0.5243502855300903 0.17166666686534882 -0.29304060339927673
v -0.5243502855300903 0.17166666686534882 -0.2990405857563019
v -0.6243502497673035 0.17166666686534882 -0.2990405857563019
v -0.5303502678871155 0.17166666686534882 -0.2990405857563019
v -0.6243502497673035 0.17166666686534882 -0.29304060339927673
v -0.5303502678871155 0.17166666686534882 -0.29304060339927673
v -0.6303502917289734 0.2266666740179062 -0.29304060339927673
v -0.6303502917289734 0.2266666740179062 -0.2990405857563019
v -0.5243502855300903 0.2266666740179062 -0.29304060339927673
v -0.5243502855300903 0.2266666740179062 -0.2990405857563019
v -0.5303502678871155 0.2266666740179062 -0.2990405857563019
v -0.6243502497673035 0.2266666740179062 -0.2990405857563019
v -0.6243502497673035 0.2266666740179062 -0.29304060339927673
v -0.5303502678871155 0.2266666740179062 -0.29304060339927673
v -0.8610253930091858 0.4913397431373596 -0.2105640023946762
v -0.8610253930091858 0.4913397431373596 -0.2105640023946762
v -0.30733537673950195 0.17166666686534882 -0.2105640023946762
v -0.30733537673950195 0.17166666686534882 -0.2105640023946762
v -0.5125981569290161 0.2266666740179062 -0.2105640023946762
v -0.5125981569290161 0.2266666740179062 -0.2105640023946762
v -0.8060253858566284 0.3960769474506378 -0.2105640023946762
v -0.8060253858566284 0.3960769474506378 -0.2105640023946762
v -0.8610253930091858 0.4913397431373596 -0.2655639946460724
v -0.8610253930091858 0.4913397431373596 -0.2655639946460724
v -0.631811797618866 0.3590032160282135 -0.2655639946460724
v -0.631811797618866 0.3590032160282135 -0.2655639946460724
v -0.6593117713928223 0.3113718032836914 -0.2655639946460724
v -0.6593117713928223 0.3113718032836914 -0.2655639946460724
v -0.8060253858566284 0.3960769474506378 -0.2655639946460724
v -0.8060253858566284 0.3960769474506378 -0.2655639946460724
v -0.5278887152671814 0.2990032136440277 -0.2655639946460724
v -0.5278887152671814 0.2990032136440277 -0.2655639946460724
v -0.30733537673950195 0.17166666686534882 -0.2655639946460724
v -0.30733537673950195 0.17166666686534882 -0.2655639946460724
v -0.5125981569290161 0.2266666740179062 -0.2655639946460724
v -0.5125981569290161 0.2266666740179062 -0.2655639946460724
v -0.5553887486457825 0.2513718008995056 -0.2655639946460724
v -0.5553887486457825 0.2513718008995056 -0.2655639946460724
v -0.631811797618866 0.3590032160282135 -0.2705639898777008
v -0.631811797618866 0.3590032160282135 -0.2705639898777008
v -0.6593117713928223 0.3113718032836914 -0.2705639898777008
v -0.6593117713928223 0.3113718032836914 -0.2705639898777008
v -0.5278887152671814 0.2990032136440277 -0.2705639898777008
v -0.5278887152671814 0.2990032136440277 -0.2705639898777008
v -0.5553887486457825 0.2513718008995056 -0.2705639898777008
v -0.5553887486457825 0.2513718008995056 -0.2705639898777008
v -0.6257495880126953 0.3555032014846802 -0.21506400406360626
v -0.6257495880126953 0.3555032014846802 -0.21506400406360626
v -0.6257495880126953 0.3555032014846802 -0.2210640013217926
v -0.6257495880126953 0.3555032014846802 -0.2210640013217926
v -0.533950924873352 0.30250319838523865 -0.21506400406360626
v -0.533950924873352 0.30250319838523865 -0.21506400406360626
v -0.533950924873352 0.30250319838523865 -0.2210640013217926
v -0.533950924873352 0.30250319838523865 -0.2210640013217926
v -0.6205534338951111 0.3525032103061676 -0.2210640013217926
v -0.6205534338951111 0.3525032103061676 -0.2210640013217926
v -0.5391470789909363 0.3055032193660736 -0.2210640013217926
v -0.5391470789909363 0.3055032193660736 -0.2210640013217926
v -0.6205534338951111 0.3525032103061676 -0.21506400406360626
v -0.6205534338951111 0.3525032103061676 -0.21506400406360626
v -0.5391470789909363 0.3055032193660736 -0.21506400406360626
v -0.5391470789909363 0.3055032193660736 -0.21506400406360626
v -0.6532496213912964 0.30787181854248047 -0.21506400406360626
v -0.6532496213912964 0.30787181854248047 -0.21506400406360626
v -0.6532496213912964 0.30787181854248047 -0.2210640013217926
v -0.6532496213912964 0.30787181854248047 -0.2210640013217926
v -0.5614508986473083 0.25487181544303894 -0.21506400406360626
v -0.5614508986473083 0.25487181544303894 -0.21506400406360626
v -0.5614508986473083 0.25487181544303894 -0.2210640013217926
v -0.5614508986473083 0.25487181544303894 -0.2210640013217926
v -0.5666470527648926 0.2578718066215515 -0.2210640013217926
v -0.5666470527648926 0.2578718066215515 -0.2210640013217926
v -0.6480534672737122 0.3048717975616455 -0.2210640013217926
v -0.6480534672737122 0.3048717975616455 -0.2210640013217926
v -0.6480534672737122 0.3048717975616455 -0.21506400406360626
v -0.6480534672737122 0.3048717975616455 -0.21506400406360626
v -0.5666470527648926 0.2578718066215515 -0.21506400406360626
v -0.5666470527648926 0.2578718066215515 -0.21506400406360626
v -0.8610253930091858 0.17166666686534882 -0.2105640023946762
v -0.8610253930091858 0.17166666686534882 -0.2105640023946762
v -0.8060253858566284 0.2266666740179062 -0.2105640023946762
v -0.8060253858566284 0.2266666740179062 -0.2105640023946762
v -0.8610253930091858 0.3933333456516266 -0.2655639946460724
v -0.8610253930091858 0.3933333456516266 -0.2655639946460724
v -0.8060253858566284 0.3933333456516266 -0.2655639946460724
v -0.8060253858566284 0.3933333456516266 -0.2655639946460724
v -0.8610253930091858 0.273333340883255 -0.2655639946460724
v -0.8610253930091858 0.273333340883255 -0.2655639946460724
v -0.8610253930091858 0.17166666686534882 -0.2655639946460724
v -0.8610253930091858 0.17166666686534882 -0.2655639946460724
v -0.8060253858566284 0.2266666740179062 -0.2655639946460724
v -0.8060253858566284 0.2266666740179062 -0.2655639946460724
v -0.8060253858566284 0.273333340883255 -0.2655639946460724
v -0.8060253858566284 0.273333340883255 -0.2655639946460724
v -0.8610253930091858 0.3933333456516266 -0.2705639898777008
v -0.8610253930091858 0.3933333456516266 -0.2705639898777008
v -0.8060253858566284 0.3933333456516266 -0.2705639898777008
v -0.8060253858566284 0.3933333456516266 -0.2705639898777008
v -0.8610253930091858 0.273333340883255 -0.2705639898777008
v -0.8610253930091858 0.273333340883255 -0.2705639898777008
v -0.8060253858566284 0.273333340883255 -0.2705639898777008
v -0.8060253858566284 0.273333340883255 -0.2705639898777008
v -0.8610253930091858 0.3863333463668823 -0.21506400406360626
v -0.8610253930091858 0.3863333463668823 -0.21506400406360626
v -0.8610253930091858 0.3863333463668823 -0.2210640013217926
v -0.8610253930091858 0.3863333463668823 -0.2210640013217926
v -0.8610253930091858 0.28033334016799927 -0.21506400406360626
v -0.8610253930091858 0.28033334016799927 -0.21506400406360626
v -0.8610253930091858 0.28033334016799927 -0.2210640013217926
v -0.8610253930091858 0.28033334016799927 -0.2210640013217926
v -0.8610253930091858 0.3803333342075348 -0.2210640013217926
v -0.8610253930091858 0.3803333342075348 -0.2210640013217926
v -0.8610253930091858 0.2863333225250244 -0.2210640013217926
v -0.8610253930091858 0.2863333225250244 -0.2210640013217926
v -0.8610253930091858 0.3803333342075348 -0.21506400406360626
v -0.8610253930091858 0.3803333342075348 -0.21506400406360626
v -0.8610253930091858 0.2863333225250244 -0.21506400406360626
v -0.8610253930091858 0.2863333225250244 -0.21506400406360626
v -0.8060253858566284 0.3863333463668823 -0.21506400406360626
v -0.8060253858566284 0.3863333463668823 -0.21506400406360626
v -0.8060253858566284 0.3863333463668823 -0.2210640013217926
v -0.8060253858566284 0.3863333463668823 -0.2210640013217926
v -0.8060253858566284 0.28033334016799927 -0.21506400406360626
v -0.8060253858566284 0.28033334016799927 -0.21506400406360626
v -0.8060253858566284 0.28033334016799927 -0.2210640013217926
v -0.8060253858566284 0.28033334016799927 -0.2210640013217926
v -0.8060253858566284 0.2863333225250244 -0.2210640013217926
v -0.8060253858566284 0.2863333225250244 -0.2210640013217926
v -0.8060253858566284 0.3803333342075348 -0.2210640013217926
v -0.8060253858566284 0.3803333342075348 -0.2210640013217926
v -0.8060253858566284 0.3803333342075348 -0.21506400406360626
v -0.8060253858566284 0.3803333342075348 -0.21506400406360626
v -0.8060253858566284 0.2863333225250244 -0.21506400406360626
v -0.8060253858566284 0.2863333225250244 -0.21506400406360626
v -0.6373502612113953 0.17166666686534882 -0.2655639946460724
v -0.6373502612113953 0.17166666686534882 -0.2655639946460724
v -0.6373502612113953 0.2266666740179062 -0.2655639946460724
v -0.6373502612113953 0.2266666740179062 -0.2655639946460724
v -0.5173502564430237 0.17166666686534882 -0.2655639946460724
v -0.5173502564430237 0.17166666686534882 -0.2655639946460724
v -0.5173502564430237 0.2266666740179062 -0.2655639946460724
v -0.5173502564430237 0.2266666740179062 -0.2655639946460724
v -0.6373502612113953 0.17166666686534882 -0.30354058742523193
v -0.6373502612113953 0.17166666686534882 -0.30354058742523193
v -0.6373502612113953 0.2266666740179062 -0.30354058742523193
v -0.6373502612113953 0.2266666740179062 -0.30354058742523193
v -0.5173502564430237 0.17166666686534882 -0.30354058742523193
v -0.5173502564430237 0.17166666686534882 -0.30354058742523193
v -0.5173502564430237 0.2266666740179062 -0.30354058742523193
v -0.5173502564430237 0.2266666740179062 -0.30354058742523193
v -0.6303502917289734 0.17166666686534882 -0.29304060339927673
v -0.6303502917289734 0.17166666686534882 -0.29304060339927673
v -0.6303502917289734 0.17166666686534882 -0.2990405857563019
v -0.6303502917289734 0.17166666686534882 -0.2990405857563019
v -0.5243502855300903 0.17166666686534882 -0.29304060339927673
v -0.5243502855300903 0.17166666686534882 -0.29304060339927673
v -0.5243502855300903 0.17166666686534882 -0.2990405857563019
v -0.5243502855300903 0.17166666686534882 -0.2990405857563019
v -0.6243502497673035 0.17166666686534882 -0.2990405857563019
v -0.6243502497673035 0.17166666686534882 -0.2990405857563019
v -0.5303502678871155 0.17166666686534882 -0.2990405857563019
v -0.5303502678871155 0.17166666686534882 -0.2990405857563019
v -0.6243502497673035 0.17166666686534882 -0.29304060339927673
v -0.6243502497673035 0.17166666686534882 -0.29304060339927673
v -0.5303502678871155 0.17166666686534882 -0.29304060339927673
v -0.5303502678871155 0.17166666686534882 -0.29304060339927673
v -0.6303502917289734 0.2266666740179062 -0.29304060339927673
v -0.6303502917289734 0.2266666740179062 -0.29304060339927673
v -0.6303502917289734 0.2266666740179062 -0.2990405857563019
v -0.6303502917289734 0.2266666740179062 -0.2990405857563019
v -0.5243502855300903 0.2266666740179062 -0.29304060339927673
v -0.5243502855300903 0.2266666740179062 -0.29304060339927673
v -0.5243502855300903 0.2266666740179062 -0.2990405857563019
v -0.5243502855300903 0.2266666740179062 -0.2990405857563019
v -0.5303502678871155 0.2266666740179062 -0.2990405857563019
v -0.5303502678871155 0.2266666740179062 -0.2990405857563019
v -0.6243502497673035 0.2266666740179062 -0.2990405857563019
v -0.6243502497673035 0.2266666740179062 -0.2990405857563019
v -0.6243502497673035 0.2266666740179062 -0.29304060339927673
v -0.6243502497673035 0.2266666740179062 -0.29304060339927673
v -0.5303502678871155 0.2266666740179062 -0.29304060339927673
v -0.5303502678871155 0.2266666740179062 -0.29304060339927673
vn 0 0 -1
vn 0 0 -1
vn 0 0 -1
vn 0 0 -1
vn 0 0 1
vn 0 0 1
vn 0 0 1
vn 0 0 1
vn 0 0 1
vn 0 0 1
vn 0 0 1
vn 0 0 1
vn 0.8660256862640381 -0.4999995231628418 0
vn 0.8660256862640381 -0.4999995231628418 0
vn -0.8660252094268799 0.5000003576278687 0
vn -0.8660252094268799 0.5000003576278687 0
vn -0.49999961256980896 -0.8660256862640381 -0.000029366801754804328
vn -0.499999463558197 -0.8660257458686829 7.609961585330893e-7
vn -0.49999961256980896 -0.8660256266593933 0.00005681065158569254
vn -0.49999842047691345 -0.8660263419151306 -3.3208047511834593e-7
vn -0.4999997019767761 -0.8660255670547485 6.831741075075115e-7
vn -0.5000009536743164 -0.866024911403656 -4.1950295326387277e-7
vn -0.49999964237213135 -0.8660256266593933 -0.00003719586311490275
vn -0.5000007152557373 -0.8660250306129456 0.00004393994822748937
vn 0.5000006556510925 0.8660250902175903 -0.000027245787350693718
vn 0.5000008940696716 0.866024911403656 -1.313903652544468e-7
vn 0.5000007748603821 0.8660250306129456 0.000005597683866653824
vn 0.5000013709068298 0.8660246133804321 6.192594810272567e-7
vn 0.4999994933605194 0.8660257458686829 0.000001139342884926009
vn 0.500000536441803 0.8660251498222351 7.223385001253746e-9
vn 0.5000007748603821 0.8660250306129456 -0.000035509365261532366
vn 0.4999995529651642 0.8660256862640381 0.0000045330452849157155
vn 0 0 -1
vn 0 0 -1
vn 0 0 1
vn 0 0 1
vn 0 0 1
vn 0 0 1
vn 0 0 1
vn 0 0 1
vn 0 -1 0
vn 0 -1 0
vn 0 1 0
vn 0 1 0
vn 1 0 0
vn 1 0 0
vn 1 0 0
vn 1 0 0
vn 1 0 0
vn 1 0 0
vn 1 0 0
vn 1 0 0
vn -1 0 0
vn -1 0 0
vn -1 0 0
vn -1 0 0
vn -1 0 0
vn -1 0 0
vn -1 0 0
vn -1 0 0
vn 0 0 1
vn 0 0 1
vn 0 0 1
vn 0 0 1
vn 1 0 0
vn 1 0 0
vn -1 0 0
vn -1 0 0
vn 0 1 0
vn 0 1 0
vn 0 1 0
vn 0 1 0
vn 0 1 0
vn 0 1 0
vn 0 1 0
vn 0 1 0
vn 0 -1 0
vn 0 -1 0
vn 0 -1 0
vn 0 -1 0
vn 0 -1 0
vn 0 -1 0
vn 0 -1 0
vn 0 -1 0
vn -0.5 -0.8660253882408142 -3.731119875283184e-7
vn 1 0 0
vn -0.5000002384185791 -0.8660253286361694 0.000009610557754058391
vn 0 1 0
vn 0.5000000596046448 0.8660253882408142 -0.000015231386896630283
vn 0 -1 0
vn 0.5 0.866025447845459 -5.465431627271755e-7
vn -1 0 0
vn -0.5 -0.8660253882408142 0
vn 1 0 0
vn 0.8660256862640381 -0.4999995231628418 0
vn -0.4999997913837433 -0.8660255074501038 1.5425193566898088e-8
vn 0.8660256862640381 -0.4999995231628418 0
vn 0.5 0.8660253882408142 3.41463568531708e-9
vn 0.5 0.8660253882408142 0
vn -1 0 0
vn -0.8660252094268799 0.5000003576278687 0
vn -0.49999821186065674 -0.8660264611244202 -1.418849961964952e-7
vn -0.5000000596046448 -0.8660253882408142 0
vn 0 1 0
vn 0.4999994933605194 0.8660256862640381 0
vn 0 -1 0
vn -0.8660252094268799 0.5000003576278687 0
vn 0.5000015497207642 0.8660244941711426 -1.3092513029278052e-7
vn 0 0 1
vn -0.4999997317790985 -0.8660255670547485 2.4510434570856887e-8
vn 0 0 1
vn 0.5000002980232239 0.8660252690315247 5.011863208892464e-7
vn 0 0 1
vn -0.4999995529651642 -0.8660256862640381 3.5709521739590855e-7
vn 0 0 1
vn 0.5000017285346985 0.8660244345664978 -2.589628991245263e-7
vn 0 0 1
vn -0.8660250902175903 0.5000005960464478 0
vn -0.8660250902175903 0.5000005960464478 0
vn 0 0 -1
vn 0 0 1
vn 0.8660255670547485 -0.4999997615814209 0
vn 0.8660255670547485 -0.4999997615814209 0
vn 0 0 -1
vn 0.8660252094268799 -0.5000003576278687 0
vn 0 0 -1
vn -0.8660256862640381 0.4999995231628418 0
vn 0 0 -1
vn 0.8660252094268799 -0.5000003576278687 0
vn 0 0 1
vn -0.8660256862640381 0.4999995231628418 0
vn 0 0 1
vn 0 0 1
vn -0.8660250902175903 0.5000005960464478 0
vn -0.8660250902175903 0.5000005960464478 0
vn 0 0 -1
vn 0 0 1
vn 0.8660255670547485 -0.4999997615814209 0
vn 0.8660255670547485 -0.4999997615814209 0
vn 0 0 -1
vn -0.8660256862640381 0.4999995231628418 0
vn 0 0 -1
vn 0.8660252094268799 -0.5000003576278687 0
vn 0 0 -1
vn 0.8660252094268799 -0.5000003576278687 0
vn 0 0 1
vn -0.8660256862640381 0.4999995231628418 0
vn 0 0 1
vn 1 0 0
vn 0 1 0
vn -1 0 0
vn 0 -1 0
vn 0 -1 0
vn 1 0 0
vn 0 -1 0
vn -1 0 0
vn 0 1 0
vn 1 0 0
vn 1 0 0
vn 0 1 0
vn -1 0 0
vn 0 -1 0
vn 0 1 0
vn -1 0 0
vn 0 0 1
vn 1 0 0
vn 0 0 1
vn -1 0 0
vn 0 0 1
vn 1 0 0
vn 0 0 1
vn -1 0 0
vn 0 0 1
vn 0 1 0
vn 0 1 0
vn 0 0 -1
vn 0 0 1
vn 0 -1 0
vn 0 -1 0
vn 0 0 -1
vn 0 -1 0
vn 0 0 -1
vn 0 1 0
vn 0 0 -1
vn 0 -1 0
vn 0 0 1
vn 0 1 0
vn 0 0 1
vn 0 0 1
vn 0 1 0
vn 0 1 0
vn 0 0 -1
vn 0 0 1
vn 0 -1 0
vn 0 -1 0
vn 0 0 -1
vn 0 1 0
vn 0 0 -1
vn 0 -1 0
vn 0 0 -1
vn 0 -1 0
vn 0 0 1
vn 0 1 0
vn 0 0 1
vn 1 0 0
vn 0 1 0
vn 1 0 0
vn 0 -1 0
vn -1 0 0
vn 0 1 0
vn -1 0 0
vn 0 -1 0
vn 0 0 1
vn 0 1 0
vn 0 0 1
vn 0 -1 0
vn 0 0 1
vn 0 1 0
vn 0 0 1
vn 0 -1 0
vn 0 0 1
vn -1 0 0
vn -1 0 0
vn 0 0 -1
vn 0 0 1
vn 1 0 0
vn 1 0 0
vn 0 0 -1
vn 1 0 0
vn 0 0 -1
vn -1 0 0
vn 0 0 -1
vn 1 0 0
vn 0 0 1
vn -1 0 0
vn 0 0 1
vn 0 0 1
vn -1 0 0
vn -1 0 0
vn 0 0 -1
vn 0 0 1
vn 1 0 0
vn 1 0 0
vn 0 0 -1
vn -1 0 0
vn 0 0 -1
vn 1 0 0
vn 0 0 -1
vn 1 0 0
vn 0 0 1
vn -1 0 0
vn 0 0 1

g grp1513
usemtl mtl1513
f 1516//1516 1513//1513 1515//1515 
f 1515//1515 1513//1513 1514//1514 
f 1518//1518 1520//1520 1519//1519 
f 1517//1517 1520//1520 1518//1518 
f 1523//1523 1521//1521 1524//1524 
f 1521//1521 1523//1523 1522//1522 
f 1609//1609 1525//1525 1607//1607 
f 1525//1525 1609//1609 1526//1526 
f 1613//1613 1527//1527 1619//1619 
f 1528//1528 1619//1619 1527//1527 
f 1621//1621 1627//1627 1625//1625 
f 1627//1627 1621//1621 1623//1623 
f 1608//1608 1530//1530 1529//1529 
f 1530//1530 1608//1608 1622//1622 
f 1531//1531 1532//1532 1614//1614 
f 1626//1626 1614//1614 1532//1532 
f 1626//1626 1530//1530 1622//1622 
f 1534//1534 1626//1626 1532//1532 
f 1533//1533 1626//1626 1534//1534 
f 1626//1626 1533//1533 1530//1530 
f 1533//1533 1536//1536 1535//1535 
f 1536//1536 1533//1533 1534//1534 
f 1599//1599 1614//1614 1615//1615 
f 1608//1608 1597//1597 1605//1605 
f 1599//1599 1531//1531 1614//1614 
f 1529//1529 1597//1597 1608//1608 
f 1529//1529 1599//1599 1597//1597 
f 1599//1599 1536//1536 1531//1531 
f 1599//1599 1535//1535 1536//1536 
f 1535//1535 1599//1599 1529//1529 
f 1537//1537 1538//1538 1610//1610 
f 1624//1624 1610//1610 1538//1538 
f 1620//1620 1540//1540 1539//1539 
f 1540//1540 1620//1620 1628//1628 
f 1624//1624 1540//1540 1628//1628 
f 1542//1542 1624//1624 1538//1538 
f 1541//1541 1624//1624 1542//1542 
f 1624//1624 1541//1541 1540//1540 
f 1543//1543 1544//1544 1542//1542 
f 1541//1541 1542//1542 1544//1544 
f 1620//1620 1601//1601 1617//1617 
f 1539//1539 1601//1601 1620//1620 
f 1603//1603 1610//1610 1611//1611 
f 1603//1603 1537//1537 1610//1610 
f 1601//1601 1537//1537 1603//1603 
f 1544//1544 1601//1601 1539//1539 
f 1543//1543 1601//1601 1544//1544 
f 1601//1601 1543//1543 1537//1537 
f 1641//1641 1657//1657 1637//1637 
f 1655//1655 1637//1637 1657//1657 
f 1658//1658 1642//1642 1645//1645 
f 1629//1629 1645//1645 1642//1642 
f 1631//1631 1646//1646 1630//1630 
f 1646//1646 1631//1631 1647//1647 
f 1656//1656 1648//1648 1638//1638 
f 1632//1632 1638//1638 1648//1648 
f 1639//1639 1659//1659 1643//1643 
f 1659//1659 1639//1639 1653//1653 
f 1660//1660 1633//1633 1644//1644 
f 1633//1633 1660//1660 1649//1649 
f 1634//1634 1650//1650 1635//1635 
f 1651//1651 1635//1635 1650//1650 
f 1640//1640 1636//1636 1654//1654 
f 1652//1652 1654//1654 1636//1636 
f 1545//1545 1516//1516 1546//1546 
f 1513//1513 1516//1516 1545//1545 
f 1517//1517 1547//1547 1520//1520 
f 1548//1548 1520//1520 1547//1547 
f 1550//1550 1551//1551 1549//1549 
f 1552//1552 1549//1549 1551//1551 
f 1665//1665 1553//1553 1667//1667 
f 1554//1554 1667//1667 1553//1553 
f 1675//1675 1555//1555 1669//1669 
f 1555//1555 1675//1675 1556//1556 
f 1677//1677 1681//1681 1679//1679 
f 1683//1683 1679//1679 1681//1681 
f 1557//1557 1558//1558 1666//1666 
f 1678//1678 1666//1666 1558//1558 
f 1670//1670 1560//1560 1559//1559 
f 1560//1560 1670//1670 1682//1682 
f 1678//1678 1558//1558 1682//1682 
f 1560//1560 1682//1682 1562//1562 
f 1562//1562 1682//1682 1561//1561 
f 1558//1558 1561//1561 1682//1682 
f 1563//1563 1564//1564 1561//1561 
f 1562//1562 1561//1561 1564//1564 
f 1606//1606 1598//1598 1666//1666 
f 1671//1671 1670//1670 1661//1661 
f 1666//1666 1598//1598 1557//1557 
f 1670//1670 1559//1559 1661//1661 
f 1661//1661 1559//1559 1598//1598 
f 1557//1557 1598//1598 1563//1563 
f 1563//1563 1598//1598 1564//1564 
f 1559//1559 1564//1564 1598//1598 
f 1668//1668 1566//1566 1565//1565 
f 1566//1566 1668//1668 1680//1680 
f 1567//1567 1568//1568 1676//1676 
f 1684//1684 1676//1676 1568//1568 
f 1680//1680 1684//1684 1566//1566 
f 1568//1568 1569//1569 1684//1684 
f 1569//1569 1570//1570 1684//1684 
f 1566//1566 1684//1684 1570//1570 
f 1570//1570 1572//1572 1571//1571 
f 1572//1572 1570//1570 1569//1569 
f 1673//1673 1663//1663 1676//1676 
f 1676//1676 1663//1663 1567//1567 
f 1668//1668 1565//1565 1612//1612 
f 1612//1612 1565//1565 1604//1604 
f 1565//1565 1571//1571 1604//1604 
f 1571//1571 1572//1572 1604//1604 
f 1604//1604 1572//1572 1663//1663 
f 1567//1567 1663//1663 1572//1572 
f 1693//1693 1713//1713 1697//1697 
f 1713//1713 1693//1693 1711//1711 
f 1714//1714 1685//1685 1698//1698 
f 1685//1685 1714//1714 1701//1701 
f 1686//1686 1702//1702 1687//1687 
f 1703//1703 1687//1687 1702//1702 
f 1704//1704 1694//1694 1688//1688 
f 1694//1694 1704//1704 1712//1712 
f 1699//1699 1715//1715 1695//1695 
f 1709//1709 1695//1695 1715//1715 
f 1700//1700 1689//1689 1716//1716 
f 1705//1705 1716//1716 1689//1689 
f 1691//1691 1706//1706 1690//1690 
f 1706//1706 1691//1691 1707//1707 
f 1710//1710 1692//1692 1696//1696 
f 1692//1692 1710//1710 1708//1708 
f 1515//1515 1545//1545 1546//1546 
f 1545//1545 1515//1515 1514//1514 
f 1574//1574 1551//1551 1573//1573 
f 1550//1550 1573//1573 1551//1551 
f 1522//1522 1523//1523 1575//1575 
f 1576//1576 1575//1575 1523//1523 
f 1717//1717 1577//1577 1719//1719 
f 1578//1578 1719//1719 1577//1577 
f 1723//1723 1579//1579 1721//1721 
f 1579//1579 1723//1723 1580//1580 
f 1725//1725 1729//1729 1727//1727 
f 1731//1731 1727//1727 1729//1729 
f 1582//1582 1726//1726 1581//1581 
f 1718//1718 1581//1581 1726//1726 
f 1583//1583 1730//1730 1584//1584 
f 1730//1730 1583//1583 1722//1722 
f 1582//1582 1585//1585 1726//1726 
f 1584//1584 1730//1730 1586//1586 
f 1726//1726 1585//1585 1730//1730 
f 1586//1586 1730//1730 1585//1585 
f 1587//1587 1588//1588 1585//1585 
f 1586//1586 1585//1585 1588//1588 
f 1616//1616 1722//1722 1600//1600 
f 1672//1672 1662//1662 1718//1718 
f 1581//1581 1718//1718 1587//1587 
f 1587//1587 1718//1718 1588//1588 
f 1583//1583 1588//1588 1722//1722 
f 1588//1588 1718//1718 1722//1722 
f 1662//1662 1600//1600 1718//1718 
f 1722//1722 1718//1718 1600//1600 
f 1589//1589 1728//1728 1590//1590 
f 1728//1728 1589//1589 1720//1720 
f 1592//1592 1732//1732 1591//1591 
f 1724//1724 1591//1591 1732//1732 
f 1590//1590 1728//1728 1594//1594 
f 1592//1592 1593//1593 1732//1732 
f 1728//1728 1732//1732 1594//1594 
f 1593//1593 1594//1594 1732//1732 
f 1594//1594 1596//1596 1595//1595 
f 1596//1596 1594//1594 1593//1593 
f 1674//1674 1720//1720 1664//1664 
f 1664//1664 1720//1720 1602//1602 
f 1720//1720 1589//1589 1602//1602 
f 1591//1591 1724//1724 1596//1596 
f 1596//1596 1724//1724 1595//1595 
f 1618//1618 1602//1602 1724//1724 
f 1724//1724 1602//1602 1595//1595 
f 1589//1589 1595//1595 1602//1602 
f 1741//1741 1761//1761 1745//1745 
f 1761//1761 1741//1741 1759//1759 
f 1762//1762 1733//1733 1746//1746 
f 1733//1733 1762//1762 1749//1749 
f 1734//1734 1750//1750 1735//1735 
f 1751//1751 1735//1735 1750//1750 
f 1752//1752 1742//1742 1736//1736 
f 1742//1742 1752//1752 1760//1760 
f 1747//1747 1763//1763 1743//1743 
f 1757//1757 1743//1743 1763//1763 
f 1748//1748 1737//1737 1764//1764 
f 1753//1753 1764//1764 1737//1737 
f 1739//1739 1754//1754 1738//1738 
f 1754//1754 1739//1739 1755//1755 
f 1758//1758 1740//1740 1744//1744 
f 1740//1740 1758//1758 1756//1756 
v -0.004999999888241291 -0.008660254068672657 0.011744205839931965
v -0.5586900115013123 -0.3283333480358124 0.011744205839931965
v -0.3534272313117981 -0.273333340883255 0.011744205839931965
v -0.05999999865889549 -0.10392304509878159 0.011744205839931965
v -0.004999999888241291 -0.008660254068672657 -0.043255794793367386
v -0.23421360552310944 -0.1409967988729477 -0.043255794793367386
v -0.20671361684799194 -0.1886281967163086 -0.043255794793367386
v -0.05999999865889549 -0.10392304509878159 -0.043255794793367386
v -0.3381366729736328 -0.2009967863559723 -0.043255794793367386
v -0.5586900115013123 -0.3283333480358124 -0.043255794793367386
v -0.3534272313117981 -0.273333340883255 -0.043255794793367386
v -0.3106366693973541 -0.2486281841993332 -0.043255794793367386
v -0.23421360552310944 -0.1409967988729477 -0.0482557937502861
v -0.20671361684799194 -0.1886281967163086 -0.0482557937502861
v -0.3381366729736328 -0.2009967863559723 -0.0482557937502861
v -0.3106366693973541 -0.2486281841993332 -0.0482557937502861
v -0.2402757853269577 -0.14449679851531982 0.00724420603364706
v -0.2402757853269577 -0.14449679851531982 0.0012442062143236399
v -0.33207449316978455 -0.19749678671360016 0.00724420603364706
v -0.33207449316978455 -0.19749678671360016 0.0012442062143236399
v -0.24547193944454193 -0.1474967896938324 0.0012442062143236399
v -0.3268783390522003 -0.19449679553508759 0.0012442062143236399
v -0.24547193944454193 -0.1474967896938324 0.00724420603364706
v -0.3268783390522003 -0.19449679553508759 0.00724420603364706
v -0.21277578175067902 -0.19212819635868073 0.00724420603364706
v -0.21277578175067902 -0.19212819635868073 0.0012442062143236399
v -0.30457448959350586 -0.24512818455696106 0.00724420603364706
v -0.30457448959350586 -0.24512818455696106 0.0012442062143236399
v -0.29937833547592163 -0.2421281933784485 0.0012442062143236399
v -0.21797193586826324 -0.1951281875371933 0.0012442062143236399
v -0.21797193586826324 -0.1951281875371933 0.00724420603364706
v -0.29937833547592163 -0.2421281933784485 0.00724420603364706
v -0.004999999888241291 -0.3283333480358124 0.011744205839931965
v -0.05999999865889549 -0.273333340883255 0.011744205839931965
v -0.004999999888241291 -0.1066666692495346 -0.043255794793367386
v -0.05999999865889549 -0.1066666692495346 -0.043255794793367386
v -0.004999999888241291 -0.2266666740179062 -0.043255794793367386
v -0.004999999888241291 -0.3283333480358124 -0.043255794793367386
v -0.05999999865889549 -0.273333340883255 -0.043255794793367386
v -0.05999999865889549 -0.2266666740179062 -0.043255794793367386
v -0.004999999888241291 -0.1066666692495346 -0.2767055630683899
v -0.05999999865889549 -0.1066666692495346 -0.2767055630683899
v -0.004999999888241291 -0.2266666740179062 -0.2767055630683899
v -0.05999999865889549 -0.2266666740179062 -0.2767055630683899
v -0.004999999888241291 -0.11366666853427887 -0.2662055492401123
v -0.004999999888241291 -0.11366666853427887 -0.27220556139945984
v -0.004999999888241291 -0.21966665983200073 -0.2662055492401123
v -0.004999999888241291 -0.21966665983200073 -0.27220556139945984
v -0.004999999888241291 -0.11966666579246521 -0.27220556139945984
v -0.004999999888241291 -0.2136666625738144 -0.27220556139945984
v -0.004999999888241291 -0.11966666579246521 -0.2662055492401123
v -0.004999999888241291 -0.2136666625738144 -0.2662055492401123
v -0.05999999865889549 -0.11366666853427887 -0.2662055492401123
v -0.05999999865889549 -0.11366666853427887 -0.27220556139945984
v -0.05999999865889549 -0.21966665983200073 -0.2662055492401123
v -0.05999999865889549 -0.21966665983200073 -0.27220556139945984
v -0.05999999865889549 -0.2136666625738144 -0.27220556139945984
v -0.05999999865889549 -0.11966666579246521 -0.27220556139945984
v -0.05999999865889549 -0.11966666579246521 -0.2662055492401123
v -0.05999999865889549 -0.2136666625738144 -0.2662055492401123
v -0.3486751317977905 -0.3283333480358124 -0.043255794793367386
v -0.3486751317977905 -0.273333340883255 -0.043255794793367386
v -0.22867514193058014 -0.3283333480358124 -0.043255794793367386
v -0.22867514193058014 -0.273333340883255 -0.043255794793367386
v -0.3486751317977905 -0.3283333480358124 -0.09866215288639069
v -0.3486751317977905 -0.273333340883255 -0.09866215288639069
v -0.22867514193058014 -0.3283333480358124 -0.09866215288639069
v -0.22867514193058014 -0.273333340883255 -0.09866215288639069
v -0.34167513251304626 -0.3283333480358124 -0.08816215395927429
v -0.34167513251304626 -0.3283333480358124 -0.09416215866804123
v -0.2356751412153244 -0.3283333480358124 -0.08816215395927429
v -0.2356751412153244 -0.3283333480358124 -0.09416215866804123
v -0.33567512035369873 -0.3283333480358124 -0.09416215866804123
v -0.24167513847351074 -0.3283333480358124 -0.09416215866804123
v -0.33567512035369873 -0.3283333480358124 -0.08816215395927429
v -0.24167513847351074 -0.3283333480358124 -0.08816215395927429
v -0.34167513251304626 -0.273333340883255 -0.08816215395927429
v -0.34167513251304626 -0.273333340883255 -0.09416215866804123
v -0.2356751412153244 -0.273333340883255 -0.08816215395927429
v -0.2356751412153244 -0.273333340883255 -0.09416215866804123
v -0.24167513847351074 -0.273333340883255 -0.09416215866804123
v -0.33567512035369873 -0.273333340883255 -0.09416215866804123
v -0.33567512035369873 -0.273333340883255 -0.08816215395927429
v -0.24167513847351074 -0.273333340883255 -0.08816215395927429
v -0.004999999888241291 -0.008660254068672657 0.011744205839931965
v -0.004999999888241291 -0.008660254068672657 0.011744205839931965
v -0.5586900115013123 -0.3283333480358124 0.011744205839931965
v -0.5586900115013123 -0.3283333480358124 0.011744205839931965
v -0.3534272313117981 -0.273333340883255 0.011744205839931965
v -0.3534272313117981 -0.273333340883255 0.011744205839931965
v -0.05999999865889549 -0.10392304509878159 0.011744205839931965
v -0.05999999865889549 -0.10392304509878159 0.011744205839931965
v -0.004999999888241291 -0.008660254068672657 -0.043255794793367386
v -0.004999999888241291 -0.008660254068672657 -0.043255794793367386
v -0.23421360552310944 -0.1409967988729477 -0.043255794793367386
v -0.23421360552310944 -0.1409967988729477 -0.043255794793367386
v -0.20671361684799194 -0.1886281967163086 -0.043255794793367386
v -0.20671361684799194 -0.1886281967163086 -0.043255794793367386
v -0.05999999865889549 -0.10392304509878159 -0.043255794793367386
v -0.05999999865889549 -0.10392304509878159 -0.043255794793367386
v -0.3381366729736328 -0.2009967863559723 -0.043255794793367386
v -0.3381366729736328 -0.2009967863559723 -0.043255794793367386
v -0.5586900115013123 -0.3283333480358124 -0.043255794793367386
v -0.5586900115013123 -0.3283333480358124 -0.043255794793367386
v -0.3534272313117981 -0.273333340883255 -0.043255794793367386
v -0.3534272313117981 -0.273333340883255 -0.043255794793367386
v -0.3106366693973541 -0.2486281841993332 -0.043255794793367386
v -0.3106366693973541 -0.2486281841993332 -0.043255794793367386
v -0.23421360552310944 -0.1409967988729477 -0.0482557937502861
v -0.23421360552310944 -0.1409967988729477 -0.0482557937502861
v -0.20671361684799194 -0.1886281967163086 -0.0482557937502861
v -0.20671361684799194 -0.1886281967163086 -0.0482557937502861
v -0.3381366729736328 -0.2009967863559723 -0.0482557937502861
v -0.3381366729736328 -0.2009967863559723 -0.0482557937502861
v -0.3106366693973541 -0.2486281841993332 -0.0482557937502861
v -0.3106366693973541 -0.2486281841993332 -0.0482557937502861
v -0.2402757853269577 -0.14449679851531982 0.00724420603364706
v -0.2402757853269577 -0.14449679851531982 0.00724420603364706
v -0.2402757853269577 -0.14449679851531982 0.0012442062143236399
v -0.2402757853269577 -0.14449679851531982 0.0012442062143236399
v -0.33207449316978455 -0.19749678671360016 0.00724420603364706
v -0.33207449316978455 -0.19749678671360016 0.00724420603364706
v -0.33207449316978455 -0.19749678671360016 0.0012442062143236399
v -0.33207449316978455 -0.19749678671360016 0.0012442062143236399
v -0.24547193944454193 -0.1474967896938324 0.0012442062143236399
v -0.24547193944454193 -0.1474967896938324 0.0012442062143236399
v -0.3268783390522003 -0.19449679553508759 0.0012442062143236399
v -0.3268783390522003 -0.19449679553508759 0.0012442062143236399
v -0.24547193944454193 -0.1474967896938324 0.00724420603364706
v -0.24547193944454193 -0.1474967896938324 0.00724420603364706
v -0.3268783390522003 -0.19449679553508759 0.00724420603364706
v -0.3268783390522003 -0.19449679553508759 0.00724420603364706
v -0.21277578175067902 -0.19212819635868073 0.00724420603364706
v -0.21277578175067902 -0.19212819635868073 0.00724420603364706
v -0.21277578175067902 -0.19212819635868073 0.0012442062143236399
v -0.21277578175067902 -0.19212819635868073 0.0012442062143236399
v -0.30457448959350586 -0.24512818455696106 0.00724420603364706
v -0.30457448959350586 -0.24512818455696106 0.00724420603364706
v -0.30457448959350586 -0.24512818455696106 0.0012442062143236399
v -0.30457448959350586 -0.24512818455696106 0.0012442062143236399
v -0.29937833547592163 -0.2421281933784485 0.0012442062143236399
v -0.29937833547592163 -0.2421281933784485 0.0012442062143236399
v -0.21797193586826324 -0.1951281875371933 0.0012442062143236399
v -0.21797193586826324 -0.1951281875371933 0.0012442062143236399
v -0.21797193586826324 -0.1951281875371933 0.00724420603364706
v -0.21797193586826324 -0.1951281875371933 0.00724420603364706
v -0.29937833547592163 -0.2421281933784485 0.00724420603364706
v -0.29937833547592163 -0.2421281933784485 0.00724420603364706
v -0.004999999888241291 -0.3283333480358124 0.011744205839931965
v -0.004999999888241291 -0.3283333480358124 0.011744205839931965
v -0.05999999865889549 -0.273333340883255 0.011744205839931965
v -0.05999999865889549 -0.273333340883255 0.011744205839931965
v -0.004999999888241291 -0.1066666692495346 -0.043255794793367386
v -0.004999999888241291 -0.1066666692495346 -0.043255794793367386
v -0.05999999865889549 -0.1066666692495346 -0.043255794793367386
v -0.05999999865889549 -0.1066666692495346 -0.043255794793367386
v -0.004999999888241291 -0.2266666740179062 -0.043255794793367386
v -0.004999999888241291 -0.2266666740179062 -0.043255794793367386
v -0.004999999888241291 -0.3283333480358124 -0.043255794793367386
v -0.004999999888241291 -0.3283333480358124 -0.043255794793367386
v -0.05999999865889549 -0.273333340883255 -0.043255794793367386
v -0.05999999865889549 -0.273333340883255 -0.043255794793367386
v -0.05999999865889549 -0.2266666740179062 -0.043255794793367386
v -0.05999999865889549 -0.2266666740179062 -0.043255794793367386
v -0.004999999888241291 -0.1066666692495346 -0.2767055630683899
v -0.004999999888241291 -0.1066666692495346 -0.2767055630683899
v -0.05999999865889549 -0.1066666692495346 -0.2767055630683899
v -0.05999999865889549 -0.1066666692495346 -0.2767055630683899
v -0.004999999888241291 -0.2266666740179062 -0.2767055630683899
v -0.004999999888241291 -0.2266666740179062 -0.2767055630683899
v -0.05999999865889549 -0.2266666740179062 -0.2767055630683899
v -0.05999999865889549 -0.2266666740179062 -0.2767055630683899
v -0.004999999888241291 -0.11366666853427887 -0.2662055492401123
v -0.004999999888241291 -0.11366666853427887 -0.2662055492401123
v -0.004999999888241291 -0.11366666853427887 -0.27220556139945984
v -0.004999999888241291 -0.11366666853427887 -0.27220556139945984
v -0.004999999888241291 -0.21966665983200073 -0.2662055492401123
v -0.004999999888241291 -0.21966665983200073 -0.2662055492401123
v -0.004999999888241291 -0.21966665983200073 -0.27220556139945984
v -0.004999999888241291 -0.21966665983200073 -0.27220556139945984
v -0.004999999888241291 -0.11966666579246521 -0.27220556139945984
v -0.004999999888241291 -0.11966666579246521 -0.27220556139945984
v -0.004999999888241291 -0.2136666625738144 -0.27220556139945984
v -0.004999999888241291 -0.2136666625738144 -0.27220556139945984
v -0.004999999888241291 -0.11966666579246521 -0.2662055492401123
v -0.004999999888241291 -0.11966666579246521 -0.2662055492401123
v -0.004999999888241291 -0.2136666625738144 -0.2662055492401123
v -0.004999999888241291 -0.2136666625738144 -0.2662055492401123
v -0.05999999865889549 -0.11366666853427887 -0.2662055492401123
v -0.05999999865889549 -0.11366666853427887 -0.2662055492401123
v -0.05999999865889549 -0.11366666853427887 -0.27220556139945984
v -0.05999999865889549 -0.11366666853427887 -0.27220556139945984
v -0.05999999865889549 -0.21966665983200073 -0.2662055492401123
v -0.05999999865889549 -0.21966665983200073 -0.2662055492401123
v -0.05999999865889549 -0.21966665983200073 -0.27220556139945984
v -0.05999999865889549 -0.21966665983200073 -0.27220556139945984
v -0.05999999865889549 -0.2136666625738144 -0.27220556139945984
v -0.05999999865889549 -0.2136666625738144 -0.27220556139945984
v -0.05999999865889549 -0.11966666579246521 -0.27220556139945984
v -0.05999999865889549 -0.11966666579246521 -0.27220556139945984
v -0.05999999865889549 -0.11966666579246521 -0.2662055492401123
v -0.05999999865889549 -0.11966666579246521 -0.2662055492401123
v -0.05999999865889549 -0.2136666625738144 -0.2662055492401123
v -0.05999999865889549 -0.2136666625738144 -0.2662055492401123
v -0.3486751317977905 -0.3283333480358124 -0.043255794793367386
v -0.3486751317977905 -0.3283333480358124 -0.043255794793367386
v -0.3486751317977905 -0.273333340883255 -0.043255794793367386
v -0.3486751317977905 -0.273333340883255 -0.043255794793367386
v -0.22867514193058014 -0.3283333480358124 -0.043255794793367386
v -0.22867514193058014 -0.3283333480358124 -0.043255794793367386
v -0.22867514193058014 -0.273333340883255 -0.043255794793367386
v -0.22867514193058014 -0.273333340883255 -0.043255794793367386
v -0.3486751317977905 -0.3283333480358124 -0.09866215288639069
v -0.3486751317977905 -0.3283333480358124 -0.09866215288639069
v -0.3486751317977905 -0.273333340883255 -0.09866215288639069
v -0.3486751317977905 -0.273333340883255 -0.09866215288639069
v -0.22867514193058014 -0.3283333480358124 -0.09866215288639069
v -0.22867514193058014 -0.3283333480358124 -0.09866215288639069
v -0.22867514193058014 -0.273333340883255 -0.09866215288639069
v -0.22867514193058014 -0.273333340883255 -0.09866215288639069
v -0.34167513251304626 -0.3283333480358124 -0.08816215395927429
v -0.34167513251304626 -0.3283333480358124 -0.08816215395927429
v -0.34167513251304626 -0.3283333480358124 -0.09416215866804123
v -0.34167513251304626 -0.3283333480358124 -0.09416215866804123
v -0.2356751412153244 -0.3283333480358124 -0.08816215395927429
v -0.2356751412153244 -0.3283333480358124 -0.08816215395927429
v -0.2356751412153244 -0.3283333480358124 -0.09416215866804123
v -0.2356751412153244 -0.3283333480358124 -0.09416215866804123
v -0.33567512035369873 -0.3283333480358124 -0.09416215866804123
v -0.33567512035369873 -0.3283333480358124 -0.09416215866804123
v -0.24167513847351074 -0.3283333480358124 -0.09416215866804123
v -0.24167513847351074 -0.3283333480358124 -0.09416215866804123
v -0.33567512035369873 -0.3283333480358124 -0.08816215395927429
v -0.33567512035369873 -0.3283333480358124 -0.08816215395927429
v -0.24167513847351074 -0.3283333480358124 -0.08816215395927429
v -0.24167513847351074 -0.3283333480358124 -0.08816215395927429
v -0.34167513251304626 -0.273333340883255 -0.08816215395927429
v -0.34167513251304626 -0.273333340883255 -0.08816215395927429
v -0.34167513251304626 -0.273333340883255 -0.09416215866804123
v -0.34167513251304626 -0.273333340883255 -0.09416215866804123
v -0.2356751412153244 -0.273333340883255 -0.08816215395927429
v -0.2356751412153244 -0.273333340883255 -0.08816215395927429
v -0.2356751412153244 -0.273333340883255 -0.09416215866804123
v -0.2356751412153244 -0.273333340883255 -0.09416215866804123
v -0.24167513847351074 -0.273333340883255 -0.09416215866804123
v -0.24167513847351074 -0.273333340883255 -0.09416215866804123
v -0.33567512035369873 -0.273333340883255 -0.09416215866804123
v -0.33567512035369873 -0.273333340883255 -0.09416215866804123
v -0.33567512035369873 -0.273333340883255 -0.08816215395927429
v -0.33567512035369873 -0.273333340883255 -0.08816215395927429
v -0.24167513847351074 -0.273333340883255 -0.08816215395927429
v -0.24167513847351074 -0.273333340883255 -0.08816215395927429
vn 0 0 1
vn 0 0 1
vn 0 0 1
vn 0 0 1
vn 0 0 -1
vn 0 0 -1
vn 0 0 -1
vn 0 0 -1
vn 0 0 -1
vn 0 0 -1
vn 0 0 -1
vn 0 0 -1
vn 0.8660255074501038 0.49999985098838806 0
vn 0.8660255074501038 0.49999985098838806 0
vn -0.8660253882408142 -0.5000000596046448 0
vn -0.8660253882408142 -0.5000000596046448 0
vn -0.49999967217445374 0.8660256266593933 0.000029417164114420302
vn -0.4999995827674866 0.8660256862640381 -7.116773304005619e-7
vn -0.4999995529651642 0.8660256862640381 0.000029407541660475545
vn -0.4999994933605194 0.8660256862640381 -5.793398472064837e-8
vn -0.4999997019767761 0.8660255670547485 -6.622260571020888e-7
vn -0.49999961256980896 0.8660256266593933 7.24683024699857e-9
vn -0.49999961256980896 0.8660256266593933 0.000040696351788938046
vn -0.4999997019767761 0.8660255670547485 0.00002317799226148054
vn 0.49999991059303284 -0.8660255074501038 -0.000011953469766012859
vn 0.5000001192092896 -0.8660253882408142 -1.0810612138811848e-7
vn 0.4999995827674866 -0.8660256862640381 -0.000006745581231371034
vn 0.49999961256980896 -0.8660256266593933 -7.51501431750512e-7
vn 0.49999961256980896 -0.8660256266593933 -9.833124750002753e-7
vn 0.4999997019767761 -0.8660255670547485 -6.982317302117735e-8
vn 0.49999961256980896 -0.8660256266593933 -0.000016747157133067958
vn 0.4999997019767761 -0.8660255670547485 -0.000005216094450588571
vn 0 0 1
vn 0 0 1
vn 0 0 -1
vn 0 0 -1
vn 0 0 -1
vn 0 0 -1
vn 0 0 -1
vn 0 0 -1
vn 0 1 0
vn 0 1 0
vn 0 -1 0
vn 0 -1 0
vn 1 0 0
vn 1 0 0
vn 1 0 0
vn 1 0 0
vn 1 0 0
vn 1 0 0
vn 1 0 0
vn 1 0 0
vn -1 0 0
vn -1 0 0
vn -1 0 0
vn -1 0 0
vn -1 0 0
vn -1 0 0
vn -1 0 0
vn -1 0 0
vn 0 0 -1
vn 0 0 -1
vn 0 0 -1
vn 0 0 -1
vn -1 0 0
vn -1 0 0
vn 1 0 0
vn 1 0 0
vn 0 -1 0
vn 0 -1 0
vn 0 -1 0
vn 0 -1 0
vn 0 -1 0
vn 0 -1 0
vn 0 -1 0
vn 0 -1 0
vn 0 1 0
vn 0 1 0
vn 0 1 0
vn 0 1 0
vn 0 1 0
vn 0 1 0
vn 0 1 0
vn 0 1 0
vn -0.5 0.8660253882408142 3.622838207206769e-8
vn 1 0 0
vn -0.49999964237213135 0.8660256266593933 0.000035074805055046454
vn 0 -1 0
vn 0.49999967217445374 -0.8660256266593933 -0.00001143618192145368
vn 0 1 0
vn 0.5 -0.8660253882408142 5.825681341775635e-7
vn -1 0 0
vn -0.5 0.8660253882408142 0
vn 1 0 0
vn 0.8660255074501038 0.49999985098838806 0
vn -0.4999999403953552 0.866025447845459 -7.117208600249114e-9
vn 0.8660255074501038 0.49999985098838806 0
vn 0.5000004172325134 -0.8660252094268799 -2.8354460113177993e-8
vn 0.5 -0.8660253882408142 0
vn -1 0 0
vn -0.8660253882408142 -0.5000000596046448 0
vn -0.4999999403953552 0.866025447845459 9.937651590519181e-9
vn -0.5000001192092896 0.8660253286361694 0
vn 0 -1 0
vn 0.5000002384185791 -0.8660252690315247 0
vn 0 1 0
vn -0.8660253882408142 -0.5000000596046448 0
vn 0.5000000596046448 -0.866025447845459 -1.3063474746388692e-8
vn 0 0 -1
vn -0.49999985098838806 0.8660255074501038 -1.1312872860713696e-9
vn 0 0 -1
vn 0.49999967217445374 -0.8660256266593933 -6.570597292920866e-7
vn 0 0 -1
vn -0.49999943375587463 0.8660257458686829 -5.649937406815297e-7
vn 0 0 -1
vn 0.49999991059303284 -0.8660255074501038 -5.521360257887409e-9
vn 0 0 -1
vn -0.8660253882408142 -0.5000000596046448 0
vn -0.8660253882408142 -0.5000000596046448 0
vn 0 0 1
vn 0 0 -1
vn 0.8660253882408142 0.5000000596046448 0
vn 0.8660253882408142 0.5000000596046448 0
vn 0 0 1
vn 0.8660253882408142 0.5000000596046448 0
vn 0 0 1
vn -0.8660253882408142 -0.5000000596046448 0
vn 0 0 1
vn 0.8660253882408142 0.5000000596046448 0
vn 0 0 -1
vn -0.8660253882408142 -0.5000000596046448 0
vn 0 0 -1
vn 0 0 -1
vn -0.8660253882408142 -0.5000000596046448 0
vn -0.8660253882408142 -0.5000000596046448 0
vn 0 0 1
vn 0 0 -1
vn 0.8660253882408142 0.5000000596046448 0
vn 0.8660253882408142 0.5000000596046448 0
vn 0 0 1
vn -0.8660253882408142 -0.5000000596046448 0
vn 0 0 1
vn 0.8660253882408142 0.5000000596046448 0
vn 0 0 1
vn 0.8660253882408142 0.5000000596046448 0
vn 0 0 -1
vn -0.8660253882408142 -0.5000000596046448 0
vn 0 0 -1
vn 1 0 0
vn 0 -1 0
vn -1 0 0
vn 0 1 0
vn 0 1 0
vn 1 0 0
vn 0 1 0
vn -1 0 0
vn 0 -1 0
vn 1 0 0
vn 1 0 0
vn 0 -1 0
vn -1 0 0
vn 0 1 0
vn 0 -1 0
vn -1 0 0
vn 0 0 -1
vn 1 0 0
vn 0 0 -1
vn -1 0 0
vn 0 0 -1
vn 1 0 0
vn 0 0 -1
vn -1 0 0
vn 0 0 -1
vn 0 -1 0
vn 0 -1 0
vn 0 0 1
vn 0 0 -1
vn 0 1 0
vn 0 1 0
vn 0 0 1
vn 0 1 0
vn 0 0 1
vn 0 -1 0
vn 0 0 1
vn 0 1 0
vn 0 0 -1
vn 0 -1 0
vn 0 0 -1
vn 0 0 -1
vn 0 -1 0
vn 0 -1 0
vn 0 0 1
vn 0 0 -1
vn 0 1 0
vn 0 1 0
vn 0 0 1
vn 0 -1 0
vn 0 0 1
vn 0 1 0
vn 0 0 1
vn 0 1 0
vn 0 0 -1
vn 0 -1 0
vn 0 0 -1
vn -1 0 0
vn 0 -1 0
vn -1 0 0
vn 0 1 0
vn 1 0 0
vn 0 -1 0
vn 1 0 0
vn 0 1 0
vn 0 0 -1
vn 0 -1 0
vn 0 0 -1
vn 0 1 0
vn 0 0 -1
vn 0 -1 0
vn 0 0 -1
vn 0 1 0
vn 0 0 -1
vn 1 0 0
vn 1 0 0
vn 0 0 1
vn 0 0 -1
vn -1 0 0
vn -1 0 0
vn 0 0 1
vn -1 0 0
vn 0 0 1
vn 1 0 0
vn 0 0 1
vn -1 0 0
vn 0 0 -1
vn 1 0 0
vn 0 0 -1
vn 0 0 -1
vn 1 0 0
vn 1 0 0
vn 0 0 1
vn 0 0 -1
vn -1 0 0
vn -1 0 0
vn 0 0 1
vn 1 0 0
vn 0 0 1
vn -1 0 0
vn 0 0 1
vn -1 0 0
vn 0 0 -1
vn 1 0 0
vn 0 0 -1

g grp1765
usemtl mtl1765
f 1768//1768 1765//1765 1767//1767 
f 1766//1766 1767//1767 1765//1765 
f 1770//1770 1772//1772 1771//1771 
f 1772//1772 1770//1770 1769//1769 
f 1775//1775 1773//1773 1776//1776 
f 1773//1773 1775//1775 1774//1774 
f 1861//1861 1777//1777 1859//1859 
f 1777//1777 1861//1861 1778//1778 
f 1865//1865 1779//1779 1871//1871 
f 1780//1780 1871//1871 1779//1779 
f 1873//1873 1879//1879 1877//1877 
f 1879//1879 1873//1873 1875//1875 
f 1860//1860 1782//1782 1781//1781 
f 1782//1782 1860//1860 1874//1874 
f 1783//1783 1784//1784 1866//1866 
f 1878//1878 1866//1866 1784//1784 
f 1878//1878 1782//1782 1874//1874 
f 1786//1786 1878//1878 1784//1784 
f 1785//1785 1878//1878 1786//1786 
f 1878//1878 1785//1785 1782//1782 
f 1785//1785 1788//1788 1787//1787 
f 1788//1788 1785//1785 1786//1786 
f 1851//1851 1866//1866 1867//1867 
f 1860//1860 1849//1849 1857//1857 
f 1851//1851 1783//1783 1866//1866 
f 1781//1781 1849//1849 1860//1860 
f 1781//1781 1851//1851 1849//1849 
f 1851//1851 1788//1788 1783//1783 
f 1851//1851 1787//1787 1788//1788 
f 1787//1787 1851//1851 1781//1781 
f 1789//1789 1790//1790 1862//1862 
f 1876//1876 1862//1862 1790//1790 
f 1872//1872 1792//1792 1791//1791 
f 1792//1792 1872//1872 1880//1880 
f 1876//1876 1792//1792 1880//1880 
f 1794//1794 1876//1876 1790//1790 
f 1793//1793 1876//1876 1794//1794 
f 1792//1792 1876//1876 1793//1793 
f 1795//1795 1796//1796 1794//1794 
f 1793//1793 1794//1794 1796//1796 
f 1872//1872 1853//1853 1869//1869 
f 1791//1791 1853//1853 1872//1872 
f 1855//1855 1862//1862 1863//1863 
f 1855//1855 1789//1789 1862//1862 
f 1853//1853 1789//1789 1855//1855 
f 1796//1796 1853//1853 1791//1791 
f 1795//1795 1853//1853 1796//1796 
f 1853//1853 1795//1795 1789//1789 
f 1893//1893 1909//1909 1889//1889 
f 1907//1907 1889//1889 1909//1909 
f 1894//1894 1881//1881 1910//1910 
f 1897//1897 1910//1910 1881//1881 
f 1883//1883 1898//1898 1882//1882 
f 1898//1898 1883//1883 1899//1899 
f 1890//1890 1908//1908 1884//1884 
f 1900//1900 1884//1884 1908//1908 
f 1891//1891 1911//1911 1895//1895 
f 1911//1911 1891//1891 1905//1905 
f 1896//1896 1901//1901 1885//1885 
f 1901//1901 1896//1896 1912//1912 
f 1886//1886 1902//1902 1887//1887 
f 1903//1903 1887//1887 1902//1902 
f 1888//1888 1904//1904 1892//1892 
f 1906//1906 1892//1892 1904//1904 
f 1797//1797 1768//1768 1798//1798 
f 1768//1768 1797//1797 1765//1765 
f 1769//1769 1799//1799 1772//1772 
f 1800//1800 1772//1772 1799//1799 
f 1802//1802 1803//1803 1801//1801 
f 1804//1804 1801//1801 1803//1803 
f 1917//1917 1805//1805 1919//1919 
f 1806//1806 1919//1919 1805//1805 
f 1927//1927 1807//1807 1921//1921 
f 1807//1807 1927//1927 1808//1808 
f 1929//1929 1933//1933 1931//1931 
f 1935//1935 1931//1931 1933//1933 
f 1810//1810 1930//1930 1809//1809 
f 1918//1918 1809//1809 1930//1930 
f 1811//1811 1934//1934 1812//1812 
f 1934//1934 1811//1811 1922//1922 
f 1810//1810 1813//1813 1930//1930 
f 1812//1812 1934//1934 1814//1814 
f 1934//1934 1930//1930 1814//1814 
f 1813//1813 1814//1814 1930//1930 
f 1815//1815 1816//1816 1813//1813 
f 1814//1814 1813//1813 1816//1816 
f 1858//1858 1850//1850 1918//1918 
f 1923//1923 1922//1922 1913//1913 
f 1913//1913 1922//1922 1850//1850 
f 1850//1850 1922//1922 1918//1918 
f 1922//1922 1811//1811 1918//1918 
f 1809//1809 1918//1918 1815//1815 
f 1815//1815 1918//1918 1816//1816 
f 1811//1811 1816//1816 1918//1918 
f 1817//1817 1932//1932 1818//1818 
f 1932//1932 1817//1817 1920//1920 
f 1820//1820 1936//1936 1819//1819 
f 1928//1928 1819//1819 1936//1936 
f 1818//1818 1932//1932 1822//1822 
f 1820//1820 1821//1821 1936//1936 
f 1936//1936 1821//1821 1932//1932 
f 1822//1822 1932//1932 1821//1821 
f 1822//1822 1824//1824 1823//1823 
f 1824//1824 1822//1822 1821//1821 
f 1925//1925 1915//1915 1928//1928 
f 1915//1915 1856//1856 1928//1928 
f 1928//1928 1856//1856 1819//1819 
f 1864//1864 1920//1920 1856//1856 
f 1856//1856 1920//1920 1819//1819 
f 1817//1817 1823//1823 1920//1920 
f 1823//1823 1824//1824 1920//1920 
f 1819//1819 1920//1920 1824//1824 
f 1945//1945 1965//1965 1949//1949 
f 1965//1965 1945//1945 1963//1963 
f 1966//1966 1937//1937 1950//1950 
f 1937//1937 1966//1966 1953//1953 
f 1938//1938 1954//1954 1939//1939 
f 1955//1955 1939//1939 1954//1954 
f 1956//1956 1946//1946 1940//1940 
f 1946//1946 1956//1956 1964//1964 
f 1951//1951 1967//1967 1947//1947 
f 1961//1961 1947//1947 1967//1967 
f 1952//1952 1941//1941 1968//1968 
f 1957//1957 1968//1968 1941//1941 
f 1943//1943 1958//1958 1942//1942 
f 1958//1958 1943//1943 1959//1959 
f 1962//1962 1944//1944 1948//1948 
f 1944//1944 1962//1962 1960//1960 
f 1798//1798 1767//1767 1797//1797 
f 1766//1766 1797//1797 1767//1767 
f 1775//1775 1825//1825 1774//1774 
f 1825//1825 1775//1775 1826//1826 
f 1803//1803 1827//1827 1828//1828 
f 1803//1803 1802//1802 1827//1827 
f 1971//1971 1829//1829 1969//1969 
f 1829//1829 1971//1971 1830//1830 
f 1973//1973 1831//1831 1975//1975 
f 1832//1832 1975//1975 1831//1831 
f 1979//1979 1981//1981 1977//1977 
f 1981//1981 1979//1979 1983//1983 
f 1833//1833 1978//1978 1834//1834 
f 1978//1978 1833//1833 1970//1970 
f 1836//1836 1982//1982 1835//1835 
f 1974//1974 1835//1835 1982//1982 
f 1978//1978 1837//1837 1834//1834 
f 1838//1838 1982//1982 1836//1836 
f 1982//1982 1837//1837 1978//1978 
f 1982//1982 1838//1838 1837//1837 
f 1837//1837 1840//1840 1839//1839 
f 1840//1840 1837//1837 1838//1838 
f 1970//1970 1852//1852 1868//1868 
f 1914//1914 1974//1974 1924//1924 
f 1839//1839 1970//1970 1833//1833 
f 1840//1840 1970//1970 1839//1839 
f 1974//1974 1840//1840 1835//1835 
f 1974//1974 1970//1970 1840//1840 
f 1852//1852 1974//1974 1914//1914 
f 1974//1974 1852//1852 1970//1970 
f 1842//1842 1980//1980 1841//1841 
f 1972//1972 1841//1841 1980//1980 
f 1843//1843 1984//1984 1844//1844 
f 1984//1984 1843//1843 1976//1976 
f 1846//1846 1980//1980 1842//1842 
f 1984//1984 1845//1845 1844//1844 
f 1846//1846 1984//1984 1980//1980 
f 1845//1845 1984//1984 1846//1846 
f 1847//1847 1848//1848 1846//1846 
f 1845//1845 1846//1846 1848//1848 
f 1976//1976 1916//1916 1926//1926 
f 1976//1976 1854//1854 1916//1916 
f 1843//1843 1854//1854 1976//1976 
f 1972//1972 1847//1847 1841//1841 
f 1972//1972 1848//1848 1847//1847 
f 1854//1854 1972//1972 1870//1870 
f 1854//1854 1848//1848 1972//1972 
f 1848//1848 1854//1854 1843//1843 
f 1997//1997 2013//2013 1993//1993 
f 2011//2011 1993//1993 2013//2013 
f 1998//1998 1985//1985 2014//2014 
f 2001//2001 2014//2014 1985//1985 
f 1987//1987 2002//2002 1986//1986 
f 2002//2002 1987//1987 2003//2003 
f 1988//1988 1994//1994 2004//2004 
f 2012//2012 2004//2004 1994//1994 
f 1995//1995 2015//2015 1999//1999 
f 2015//2015 1995//1995 2009//2009 
f 2016//2016 1989//1989 2000//2000 
f 1989//1989 2016//2016 2005//2005 
f 1990//1990 2006//2006 1991//1991 
f 2007//2007 1991//1991 2006//2006 
f 1996//1996 1992//1992 2010//2010 
f 2008//2008 2010//2010 1992//1992 
v -0.8610253930091858 -0.4913397431373596 -0.040166694670915604
v -0.5841804146766663 -0.3315032124519348 -0.040166694670915604
v -0.6593117713928223 -0.3113718032836914 -0.040166694670915604
v -0.8060253858566284 -0.3960769474506378 -0.040166694670915604
v -0.8610253930091858 -0.4913397431373596 -0.09516669809818268
v -0.776149332523346 -0.4423365294933319 -0.09516669809818268
v -0.803649365901947 -0.3947051465511322 -0.09516669809818268
v -0.8060253858566284 -0.3960769474506378 -0.09516669809818268
v -0.6722263097763062 -0.3823365271091461 -0.09516669809818268
v -0.5841804146766663 -0.3315032124519348 -0.09516669809818268
v -0.6593117713928223 -0.3113718032836914 -0.09516669809818268
v -0.6997262835502625 -0.3347051441669464 -0.09516669809818268
v -0.776149332523346 -0.4423365294933319 -0.34016671776771545
v -0.803649365901947 -0.3947051465511322 -0.34016671776771545
v -0.6722263097763062 -0.3823365271091461 -0.34016671776771545
v -0.6997262835502625 -0.3347051441669464 -0.34016671776771545
v -0.7700871825218201 -0.43883654475212097 -0.32966673374176025
v -0.7700871825218201 -0.43883654475212097 -0.3356667160987854
v -0.6782885193824768 -0.38583654165267944 -0.32966673374176025
v -0.6782885193824768 -0.38583654165267944 -0.3356667160987854
v -0.7648910284042358 -0.4358365535736084 -0.3356667160987854
v -0.6834846138954163 -0.388836532831192 -0.3356667160987854
v -0.7648910284042358 -0.4358365535736084 -0.32966673374176025
v -0.6834846138954163 -0.388836532831192 -0.32966673374176025
v -0.7975871562957764 -0.3912051320075989 -0.32966673374176025
v -0.7975871562957764 -0.3912051320075989 -0.3356667160987854
v -0.7057884931564331 -0.33820512890815735 -0.32966673374176025
v -0.7057884931564331 -0.33820512890815735 -0.3356667160987854
v -0.7109846472740173 -0.3412051498889923 -0.3356667160987854
v -0.7923910021781921 -0.3882051408290863 -0.3356667160987854
v -0.7923910021781921 -0.3882051408290863 -0.32966673374176025
v -0.7109846472740173 -0.3412051498889923 -0.32966673374176025
v -0.8610253930091858 0.148006409406662 -0.040166694670915604
v -0.8060253858566284 -0.05725638195872307 -0.040166694670915604
v -0.8610253930091858 -0.2266666740179062 -0.09516669809818268
v -0.8060253858566284 -0.2266666740179062 -0.09516669809818268
v -0.8610253930091858 -0.1066666692495346 -0.09516669809818268
v -0.8610253930091858 0.148006409406662 -0.09516669809818268
v -0.8060253858566284 -0.05725638195872307 -0.09516669809818268
v -0.8060253858566284 -0.1066666692495346 -0.09516669809818268
v -0.8610253930091858 -0.2266666740179062 -0.1001666933298111
v -0.8060253858566284 -0.2266666740179062 -0.1001666933298111
v -0.8610253930091858 -0.1066666692495346 -0.1001666933298111
v -0.8060253858566284 -0.1066666692495346 -0.1001666933298111
v -0.8610253930091858 -0.21966665983200073 -0.04466669633984566
v -0.8610253930091858 -0.21966665983200073 -0.050666697323322296
v -0.8610253930091858 -0.11366666853427887 -0.04466669633984566
v -0.8610253930091858 -0.11366666853427887 -0.050666697323322296
v -0.8610253930091858 -0.2136666625738144 -0.050666697323322296
v -0.8610253930091858 -0.11966666579246521 -0.050666697323322296
v -0.8610253930091858 -0.2136666625738144 -0.04466669633984566
v -0.8610253930091858 -0.11966666579246521 -0.04466669633984566
v -0.8060253858566284 -0.21966665983200073 -0.04466669633984566
v -0.8060253858566284 -0.21966665983200073 -0.050666697323322296
v -0.8060253858566284 -0.11366666853427887 -0.04466669633984566
v -0.8060253858566284 -0.11366666853427887 -0.050666697323322296
v -0.8060253858566284 -0.11966666579246521 -0.050666697323322296
v -0.8060253858566284 -0.2136666625738144 -0.050666697323322296
v -0.8060253858566284 -0.2136666625738144 -0.04466669633984566
v -0.8060253858566284 -0.11966666579246521 -0.04466669633984566
v -0.6960179805755615 -0.1377948522567749 -0.09516669809818268
v -0.7436493635177612 -0.1652948558330536 -0.09516669809818268
v -0.7560179829597473 -0.033871810883283615 -0.09516669809818268
v -0.803649365901947 -0.061371810734272 -0.09516669809818268
v -0.6960179805755615 -0.1377948522567749 -0.13016672432422638
v -0.7436493635177612 -0.1652948558330536 -0.13016672432422638
v -0.7560179829597473 -0.033871810883283615 -0.13016672432422638
v -0.803649365901947 -0.061371810734272 -0.13016672432422638
v -0.6995179653167725 -0.13173267245292664 -0.11966671794652939
v -0.6995179653167725 -0.13173267245292664 -0.12566672265529633
v -0.7525179386138916 -0.03993398696184158 -0.11966671794652939
v -0.7525179386138916 -0.03993398696184158 -0.12566672265529633
v -0.7025179862976074 -0.1265365332365036 -0.12566672265529633
v -0.7495179772377014 -0.04513014107942581 -0.12566672265529633
v -0.7025179862976074 -0.1265365332365036 -0.11966671794652939
v -0.7495179772377014 -0.04513014107942581 -0.11966671794652939
v -0.7471493482589722 -0.15923267602920532 -0.11966671794652939
v -0.7471493482589722 -0.15923267602920532 -0.12566672265529633
v -0.8001493811607361 -0.06743399053812027 -0.11966671794652939
v -0.8001493811607361 -0.06743399053812027 -0.12566672265529633
v -0.7971493601799011 -0.0726301372051239 -0.12566672265529633
v -0.7501493692398071 -0.1540365219116211 -0.12566672265529633
v -0.7501493692398071 -0.1540365219116211 -0.11966671794652939
v -0.7971493601799011 -0.0726301372051239 -0.11966671794652939
v -0.8610253930091858 -0.4913397431373596 -0.040166694670915604
v -0.8610253930091858 -0.4913397431373596 -0.040166694670915604
v -0.5841804146766663 -0.3315032124519348 -0.040166694670915604
v -0.5841804146766663 -0.3315032124519348 -0.040166694670915604
v -0.6593117713928223 -0.3113718032836914 -0.040166694670915604
v -0.6593117713928223 -0.3113718032836914 -0.040166694670915604
v -0.8060253858566284 -0.3960769474506378 -0.040166694670915604
v -0.8060253858566284 -0.3960769474506378 -0.040166694670915604
v -0.8610253930091858 -0.4913397431373596 -0.09516669809818268
v -0.8610253930091858 -0.4913397431373596 -0.09516669809818268
v -0.776149332523346 -0.4423365294933319 -0.09516669809818268
v -0.776149332523346 -0.4423365294933319 -0.09516669809818268
v -0.803649365901947 -0.3947051465511322 -0.09516669809818268
v -0.803649365901947 -0.3947051465511322 -0.09516669809818268
v -0.8060253858566284 -0.3960769474506378 -0.09516669809818268
v -0.8060253858566284 -0.3960769474506378 -0.09516669809818268
v -0.6722263097763062 -0.3823365271091461 -0.09516669809818268
v -0.6722263097763062 -0.3823365271091461 -0.09516669809818268
v -0.5841804146766663 -0.3315032124519348 -0.09516669809818268
v -0.5841804146766663 -0.3315032124519348 -0.09516669809818268
v -0.6593117713928223 -0.3113718032836914 -0.09516669809818268
v -0.6593117713928223 -0.3113718032836914 -0.09516669809818268
v -0.6997262835502625 -0.3347051441669464 -0.09516669809818268
v -0.6997262835502625 -0.3347051441669464 -0.09516669809818268
v -0.776149332523346 -0.4423365294933319 -0.34016671776771545
v -0.776149332523346 -0.4423365294933319 -0.34016671776771545
v -0.803649365901947 -0.3947051465511322 -0.34016671776771545
v -0.803649365901947 -0.3947051465511322 -0.34016671776771545
v -0.6722263097763062 -0.3823365271091461 -0.34016671776771545
v -0.6722263097763062 -0.3823365271091461 -0.34016671776771545
v -0.6997262835502625 -0.3347051441669464 -0.34016671776771545
v -0.6997262835502625 -0.3347051441669464 -0.34016671776771545
v -0.7700871825218201 -0.43883654475212097 -0.32966673374176025
v -0.7700871825218201 -0.43883654475212097 -0.32966673374176025
v -0.7700871825218201 -0.43883654475212097 -0.3356667160987854
v -0.7700871825218201 -0.43883654475212097 -0.3356667160987854
v -0.6782885193824768 -0.38583654165267944 -0.32966673374176025
v -0.6782885193824768 -0.38583654165267944 -0.32966673374176025
v -0.6782885193824768 -0.38583654165267944 -0.3356667160987854
v -0.6782885193824768 -0.38583654165267944 -0.3356667160987854
v -0.7648910284042358 -0.4358365535736084 -0.3356667160987854
v -0.7648910284042358 -0.4358365535736084 -0.3356667160987854
v -0.6834846138954163 -0.388836532831192 -0.3356667160987854
v -0.6834846138954163 -0.388836532831192 -0.3356667160987854
v -0.7648910284042358 -0.4358365535736084 -0.32966673374176025
v -0.7648910284042358 -0.4358365535736084 -0.32966673374176025
v -0.6834846138954163 -0.388836532831192 -0.32966673374176025
v -0.6834846138954163 -0.388836532831192 -0.32966673374176025
v -0.7975871562957764 -0.3912051320075989 -0.32966673374176025
v -0.7975871562957764 -0.3912051320075989 -0.32966673374176025
v -0.7975871562957764 -0.3912051320075989 -0.3356667160987854
v -0.7975871562957764 -0.3912051320075989 -0.3356667160987854
v -0.7057884931564331 -0.33820512890815735 -0.32966673374176025
v -0.7057884931564331 -0.33820512890815735 -0.32966673374176025
v -0.7057884931564331 -0.33820512890815735 -0.3356667160987854
v -0.7057884931564331 -0.33820512890815735 -0.3356667160987854
v -0.7109846472740173 -0.3412051498889923 -0.3356667160987854
v -0.7109846472740173 -0.3412051498889923 -0.3356667160987854
v -0.7923910021781921 -0.3882051408290863 -0.3356667160987854
v -0.7923910021781921 -0.3882051408290863 -0.3356667160987854
v -0.7923910021781921 -0.3882051408290863 -0.32966673374176025
v -0.7923910021781921 -0.3882051408290863 -0.32966673374176025
v -0.7109846472740173 -0.3412051498889923 -0.32966673374176025
v -0.7109846472740173 -0.3412051498889923 -0.32966673374176025
v -0.8610253930091858 0.148006409406662 -0.040166694670915604
v -0.8610253930091858 0.148006409406662 -0.040166694670915604
v -0.8060253858566284 -0.05725638195872307 -0.040166694670915604
v -0.8060253858566284 -0.05725638195872307 -0.040166694670915604
v -0.8610253930091858 -0.2266666740179062 -0.09516669809818268
v -0.8610253930091858 -0.2266666740179062 -0.09516669809818268
v -0.8060253858566284 -0.2266666740179062 -0.09516669809818268
v -0.8060253858566284 -0.2266666740179062 -0.09516669809818268
v -0.8610253930091858 -0.1066666692495346 -0.09516669809818268
v -0.8610253930091858 -0.1066666692495346 -0.09516669809818268
v -0.8610253930091858 0.148006409406662 -0.09516669809818268
v -0.8610253930091858 0.148006409406662 -0.09516669809818268
v -0.8060253858566284 -0.05725638195872307 -0.09516669809818268
v -0.8060253858566284 -0.05725638195872307 -0.09516669809818268
v -0.8060253858566284 -0.1066666692495346 -0.09516669809818268
v -0.8060253858566284 -0.1066666692495346 -0.09516669809818268
v -0.8610253930091858 -0.2266666740179062 -0.1001666933298111
v -0.8610253930091858 -0.2266666740179062 -0.1001666933298111
v -0.8060253858566284 -0.2266666740179062 -0.1001666933298111
v -0.8060253858566284 -0.2266666740179062 -0.1001666933298111
v -0.8610253930091858 -0.1066666692495346 -0.1001666933298111
v -0.8610253930091858 -0.1066666692495346 -0.1001666933298111
v -0.8060253858566284 -0.1066666692495346 -0.1001666933298111
v -0.8060253858566284 -0.1066666692495346 -0.1001666933298111
v -0.8610253930091858 -0.21966665983200073 -0.04466669633984566
v -0.8610253930091858 -0.21966665983200073 -0.04466669633984566
v -0.8610253930091858 -0.21966665983200073 -0.050666697323322296
v -0.8610253930091858 -0.21966665983200073 -0.050666697323322296
v -0.8610253930091858 -0.11366666853427887 -0.04466669633984566
v -0.8610253930091858 -0.11366666853427887 -0.04466669633984566
v -0.8610253930091858 -0.11366666853427887 -0.050666697323322296
v -0.8610253930091858 -0.11366666853427887 -0.050666697323322296
v -0.8610253930091858 -0.2136666625738144 -0.050666697323322296
v -0.8610253930091858 -0.2136666625738144 -0.050666697323322296
v -0.8610253930091858 -0.11966666579246521 -0.050666697323322296
v -0.8610253930091858 -0.11966666579246521 -0.050666697323322296
v -0.8610253930091858 -0.2136666625738144 -0.04466669633984566
v -0.8610253930091858 -0.2136666625738144 -0.04466669633984566
v -0.8610253930091858 -0.11966666579246521 -0.04466669633984566
v -0.8610253930091858 -0.11966666579246521 -0.04466669633984566
v -0.8060253858566284 -0.21966665983200073 -0.04466669633984566
v -0.8060253858566284 -0.21966665983200073 -0.04466669633984566
v -0.8060253858566284 -0.21966665983200073 -0.050666697323322296
v -0.8060253858566284 -0.21966665983200073 -0.050666697323322296
v -0.8060253858566284 -0.11366666853427887 -0.04466669633984566
v -0.8060253858566284 -0.11366666853427887 -0.04466669633984566
v -0.8060253858566284 -0.11366666853427887 -0.050666697323322296
v -0.8060253858566284 -0.11366666853427887 -0.050666697323322296
v -0.8060253858566284 -0.11966666579246521 -0.050666697323322296
v -0.8060253858566284 -0.11966666579246521 -0.050666697323322296
v -0.8060253858566284 -0.2136666625738144 -0.050666697323322296
v -0.8060253858566284 -0.2136666625738144 -0.050666697323322296
v -0.8060253858566284 -0.2136666625738144 -0.04466669633984566
v -0.8060253858566284 -0.2136666625738144 -0.04466669633984566
v -0.8060253858566284 -0.11966666579246521 -0.04466669633984566
v -0.8060253858566284 -0.11966666579246521 -0.04466669633984566
v -0.6960179805755615 -0.1377948522567749 -0.09516669809818268
v -0.6960179805755615 -0.1377948522567749 -0.09516669809818268
v -0.7436493635177612 -0.1652948558330536 -0.09516669809818268
v -0.7436493635177612 -0.1652948558330536 -0.09516669809818268
v -0.7560179829597473 -0.033871810883283615 -0.09516669809818268
v -0.7560179829597473 -0.033871810883283615 -0.09516669809818268
v -0.803649365901947 -0.061371810734272 -0.09516669809818268
v -0.803649365901947 -0.061371810734272 -0.09516669809818268
v -0.6960179805755615 -0.1377948522567749 -0.13016672432422638
v -0.6960179805755615 -0.1377948522567749 -0.13016672432422638
v -0.7436493635177612 -0.1652948558330536 -0.13016672432422638
v -0.7436493635177612 -0.1652948558330536 -0.13016672432422638
v -0.7560179829597473 -0.033871810883283615 -0.13016672432422638
v -0.7560179829597473 -0.033871810883283615 -0.13016672432422638
v -0.803649365901947 -0.061371810734272 -0.13016672432422638
v -0.803649365901947 -0.061371810734272 -0.13016672432422638
v -0.6995179653167725 -0.13173267245292664 -0.11966671794652939
v -0.6995179653167725 -0.13173267245292664 -0.11966671794652939
v -0.6995179653167725 -0.13173267245292664 -0.12566672265529633
v -0.6995179653167725 -0.13173267245292664 -0.12566672265529633
v -0.7525179386138916 -0.03993398696184158 -0.11966671794652939
v -0.7525179386138916 -0.03993398696184158 -0.11966671794652939
v -0.7525179386138916 -0.03993398696184158 -0.12566672265529633
v -0.7525179386138916 -0.03993398696184158 -0.12566672265529633
v -0.7025179862976074 -0.1265365332365036 -0.12566672265529633
v -0.7025179862976074 -0.1265365332365036 -0.12566672265529633
v -0.7495179772377014 -0.04513014107942581 -0.12566672265529633
v -0.7495179772377014 -0.04513014107942581 -0.12566672265529633
v -0.7025179862976074 -0.1265365332365036 -0.11966671794652939
v -0.7025179862976074 -0.1265365332365036 -0.11966671794652939
v -0.7495179772377014 -0.04513014107942581 -0.11966671794652939
v -0.7495179772377014 -0.04513014107942581 -0.11966671794652939
v -0.7471493482589722 -0.15923267602920532 -0.11966671794652939
v -0.7471493482589722 -0.15923267602920532 -0.11966671794652939
v -0.7471493482589722 -0.15923267602920532 -0.12566672265529633
v -0.7471493482589722 -0.15923267602920532 -0.12566672265529633
v -0.8001493811607361 -0.06743399053812027 -0.11966671794652939
v -0.8001493811607361 -0.06743399053812027 -0.11966671794652939
v -0.8001493811607361 -0.06743399053812027 -0.12566672265529633
v -0.8001493811607361 -0.06743399053812027 -0.12566672265529633
v -0.7971493601799011 -0.0726301372051239 -0.12566672265529633
v -0.7971493601799011 -0.0726301372051239 -0.12566672265529633
v -0.7501493692398071 -0.1540365219116211 -0.12566672265529633
v -0.7501493692398071 -0.1540365219116211 -0.12566672265529633
v -0.7501493692398071 -0.1540365219116211 -0.11966671794652939
v -0.7501493692398071 -0.1540365219116211 -0.11966671794652939
v -0.7971493601799011 -0.0726301372051239 -0.11966671794652939
v -0.7971493601799011 -0.0726301372051239 -0.11966671794652939
vn 0 0 1
vn 0 0 1
vn 0 0 1
vn 0 0 1
vn 0 0 -1
vn 0 0 -1
vn 0 0 -1
vn 0 0 -1
vn 0 0 -1
vn 0 0 -1
vn 0 0 -1
vn 0 0 -1
vn -0.8660250902175903 -0.5000005960464478 0
vn -0.8660250902175903 -0.5000005960464478 0
vn 0.8660255670547485 0.4999997615814209 0
vn 0.8660255670547485 0.4999997615814209 0
vn 0.49999964237213135 -0.8660256266593933 -1.5066843772615357e-8
vn 0.49999943375587463 -0.8660257458686829 0.0000011777248118960415
vn 0.5000006556510925 -0.8660250902175903 4.0411788404526305e-7
vn 0.5000013709068298 -0.8660246729850769 0.0000031292117910197703
vn 0.4999997019767761 -0.8660255670547485 1.2012495176350058e-7
vn 0.5000008344650269 -0.8660249710083008 1.845168924319296e-7
vn 0.49999961256980896 -0.8660256266593933 -3.073560295163702e-9
vn 0.5000008344650269 -0.866024911403656 4.1755311031010933e-7
vn -0.49999934434890747 0.8660258054733276 9.391422750582024e-9
vn -0.49999919533729553 0.8660259246826172 -7.340960337387514e-7
vn -0.499999076128006 0.866025984287262 -2.2546838351900078e-7
vn -0.4999994933605194 0.8660257458686829 -0.00000547932449990185
vn -0.5000005960464478 0.8660250902175903 -0.0000025833940071606776
vn -0.4999997019767761 0.8660255670547485 3.5418648280938214e-7
vn -0.49999961256980896 0.8660256266593933 -9.06234287612051e-9
vn -0.5000007748603821 0.8660250306129456 -3.464836026978446e-7
vn 0 0 1
vn 0 0 1
vn 0 0 -1
vn 0 0 -1
vn 0 0 -1
vn 0 0 -1
vn 0 0 -1
vn 0 0 -1
vn 0 -1 0
vn 0 -1 0
vn 0 1 0
vn 0 1 0
vn -1 0 0
vn -1 0 0
vn -1 0 0
vn -1 0 0
vn -1 0 0
vn -1 0 0
vn -1 0 0
vn -1 0 0
vn 1 0 0
vn 1 0 0
vn 1 0 0
vn 1 0 0
vn 1 0 0
vn 1 0 0
vn 1 0 0
vn 1 0 0
vn 0 0 -1
vn 0 0 -1
vn 0 0 -1
vn 0 0 -1
vn 0.5000001788139343 -0.8660253286361694 0
vn 0.5000001788139343 -0.8660253286361694 0
vn -0.5000001192092896 0.8660253286361694 0
vn -0.5000001192092896 0.8660253286361694 0
vn 0.8660253882408142 0.5 5.864632157681626e-7
vn 0.866024911403656 0.5000009536743164 -0.000004789452304976294
vn 0.8660244941711426 0.5000016093254089 0.000001078796231013257
vn 0.866025447845459 0.4999999701976776 -0.000008810173312667757
vn 0.866024911403656 0.5000008344650269 -0.000001731086285872152
vn 0.8660261631011963 0.49999871850013733 -0.0000039844885577622335
vn 0.8660247921943665 0.5000011920928955 4.2393929788886453e-7
vn 0.8660260438919067 0.49999895691871643 5.854755613654561e-7
vn -0.8660256266593933 -0.49999967217445374 -4.681996017552592e-7
vn -0.8660252094268799 -0.5000003576278687 0.000003823632141575217
vn -0.8660255074501038 -0.49999988079071045 5.273313945508562e-7
vn -0.8660250306129456 -0.5000006556510925 -0.000004306541541154729
vn -0.8660248517990112 -0.5000010132789612 -0.0000023002853595244233
vn -0.8660251498222351 -0.5000004768371582 0.000001751281160977669
vn -0.8660249710083008 -0.5000007748603821 -4.140535736496531e-7
vn -0.8660250306129456 -0.5000007152557373 4.015954573333147e-7
vn 0.5000000596046448 -0.8660253882408142 4.0390066402551383e-8
vn -1 0 0
vn 0.4999999701976776 -0.866025447845459 -7.163493620510053e-8
vn 0.866025447845459 0.4999999701976776 -3.5344818627436325e-8
vn -0.5000001192092896 0.8660253286361694 -9.121296073999474e-8
vn -0.8660253882408142 -0.5000001192092896 1.798816811060533e-7
vn -0.5000003576278687 0.8660252690315247 5.201317154757135e-9
vn 1 0 0
vn 0.4999999701976776 -0.8660253882408142 0
vn -1 0 0
vn -0.8660250902175903 -0.5000005960464478 0
vn 0.5000003576278687 -0.8660252094268799 2.673844221590116e-7
vn -0.8660250902175903 -0.5000005960464478 0
vn -0.5000004172325134 0.8660252094268799 -2.1241649506009708e-7
vn -0.5000014305114746 0.8660246133804321 0
vn 1 0 0
vn 0.8660255670547485 0.4999997615814209 0
vn 0.4999999403953552 -0.866025447845459 2.0681794055121827e-8
vn 0.4999999403953552 -0.866025447845459 0
vn 0.866025447845459 0.4999999701976776 0
vn -0.5000002384185791 0.8660253286361694 0
vn -0.8660253286361694 -0.5000001192092896 0
vn 0.8660255670547485 0.4999997615814209 0
vn -0.49999910593032837 0.8660259246826172 -1.5613924375657007e-8
vn 0 0 -1
vn 0.4999998211860657 -0.8660255670547485 -6.329811981231614e-7
vn 0 0 -1
vn -0.49999961256980896 0.8660256862640381 -1.6862411200690985e-7
vn 0 0 -1
vn 0.5000005960464478 -0.8660250902175903 6.532542897730309e-7
vn 0 0 -1
vn -0.4999987781047821 0.8660261034965515 -0.000003304628535261145
vn 0 0 -1
vn 0.8660256862640381 0.4999995231628418 0
vn 0.8660256862640381 0.4999995231628418 0
vn 0 0 1
vn 0 0 -1
vn -0.8660256862640381 -0.4999995231628418 0
vn -0.8660256862640381 -0.4999995231628418 0
vn 0 0 1
vn -0.8660256862640381 -0.4999995231628418 0
vn 0 0 1
vn 0.8660250902175903 0.5000005960464478 0
vn 0 0 1
vn -0.8660256862640381 -0.4999995231628418 0
vn 0 0 -1
vn 0.8660250902175903 0.5000005960464478 0
vn 0 0 -1
vn 0 0 -1
vn 0.8660256862640381 0.4999995231628418 0
vn 0.8660256862640381 0.4999995231628418 0
vn 0 0 1
vn 0 0 -1
vn -0.8660256862640381 -0.4999995231628418 0
vn -0.8660256862640381 -0.4999995231628418 0
vn 0 0 1
vn 0.8660250902175903 0.5000005960464478 0
vn 0 0 1
vn -0.8660256862640381 -0.4999995231628418 0
vn 0 0 1
vn -0.8660256862640381 -0.4999995231628418 0
vn 0 0 -1
vn 0.8660250902175903 0.5000005960464478 0
vn 0 0 -1
vn -1 0 0
vn 0.866025447845459 0.5 -2.3729739950795192e-7
vn 1 0 0
vn -0.8660258054733276 -0.49999934434890747 2.5622591692808783e-7
vn 0 -1 0
vn -1 0 0
vn 0 -1 0
vn 1 0 0
vn 0 1 0
vn -1 0 0
vn -1 0 0
vn 0.8660255074501038 0.49999991059303284 0
vn 1 0 0
vn -0.8660275936126709 -0.49999621510505676 0
vn 0 1 0
vn 1 0 0
vn 0 0 -1
vn -1 0 0
vn 0 0 -1
vn 1 0 0
vn 0 0 -1
vn -1 0 0
vn 0 0 -1
vn 1 0 0
vn 0 0 -1
vn 0 1 0
vn 0 1 0
vn 0 0 1
vn 0 0 -1
vn 0 -1 0
vn 0 -1 0
vn 0 0 1
vn 0 -1 0
vn 0 0 1
vn 0 1 0
vn 0 0 1
vn 0 -1 0
vn 0 0 -1
vn 0 1 0
vn 0 0 -1
vn 0 0 -1
vn 0 1 0
vn 0 1 0
vn 0 0 1
vn 0 0 -1
vn 0 -1 0
vn 0 -1 0
vn 0 0 1
vn 0 1 0
vn 0 0 1
vn 0 -1 0
vn 0 0 1
vn 0 -1 0
vn 0 0 -1
vn 0 1 0
vn 0 0 -1
vn 0.5000001788139343 -0.8660253286361694 0
vn 0.8660252094268799 0.5000002384185791 1.0549807427651103e-7
vn 0.5000001788139343 -0.8660253286361694 0
vn -0.8660253286361694 -0.5000001192092896 -1.2036467467169132e-7
vn -0.5000001192092896 0.8660253286361694 0
vn 0.866025447845459 0.4999999403953552 5.547493628910161e-7
vn -0.5000001192092896 0.8660253286361694 0
vn -0.8660255670547485 -0.4999997019767761 5.217312946115271e-7
vn 0 0 -1
vn 0.8660253882408142 0.5000000596046448 -0.0000015793021930221585
vn 0 0 -1
vn -0.8660255670547485 -0.4999997615814209 0.0000017610445866012014
vn 0 0 -1
vn 0.8660247325897217 0.5000011920928955 -0.000004648128197004553
vn 0 0 -1
vn -0.866025447845459 -0.49999991059303284 -0.0000015007882439022069
vn 0 0 -1
vn -0.5000001788139343 0.8660253286361694 0
vn -0.5000001788139343 0.8660253286361694 0
vn 0 0 1
vn 0 0 -1
vn 0.4999997019767761 -0.8660255670547485 0
vn 0.4999997019767761 -0.8660255670547485 0
vn 0 0 1
vn 0.4999999701976776 -0.866025447845459 0
vn 0 0 1
vn -0.5000000596046448 0.8660253882408142 0
vn 0 0 1
vn 0.4999999701976776 -0.866025447845459 0
vn 0 0 -1
vn -0.5000000596046448 0.8660253882408142 0
vn 0 0 -1
vn 0 0 -1
vn -0.5000001788139343 0.8660253286361694 0
vn -0.5000001788139343 0.8660253286361694 0
vn 0 0 1
vn 0 0 -1
vn 0.4999997019767761 -0.8660255670547485 0
vn 0.4999997019767761 -0.8660255670547485 0
vn 0 0 1
vn -0.5000000596046448 0.8660253882408142 0
vn 0 0 1
vn 0.4999999701976776 -0.866025447845459 0
vn 0 0 1
vn 0.4999999701976776 -0.866025447845459 0
vn 0 0 -1
vn -0.5000000596046448 0.8660253882408142 0
vn 0 0 -1

g grp2017
usemtl mtl2017
f 2019//2019 2020//2020 2018//2018 
f 2017//2017 2018//2018 2020//2020 
f 2024//2024 2022//2022 2021//2021 
f 2024//2024 2023//2023 2022//2022 
f 2025//2025 2027//2027 2026//2026 
f 2027//2027 2025//2025 2028//2028 
f 2113//2113 2029//2029 2111//2111 
f 2030//2030 2029//2029 2113//2113 
f 2117//2117 2031//2031 2123//2123 
f 2032//2032 2123//2123 2031//2031 
f 2131//2131 2125//2125 2127//2127 
f 2125//2125 2131//2131 2129//2129 
f 2033//2033 2126//2126 2034//2034 
f 2112//2112 2126//2126 2033//2033 
f 2036//2036 2130//2130 2035//2035 
f 2118//2118 2035//2035 2130//2130 
f 2126//2126 2037//2037 2034//2034 
f 2038//2038 2130//2130 2036//2036 
f 2038//2038 2126//2126 2130//2130 
f 2126//2126 2038//2038 2037//2037 
f 2037//2037 2040//2040 2039//2039 
f 2040//2040 2037//2037 2038//2038 
f 2112//2112 2101//2101 2109//2109 
f 2103//2103 2118//2118 2119//2119 
f 2101//2101 2118//2118 2103//2103 
f 2112//2112 2118//2118 2101//2101 
f 2112//2112 2035//2035 2118//2118 
f 2039//2039 2112//2112 2033//2033 
f 2040//2040 2112//2112 2039//2039 
f 2112//2112 2040//2040 2035//2035 
f 2042//2042 2128//2128 2041//2041 
f 2114//2114 2041//2041 2128//2128 
f 2043//2043 2132//2132 2044//2044 
f 2132//2132 2043//2043 2124//2124 
f 2132//2132 2045//2045 2044//2044 
f 2046//2046 2128//2128 2042//2042 
f 2128//2128 2045//2045 2132//2132 
f 2045//2045 2128//2128 2046//2046 
f 2047//2047 2048//2048 2046//2046 
f 2045//2045 2046//2046 2048//2048 
f 2124//2124 2105//2105 2121//2121 
f 2124//2124 2107//2107 2105//2105 
f 2043//2043 2107//2107 2124//2124 
f 2107//2107 2114//2114 2115//2115 
f 2043//2043 2114//2114 2107//2107 
f 2114//2114 2047//2047 2041//2041 
f 2114//2114 2048//2048 2047//2047 
f 2043//2043 2048//2048 2114//2114 
f 2145//2145 2161//2161 2141//2141 
f 2159//2159 2141//2141 2161//2161 
f 2146//2146 2133//2133 2162//2162 
f 2149//2149 2162//2162 2133//2133 
f 2135//2135 2150//2150 2134//2134 
f 2150//2150 2135//2135 2151//2151 
f 2142//2142 2160//2160 2136//2136 
f 2152//2152 2136//2136 2160//2160 
f 2143//2143 2163//2163 2147//2147 
f 2163//2163 2143//2143 2157//2157 
f 2137//2137 2164//2164 2153//2153 
f 2164//2164 2137//2137 2148//2148 
f 2138//2138 2154//2154 2139//2139 
f 2155//2155 2139//2139 2154//2154 
f 2156//2156 2158//2158 2140//2140 
f 2144//2144 2140//2140 2158//2158 
f 2050//2050 2017//2017 2020//2020 
f 2049//2049 2017//2017 2050//2050 
f 2052//2052 2024//2024 2051//2051 
f 2021//2021 2051//2051 2024//2024 
f 2056//2056 2053//2053 2055//2055 
f 2054//2054 2055//2055 2053//2053 
f 2169//2169 2057//2057 2171//2171 
f 2058//2058 2171//2171 2057//2057 
f 2179//2179 2059//2059 2173//2173 
f 2059//2059 2179//2179 2060//2060 
f 2181//2181 2185//2185 2183//2183 
f 2187//2187 2183//2183 2185//2185 
f 2061//2061 2062//2062 2170//2170 
f 2182//2182 2170//2170 2062//2062 
f 2174//2174 2064//2064 2063//2063 
f 2064//2064 2174//2174 2186//2186 
f 2182//2182 2062//2062 2186//2186 
f 2064//2064 2186//2186 2066//2066 
f 2066//2066 2186//2186 2065//2065 
f 2062//2062 2065//2065 2186//2186 
f 2067//2067 2068//2068 2065//2065 
f 2066//2066 2065//2065 2068//2068 
f 2175//2175 2174//2174 2165//2165 
f 2110//2110 2102//2102 2170//2170 
f 2174//2174 2063//2063 2165//2165 
f 2170//2170 2102//2102 2061//2061 
f 2102//2102 2165//2165 2061//2061 
f 2063//2063 2068//2068 2165//2165 
f 2068//2068 2067//2067 2165//2165 
f 2061//2061 2165//2165 2067//2067 
f 2172//2172 2070//2070 2069//2069 
f 2070//2070 2172//2172 2184//2184 
f 2071//2071 2072//2072 2180//2180 
f 2188//2188 2180//2180 2072//2072 
f 2184//2184 2188//2188 2070//2070 
f 2072//2072 2073//2073 2188//2188 
f 2073//2073 2074//2074 2188//2188 
f 2070//2070 2188//2188 2074//2074 
f 2074//2074 2076//2076 2075//2075 
f 2076//2076 2074//2074 2073//2073 
f 2177//2177 2167//2167 2180//2180 
f 2180//2180 2167//2167 2071//2071 
f 2116//2116 2172//2172 2108//2108 
f 2172//2172 2069//2069 2108//2108 
f 2108//2108 2069//2069 2167//2167 
f 2071//2071 2167//2167 2076//2076 
f 2076//2076 2167//2167 2075//2075 
f 2069//2069 2075//2075 2167//2167 
f 2197//2197 2217//2217 2201//2201 
f 2217//2217 2197//2197 2215//2215 
f 2218//2218 2189//2189 2202//2202 
f 2189//2189 2218//2218 2205//2205 
f 2190//2190 2206//2206 2191//2191 
f 2207//2207 2191//2191 2206//2206 
f 2208//2208 2198//2198 2192//2192 
f 2198//2198 2208//2208 2216//2216 
f 2203//2203 2219//2219 2199//2199 
f 2213//2213 2199//2199 2219//2219 
f 2204//2204 2193//2193 2220//2220 
f 2209//2209 2220//2220 2193//2193 
f 2195//2195 2210//2210 2194//2194 
f 2210//2210 2195//2195 2211//2211 
f 2214//2214 2196//2196 2200//2200 
f 2196//2196 2214//2214 2212//2212 
f 2019//2019 2018//2018 2050//2050 
f 2049//2049 2050//2050 2018//2018 
f 2077//2077 2027//2027 2078//2078 
f 2027//2027 2077//2077 2026//2026 
f 2079//2079 2055//2055 2054//2054 
f 2055//2055 2079//2079 2080//2080 
f 2223//2223 2081//2081 2221//2221 
f 2081//2081 2223//2223 2082//2082 
f 2225//2225 2083//2083 2227//2227 
f 2084//2084 2227//2227 2083//2083 
f 2235//2235 2229//2229 2231//2231 
f 2229//2229 2235//2235 2233//2233 
f 2085//2085 2230//2230 2086//2086 
f 2230//2230 2085//2085 2222//2222 
f 2088//2088 2234//2234 2087//2087 
f 2226//2226 2087//2087 2234//2234 
f 2230//2230 2089//2089 2086//2086 
f 2090//2090 2234//2234 2088//2088 
f 2090//2090 2230//2230 2234//2234 
f 2089//2089 2230//2230 2090//2090 
f 2089//2089 2092//2092 2091//2091 
f 2092//2092 2089//2089 2090//2090 
f 2166//2166 2226//2226 2176//2176 
f 2222//2222 2104//2104 2120//2120 
f 2091//2091 2222//2222 2085//2085 
f 2092//2092 2222//2222 2091//2091 
f 2226//2226 2092//2092 2087//2087 
f 2226//2226 2222//2222 2092//2092 
f 2222//2222 2166//2166 2104//2104 
f 2166//2166 2222//2222 2226//2226 
f 2094//2094 2232//2232 2093//2093 
f 2224//2224 2093//2093 2232//2232 
f 2095//2095 2236//2236 2096//2096 
f 2236//2236 2095//2095 2228//2228 
f 2098//2098 2232//2232 2094//2094 
f 2236//2236 2097//2097 2096//2096 
f 2098//2098 2236//2236 2232//2232 
f 2236//2236 2098//2098 2097//2097 
f 2099//2099 2100//2100 2098//2098 
f 2097//2097 2098//2098 2100//2100 
f 2106//2106 2224//2224 2122//2122 
f 2168//2168 2224//2224 2106//2106 
f 2224//2224 2099//2099 2093//2093 
f 2224//2224 2100//2100 2099//2099 
f 2168//2168 2100//2100 2224//2224 
f 2100//2100 2228//2228 2095//2095 
f 2168//2168 2228//2228 2100//2100 
f 2228//2228 2168//2168 2178//2178 
f 2249//2249 2265//2265 2245//2245 
f 2263//2263 2245//2245 2265//2265 
f 2266//2266 2250//2250 2253//2253 
f 2237//2237 2253//2253 2250//2250 
f 2239//2239 2254//2254 2238//2238 
f 2254//2254 2239//2239 2255//2255 
f 2264//2264 2256//2256 2246//2246 
f 2240//2240 2246//2246 2256//2256 
f 2247//2247 2267//2267 2251//2251 
f 2267//2267 2247//2247 2261//2261 
f 2257//2257 2252//2252 2268//2268 
f 2252//2252 2257//2257 2241//2241 
f 2242//2242 2258//2258 2243//2243 
f 2259//2259 2243//2243 2258//2258 
f 2262//2262 2248//2248 2260//2260 
f 2244//2244 2260//2260 2248//2248 
v -0.8560253977775574 -0.5 -0.040166717022657394
v -0.5791804194450378 -0.3401634693145752 -0.040166717022657394
v -0.5993117690086365 -0.4152948558330536 -0.040166717022657394
v -0.7460253834724426 -0.5 -0.040166717022657394
v -0.8560253977775574 -0.5 -0.09516671299934387
v -0.7711493372917175 -0.4509967863559723 -0.09516671299934387
v -0.7436493635177612 -0.4986281991004944 -0.09516671299934387
v -0.7460253834724426 -0.5 -0.09516671299934387
v -0.6672263145446777 -0.3909967839717865 -0.09516671299934387
v -0.5791804194450378 -0.3401634693145752 -0.09516671299934387
v -0.5993117690086365 -0.4152948558330536 -0.09516671299934387
v -0.6397263407707214 -0.4386281967163086 -0.09516671299934387
v -0.7711493372917175 -0.4509967863559723 -0.34016671776771545
v -0.7436493635177612 -0.4986281991004944 -0.34016671776771545
v -0.6672263145446777 -0.3909967839717865 -0.34016671776771545
v -0.6397263407707214 -0.4386281967163086 -0.34016671776771545
v -0.7650871872901917 -0.44749680161476135 -0.32966673374176025
v -0.7650871872901917 -0.44749680161476135 -0.3356667160987854
v -0.6732884645462036 -0.3944967985153198 -0.32966673374176025
v -0.6732884645462036 -0.3944967985153198 -0.3356667160987854
v -0.7598910331726074 -0.4444967806339264 -0.3356667160987854
v -0.6784846186637878 -0.3974967896938324 -0.3356667160987854
v -0.7598910331726074 -0.4444967806339264 -0.32966673374176025
v -0.6784846186637878 -0.3974967896938324 -0.32966673374176025
v -0.7375871539115906 -0.49512818455696106 -0.32966673374176025
v -0.7375871539115906 -0.49512818455696106 -0.3356667160987854
v -0.6457884907722473 -0.44212818145751953 -0.32966673374176025
v -0.6457884907722473 -0.44212818145751953 -0.3356667160987854
v -0.6509846448898315 -0.4451282024383545 -0.3356667160987854
v -0.7323910593986511 -0.4921281933784485 -0.3356667160987854
v -0.7323910593986511 -0.4921281933784485 -0.32966673374176025
v -0.6509846448898315 -0.4451282024383545 -0.32966673374176025
v -0.30233538150787354 -0.8196730613708496 -0.040166717022657394
v -0.4525981843471527 -0.6694102883338928 -0.040166717022657394
v -0.6268118023872375 -0.6323365569114685 -0.09516671299934387
v -0.5993117690086365 -0.584705114364624 -0.09516671299934387
v -0.522888720035553 -0.6923365592956543 -0.09516671299934387
v -0.30233538150787354 -0.8196730613708496 -0.09516671299934387
v -0.4525981843471527 -0.6694102883338928 -0.09516671299934387
v -0.4953887462615967 -0.6447051167488098 -0.09516671299934387
v -0.6268118023872375 -0.6323365569114685 -0.10016671568155289
v -0.5993117690086365 -0.584705114364624 -0.10016671568155289
v -0.522888720035553 -0.6923365592956543 -0.10016671568155289
v -0.4953887462615967 -0.6447051167488098 -0.10016671568155289
v -0.6207495927810669 -0.6358365416526794 -0.04466671496629715
v -0.6207495927810669 -0.6358365416526794 -0.05066671594977379
v -0.5289509296417236 -0.6888365149497986 -0.04466671496629715
v -0.5289509296417236 -0.6888365149497986 -0.05066671594977379
v -0.6155534386634827 -0.6388365626335144 -0.05066671594977379
v -0.5341470837593079 -0.6858365535736084 -0.05066671594977379
v -0.6155534386634827 -0.6388365626335144 -0.04466671496629715
v -0.5341470837593079 -0.6858365535736084 -0.04466671496629715
v -0.5932496190071106 -0.5882051587104797 -0.04466671496629715
v -0.5932496190071106 -0.5882051587104797 -0.05066671594977379
v -0.5014508962631226 -0.6412051320075989 -0.04466671496629715
v -0.5014508962631226 -0.6412051320075989 -0.05066671594977379
v -0.5066470503807068 -0.6382051706314087 -0.05066671594977379
v -0.5880534648895264 -0.5912051200866699 -0.05066671594977379
v -0.5880534648895264 -0.5912051200866699 -0.04466671496629715
v -0.5066470503807068 -0.6382051706314087 -0.04466671496629715
v -0.4073428213596344 -0.6377948522567749 -0.09516671299934387
v -0.4549742341041565 -0.665294885635376 -0.09516671299934387
v -0.4673428237438202 -0.5338718295097351 -0.09516671299934387
v -0.5149742364883423 -0.5613718032836914 -0.09516671299934387
v -0.4073428213596344 -0.6377948522567749 -0.13018162548542023
v -0.4549742341041565 -0.665294885635376 -0.13018162548542023
v -0.4673428237438202 -0.5338718295097351 -0.13018162548542023
v -0.5149742364883423 -0.5613718032836914 -0.13018162548542023
v -0.4108428359031677 -0.631732702255249 -0.11968162655830383
v -0.4108428359031677 -0.631732702255249 -0.12568162381649017
v -0.46384283900260925 -0.539933979511261 -0.11968162655830383
v -0.46384283900260925 -0.539933979511261 -0.12568162381649017
v -0.4138428270816803 -0.6265365481376648 -0.12568162381649017
v -0.4608428180217743 -0.5451301336288452 -0.12568162381649017
v -0.4138428270816803 -0.6265365481376648 -0.11968162655830383
v -0.4608428180217743 -0.5451301336288452 -0.11968162655830383
v -0.45847421884536743 -0.6592326760292053 -0.11968162655830383
v -0.45847421884536743 -0.6592326760292053 -0.12568162381649017
v -0.5114742517471313 -0.5674340128898621 -0.11968162655830383
v -0.5114742517471313 -0.5674340128898621 -0.12568162381649017
v -0.5084742307662964 -0.5726301670074463 -0.12568162381649017
v -0.4614742398262024 -0.6540365219116211 -0.12568162381649017
v -0.4614742398262024 -0.6540365219116211 -0.11968162655830383
v -0.5084742307662964 -0.5726301670074463 -0.11968162655830383
v -0.8560253977775574 -0.5 -0.040166717022657394
v -0.8560253977775574 -0.5 -0.040166717022657394
v -0.5791804194450378 -0.3401634693145752 -0.040166717022657394
v -0.5791804194450378 -0.3401634693145752 -0.040166717022657394
v -0.5993117690086365 -0.4152948558330536 -0.040166717022657394
v -0.5993117690086365 -0.4152948558330536 -0.040166717022657394
v -0.7460253834724426 -0.5 -0.040166717022657394
v -0.7460253834724426 -0.5 -0.040166717022657394
v -0.8560253977775574 -0.5 -0.09516671299934387
v -0.8560253977775574 -0.5 -0.09516671299934387
v -0.7711493372917175 -0.4509967863559723 -0.09516671299934387
v -0.7711493372917175 -0.4509967863559723 -0.09516671299934387
v -0.7436493635177612 -0.4986281991004944 -0.09516671299934387
v -0.7436493635177612 -0.4986281991004944 -0.09516671299934387
v -0.7460253834724426 -0.5 -0.09516671299934387
v -0.7460253834724426 -0.5 -0.09516671299934387
v -0.6672263145446777 -0.3909967839717865 -0.09516671299934387
v -0.6672263145446777 -0.3909967839717865 -0.09516671299934387
v -0.5791804194450378 -0.3401634693145752 -0.09516671299934387
v -0.5791804194450378 -0.3401634693145752 -0.09516671299934387
v -0.5993117690086365 -0.4152948558330536 -0.09516671299934387
v -0.5993117690086365 -0.4152948558330536 -0.09516671299934387
v -0.6397263407707214 -0.4386281967163086 -0.09516671299934387
v -0.6397263407707214 -0.4386281967163086 -0.09516671299934387
v -0.7711493372917175 -0.4509967863559723 -0.34016671776771545
v -0.7711493372917175 -0.4509967863559723 -0.34016671776771545
v -0.7436493635177612 -0.4986281991004944 -0.34016671776771545
v -0.7436493635177612 -0.4986281991004944 -0.34016671776771545
v -0.6672263145446777 -0.3909967839717865 -0.34016671776771545
v -0.6672263145446777 -0.3909967839717865 -0.34016671776771545
v -0.6397263407707214 -0.4386281967163086 -0.34016671776771545
v -0.6397263407707214 -0.4386281967163086 -0.34016671776771545
v -0.7650871872901917 -0.44749680161476135 -0.32966673374176025
v -0.7650871872901917 -0.44749680161476135 -0.32966673374176025
v -0.7650871872901917 -0.44749680161476135 -0.3356667160987854
v -0.7650871872901917 -0.44749680161476135 -0.3356667160987854
v -0.6732884645462036 -0.3944967985153198 -0.32966673374176025
v -0.6732884645462036 -0.3944967985153198 -0.32966673374176025
v -0.6732884645462036 -0.3944967985153198 -0.3356667160987854
v -0.6732884645462036 -0.3944967985153198 -0.3356667160987854
v -0.7598910331726074 -0.4444967806339264 -0.3356667160987854
v -0.7598910331726074 -0.4444967806339264 -0.3356667160987854
v -0.6784846186637878 -0.3974967896938324 -0.3356667160987854
v -0.6784846186637878 -0.3974967896938324 -0.3356667160987854
v -0.7598910331726074 -0.4444967806339264 -0.32966673374176025
v -0.7598910331726074 -0.4444967806339264 -0.32966673374176025
v -0.6784846186637878 -0.3974967896938324 -0.32966673374176025
v -0.6784846186637878 -0.3974967896938324 -0.32966673374176025
v -0.7375871539115906 -0.49512818455696106 -0.32966673374176025
v -0.7375871539115906 -0.49512818455696106 -0.32966673374176025
v -0.7375871539115906 -0.49512818455696106 -0.3356667160987854
v -0.7375871539115906 -0.49512818455696106 -0.3356667160987854
v -0.6457884907722473 -0.44212818145751953 -0.32966673374176025
v -0.6457884907722473 -0.44212818145751953 -0.32966673374176025
v -0.6457884907722473 -0.44212818145751953 -0.3356667160987854
v -0.6457884907722473 -0.44212818145751953 -0.3356667160987854
v -0.6509846448898315 -0.4451282024383545 -0.3356667160987854
v -0.6509846448898315 -0.4451282024383545 -0.3356667160987854
v -0.7323910593986511 -0.4921281933784485 -0.3356667160987854
v -0.7323910593986511 -0.4921281933784485 -0.3356667160987854
v -0.7323910593986511 -0.4921281933784485 -0.32966673374176025
v -0.7323910593986511 -0.4921281933784485 -0.32966673374176025
v -0.6509846448898315 -0.4451282024383545 -0.32966673374176025
v -0.6509846448898315 -0.4451282024383545 -0.32966673374176025
v -0.30233538150787354 -0.8196730613708496 -0.040166717022657394
v -0.30233538150787354 -0.8196730613708496 -0.040166717022657394
v -0.4525981843471527 -0.6694102883338928 -0.040166717022657394
v -0.4525981843471527 -0.6694102883338928 -0.040166717022657394
v -0.6268118023872375 -0.6323365569114685 -0.09516671299934387
v -0.6268118023872375 -0.6323365569114685 -0.09516671299934387
v -0.5993117690086365 -0.584705114364624 -0.09516671299934387
v -0.5993117690086365 -0.584705114364624 -0.09516671299934387
v -0.522888720035553 -0.6923365592956543 -0.09516671299934387
v -0.522888720035553 -0.6923365592956543 -0.09516671299934387
v -0.30233538150787354 -0.8196730613708496 -0.09516671299934387
v -0.30233538150787354 -0.8196730613708496 -0.09516671299934387
v -0.4525981843471527 -0.6694102883338928 -0.09516671299934387
v -0.4525981843471527 -0.6694102883338928 -0.09516671299934387
v -0.4953887462615967 -0.6447051167488098 -0.09516671299934387
v -0.4953887462615967 -0.6447051167488098 -0.09516671299934387
v -0.6268118023872375 -0.6323365569114685 -0.10016671568155289
v -0.6268118023872375 -0.6323365569114685 -0.10016671568155289
v -0.5993117690086365 -0.584705114364624 -0.10016671568155289
v -0.5993117690086365 -0.584705114364624 -0.10016671568155289
v -0.522888720035553 -0.6923365592956543 -0.10016671568155289
v -0.522888720035553 -0.6923365592956543 -0.10016671568155289
v -0.4953887462615967 -0.6447051167488098 -0.10016671568155289
v -0.4953887462615967 -0.6447051167488098 -0.10016671568155289
v -0.6207495927810669 -0.6358365416526794 -0.04466671496629715
v -0.6207495927810669 -0.6358365416526794 -0.04466671496629715
v -0.6207495927810669 -0.6358365416526794 -0.05066671594977379
v -0.6207495927810669 -0.6358365416526794 -0.05066671594977379
v -0.5289509296417236 -0.6888365149497986 -0.04466671496629715
v -0.5289509296417236 -0.6888365149497986 -0.04466671496629715
v -0.5289509296417236 -0.6888365149497986 -0.05066671594977379
v -0.5289509296417236 -0.6888365149497986 -0.05066671594977379
v -0.6155534386634827 -0.6388365626335144 -0.05066671594977379
v -0.6155534386634827 -0.6388365626335144 -0.05066671594977379
v -0.5341470837593079 -0.6858365535736084 -0.05066671594977379
v -0.5341470837593079 -0.6858365535736084 -0.05066671594977379
v -0.6155534386634827 -0.6388365626335144 -0.04466671496629715
v -0.6155534386634827 -0.6388365626335144 -0.04466671496629715
v -0.5341470837593079 -0.6858365535736084 -0.04466671496629715
v -0.5341470837593079 -0.6858365535736084 -0.04466671496629715
v -0.5932496190071106 -0.5882051587104797 -0.04466671496629715
v -0.5932496190071106 -0.5882051587104797 -0.04466671496629715
v -0.5932496190071106 -0.5882051587104797 -0.05066671594977379
v -0.5932496190071106 -0.5882051587104797 -0.05066671594977379
v -0.5014508962631226 -0.6412051320075989 -0.04466671496629715
v -0.5014508962631226 -0.6412051320075989 -0.04466671496629715
v -0.5014508962631226 -0.6412051320075989 -0.05066671594977379
v -0.5014508962631226 -0.6412051320075989 -0.05066671594977379
v -0.5066470503807068 -0.6382051706314087 -0.05066671594977379
v -0.5066470503807068 -0.6382051706314087 -0.05066671594977379
v -0.5880534648895264 -0.5912051200866699 -0.05066671594977379
v -0.5880534648895264 -0.5912051200866699 -0.05066671594977379
v -0.5880534648895264 -0.5912051200866699 -0.04466671496629715
v -0.5880534648895264 -0.5912051200866699 -0.04466671496629715
v -0.5066470503807068 -0.6382051706314087 -0.04466671496629715
v -0.5066470503807068 -0.6382051706314087 -0.04466671496629715
v -0.4073428213596344 -0.6377948522567749 -0.09516671299934387
v -0.4073428213596344 -0.6377948522567749 -0.09516671299934387
v -0.4549742341041565 -0.665294885635376 -0.09516671299934387
v -0.4549742341041565 -0.665294885635376 -0.09516671299934387
v -0.4673428237438202 -0.5338718295097351 -0.09516671299934387
v -0.4673428237438202 -0.5338718295097351 -0.09516671299934387
v -0.5149742364883423 -0.5613718032836914 -0.09516671299934387
v -0.5149742364883423 -0.5613718032836914 -0.09516671299934387
v -0.4073428213596344 -0.6377948522567749 -0.13018162548542023
v -0.4073428213596344 -0.6377948522567749 -0.13018162548542023
v -0.4549742341041565 -0.665294885635376 -0.13018162548542023
v -0.4549742341041565 -0.665294885635376 -0.13018162548542023
v -0.4673428237438202 -0.5338718295097351 -0.13018162548542023
v -0.4673428237438202 -0.5338718295097351 -0.13018162548542023
v -0.5149742364883423 -0.5613718032836914 -0.13018162548542023
v -0.5149742364883423 -0.5613718032836914 -0.13018162548542023
v -0.4108428359031677 -0.631732702255249 -0.11968162655830383
v -0.4108428359031677 -0.631732702255249 -0.11968162655830383
v -0.4108428359031677 -0.631732702255249 -0.12568162381649017
v -0.4108428359031677 -0.631732702255249 -0.12568162381649017
v -0.46384283900260925 -0.539933979511261 -0.11968162655830383
v -0.46384283900260925 -0.539933979511261 -0.11968162655830383
v -0.46384283900260925 -0.539933979511261 -0.12568162381649017
v -0.46384283900260925 -0.539933979511261 -0.12568162381649017
v -0.4138428270816803 -0.6265365481376648 -0.12568162381649017
v -0.4138428270816803 -0.6265365481376648 -0.12568162381649017
v -0.4608428180217743 -0.5451301336288452 -0.12568162381649017
v -0.4608428180217743 -0.5451301336288452 -0.12568162381649017
v -0.4138428270816803 -0.6265365481376648 -0.11968162655830383
v -0.4138428270816803 -0.6265365481376648 -0.11968162655830383
v -0.4608428180217743 -0.5451301336288452 -0.11968162655830383
v -0.4608428180217743 -0.5451301336288452 -0.11968162655830383
v -0.45847421884536743 -0.6592326760292053 -0.11968162655830383
v -0.45847421884536743 -0.6592326760292053 -0.11968162655830383
v -0.45847421884536743 -0.6592326760292053 -0.12568162381649017
v -0.45847421884536743 -0.6592326760292053 -0.12568162381649017
v -0.5114742517471313 -0.5674340128898621 -0.11968162655830383
v -0.5114742517471313 -0.5674340128898621 -0.11968162655830383
v -0.5114742517471313 -0.5674340128898621 -0.12568162381649017
v -0.5114742517471313 -0.5674340128898621 -0.12568162381649017
v -0.5084742307662964 -0.5726301670074463 -0.12568162381649017
v -0.5084742307662964 -0.5726301670074463 -0.12568162381649017
v -0.4614742398262024 -0.6540365219116211 -0.12568162381649017
v -0.4614742398262024 -0.6540365219116211 -0.12568162381649017
v -0.4614742398262024 -0.6540365219116211 -0.11968162655830383
v -0.4614742398262024 -0.6540365219116211 -0.11968162655830383
v -0.5084742307662964 -0.5726301670074463 -0.11968162655830383
v -0.5084742307662964 -0.5726301670074463 -0.11968162655830383
vn 0 0 -1
vn 0 0 -1
vn 0 0 -1
vn 0 0 -1
vn 0 0 1
vn 0 0 1
vn 0 0 1
vn 0 0 1
vn 0 0 1
vn 0 0 1
vn 0 0 1
vn 0 0 1
vn 0.8660256862640381 0.4999995231628418 0
vn 0.8660256862640381 0.4999995231628418 0
vn -0.8660256862640381 -0.4999995231628418 0
vn -0.8660256862640381 -0.4999995231628418 0
vn 0.5000008940696716 -0.866024911403656 2.7734843754956273e-8
vn 0.5000013709068298 -0.8660246729850769 -0.00000216794001062226
vn 0.5000013709068298 -0.8660246133804321 -1.3071785076590459e-7
vn 0.500001072883606 -0.8660248517990112 -0.000004045456080348231
vn 0.500000536441803 -0.8660251498222351 7.945710223111746e-8
vn 0.49999964237213135 -0.8660256266593933 -0.000001770652374943893
vn 0.5000007152557373 -0.8660250306129456 -2.0330193084561188e-9
vn 0.4999995529651642 -0.8660256862640381 -1.80375636205099e-7
vn -0.5000007748603821 0.8660249710083008 -4.0032563930481047e-8
vn -0.5000013709068298 0.8660246729850769 0.0000031292117910197703
vn -0.5000005960464478 0.8660250902175903 -2.491202053533925e-7
vn -0.5000013709068298 0.8660246729850769 -0.00000216794001062226
vn -0.5000005960464478 0.8660250902175903 -0.0000013360455568545149
vn -0.5000006556510925 0.8660250902175903 4.011788234947744e-7
vn -0.5000008940696716 0.866024911403656 -1.026470197729168e-8
vn -0.5000004768371582 0.8660251498222351 -3.1031737535158754e-7
vn 0 0 -1
vn 0 0 -1
vn 0 0 1
vn 0 0 1
vn 0 0 1
vn 0 0 1
vn 0 0 1
vn 0 0 1
vn 0.8660253286361694 -0.5000001192092896 0
vn 0.8660253286361694 -0.5000001192092896 0
vn -0.8660258054733276 0.4999992847442627 0
vn -0.8660258054733276 0.4999992847442627 0
vn 0.4999997019767761 0.8660255670547485 -0.00005964774391031824
vn 0.49999842047691345 0.8660263419151306 -3.3208038985321764e-7
vn 0.4999993145465851 0.8660258054733276 0.00011056513903895393
vn 0.5000001192092896 0.8660253286361694 0.0000029552527394116623
vn 0.5000007152557373 0.8660250306129456 -3.1462710126106685e-7
vn 0.49999845027923584 0.8660262823104858 0.000004010376414953498
vn 0.5000008940696716 0.866024911403656 -0.00008378177153645083
vn 0.4999988377094269 0.8660261034965515 0.00007969432772370055
vn -0.5000004172325134 -0.8660252094268799 -0.000050110069423681125
vn -0.5000020265579224 -0.8660242557525635 0.000002813515948218992
vn -0.499998539686203 -0.8660262823104858 -0.000025822864699875936
vn -0.49999842047691345 -0.8660263419151306 2.7414588998908584e-7
vn -0.4999985694885254 -0.8660262227058411 1.949109673660132e-8
vn -0.4999989867210388 -0.866025984287262 0.000002882357648559264
vn -0.4999985694885254 -0.8660262227058411 -0.00006574762664968148
vn -0.4999989867210388 -0.866025984287262 -0.000017765574739314616
vn 0 0 1
vn 0 0 1
vn 0 0 1
vn 0 0 1
vn -0.5000003576278687 0.8660252094268799 0
vn -0.5000003576278687 0.8660252094268799 0
vn 0.4999995231628418 -0.8660256862640381 0
vn 0.4999995231628418 -0.8660256862640381 0
vn -0.866024374961853 -0.500001847743988 4.950608172293869e-7
vn -0.8660248517990112 -0.500001072883606 -0.000004045456080348231
vn -0.866024911403656 -0.5000008940696716 2.6530059926699323e-7
vn -0.8660246729850769 -0.5000013709068298 -0.00000216794001062226
vn -0.8660255670547485 -0.49999967217445374 -0.0000014165218544803793
vn -0.8660250306129456 -0.5000007152557373 1.0594280297482328e-7
vn -0.8660256266593933 -0.49999964237213135 3.2502416047464067e-7
vn -0.8660251498222351 -0.500000536441803 -1.4585297414271281e-8
vn 0.8660263419151306 0.49999842047691345 6.705297437292757e-7
vn 0.8660257458686829 0.4999994933605194 -0.00000547932449990185
vn 0.8660263419151306 0.49999842047691345 -6.705297437292757e-7
vn 0.8660257458686829 0.4999994933605194 0.00000547932449990185
vn 0.8660250902175903 0.5000005960464478 0.0000025833940071606776
vn 0.8660250306129456 0.5000007152557373 -0.000003460896778051392
vn 0.8660253286361694 0.5000002384185791 1.8270976909207093e-7
vn 0.8660250306129456 0.5000007152557373 -6.352884724947216e-7
vn 0.5000000596046448 -0.8660253882408142 4.03900806134061e-8
vn 0.5 0.866025447845459 -2.0304624115397019e-7
vn 0.4999999701976776 -0.866025447845459 -7.163494331052789e-8
vn -0.8660253882408142 -0.5000000596046448 -2.56834002954065e-8
vn -0.4999998211860657 0.8660255074501038 1.797172473061437e-7
vn 0.8660255074501038 0.49999991059303284 -1.2530419724043895e-7
vn -0.5000003576278687 0.8660252094268799 1.1110162745353591e-7
vn -0.5 -0.866025447845459 0.000001053177243193204
vn 0.4999999701976776 -0.8660253882408142 0
vn 0.5000000596046448 0.8660253882408142 0
vn 0.8660256862640381 0.4999995231628418 0
vn 0.5000002384185791 -0.8660253286361694 -3.7790051976571704e-8
vn 0.8660256862640381 0.4999995231628418 0
vn -0.500001072883606 0.8660248517990112 -2.1301772790138784e-7
vn -0.5000014305114746 0.8660246133804321 0
vn -0.49999985098838806 -0.8660255074501038 0
vn -0.8660256862640381 -0.4999995231628418 0
vn 0.5000006556510925 -0.8660250902175903 4.609956505419177e-8
vn 0.4999999403953552 -0.866025447845459 0
vn -0.8660253882408142 -0.5000000596046448 0
vn -0.49999964237213135 0.8660256266593933 0
vn 0.8660255074501038 0.49999985098838806 0
vn -0.8660256862640381 -0.4999995231628418 0
vn -0.4999999701976776 0.866025447845459 9.028638459085414e-8
vn 0 0 1
vn 0.500000536441803 -0.8660250902175903 -6.655154720647261e-7
vn 0 0 1
vn -0.5000004172325134 0.8660251498222351 0.000001050024138748995
vn 0 0 1
vn 0.5000013709068298 -0.8660246133804321 -0.0000029340792480070377
vn 0 0 1
vn -0.5000007748603821 0.8660250306129456 -1.7261841378513054e-7
vn 0 0 1
vn -0.8660250902175903 -0.5000005960464478 0
vn -0.8660250902175903 -0.5000005960464478 0
vn 0 0 -1
vn 0 0 1
vn 0.8660255670547485 0.4999997615814209 0
vn 0.8660255670547485 0.4999997615814209 0
vn 0 0 -1
vn 0.8660256862640381 0.4999995231628418 0
vn 0 0 -1
vn -0.8660256862640381 -0.4999995231628418 0
vn 0 0 -1
vn 0.8660256862640381 0.4999995231628418 0
vn 0 0 1
vn -0.8660256862640381 -0.4999995231628418 0
vn 0 0 1
vn 0 0 1
vn -0.8660250902175903 -0.5000005960464478 0
vn -0.8660250902175903 -0.5000005960464478 0
vn 0 0 -1
vn 0 0 1
vn 0.8660255670547485 0.4999997615814209 0
vn 0.8660255670547485 0.4999997615814209 0
vn 0 0 -1
vn -0.8660256862640381 -0.4999995231628418 0
vn 0 0 -1
vn 0.8660256862640381 0.4999995231628418 0
vn 0 0 -1
vn 0.8660256862640381 0.4999995231628418 0
vn 0 0 1
vn -0.8660256862640381 -0.4999995231628418 0
vn 0 0 1
vn 0.4999995827674866 0.8660256862640381 0.00001338542642770335
vn -0.8660253882408142 -0.5000000596046448 -1.393522524040236e-7
vn -0.499998539686203 -0.8660262227058411 -0.0000450899860879872
vn 0.8660252094268799 0.5000004172325134 -2.0477111206673726e-7
vn 0.8660253286361694 -0.5000001192092896 0
vn 0.49999821186065674 0.8660264611244202 -1.4290264971350553e-7
vn 0.8660253286361694 -0.5000001192092896 0
vn -0.5000032782554626 -0.8660235404968262 -2.5300246875303856e-7
vn -0.8660258054733276 0.4999992847442627 0
vn 0.5000013709068298 0.8660246133804321 -1.1134268618206988e-7
vn 0.49999991059303284 0.866025447845459 0
vn -0.8660253882408142 -0.5 0
vn -0.5000004172325134 -0.8660251498222351 0
vn 0.8660235404968262 0.5000033378601074 0
vn -0.8660258054733276 0.4999992847442627 0
vn -0.5000002384185791 -0.8660252690315247 -1.234227742230587e-8
vn 0 0 1
vn 0.4999987781047821 0.8660261631011963 0.000002112500624207314
vn 0 0 1
vn -0.5000033378601074 -0.8660235404968262 -5.196654910832876e-7
vn 0 0 1
vn 0.5000013709068298 0.8660246729850769 -2.3619232081273367e-7
vn 0 0 1
vn -0.4999980926513672 -0.8660265207290649 0.0000022625074507232057
vn 0 0 1
vn -0.8660255670547485 0.4999997615814209 0
vn -0.8660255670547485 0.4999997615814209 0
vn 0 0 -1
vn 0 0 1
vn 0.8660250902175903 -0.5000005960464478 0
vn 0.8660250902175903 -0.5000005960464478 0
vn 0 0 -1
vn 0.8660258054733276 -0.4999992847442627 0
vn 0 0 -1
vn -0.8660250902175903 0.5000005960464478 0
vn 0 0 -1
vn 0.8660258054733276 -0.4999992847442627 0
vn 0 0 1
vn -0.8660250902175903 0.5000005960464478 0
vn 0 0 1
vn 0 0 1
vn -0.8660255670547485 0.4999997615814209 0
vn -0.8660255670547485 0.4999997615814209 0
vn 0 0 -1
vn 0 0 1
vn 0.8660250902175903 -0.5000005960464478 0
vn 0.8660250902175903 -0.5000005960464478 0
vn 0 0 -1
vn -0.8660250902175903 0.5000005960464478 0
vn 0 0 -1
vn 0.8660258054733276 -0.4999992847442627 0
vn 0 0 -1
vn 0.8660258054733276 -0.4999992847442627 0
vn 0 0 1
vn -0.8660250902175903 0.5000005960464478 0
vn 0 0 1
vn -0.5000003576278687 0.8660252094268799 0
vn -0.8660251498222351 -0.5000004768371582 3.575299274416466e-7
vn -0.5000003576278687 0.8660252094268799 0
vn 0.8660253286361694 0.5000001788139343 3.812186548657337e-7
vn 0.4999995231628418 -0.8660256862640381 0
vn -0.8660252094268799 -0.5000004172325134 2.7537053526316413e-8
vn 0.4999995231628418 -0.8660256862640381 0
vn 0.8660255074501038 0.4999997913837433 -4.789205831912113e-7
vn 0 0 1
vn -0.8660246133804321 -0.5000013709068298 -0.0000029340792480070377
vn 0 0 1
vn 0.866025984287262 0.499999076128006 -0.0000023167442577687325
vn 0 0 1
vn -0.8660250902175903 -0.500000536441803 -6.655154720647261e-7
vn 0 0 1
vn 0.8660261034965515 0.4999987781047821 0.000003304628535261145
vn 0 0 1
vn 0.4999997615814209 -0.8660255670547485 0
vn 0.4999997615814209 -0.8660255670547485 0
vn 0 0 -1
vn 0 0 1
vn -0.5000003576278687 0.8660252094268799 0
vn -0.5000003576278687 0.8660252094268799 0
vn 0 0 -1
vn -0.4999995231628418 0.8660256862640381 0
vn 0 0 -1
vn 0.5000003576278687 -0.8660252094268799 0
vn 0 0 -1
vn -0.4999995231628418 0.8660256862640381 0
vn 0 0 1
vn 0.5000003576278687 -0.8660252094268799 0
vn 0 0 1
vn 0 0 1
vn 0.4999997615814209 -0.8660255670547485 0
vn 0.4999997615814209 -0.8660255670547485 0
vn 0 0 -1
vn 0 0 1
vn -0.5000003576278687 0.8660252094268799 0
vn -0.5000003576278687 0.8660252094268799 0
vn 0 0 -1
vn 0.5000003576278687 -0.8660252094268799 0
vn 0 0 -1
vn -0.4999995231628418 0.8660256862640381 0
vn 0 0 -1
vn -0.4999995231628418 0.8660256862640381 0
vn 0 0 1
vn 0.5000003576278687 -0.8660252094268799 0
vn 0 0 1

g grp2269
usemtl mtl2269
f 2271//2271 2272//2272 2270//2270 
f 2269//2269 2270//2270 2272//2272 
f 2276//2276 2274//2274 2273//2273 
f 2274//2274 2276//2276 2275//2275 
f 2277//2277 2279//2279 2278//2278 
f 2280//2280 2279//2279 2277//2277 
f 2365//2365 2281//2281 2363//2363 
f 2281//2281 2365//2365 2282//2282 
f 2369//2369 2283//2283 2375//2375 
f 2284//2284 2375//2375 2283//2283 
f 2377//2377 2383//2383 2381//2381 
f 2383//2383 2377//2377 2379//2379 
f 2285//2285 2378//2378 2286//2286 
f 2364//2364 2378//2378 2285//2285 
f 2288//2288 2382//2382 2287//2287 
f 2370//2370 2287//2287 2382//2382 
f 2378//2378 2289//2289 2286//2286 
f 2290//2290 2382//2382 2288//2288 
f 2290//2290 2378//2378 2382//2382 
f 2378//2378 2290//2290 2289//2289 
f 2289//2289 2292//2292 2291//2291 
f 2292//2292 2289//2289 2290//2290 
f 2364//2364 2353//2353 2361//2361 
f 2355//2355 2370//2370 2371//2371 
f 2353//2353 2370//2370 2355//2355 
f 2364//2364 2370//2370 2353//2353 
f 2364//2364 2287//2287 2370//2370 
f 2291//2291 2364//2364 2285//2285 
f 2292//2292 2364//2364 2291//2291 
f 2364//2364 2292//2292 2287//2287 
f 2294//2294 2380//2380 2293//2293 
f 2366//2366 2293//2293 2380//2380 
f 2295//2295 2384//2384 2296//2296 
f 2376//2376 2384//2384 2295//2295 
f 2384//2384 2297//2297 2296//2296 
f 2298//2298 2380//2380 2294//2294 
f 2380//2380 2297//2297 2384//2384 
f 2297//2297 2380//2380 2298//2298 
f 2299//2299 2300//2300 2298//2298 
f 2297//2297 2298//2298 2300//2300 
f 2376//2376 2357//2357 2373//2373 
f 2376//2376 2359//2359 2357//2357 
f 2295//2295 2359//2359 2376//2376 
f 2359//2359 2366//2366 2367//2367 
f 2295//2295 2366//2366 2359//2359 
f 2366//2366 2299//2299 2293//2293 
f 2366//2366 2300//2300 2299//2299 
f 2300//2300 2366//2366 2295//2295 
f 2397//2397 2413//2413 2393//2393 
f 2411//2411 2393//2393 2413//2413 
f 2398//2398 2385//2385 2414//2414 
f 2401//2401 2414//2414 2385//2385 
f 2387//2387 2402//2402 2386//2386 
f 2402//2402 2387//2387 2403//2403 
f 2394//2394 2412//2412 2388//2388 
f 2404//2404 2388//2388 2412//2412 
f 2395//2395 2415//2415 2399//2399 
f 2415//2415 2395//2395 2409//2409 
f 2405//2405 2400//2400 2416//2416 
f 2400//2400 2405//2405 2389//2389 
f 2390//2390 2406//2406 2391//2391 
f 2407//2407 2391//2391 2406//2406 
f 2410//2410 2396//2396 2408//2408 
f 2392//2392 2408//2408 2396//2396 
f 2302//2302 2269//2269 2272//2272 
f 2269//2269 2302//2302 2301//2301 
f 2304//2304 2276//2276 2303//2303 
f 2273//2273 2303//2303 2276//2276 
f 2308//2308 2305//2305 2307//2307 
f 2306//2306 2307//2307 2305//2305 
f 2421//2421 2309//2309 2423//2423 
f 2310//2310 2423//2423 2309//2309 
f 2431//2431 2311//2311 2425//2425 
f 2311//2311 2431//2431 2312//2312 
f 2435//2435 2433//2433 2439//2439 
f 2437//2437 2439//2439 2433//2433 
f 2313//2313 2314//2314 2422//2422 
f 2434//2434 2422//2422 2314//2314 
f 2426//2426 2316//2316 2315//2315 
f 2316//2316 2426//2426 2438//2438 
f 2438//2438 2434//2434 2316//2316 
f 2314//2314 2317//2317 2434//2434 
f 2317//2317 2318//2318 2434//2434 
f 2316//2316 2434//2434 2318//2318 
f 2319//2319 2320//2320 2317//2317 
f 2318//2318 2317//2317 2320//2320 
f 2427//2427 2426//2426 2417//2417 
f 2362//2362 2354//2354 2422//2422 
f 2426//2426 2315//2315 2417//2417 
f 2422//2422 2354//2354 2313//2313 
f 2354//2354 2417//2417 2313//2313 
f 2315//2315 2320//2320 2417//2417 
f 2320//2320 2319//2319 2417//2417 
f 2313//2313 2417//2417 2319//2319 
f 2424//2424 2322//2322 2321//2321 
f 2322//2322 2424//2424 2436//2436 
f 2323//2323 2324//2324 2432//2432 
f 2440//2440 2432//2432 2324//2324 
f 2436//2436 2440//2440 2322//2322 
f 2324//2324 2325//2325 2440//2440 
f 2325//2325 2326//2326 2440//2440 
f 2322//2322 2440//2440 2326//2326 
f 2326//2326 2328//2328 2327//2327 
f 2328//2328 2326//2326 2325//2325 
f 2429//2429 2419//2419 2432//2432 
f 2432//2432 2419//2419 2323//2323 
f 2368//2368 2424//2424 2360//2360 
f 2424//2424 2321//2321 2360//2360 
f 2360//2360 2321//2321 2419//2419 
f 2323//2323 2419//2419 2328//2328 
f 2328//2328 2419//2419 2327//2327 
f 2321//2321 2327//2327 2419//2419 
f 2449//2449 2469//2469 2453//2453 
f 2469//2469 2449//2449 2467//2467 
f 2454//2454 2457//2457 2441//2441 
f 2457//2457 2454//2454 2470//2470 
f 2442//2442 2458//2458 2443//2443 
f 2459//2459 2443//2443 2458//2458 
f 2460//2460 2450//2450 2444//2444 
f 2450//2450 2460//2460 2468//2468 
f 2455//2455 2471//2471 2451//2451 
f 2465//2465 2451//2451 2471//2471 
f 2456//2456 2445//2445 2472//2472 
f 2461//2461 2472//2472 2445//2445 
f 2447//2447 2462//2462 2446//2446 
f 2462//2462 2447//2447 2463//2463 
f 2466//2466 2448//2448 2452//2452 
f 2448//2448 2466//2466 2464//2464 
f 2270//2270 2302//2302 2271//2271 
f 2302//2302 2270//2270 2301//2301 
f 2306//2306 2329//2329 2307//2307 
f 2330//2330 2307//2307 2329//2329 
f 2332//2332 2331//2331 2279//2279 
f 2278//2278 2279//2279 2331//2331 
f 2473//2473 2333//2333 2475//2475 
f 2334//2334 2475//2475 2333//2333 
f 2479//2479 2335//2335 2477//2477 
f 2335//2335 2479//2479 2336//2336 
f 2483//2483 2481//2481 2487//2487 
f 2485//2485 2487//2487 2481//2481 
f 2338//2338 2482//2482 2337//2337 
f 2474//2474 2337//2337 2482//2482 
f 2339//2339 2486//2486 2340//2340 
f 2486//2486 2339//2339 2478//2478 
f 2340//2340 2486//2486 2342//2342 
f 2338//2338 2341//2341 2482//2482 
f 2482//2482 2341//2341 2486//2486 
f 2342//2342 2486//2486 2341//2341 
f 2343//2343 2344//2344 2341//2341 
f 2342//2342 2341//2341 2344//2344 
f 2428//2428 2418//2418 2474//2474 
f 2372//2372 2478//2478 2356//2356 
f 2339//2339 2344//2344 2478//2478 
f 2344//2344 2343//2343 2478//2478 
f 2337//2337 2474//2474 2343//2343 
f 2343//2343 2474//2474 2478//2478 
f 2356//2356 2478//2478 2418//2418 
f 2474//2474 2418//2418 2478//2478 
f 2345//2345 2484//2484 2346//2346 
f 2345//2345 2476//2476 2484//2484 
f 2348//2348 2488//2488 2347//2347 
f 2488//2488 2480//2480 2347//2347 
f 2348//2348 2349//2349 2488//2488 
f 2346//2346 2484//2484 2350//2350 
f 2488//2488 2349//2349 2484//2484 
f 2350//2350 2484//2484 2349//2349 
f 2350//2350 2352//2352 2351//2351 
f 2352//2352 2350//2350 2349//2349 
f 2374//2374 2358//2358 2480//2480 
f 2358//2358 2420//2420 2480//2480 
f 2347//2347 2480//2480 2352//2352 
f 2352//2352 2480//2480 2351//2351 
f 2480//2480 2420//2420 2351//2351 
f 2345//2345 2351//2351 2476//2476 
f 2351//2351 2420//2420 2476//2476 
f 2430//2430 2476//2476 2420//2420 
f 2497//2497 2517//2517 2501//2501 
f 2517//2517 2497//2497 2515//2515 
f 2505//2505 2502//2502 2518//2518 
f 2502//2502 2505//2505 2489//2489 
f 2490//2490 2506//2506 2491//2491 
f 2507//2507 2491//2491 2506//2506 
f 2498//2498 2508//2508 2516//2516 
f 2508//2508 2498//2498 2492//2492 
f 2503//2503 2519//2519 2499//2499 
f 2513//2513 2499//2499 2519//2519 
f 2504//2504 2493//2493 2520//2520 
f 2493//2493 2509//2509 2520//2520 
f 2495//2495 2510//2510 2494//2494 
f 2510//2510 2495//2495 2511//2511 
f 2514//2514 2496//2496 2500//2500 
f 2514//2514 2512//2512 2496//2496 
v 0.004999999888241291 -0.008660254068672657 -0.007197584956884384
v 0.004999999888241291 -0.3283333480358124 -0.007197584956884384
v 0.05999999865889549 -0.273333340883255 -0.007197584956884384
v 0.05999999865889549 -0.10392304509878159 -0.007197584956884384
v 0.004999999888241291 -0.008660254068672657 -0.06219758465886116
v 0.004999999888241291 -0.1066666692495346 -0.06219758465886116
v 0.05999999865889549 -0.1066666692495346 -0.06219758465886116
v 0.05999999865889549 -0.10392304509878159 -0.06219758465886116
v 0.004999999888241291 -0.2266666740179062 -0.06219758465886116
v 0.004999999888241291 -0.3283333480358124 -0.06219758465886116
v 0.05999999865889549 -0.273333340883255 -0.06219758465886116
v 0.05999999865889549 -0.2266666740179062 -0.06219758465886116
v 0.004999999888241291 -0.1066666692495346 -0.2767055630683899
v 0.05999999865889549 -0.1066666692495346 -0.2767055630683899
v 0.004999999888241291 -0.2266666740179062 -0.2767055630683899
v 0.05999999865889549 -0.2266666740179062 -0.2767055630683899
v 0.004999999888241291 -0.11366666853427887 -0.2662055492401123
v 0.004999999888241291 -0.11366666853427887 -0.27220556139945984
v 0.004999999888241291 -0.21966665983200073 -0.2662055492401123
v 0.004999999888241291 -0.21966665983200073 -0.27220556139945984
v 0.004999999888241291 -0.11966666579246521 -0.27220556139945984
v 0.004999999888241291 -0.2136666625738144 -0.27220556139945984
v 0.004999999888241291 -0.11966666579246521 -0.2662055492401123
v 0.004999999888241291 -0.2136666625738144 -0.2662055492401123
v 0.05999999865889549 -0.11366666853427887 -0.2662055492401123
v 0.05999999865889549 -0.11366666853427887 -0.27220556139945984
v 0.05999999865889549 -0.21966665983200073 -0.2662055492401123
v 0.05999999865889549 -0.21966665983200073 -0.27220556139945984
v 0.05999999865889549 -0.2136666625738144 -0.27220556139945984
v 0.05999999865889549 -0.11966666579246521 -0.27220556139945984
v 0.05999999865889549 -0.11966666579246521 -0.2662055492401123
v 0.05999999865889549 -0.2136666625738144 -0.2662055492401123
v 0.5586900115013123 -0.3283333480358124 -0.007197584956884384
v 0.3534272313117981 -0.273333340883255 -0.007197584956884384
v 0.23421360552310944 -0.1409967988729477 -0.06219758465886116
v 0.20671361684799194 -0.1886281967163086 -0.06219758465886116
v 0.3381366729736328 -0.2009967863559723 -0.06219758465886116
v 0.5586900115013123 -0.3283333480358124 -0.06219758465886116
v 0.3534272313117981 -0.273333340883255 -0.06219758465886116
v 0.3106366693973541 -0.2486281841993332 -0.06219758465886116
v 0.23421360552310944 -0.1409967988729477 -0.06719758361577988
v 0.20671361684799194 -0.1886281967163086 -0.06719758361577988
v 0.3381366729736328 -0.2009967863559723 -0.06719758361577988
v 0.3106366693973541 -0.2486281841993332 -0.06719758361577988
v 0.2402757853269577 -0.14449679851531982 -0.011697584763169289
v 0.2402757853269577 -0.14449679851531982 -0.017697585746645927
v 0.33207449316978455 -0.19749678671360016 -0.011697584763169289
v 0.33207449316978455 -0.19749678671360016 -0.017697585746645927
v 0.24547193944454193 -0.1474967896938324 -0.017697585746645927
v 0.3268783390522003 -0.19449679553508759 -0.017697585746645927
v 0.24547193944454193 -0.1474967896938324 -0.011697584763169289
v 0.3268783390522003 -0.19449679553508759 -0.011697584763169289
v 0.21277578175067902 -0.19212819635868073 -0.011697584763169289
v 0.21277578175067902 -0.19212819635868073 -0.017697585746645927
v 0.30457448959350586 -0.24512818455696106 -0.011697584763169289
v 0.30457448959350586 -0.24512818455696106 -0.017697585746645927
v 0.29937833547592163 -0.2421281933784485 -0.017697585746645927
v 0.21797193586826324 -0.1951281875371933 -0.017697585746645927
v 0.21797193586826324 -0.1951281875371933 -0.011697584763169289
v 0.29937833547592163 -0.2421281933784485 -0.011697584763169289
v 0.22867514193058014 -0.3283333480358124 -0.06219758465886116
v 0.22867514193058014 -0.273333340883255 -0.06219758465886116
v 0.3486751317977905 -0.3283333480358124 -0.06219758465886116
v 0.3486751317977905 -0.273333340883255 -0.06219758465886116
v 0.22867514193058014 -0.3283333480358124 -0.09861775487661362
v 0.22867514193058014 -0.273333340883255 -0.09861775487661362
v 0.3486751317977905 -0.3283333480358124 -0.09861775487661362
v 0.3486751317977905 -0.273333340883255 -0.09861775487661362
v 0.2356751412153244 -0.3283333480358124 -0.08811775594949722
v 0.2356751412153244 -0.3283333480358124 -0.09411775320768356
v 0.34167513251304626 -0.3283333480358124 -0.08811775594949722
v 0.34167513251304626 -0.3283333480358124 -0.09411775320768356
v 0.24167513847351074 -0.3283333480358124 -0.09411775320768356
v 0.33567512035369873 -0.3283333480358124 -0.09411775320768356
v 0.24167513847351074 -0.3283333480358124 -0.08811775594949722
v 0.33567512035369873 -0.3283333480358124 -0.08811775594949722
v 0.2356751412153244 -0.273333340883255 -0.08811775594949722
v 0.2356751412153244 -0.273333340883255 -0.09411775320768356
v 0.34167513251304626 -0.273333340883255 -0.08811775594949722
v 0.34167513251304626 -0.273333340883255 -0.09411775320768356
v 0.33567512035369873 -0.273333340883255 -0.09411775320768356
v 0.24167513847351074 -0.273333340883255 -0.09411775320768356
v 0.24167513847351074 -0.273333340883255 -0.08811775594949722
v 0.33567512035369873 -0.273333340883255 -0.08811775594949722
v 0.004999999888241291 -0.008660254068672657 -0.007197584956884384
v 0.004999999888241291 -0.008660254068672657 -0.007197584956884384
v 0.004999999888241291 -0.3283333480358124 -0.007197584956884384
v 0.004999999888241291 -0.3283333480358124 -0.007197584956884384
v 0.05999999865889549 -0.273333340883255 -0.007197584956884384
v 0.05999999865889549 -0.273333340883255 -0.007197584956884384
v 0.05999999865889549 -0.10392304509878159 -0.007197584956884384
v 0.05999999865889549 -0.10392304509878159 -0.007197584956884384
v 0.004999999888241291 -0.008660254068672657 -0.06219758465886116
v 0.004999999888241291 -0.008660254068672657 -0.06219758465886116
v 0.004999999888241291 -0.1066666692495346 -0.06219758465886116
v 0.004999999888241291 -0.1066666692495346 -0.06219758465886116
v 0.05999999865889549 -0.1066666692495346 -0.06219758465886116
v 0.05999999865889549 -0.1066666692495346 -0.06219758465886116
v 0.05999999865889549 -0.10392304509878159 -0.06219758465886116
v 0.05999999865889549 -0.10392304509878159 -0.06219758465886116
v 0.004999999888241291 -0.2266666740179062 -0.06219758465886116
v 0.004999999888241291 -0.2266666740179062 -0.06219758465886116
v 0.004999999888241291 -0.3283333480358124 -0.06219758465886116
v 0.004999999888241291 -0.3283333480358124 -0.06219758465886116
v 0.05999999865889549 -0.273333340883255 -0.06219758465886116
v 0.05999999865889549 -0.273333340883255 -0.06219758465886116
v 0.05999999865889549 -0.2266666740179062 -0.06219758465886116
v 0.05999999865889549 -0.2266666740179062 -0.06219758465886116
v 0.004999999888241291 -0.1066666692495346 -0.2767055630683899
v 0.004999999888241291 -0.1066666692495346 -0.2767055630683899
v 0.05999999865889549 -0.1066666692495346 -0.2767055630683899
v 0.05999999865889549 -0.1066666692495346 -0.2767055630683899
v 0.004999999888241291 -0.2266666740179062 -0.2767055630683899
v 0.004999999888241291 -0.2266666740179062 -0.2767055630683899
v 0.05999999865889549 -0.2266666740179062 -0.2767055630683899
v 0.05999999865889549 -0.2266666740179062 -0.2767055630683899
v 0.004999999888241291 -0.11366666853427887 -0.2662055492401123
v 0.004999999888241291 -0.11366666853427887 -0.2662055492401123
v 0.004999999888241291 -0.11366666853427887 -0.27220556139945984
v 0.004999999888241291 -0.11366666853427887 -0.27220556139945984
v 0.004999999888241291 -0.21966665983200073 -0.2662055492401123
v 0.004999999888241291 -0.21966665983200073 -0.2662055492401123
v 0.004999999888241291 -0.21966665983200073 -0.27220556139945984
v 0.004999999888241291 -0.21966665983200073 -0.27220556139945984
v 0.004999999888241291 -0.11966666579246521 -0.27220556139945984
v 0.004999999888241291 -0.11966666579246521 -0.27220556139945984
v 0.004999999888241291 -0.2136666625738144 -0.27220556139945984
v 0.004999999888241291 -0.2136666625738144 -0.27220556139945984
v 0.004999999888241291 -0.11966666579246521 -0.2662055492401123
v 0.004999999888241291 -0.11966666579246521 -0.2662055492401123
v 0.004999999888241291 -0.2136666625738144 -0.2662055492401123
v 0.004999999888241291 -0.2136666625738144 -0.2662055492401123
v 0.05999999865889549 -0.11366666853427887 -0.2662055492401123
v 0.05999999865889549 -0.11366666853427887 -0.2662055492401123
v 0.05999999865889549 -0.11366666853427887 -0.27220556139945984
v 0.05999999865889549 -0.11366666853427887 -0.27220556139945984
v 0.05999999865889549 -0.21966665983200073 -0.2662055492401123
v 0.05999999865889549 -0.21966665983200073 -0.2662055492401123
v 0.05999999865889549 -0.21966665983200073 -0.27220556139945984
v 0.05999999865889549 -0.21966665983200073 -0.27220556139945984
v 0.05999999865889549 -0.2136666625738144 -0.27220556139945984
v 0.05999999865889549 -0.2136666625738144 -0.27220556139945984
v 0.05999999865889549 -0.11966666579246521 -0.27220556139945984
v 0.05999999865889549 -0.11966666579246521 -0.27220556139945984
v 0.05999999865889549 -0.11966666579246521 -0.2662055492401123
v 0.05999999865889549 -0.11966666579246521 -0.2662055492401123
v 0.05999999865889549 -0.2136666625738144 -0.2662055492401123
v 0.05999999865889549 -0.2136666625738144 -0.2662055492401123
v 0.5586900115013123 -0.3283333480358124 -0.007197584956884384
v 0.5586900115013123 -0.3283333480358124 -0.007197584956884384
v 0.3534272313117981 -0.273333340883255 -0.007197584956884384
v 0.3534272313117981 -0.273333340883255 -0.007197584956884384
v 0.23421360552310944 -0.1409967988729477 -0.06219758465886116
v 0.23421360552310944 -0.1409967988729477 -0.06219758465886116
v 0.20671361684799194 -0.1886281967163086 -0.06219758465886116
v 0.20671361684799194 -0.1886281967163086 -0.06219758465886116
v 0.3381366729736328 -0.2009967863559723 -0.06219758465886116
v 0.3381366729736328 -0.2009967863559723 -0.06219758465886116
v 0.5586900115013123 -0.3283333480358124 -0.06219758465886116
v 0.5586900115013123 -0.3283333480358124 -0.06219758465886116
v 0.3534272313117981 -0.273333340883255 -0.06219758465886116
v 0.3534272313117981 -0.273333340883255 -0.06219758465886116
v 0.3106366693973541 -0.2486281841993332 -0.06219758465886116
v 0.3106366693973541 -0.2486281841993332 -0.06219758465886116
v 0.23421360552310944 -0.1409967988729477 -0.06719758361577988
v 0.23421360552310944 -0.1409967988729477 -0.06719758361577988
v 0.20671361684799194 -0.1886281967163086 -0.06719758361577988
v 0.20671361684799194 -0.1886281967163086 -0.06719758361577988
v 0.3381366729736328 -0.2009967863559723 -0.06719758361577988
v 0.3381366729736328 -0.2009967863559723 -0.06719758361577988
v 0.3106366693973541 -0.2486281841993332 -0.06719758361577988
v 0.3106366693973541 -0.2486281841993332 -0.06719758361577988
v 0.2402757853269577 -0.14449679851531982 -0.011697584763169289
v 0.2402757853269577 -0.14449679851531982 -0.011697584763169289
v 0.2402757853269577 -0.14449679851531982 -0.017697585746645927
v 0.2402757853269577 -0.14449679851531982 -0.017697585746645927
v 0.33207449316978455 -0.19749678671360016 -0.011697584763169289
v 0.33207449316978455 -0.19749678671360016 -0.011697584763169289
v 0.33207449316978455 -0.19749678671360016 -0.017697585746645927
v 0.33207449316978455 -0.19749678671360016 -0.017697585746645927
v 0.24547193944454193 -0.1474967896938324 -0.017697585746645927
v 0.24547193944454193 -0.1474967896938324 -0.017697585746645927
v 0.3268783390522003 -0.19449679553508759 -0.017697585746645927
v 0.3268783390522003 -0.19449679553508759 -0.017697585746645927
v 0.24547193944454193 -0.1474967896938324 -0.011697584763169289
v 0.24547193944454193 -0.1474967896938324 -0.011697584763169289
v 0.3268783390522003 -0.19449679553508759 -0.011697584763169289
v 0.3268783390522003 -0.19449679553508759 -0.011697584763169289
v 0.21277578175067902 -0.19212819635868073 -0.011697584763169289
v 0.21277578175067902 -0.19212819635868073 -0.011697584763169289
v 0.21277578175067902 -0.19212819635868073 -0.017697585746645927
v 0.21277578175067902 -0.19212819635868073 -0.017697585746645927
v 0.30457448959350586 -0.24512818455696106 -0.011697584763169289
v 0.30457448959350586 -0.24512818455696106 -0.011697584763169289
v 0.30457448959350586 -0.24512818455696106 -0.017697585746645927
v 0.30457448959350586 -0.24512818455696106 -0.017697585746645927
v 0.29937833547592163 -0.2421281933784485 -0.017697585746645927
v 0.29937833547592163 -0.2421281933784485 -0.017697585746645927
v 0.21797193586826324 -0.1951281875371933 -0.017697585746645927
v 0.21797193586826324 -0.1951281875371933 -0.017697585746645927
v 0.21797193586826324 -0.1951281875371933 -0.011697584763169289
v 0.21797193586826324 -0.1951281875371933 -0.011697584763169289
v 0.29937833547592163 -0.2421281933784485 -0.011697584763169289
v 0.29937833547592163 -0.2421281933784485 -0.011697584763169289
v 0.22867514193058014 -0.3283333480358124 -0.06219758465886116
v 0.22867514193058014 -0.3283333480358124 -0.06219758465886116
v 0.22867514193058014 -0.273333340883255 -0.06219758465886116
v 0.22867514193058014 -0.273333340883255 -0.06219758465886116
v 0.3486751317977905 -0.3283333480358124 -0.06219758465886116
v 0.3486751317977905 -0.3283333480358124 -0.06219758465886116
v 0.3486751317977905 -0.273333340883255 -0.06219758465886116
v 0.3486751317977905 -0.273333340883255 -0.06219758465886116
v 0.22867514193058014 -0.3283333480358124 -0.09861775487661362
v 0.22867514193058014 -0.3283333480358124 -0.09861775487661362
v 0.22867514193058014 -0.273333340883255 -0.09861775487661362
v 0.22867514193058014 -0.273333340883255 -0.09861775487661362
v 0.3486751317977905 -0.3283333480358124 -0.09861775487661362
v 0.3486751317977905 -0.3283333480358124 -0.09861775487661362
v 0.3486751317977905 -0.273333340883255 -0.09861775487661362
v 0.3486751317977905 -0.273333340883255 -0.09861775487661362
v 0.2356751412153244 -0.3283333480358124 -0.08811775594949722
v 0.2356751412153244 -0.3283333480358124 -0.08811775594949722
v 0.2356751412153244 -0.3283333480358124 -0.09411775320768356
v 0.2356751412153244 -0.3283333480358124 -0.09411775320768356
v 0.34167513251304626 -0.3283333480358124 -0.08811775594949722
v 0.34167513251304626 -0.3283333480358124 -0.08811775594949722
v 0.34167513251304626 -0.3283333480358124 -0.09411775320768356
v 0.34167513251304626 -0.3283333480358124 -0.09411775320768356
v 0.24167513847351074 -0.3283333480358124 -0.09411775320768356
v 0.24167513847351074 -0.3283333480358124 -0.09411775320768356
v 0.33567512035369873 -0.3283333480358124 -0.09411775320768356
v 0.33567512035369873 -0.3283333480358124 -0.09411775320768356
v 0.24167513847351074 -0.3283333480358124 -0.08811775594949722
v 0.24167513847351074 -0.3283333480358124 -0.08811775594949722
v 0.33567512035369873 -0.3283333480358124 -0.08811775594949722
v 0.33567512035369873 -0.3283333480358124 -0.08811775594949722
v 0.2356751412153244 -0.273333340883255 -0.08811775594949722
v 0.2356751412153244 -0.273333340883255 -0.08811775594949722
v 0.2356751412153244 -0.273333340883255 -0.09411775320768356
v 0.2356751412153244 -0.273333340883255 -0.09411775320768356
v 0.34167513251304626 -0.273333340883255 -0.08811775594949722
v 0.34167513251304626 -0.273333340883255 -0.08811775594949722
v 0.34167513251304626 -0.273333340883255 -0.09411775320768356
v 0.34167513251304626 -0.273333340883255 -0.09411775320768356
v 0.33567512035369873 -0.273333340883255 -0.09411775320768356
v 0.33567512035369873 -0.273333340883255 -0.09411775320768356
v 0.24167513847351074 -0.273333340883255 -0.09411775320768356
v 0.24167513847351074 -0.273333340883255 -0.09411775320768356
v 0.24167513847351074 -0.273333340883255 -0.08811775594949722
v 0.24167513847351074 -0.273333340883255 -0.08811775594949722
v 0.33567512035369873 -0.273333340883255 -0.08811775594949722
v 0.33567512035369873 -0.273333340883255 -0.08811775594949722
vn 0 0 1
vn 0 0 1
vn 0 0 1
vn 0 0 1
vn 0 0 -1
vn 0 0 -1
vn 0 0 -1
vn 0 0 -1
vn 0 0 -1
vn 0 0 -1
vn 0 0 -1
vn 0 0 -1
vn 0 1 0
vn 0 1 0
vn 0 -1 0
vn 0 -1 0
vn -1 0 0
vn -1 0 0
vn -1 0 0
vn -1 0 0
vn -1 0 0
vn -1 0 0
vn -1 0 0
vn -1 0 0
vn 1 0 0
vn 1 0 0
vn 1 0 0
vn 1 0 0
vn 1 0 0
vn 1 0 0
vn 1 0 0
vn 1 0 0
vn 0 0 1
vn 0 0 1
vn 0 0 -1
vn 0 0 -1
vn 0 0 -1
vn 0 0 -1
vn 0 0 -1
vn 0 0 -1
vn -0.8660255074501038 0.49999985098838806 0
vn -0.8660255074501038 0.49999985098838806 0
vn 0.8660253882408142 -0.5000000596046448 0
vn 0.8660253882408142 -0.5000000596046448 0
vn 0.49999967217445374 0.8660256266593933 0.000029417164114420302
vn 0.4999995827674866 0.8660256862640381 -7.116773304005619e-7
vn 0.4999995529651642 0.8660256862640381 0.000029407541660475545
vn 0.4999994933605194 0.8660256862640381 -5.793398472064837e-8
vn 0.4999997019767761 0.8660255670547485 -6.622260571020888e-7
vn 0.49999961256980896 0.8660256266593933 7.24683024699857e-9
vn 0.49999961256980896 0.8660256266593933 0.000040696351788938046
vn 0.4999997019767761 0.8660255670547485 0.00002317799226148054
vn -0.49999991059303284 -0.8660255074501038 -0.000011953469766012859
vn -0.5000001192092896 -0.8660253882408142 -1.0810612138811848e-7
vn -0.4999995827674866 -0.8660256862640381 -0.000006745581231371034
vn -0.49999961256980896 -0.8660256266593933 -7.51501431750512e-7
vn -0.49999961256980896 -0.8660256266593933 -9.833124750002753e-7
vn -0.4999997019767761 -0.8660255670547485 -6.982317302117735e-8
vn -0.49999961256980896 -0.8660256266593933 -0.000016747157133067958
vn -0.4999997019767761 -0.8660255670547485 -0.000005216094450588571
vn 0 0 -1
vn 0 0 -1
vn 0 0 -1
vn 0 0 -1
vn -1 0 0
vn -1 0 0
vn 1 0 0
vn 1 0 0
vn 0 -1 0
vn 0 -1 0
vn 0 -1 0
vn 0 -1 0
vn 0 -1 0
vn 0 -1 0
vn 0 -1 0
vn 0 -1 0
vn 0 1 0
vn 0 1 0
vn 0 1 0
vn 0 1 0
vn 0 1 0
vn 0 1 0
vn 0 1 0
vn 0 1 0
vn -1 0 0
vn 0.5 0.8660253882408142 3.622838207206769e-8
vn -1 0 0
vn 0 -1 0
vn 1 0 0
vn 0 1 0
vn 1 0 0
vn -0.5 -0.8660253882408142 5.825681341775635e-7
vn -1 0 0
vn 0.5 0.8660253882408142 0
vn 0 1 0
vn -1 0 0
vn 0 1 0
vn 1 0 0
vn 1 0 0
vn -0.5 -0.8660253882408142 0
vn 0 -1 0
vn -1 0 0
vn -1 0 0
vn 0 -1 0
vn 1 0 0
vn 0 1 0
vn 0 -1 0
vn 1 0 0
vn 0 0 -1
vn -1 0 0
vn 0 0 -1
vn 1 0 0
vn 0 0 -1
vn -1 0 0
vn 0 0 -1
vn 1 0 0
vn 0 0 -1
vn 0 -1 0
vn 0 -1 0
vn 0 0 1
vn 0 0 -1
vn 0 1 0
vn 0 1 0
vn 0 0 1
vn 0 1 0
vn 0 0 1
vn 0 -1 0
vn 0 0 1
vn 0 1 0
vn 0 0 -1
vn 0 -1 0
vn 0 0 -1
vn 0 0 -1
vn 0 -1 0
vn 0 -1 0
vn 0 0 1
vn 0 0 -1
vn 0 1 0
vn 0 1 0
vn 0 0 1
vn 0 -1 0
vn 0 0 1
vn 0 1 0
vn 0 0 1
vn 0 1 0
vn 0 0 -1
vn 0 -1 0
vn 0 0 -1
vn 0.49999964237213135 0.8660256266593933 0.000035074805055046454
vn 0 -1 0
vn -0.49999967217445374 -0.8660256266593933 -0.00001143618192145368
vn 0 1 0
vn -0.8660255074501038 0.49999985098838806 0
vn 0.4999999403953552 0.866025447845459 -7.117208600249114e-9
vn -0.8660255074501038 0.49999985098838806 0
vn -0.5000004172325134 -0.8660252094268799 -2.8354460113177993e-8
vn 0.8660253882408142 -0.5000000596046448 0
vn 0.4999999403953552 0.866025447845459 9.937651590519181e-9
vn 0.5000001192092896 0.8660253286361694 0
vn 0 -1 0
vn -0.5000002384185791 -0.8660252690315247 0
vn 0 1 0
vn 0.8660253882408142 -0.5000000596046448 0
vn -0.5000000596046448 -0.866025447845459 -1.3063475634567112e-8
vn 0 0 -1
vn 0.49999985098838806 0.8660255074501038 -1.1312872860713696e-9
vn 0 0 -1
vn -0.49999967217445374 -0.8660256266593933 -6.570597292920866e-7
vn 0 0 -1
vn 0.49999943375587463 0.8660257458686829 -5.649937406815297e-7
vn 0 0 -1
vn -0.49999991059303284 -0.8660255074501038 -5.521360257887409e-9
vn 0 0 -1
vn 0.8660253882408142 -0.5000000596046448 0
vn 0.8660253882408142 -0.5000000596046448 0
vn 0 0 1
vn 0 0 -1
vn -0.8660253882408142 0.5000000596046448 0
vn -0.8660253882408142 0.5000000596046448 0
vn 0 0 1
vn -0.8660253882408142 0.5000000596046448 0
vn 0 0 1
vn 0.8660253882408142 -0.5000000596046448 0
vn 0 0 1
vn -0.8660253882408142 0.5000000596046448 0
vn 0 0 -1
vn 0.8660253882408142 -0.5000000596046448 0
vn 0 0 -1
vn 0 0 -1
vn 0.8660253882408142 -0.5000000596046448 0
vn 0.8660253882408142 -0.5000000596046448 0
vn 0 0 1
vn 0 0 -1
vn -0.8660253882408142 0.5000000596046448 0
vn -0.8660253882408142 0.5000000596046448 0
vn 0 0 1
vn 0.8660253882408142 -0.5000000596046448 0
vn 0 0 1
vn -0.8660253882408142 0.5000000596046448 0
vn 0 0 1
vn -0.8660253882408142 0.5000000596046448 0
vn 0 0 -1
vn 0.8660253882408142 -0.5000000596046448 0
vn 0 0 -1
vn -1 0 0
vn 0 -1 0
vn -1 0 0
vn 0 1 0
vn 1 0 0
vn 0 -1 0
vn 1 0 0
vn 0 1 0
vn 0 0 -1
vn 0 -1 0
vn 0 0 -1
vn 0 1 0
vn 0 0 -1
vn 0 -1 0
vn 0 0 -1
vn 0 1 0
vn 0 0 -1
vn 1 0 0
vn 1 0 0
vn 0 0 1
vn 0 0 -1
vn -1 0 0
vn -1 0 0
vn 0 0 1
vn -1 0 0
vn 0 0 1
vn 1 0 0
vn 0 0 1
vn -1 0 0
vn 0 0 -1
vn 1 0 0
vn 0 0 -1
vn 0 0 -1
vn 1 0 0
vn 1 0 0
vn 0 0 1
vn 0 0 -1
vn -1 0 0
vn -1 0 0
vn 0 0 1
vn 1 0 0
vn 0 0 1
vn -1 0 0
vn 0 0 1
vn -1 0 0
vn 0 0 -1
vn 1 0 0
vn 0 0 -1

g grp2521
usemtl mtl2521
f 2523//2523 2524//2524 2522//2522 
f 2521//2521 2522//2522 2524//2524 
f 2528//2528 2526//2526 2525//2525 
f 2526//2526 2528//2528 2527//2527 
f 2529//2529 2531//2531 2530//2530 
f 2531//2531 2529//2529 2532//2532 
f 2617//2617 2533//2533 2615//2615 
f 2533//2533 2617//2617 2534//2534 
f 2621//2621 2535//2535 2627//2627 
f 2536//2536 2627//2627 2535//2535 
f 2631//2631 2633//2633 2629//2629 
f 2633//2633 2631//2631 2635//2635 
f 2537//2537 2630//2630 2538//2538 
f 2630//2630 2537//2537 2616//2616 
f 2540//2540 2634//2634 2539//2539 
f 2622//2622 2539//2539 2634//2634 
f 2630//2630 2541//2541 2538//2538 
f 2542//2542 2634//2634 2540//2540 
f 2542//2542 2630//2630 2634//2634 
f 2630//2630 2542//2542 2541//2541 
f 2541//2541 2544//2544 2543//2543 
f 2544//2544 2541//2541 2542//2542 
f 2616//2616 2605//2605 2613//2613 
f 2607//2607 2622//2622 2623//2623 
f 2605//2605 2622//2622 2607//2607 
f 2616//2616 2622//2622 2605//2605 
f 2616//2616 2539//2539 2622//2622 
f 2543//2543 2616//2616 2537//2537 
f 2544//2544 2616//2616 2543//2543 
f 2616//2616 2544//2544 2539//2539 
f 2546//2546 2632//2632 2545//2545 
f 2618//2618 2545//2545 2632//2632 
f 2547//2547 2636//2636 2548//2548 
f 2636//2636 2547//2547 2628//2628 
f 2550//2550 2632//2632 2546//2546 
f 2636//2636 2549//2549 2548//2548 
f 2632//2632 2549//2549 2636//2636 
f 2549//2549 2632//2632 2550//2550 
f 2551//2551 2552//2552 2550//2550 
f 2549//2549 2550//2550 2552//2552 
f 2628//2628 2609//2609 2625//2625 
f 2628//2628 2611//2611 2609//2609 
f 2547//2547 2611//2611 2628//2628 
f 2611//2611 2618//2618 2619//2619 
f 2547//2547 2618//2618 2611//2611 
f 2618//2618 2551//2551 2545//2545 
f 2618//2618 2552//2552 2551//2551 
f 2552//2552 2618//2618 2547//2547 
f 2649//2649 2665//2665 2645//2645 
f 2663//2663 2645//2645 2665//2665 
f 2650//2650 2637//2637 2666//2666 
f 2653//2653 2666//2666 2637//2637 
f 2639//2639 2654//2654 2638//2638 
f 2654//2654 2639//2639 2655//2655 
f 2640//2640 2646//2646 2656//2656 
f 2664//2664 2656//2656 2646//2646 
f 2647//2647 2667//2667 2651//2651 
f 2667//2667 2647//2647 2661//2661 
f 2668//2668 2641//2641 2652//2652 
f 2641//2641 2668//2668 2657//2657 
f 2642//2642 2658//2658 2643//2643 
f 2659//2659 2643//2643 2658//2658 
f 2648//2648 2644//2644 2662//2662 
f 2660//2660 2662//2662 2644//2644 
f 2554//2554 2521//2521 2524//2524 
f 2521//2521 2554//2554 2553//2553 
f 2556//2556 2528//2528 2555//2555 
f 2525//2525 2555//2555 2528//2528 
f 2560//2560 2557//2557 2559//2559 
f 2558//2558 2559//2559 2557//2557 
f 2673//2673 2561//2561 2675//2675 
f 2562//2562 2675//2675 2561//2561 
f 2683//2683 2563//2563 2677//2677 
f 2563//2563 2683//2683 2564//2564 
f 2689//2689 2691//2691 2685//2685 
f 2687//2687 2685//2685 2691//2691 
f 2565//2565 2566//2566 2674//2674 
f 2686//2686 2674//2674 2566//2566 
f 2678//2678 2568//2568 2567//2567 
f 2568//2568 2678//2678 2690//2690 
f 2686//2686 2566//2566 2690//2690 
f 2568//2568 2690//2690 2570//2570 
f 2570//2570 2690//2690 2569//2569 
f 2569//2569 2690//2690 2566//2566 
f 2571//2571 2572//2572 2569//2569 
f 2570//2570 2569//2569 2572//2572 
f 2679//2679 2678//2678 2669//2669 
f 2614//2614 2606//2606 2674//2674 
f 2678//2678 2567//2567 2669//2669 
f 2674//2674 2606//2606 2565//2565 
f 2606//2606 2669//2669 2565//2565 
f 2567//2567 2572//2572 2669//2669 
f 2572//2572 2571//2571 2669//2669 
f 2565//2565 2669//2669 2571//2571 
f 2676//2676 2574//2574 2573//2573 
f 2574//2574 2676//2676 2688//2688 
f 2575//2575 2576//2576 2684//2684 
f 2692//2692 2684//2684 2576//2576 
f 2692//2692 2576//2576 2688//2688 
f 2574//2574 2688//2688 2578//2578 
f 2578//2578 2688//2688 2577//2577 
f 2576//2576 2577//2577 2688//2688 
f 2578//2578 2580//2580 2579//2579 
f 2580//2580 2578//2578 2577//2577 
f 2681//2681 2671//2671 2684//2684 
f 2684//2684 2671//2671 2575//2575 
f 2620//2620 2676//2676 2612//2612 
f 2676//2676 2573//2573 2612//2612 
f 2612//2612 2573//2573 2671//2671 
f 2575//2575 2671//2671 2580//2580 
f 2580//2580 2671//2671 2579//2579 
f 2573//2573 2579//2579 2671//2671 
f 2701//2701 2721//2721 2705//2705 
f 2721//2721 2701//2701 2719//2719 
f 2722//2722 2693//2693 2706//2706 
f 2693//2693 2722//2722 2709//2709 
f 2694//2694 2710//2710 2695//2695 
f 2711//2711 2695//2695 2710//2710 
f 2696//2696 2720//2720 2702//2702 
f 2720//2720 2696//2696 2712//2712 
f 2707//2707 2723//2723 2703//2703 
f 2717//2717 2703//2703 2723//2723 
f 2697//2697 2713//2713 2708//2708 
f 2724//2724 2708//2708 2713//2713 
f 2699//2699 2714//2714 2698//2698 
f 2714//2714 2699//2699 2715//2715 
f 2704//2704 2716//2716 2700//2700 
f 2716//2716 2704//2704 2718//2718 
f 2523//2523 2522//2522 2554//2554 
f 2553//2553 2554//2554 2522//2522 
f 2581//2581 2531//2531 2582//2582 
f 2530//2530 2531//2531 2581//2581 
f 2583//2583 2559//2559 2558//2558 
f 2559//2559 2583//2583 2584//2584 
f 2727//2727 2585//2585 2725//2725 
f 2585//2585 2727//2727 2586//2586 
f 2729//2729 2587//2587 2731//2731 
f 2588//2588 2731//2731 2587//2587 
f 2735//2735 2737//2737 2733//2733 
f 2737//2737 2735//2735 2739//2739 
f 2589//2589 2734//2734 2590//2590 
f 2734//2734 2589//2589 2726//2726 
f 2592//2592 2738//2738 2591//2591 
f 2730//2730 2591//2591 2738//2738 
f 2594//2594 2738//2738 2592//2592 
f 2734//2734 2593//2593 2590//2590 
f 2594//2594 2734//2734 2738//2738 
f 2593//2593 2734//2734 2594//2594 
f 2593//2593 2596//2596 2595//2595 
f 2596//2596 2593//2593 2594//2594 
f 2670//2670 2730//2730 2680//2680 
f 2726//2726 2608//2608 2624//2624 
f 2730//2730 2596//2596 2591//2591 
f 2730//2730 2595//2595 2596//2596 
f 2595//2595 2726//2726 2589//2589 
f 2730//2730 2726//2726 2595//2595 
f 2726//2726 2670//2670 2608//2608 
f 2670//2670 2726//2726 2730//2730 
f 2598//2598 2736//2736 2597//2597 
f 2728//2728 2597//2597 2736//2736 
f 2599//2599 2740//2740 2600//2600 
f 2740//2740 2599//2599 2732//2732 
f 2740//2740 2601//2601 2600//2600 
f 2602//2602 2736//2736 2598//2598 
f 2736//2736 2601//2601 2740//2740 
f 2736//2736 2602//2602 2601//2601 
f 2603//2603 2604//2604 2602//2602 
f 2601//2601 2602//2602 2604//2604 
f 2610//2610 2728//2728 2626//2626 
f 2672//2672 2728//2728 2610//2610 
f 2604//2604 2732//2732 2599//2599 
f 2603//2603 2732//2732 2604//2604 
f 2728//2728 2603//2603 2597//2597 
f 2728//2728 2732//2732 2603//2603 
f 2672//2672 2732//2732 2728//2728 
f 2732//2732 2672//2672 2682//2682 
f 2753//2753 2769//2769 2749//2749 
f 2767//2767 2749//2749 2769//2769 
f 2754//2754 2741//2741 2770//2770 
f 2757//2757 2770//2770 2741//2741 
f 2743//2743 2758//2758 2742//2742 
f 2758//2758 2743//2743 2759//2759 
f 2744//2744 2750//2750 2760//2760 
f 2768//2768 2760//2760 2750//2750 
f 2751//2751 2771//2771 2755//2755 
f 2771//2771 2751//2751 2765//2765 
f 2772//2772 2745//2745 2756//2756 
f 2745//2745 2772//2772 2761//2761 
f 2746//2746 2762//2762 2747//2747 
f 2763//2763 2747//2747 2762//2762 
f 2752//2752 2748//2748 2766//2766 
f 2764//2764 2766//2766 2748//2748 
v -0.004999999888241291 -0.9913397431373596 -0.10549027472734451
v -0.004999999888241291 -0.351993590593338 -0.10549027472734451
v -0.05999999865889549 -0.5572564005851746 -0.10549027472734451
v -0.05999999865889549 -0.8960769772529602 -0.10549027472734451
v -0.004999999888241291 -0.9913397431373596 -0.1604902744293213
v -0.004999999888241291 -0.7266666889190674 -0.1604902744293213
v -0.05999999865889549 -0.7266666889190674 -0.1604902744293213
v -0.05999999865889549 -0.8960769772529602 -0.1604902744293213
v -0.004999999888241291 -0.6066666841506958 -0.1604902744293213
v -0.004999999888241291 -0.351993590593338 -0.1604902744293213
v -0.05999999865889549 -0.5572564005851746 -0.1604902744293213
v -0.05999999865889549 -0.6066666841506958 -0.1604902744293213
v -0.004999999888241291 -0.7266666889190674 -0.1654902696609497
v -0.05999999865889549 -0.7266666889190674 -0.1654902696609497
v -0.004999999888241291 -0.6066666841506958 -0.1654902696609497
v -0.05999999865889549 -0.6066666841506958 -0.1654902696609497
v -0.004999999888241291 -0.7196666598320007 -0.10999026894569397
v -0.004999999888241291 -0.7196666598320007 -0.11599027365446091
v -0.004999999888241291 -0.6136666536331177 -0.10999026894569397
v -0.004999999888241291 -0.6136666536331177 -0.11599027365446091
v -0.004999999888241291 -0.7136666774749756 -0.11599027365446091
v -0.004999999888241291 -0.6196666955947876 -0.11599027365446091
v -0.004999999888241291 -0.7136666774749756 -0.10999026894569397
v -0.004999999888241291 -0.6196666955947876 -0.10999026894569397
v -0.05999999865889549 -0.7196666598320007 -0.10999026894569397
v -0.05999999865889549 -0.7196666598320007 -0.11599027365446091
v -0.05999999865889549 -0.6136666536331177 -0.10999026894569397
v -0.05999999865889549 -0.6136666536331177 -0.11599027365446091
v -0.05999999865889549 -0.6196666955947876 -0.11599027365446091
v -0.05999999865889549 -0.7136666774749756 -0.11599027365446091
v -0.05999999865889549 -0.7136666774749756 -0.10999026894569397
v -0.05999999865889549 -0.6196666955947876 -0.10999026894569397
v -0.28184500336647034 -0.8315032124519348 -0.10549027472734451
v -0.20671361684799194 -0.8113718032836914 -0.10549027472734451
v -0.08987604081630707 -0.9423365592956543 -0.1604902744293213
v -0.06237604469060898 -0.8947051167488098 -0.1604902744293213
v -0.19379909336566925 -0.8823365569114685 -0.1604902744293213
v -0.28184500336647034 -0.8315032124519348 -0.1604902744293213
v -0.20671361684799194 -0.8113718032836914 -0.1604902744293213
v -0.16629908978939056 -0.834705114364624 -0.1604902744293213
v -0.08987604081630707 -0.9423365592956543 -0.1654902696609497
v -0.06237604469060898 -0.8947051167488098 -0.1654902696609497
v -0.19379909336566925 -0.8823365569114685 -0.1654902696609497
v -0.16629908978939056 -0.834705114364624 -0.1654902696609497
v -0.09593822062015533 -0.9388365149497986 -0.10999026894569397
v -0.09593822062015533 -0.9388365149497986 -0.11599027365446091
v -0.18773691356182098 -0.8858365416526794 -0.10999026894569397
v -0.18773691356182098 -0.8858365416526794 -0.11599027365446091
v -0.10113437473773956 -0.9358365535736084 -0.11599027365446091
v -0.18254075944423676 -0.8888365626335144 -0.11599027365446091
v -0.10113437473773956 -0.9358365535736084 -0.10999026894569397
v -0.18254075944423676 -0.8888365626335144 -0.10999026894569397
v -0.06843822449445724 -0.8912051320075989 -0.10999026894569397
v -0.06843822449445724 -0.8912051320075989 -0.11599027365446091
v -0.1602369099855423 -0.8382051587104797 -0.10999026894569397
v -0.1602369099855423 -0.8382051587104797 -0.11599027365446091
v -0.15504075586795807 -0.8412051200866699 -0.11599027365446091
v -0.07363437116146088 -0.8882051706314087 -0.11599027365446091
v -0.07363437116146088 -0.8882051706314087 -0.10999026894569397
v -0.15504075586795807 -0.8412051200866699 -0.10999026894569397
v -0.11000744253396988 -0.5338718295097351 -0.1604902744293213
v -0.06237604469060898 -0.5613718032836914 -0.1604902744293213
v -0.17000743746757507 -0.6377948522567749 -0.1604902744293213
v -0.12237603962421417 -0.665294885635376 -0.1604902744293213
v -0.11000744253396988 -0.5338718295097351 -0.20115071535110474
v -0.06237604469060898 -0.5613718032836914 -0.20115071535110474
v -0.17000743746757507 -0.6377948522567749 -0.20115071535110474
v -0.12237603962421417 -0.665294885635376 -0.20115071535110474
v -0.11350744217634201 -0.539933979511261 -0.19065071642398834
v -0.11350744217634201 -0.539933979511261 -0.19665071368217468
v -0.16650743782520294 -0.631732702255249 -0.19065071642398834
v -0.16650743782520294 -0.631732702255249 -0.19665071368217468
v -0.11650744080543518 -0.5451301336288452 -0.19665071368217468
v -0.16350744664669037 -0.6265365481376648 -0.19665071368217468
v -0.11650744080543518 -0.5451301336288452 -0.19065071642398834
v -0.16350744664669037 -0.6265365481376648 -0.19065071642398834
v -0.06587604433298111 -0.5674340128898621 -0.19065071642398834
v -0.06587604433298111 -0.5674340128898621 -0.19665071368217468
v -0.11887603998184204 -0.6592326760292053 -0.19065071642398834
v -0.11887603998184204 -0.6592326760292053 -0.19665071368217468
v -0.11587604135274887 -0.6540365219116211 -0.19665071368217468
v -0.06887604296207428 -0.5726301670074463 -0.19665071368217468
v -0.06887604296207428 -0.5726301670074463 -0.19065071642398834
v -0.11587604135274887 -0.6540365219116211 -0.19065071642398834
v -0.004999999888241291 -0.9913397431373596 -0.10549027472734451
v -0.004999999888241291 -0.9913397431373596 -0.10549027472734451
v -0.004999999888241291 -0.351993590593338 -0.10549027472734451
v -0.004999999888241291 -0.351993590593338 -0.10549027472734451
v -0.05999999865889549 -0.5572564005851746 -0.10549027472734451
v -0.05999999865889549 -0.5572564005851746 -0.10549027472734451
v -0.05999999865889549 -0.8960769772529602 -0.10549027472734451
v -0.05999999865889549 -0.8960769772529602 -0.10549027472734451
v -0.004999999888241291 -0.9913397431373596 -0.1604902744293213
v -0.004999999888241291 -0.9913397431373596 -0.1604902744293213
v -0.004999999888241291 -0.7266666889190674 -0.1604902744293213
v -0.004999999888241291 -0.7266666889190674 -0.1604902744293213
v -0.05999999865889549 -0.7266666889190674 -0.1604902744293213
v -0.05999999865889549 -0.7266666889190674 -0.1604902744293213
v -0.05999999865889549 -0.8960769772529602 -0.1604902744293213
v -0.05999999865889549 -0.8960769772529602 -0.1604902744293213
v -0.004999999888241291 -0.6066666841506958 -0.1604902744293213
v -0.004999999888241291 -0.6066666841506958 -0.1604902744293213
v -0.004999999888241291 -0.351993590593338 -0.1604902744293213
v -0.004999999888241291 -0.351993590593338 -0.1604902744293213
v -0.05999999865889549 -0.5572564005851746 -0.1604902744293213
v -0.05999999865889549 -0.5572564005851746 -0.1604902744293213
v -0.05999999865889549 -0.6066666841506958 -0.1604902744293213
v -0.05999999865889549 -0.6066666841506958 -0.1604902744293213
v -0.004999999888241291 -0.7266666889190674 -0.1654902696609497
v -0.004999999888241291 -0.7266666889190674 -0.1654902696609497
v -0.05999999865889549 -0.7266666889190674 -0.1654902696609497
v -0.05999999865889549 -0.7266666889190674 -0.1654902696609497
v -0.004999999888241291 -0.6066666841506958 -0.1654902696609497
v -0.004999999888241291 -0.6066666841506958 -0.1654902696609497
v -0.05999999865889549 -0.6066666841506958 -0.1654902696609497
v -0.05999999865889549 -0.6066666841506958 -0.1654902696609497
v -0.004999999888241291 -0.7196666598320007 -0.10999026894569397
v -0.004999999888241291 -0.7196666598320007 -0.10999026894569397
v -0.004999999888241291 -0.7196666598320007 -0.11599027365446091
v -0.004999999888241291 -0.7196666598320007 -0.11599027365446091
v -0.004999999888241291 -0.6136666536331177 -0.10999026894569397
v -0.004999999888241291 -0.6136666536331177 -0.10999026894569397
v -0.004999999888241291 -0.6136666536331177 -0.11599027365446091
v -0.004999999888241291 -0.6136666536331177 -0.11599027365446091
v -0.004999999888241291 -0.7136666774749756 -0.11599027365446091
v -0.004999999888241291 -0.7136666774749756 -0.11599027365446091
v -0.004999999888241291 -0.6196666955947876 -0.11599027365446091
v -0.004999999888241291 -0.6196666955947876 -0.11599027365446091
v -0.004999999888241291 -0.7136666774749756 -0.10999026894569397
v -0.004999999888241291 -0.7136666774749756 -0.10999026894569397
v -0.004999999888241291 -0.6196666955947876 -0.10999026894569397
v -0.004999999888241291 -0.6196666955947876 -0.10999026894569397
v -0.05999999865889549 -0.7196666598320007 -0.10999026894569397
v -0.05999999865889549 -0.7196666598320007 -0.10999026894569397
v -0.05999999865889549 -0.7196666598320007 -0.11599027365446091
v -0.05999999865889549 -0.7196666598320007 -0.11599027365446091
v -0.05999999865889549 -0.6136666536331177 -0.10999026894569397
v -0.05999999865889549 -0.6136666536331177 -0.10999026894569397
v -0.05999999865889549 -0.6136666536331177 -0.11599027365446091
v -0.05999999865889549 -0.6136666536331177 -0.11599027365446091
v -0.05999999865889549 -0.6196666955947876 -0.11599027365446091
v -0.05999999865889549 -0.6196666955947876 -0.11599027365446091
v -0.05999999865889549 -0.7136666774749756 -0.11599027365446091
v -0.05999999865889549 -0.7136666774749756 -0.11599027365446091
v -0.05999999865889549 -0.7136666774749756 -0.10999026894569397
v -0.05999999865889549 -0.7136666774749756 -0.10999026894569397
v -0.05999999865889549 -0.6196666955947876 -0.10999026894569397
v -0.05999999865889549 -0.6196666955947876 -0.10999026894569397
v -0.28184500336647034 -0.8315032124519348 -0.10549027472734451
v -0.28184500336647034 -0.8315032124519348 -0.10549027472734451
v -0.20671361684799194 -0.8113718032836914 -0.10549027472734451
v -0.20671361684799194 -0.8113718032836914 -0.10549027472734451
v -0.08987604081630707 -0.9423365592956543 -0.1604902744293213
v -0.08987604081630707 -0.9423365592956543 -0.1604902744293213
v -0.06237604469060898 -0.8947051167488098 -0.1604902744293213
v -0.06237604469060898 -0.8947051167488098 -0.1604902744293213
v -0.19379909336566925 -0.8823365569114685 -0.1604902744293213
v -0.19379909336566925 -0.8823365569114685 -0.1604902744293213
v -0.28184500336647034 -0.8315032124519348 -0.1604902744293213
v -0.28184500336647034 -0.8315032124519348 -0.1604902744293213
v -0.20671361684799194 -0.8113718032836914 -0.1604902744293213
v -0.20671361684799194 -0.8113718032836914 -0.1604902744293213
v -0.16629908978939056 -0.834705114364624 -0.1604902744293213
v -0.16629908978939056 -0.834705114364624 -0.1604902744293213
v -0.08987604081630707 -0.9423365592956543 -0.1654902696609497
v -0.08987604081630707 -0.9423365592956543 -0.1654902696609497
v -0.06237604469060898 -0.8947051167488098 -0.1654902696609497
v -0.06237604469060898 -0.8947051167488098 -0.1654902696609497
v -0.19379909336566925 -0.8823365569114685 -0.1654902696609497
v -0.19379909336566925 -0.8823365569114685 -0.1654902696609497
v -0.16629908978939056 -0.834705114364624 -0.1654902696609497
v -0.16629908978939056 -0.834705114364624 -0.1654902696609497
v -0.09593822062015533 -0.9388365149497986 -0.10999026894569397
v -0.09593822062015533 -0.9388365149497986 -0.10999026894569397
v -0.09593822062015533 -0.9388365149497986 -0.11599027365446091
v -0.09593822062015533 -0.9388365149497986 -0.11599027365446091
v -0.18773691356182098 -0.8858365416526794 -0.10999026894569397
v -0.18773691356182098 -0.8858365416526794 -0.10999026894569397
v -0.18773691356182098 -0.8858365416526794 -0.11599027365446091
v -0.18773691356182098 -0.8858365416526794 -0.11599027365446091
v -0.10113437473773956 -0.9358365535736084 -0.11599027365446091
v -0.10113437473773956 -0.9358365535736084 -0.11599027365446091
v -0.18254075944423676 -0.8888365626335144 -0.11599027365446091
v -0.18254075944423676 -0.8888365626335144 -0.11599027365446091
v -0.10113437473773956 -0.9358365535736084 -0.10999026894569397
v -0.10113437473773956 -0.9358365535736084 -0.10999026894569397
v -0.18254075944423676 -0.8888365626335144 -0.10999026894569397
v -0.18254075944423676 -0.8888365626335144 -0.10999026894569397
v -0.06843822449445724 -0.8912051320075989 -0.10999026894569397
v -0.06843822449445724 -0.8912051320075989 -0.10999026894569397
v -0.06843822449445724 -0.8912051320075989 -0.11599027365446091
v -0.06843822449445724 -0.8912051320075989 -0.11599027365446091
v -0.1602369099855423 -0.8382051587104797 -0.10999026894569397
v -0.1602369099855423 -0.8382051587104797 -0.10999026894569397
v -0.1602369099855423 -0.8382051587104797 -0.11599027365446091
v -0.1602369099855423 -0.8382051587104797 -0.11599027365446091
v -0.15504075586795807 -0.8412051200866699 -0.11599027365446091
v -0.15504075586795807 -0.8412051200866699 -0.11599027365446091
v -0.07363437116146088 -0.8882051706314087 -0.11599027365446091
v -0.07363437116146088 -0.8882051706314087 -0.11599027365446091
v -0.07363437116146088 -0.8882051706314087 -0.10999026894569397
v -0.07363437116146088 -0.8882051706314087 -0.10999026894569397
v -0.15504075586795807 -0.8412051200866699 -0.10999026894569397
v -0.15504075586795807 -0.8412051200866699 -0.10999026894569397
v -0.11000744253396988 -0.5338718295097351 -0.1604902744293213
v -0.11000744253396988 -0.5338718295097351 -0.1604902744293213
v -0.06237604469060898 -0.5613718032836914 -0.1604902744293213
v -0.06237604469060898 -0.5613718032836914 -0.1604902744293213
v -0.17000743746757507 -0.6377948522567749 -0.1604902744293213
v -0.17000743746757507 -0.6377948522567749 -0.1604902744293213
v -0.12237603962421417 -0.665294885635376 -0.1604902744293213
v -0.12237603962421417 -0.665294885635376 -0.1604902744293213
v -0.11000744253396988 -0.5338718295097351 -0.20115071535110474
v -0.11000744253396988 -0.5338718295097351 -0.20115071535110474
v -0.06237604469060898 -0.5613718032836914 -0.20115071535110474
v -0.06237604469060898 -0.5613718032836914 -0.20115071535110474
v -0.17000743746757507 -0.6377948522567749 -0.20115071535110474
v -0.17000743746757507 -0.6377948522567749 -0.20115071535110474
v -0.12237603962421417 -0.665294885635376 -0.20115071535110474
v -0.12237603962421417 -0.665294885635376 -0.20115071535110474
v -0.11350744217634201 -0.539933979511261 -0.19065071642398834
v -0.11350744217634201 -0.539933979511261 -0.19065071642398834
v -0.11350744217634201 -0.539933979511261 -0.19665071368217468
v -0.11350744217634201 -0.539933979511261 -0.19665071368217468
v -0.16650743782520294 -0.631732702255249 -0.19065071642398834
v -0.16650743782520294 -0.631732702255249 -0.19065071642398834
v -0.16650743782520294 -0.631732702255249 -0.19665071368217468
v -0.16650743782520294 -0.631732702255249 -0.19665071368217468
v -0.11650744080543518 -0.5451301336288452 -0.19665071368217468
v -0.11650744080543518 -0.5451301336288452 -0.19665071368217468
v -0.16350744664669037 -0.6265365481376648 -0.19665071368217468
v -0.16350744664669037 -0.6265365481376648 -0.19665071368217468
v -0.11650744080543518 -0.5451301336288452 -0.19065071642398834
v -0.11650744080543518 -0.5451301336288452 -0.19065071642398834
v -0.16350744664669037 -0.6265365481376648 -0.19065071642398834
v -0.16350744664669037 -0.6265365481376648 -0.19065071642398834
v -0.06587604433298111 -0.5674340128898621 -0.19065071642398834
v -0.06587604433298111 -0.5674340128898621 -0.19065071642398834
v -0.06587604433298111 -0.5674340128898621 -0.19665071368217468
v -0.06587604433298111 -0.5674340128898621 -0.19665071368217468
v -0.11887603998184204 -0.6592326760292053 -0.19065071642398834
v -0.11887603998184204 -0.6592326760292053 -0.19065071642398834
v -0.11887603998184204 -0.6592326760292053 -0.19665071368217468
v -0.11887603998184204 -0.6592326760292053 -0.19665071368217468
v -0.11587604135274887 -0.6540365219116211 -0.19665071368217468
v -0.11587604135274887 -0.6540365219116211 -0.19665071368217468
v -0.06887604296207428 -0.5726301670074463 -0.19665071368217468
v -0.06887604296207428 -0.5726301670074463 -0.19665071368217468
v -0.06887604296207428 -0.5726301670074463 -0.19065071642398834
v -0.06887604296207428 -0.5726301670074463 -0.19065071642398834
v -0.11587604135274887 -0.6540365219116211 -0.19065071642398834
v -0.11587604135274887 -0.6540365219116211 -0.19065071642398834
vn 0 0 1
vn 0 0 1
vn 0 0 1
vn 0 0 1
vn 0 0 -1
vn 0 0 -1
vn 0 0 -1
vn 0 0 -1
vn 0 0 -1
vn 0 0 -1
vn 0 0 -1
vn 0 0 -1
vn 0 -1 0
vn 0 -1 0
vn 0 1 0
vn 0 1 0
vn 1 0 0
vn 1 0 0
vn 1 0 0
vn 1 0 0
vn 1 0 0
vn 1 0 0
vn 1 0 0
vn 1 0 0
vn -1 0 0
vn -1 0 0
vn -1 0 0
vn -1 0 0
vn -1 0 0
vn -1 0 0
vn -1 0 0
vn -1 0 0
vn 0 0 1
vn 0 0 1
vn 0 0 -1
vn 0 0 -1
vn 0 0 -1
vn 0 0 -1
vn 0 0 -1
vn 0 0 -1
vn 0.8660256862640381 -0.49999961256980896 0
vn 0.8660256862640381 -0.49999961256980896 0
vn -0.8660255670547485 0.4999997019767761 0
vn -0.8660255670547485 0.4999997019767761 0
vn -0.49999991059303284 -0.866025447845459 -0.00004563359834719449
vn -0.500001072883606 -0.8660247921943665 -0.0000028843846848758403
vn -0.5000001788139343 -0.8660253286361694 0.000034167351259384304
vn -0.49999967217445374 -0.8660256266593933 2.3173537044840486e-7
vn -0.4999987483024597 -0.8660261631011963 -0.0000030934486403566552
vn -0.5000007748603821 -0.8660249710083008 2.049357732403223e-7
vn -0.4999983310699463 -0.8660264015197754 -0.0000452837957709562
vn -0.5000005960464478 -0.8660250902175903 0.00003451597149251029
vn 0.5000025629997253 0.8660239577293396 0.0000049735017455532216
vn 0.49999740719795227 0.8660269379615784 -1.445354484985728e-7
vn 0.5 0.866025447845459 -0.000023530998078058474
vn 0.500001072883606 0.8660247921943665 -0.000002904296252381755
vn 0.49999865889549255 0.8660261631011963 -0.0000037790935039083706
vn 0.4999992251396179 0.8660258650779724 1.4944141923933785e-7
vn 0.4999988079071045 0.8660261034965515 0.000005120560217619641
vn 0.4999992847442627 0.8660258054733276 -0.0000134066895043361
vn 0 0 -1
vn 0 0 -1
vn 0 0 -1
vn 0 0 -1
vn 0.49999964237213135 0.8660256266593933 0
vn 0.49999964237213135 0.8660256266593933 0
vn -0.5000004768371582 -0.8660251498222351 0
vn -0.5000004768371582 -0.8660251498222351 0
vn -0.8660248517990112 0.500001072883606 1.7657293938100338e-7
vn -0.8660250306129456 0.5000007748603821 -0.000001775171881490678
vn -0.8660250306129456 0.5000007748603821 -2.5976987672038376e-7
vn -0.8660252690315247 0.5000002384185791 0.000002611590161905042
vn -0.866025447845459 0.49999991059303284 -9.055682426151179e-7
vn -0.8660256862640381 0.4999995231628418 0.0000022041865577193676
vn -0.8660255074501038 0.49999988079071045 3.169842557326774e-7
vn -0.8660255670547485 0.4999997019767761 -9.945662071686456e-8
vn 0.8660262227058411 -0.4999985694885254 1.5280228637948312e-7
vn 0.8660260438919067 -0.49999886751174927 -0.0000015361943042080384
vn 0.8660260438919067 -0.49999886751174927 -2.648979489094927e-7
vn 0.8660260438919067 -0.49999886751174927 0.0000015361943042080384
vn 0.866025447845459 -0.4999999403953552 5.234202262727194e-7
vn 0.866025447845459 -0.5 -0.0000018973729538629414
vn 0.866025447845459 -0.5 3.774560752844991e-7
vn 0.8660253882408142 -0.5000000596046448 -3.780999335845081e-8
vn 1 0 0
vn -0.49999961256980896 -0.8660256266593933 2.086502064457818e-7
vn 1 0 0
vn -0.866025447845459 0.5 -9.96829214727768e-8
vn -1 0 0
vn 0.8660251498222351 -0.5000004172325134 -2.1487160495325952e-7
vn -1 0 0
vn 0.49999967217445374 0.8660255670547485 0.000005423710717877839
vn 1 0 0
vn -0.49999985098838806 -0.8660255074501038 0
vn 0 -1 0
vn 1 0 0
vn 0 -1 0
vn -1 0 0
vn -1 0 0
vn 0.5000081062316895 0.8660207390785217 0.0000012276301504243747
vn 0 1 0
vn 1 0 0
vn 1 0 0
vn -0.866025447845459 0.4999999701976776 0
vn -1 0 0
vn 0.86602383852005 -0.5000026822090149 0
vn 0 1 0
vn -1 0 0
vn 0 0 -1
vn 1 0 0
vn 0 0 -1
vn -1 0 0
vn 0 0 -1
vn 1 0 0
vn 0 0 -1
vn -1 0 0
vn 0 0 -1
vn 0 1 0
vn 0 1 0
vn 0 0 1
vn 0 0 -1
vn 0 -1 0
vn 0 -1 0
vn 0 0 1
vn 0 -1 0
vn 0 0 1
vn 0 1 0
vn 0 0 1
vn 0 -1 0
vn 0 0 -1
vn 0 1 0
vn 0 0 -1
vn 0 0 -1
vn 0 1 0
vn 0 1 0
vn 0 0 1
vn 0 0 -1
vn 0 -1 0
vn 0 -1 0
vn 0 0 1
vn 0 1 0
vn 0 0 1
vn 0 -1 0
vn 0 0 1
vn 0 -1 0
vn 0 0 -1
vn 0 1 0
vn 0 0 -1
vn -0.5000000596046448 -0.8660253882408142 1.2216675315812608e-7
vn -0.866025447845459 0.5 4.462992819753708e-8
vn 0.4999987483024597 0.8660261631011963 -0.00001606495789019391
vn 0.8660253286361694 -0.5000001192092896 1.325012704000983e-7
vn 0.8660256862640381 -0.49999961256980896 0
vn -0.500002384185791 -0.8660240769386292 1.7789221828934387e-7
vn 0.8660256862640381 -0.49999961256980896 0
vn 0.5000033378601074 0.8660234808921814 8.184201192307228e-7
vn -0.8660255670547485 0.4999997019767761 0
vn -0.49999916553497314 -0.8660259246826172 6.942242691820866e-8
vn -0.5000001192092896 -0.8660253286361694 0
vn -0.866025447845459 0.4999999701976776 0
vn 0.4999995827674866 0.8660256862640381 0
vn 0.8660253286361694 -0.5000001192092896 0
vn -0.8660255670547485 0.4999997019767761 0
vn 0.5000023245811462 0.8660241365432739 1.7413945840871747e-7
vn 0 0 -1
vn -0.500002384185791 -0.8660240769386292 3.779289272642927e-7
vn 0 0 -1
vn 0.4999978840351105 0.8660266399383545 -0.000002203884150731028
vn 0 0 -1
vn -0.49999913573265076 -0.8660259246826172 -0.0000021845462470082566
vn 0 0 -1
vn 0.500002384185791 0.8660240769386292 3.757338902232732e-7
vn 0 0 -1
vn -0.8660253882408142 0.5000000596046448 0
vn -0.8660253882408142 0.5000000596046448 0
vn 0 0 1
vn 0 0 -1
vn 0.8660253286361694 -0.5000001788139343 0
vn 0.8660253286361694 -0.5000001788139343 0
vn 0 0 1
vn 0.8660253286361694 -0.5000001788139343 0
vn 0 0 1
vn -0.8660255670547485 0.4999997019767761 0
vn 0 0 1
vn 0.8660253286361694 -0.5000001788139343 0
vn 0 0 -1
vn -0.8660255670547485 0.4999997019767761 0
vn 0 0 -1
vn 0 0 -1
vn -0.8660253882408142 0.5000000596046448 0
vn -0.8660253882408142 0.5000000596046448 0
vn 0 0 1
vn 0 0 -1
vn 0.8660253286361694 -0.5000001788139343 0
vn 0.8660253286361694 -0.5000001788139343 0
vn 0 0 1
vn -0.8660255670547485 0.4999997019767761 0
vn 0 0 1
vn 0.8660253286361694 -0.5000001788139343 0
vn 0 0 1
vn 0.8660253286361694 -0.5000001788139343 0
vn 0 0 -1
vn -0.8660255670547485 0.4999997019767761 0
vn 0 0 -1
vn 0.49999964237213135 0.8660256266593933 0
vn -0.8660252690315247 0.5000002384185791 7.057276718569483e-8
vn 0.49999964237213135 0.8660256266593933 0
vn 0.8660253286361694 -0.5000001192092896 1.7051988265848195e-7
vn -0.5000004768371582 -0.8660251498222351 0
vn -0.8660253882408142 0.5000000596046448 -2.029276373605171e-7
vn -0.5000004768371582 -0.8660251498222351 0
vn 0.8660257458686829 -0.4999994933605194 -5.283669324285256e-8
vn 0 0 -1
vn -0.8660249710083008 0.5000007748603821 -0.0000014793050695516285
vn 0 0 -1
vn 0.8660259246826172 -0.49999913573265076 -8.102192623482551e-7
vn 0 0 -1
vn -0.8660251498222351 0.5000004172325134 8.49136426950281e-7
vn 0 0 -1
vn 0.8660260438919067 -0.49999889731407166 0.0000016526960280316416
vn 0 0 -1
vn -0.5000004768371582 -0.8660251498222351 0
vn -0.5000004768371582 -0.8660251498222351 0
vn 0 0 1
vn 0 0 -1
vn 0.49999964237213135 0.8660256266593933 0
vn 0.49999964237213135 0.8660256266593933 0
vn 0 0 1
vn 0.5000004768371582 0.8660251498222351 0
vn 0 0 1
vn -0.49999961256980896 -0.8660256862640381 0
vn 0 0 1
vn 0.5000004768371582 0.8660251498222351 0
vn 0 0 -1
vn -0.49999961256980896 -0.8660256862640381 0
vn 0 0 -1
vn 0 0 -1
vn -0.5000004768371582 -0.8660251498222351 0
vn -0.5000004768371582 -0.8660251498222351 0
vn 0 0 1
vn 0 0 -1
vn 0.49999964237213135 0.8660256266593933 0
vn 0.49999964237213135 0.8660256266593933 0
vn 0 0 1
vn -0.49999961256980896 -0.8660256862640381 0
vn 0 0 1
vn 0.5000004768371582 0.8660251498222351 0
vn 0 0 1
vn 0.5000004768371582 0.8660251498222351 0
vn 0 0 -1
vn -0.49999961256980896 -0.8660256862640381 0
vn 0 0 -1

g grp2773
usemtl mtl2773
f 2776//2776 2773//2773 2775//2775 
f 2774//2774 2775//2775 2773//2773 
f 2778//2778 2780//2780 2779//2779 
f 2780//2780 2778//2778 2777//2777 
f 2783//2783 2781//2781 2784//2784 
f 2781//2781 2783//2783 2782//2782 
f 2869//2869 2785//2785 2867//2867 
f 2785//2785 2869//2869 2786//2786 
f 2873//2873 2787//2787 2879//2879 
f 2788//2788 2879//2879 2787//2787 
f 2883//2883 2885//2885 2881//2881 
f 2885//2885 2883//2883 2887//2887 
f 2868//2868 2790//2790 2789//2789 
f 2790//2790 2868//2868 2882//2882 
f 2791//2791 2792//2792 2874//2874 
f 2886//2886 2874//2874 2792//2792 
f 2886//2886 2790//2790 2882//2882 
f 2794//2794 2886//2886 2792//2792 
f 2793//2793 2886//2886 2794//2794 
f 2886//2886 2793//2793 2790//2790 
f 2793//2793 2796//2796 2795//2795 
f 2796//2796 2793//2793 2794//2794 
f 2859//2859 2874//2874 2875//2875 
f 2868//2868 2857//2857 2865//2865 
f 2859//2859 2791//2791 2874//2874 
f 2789//2789 2857//2857 2868//2868 
f 2789//2789 2859//2859 2857//2857 
f 2859//2859 2796//2796 2791//2791 
f 2859//2859 2795//2795 2796//2796 
f 2795//2795 2859//2859 2789//2789 
f 2797//2797 2798//2798 2870//2870 
f 2884//2884 2870//2870 2798//2798 
f 2880//2880 2800//2800 2799//2799 
f 2800//2800 2880//2880 2888//2888 
f 2798//2798 2888//2888 2884//2884 
f 2888//2888 2801//2801 2800//2800 
f 2888//2888 2802//2802 2801//2801 
f 2802//2802 2888//2888 2798//2798 
f 2803//2803 2804//2804 2802//2802 
f 2801//2801 2802//2802 2804//2804 
f 2880//2880 2861//2861 2877//2877 
f 2799//2799 2861//2861 2880//2880 
f 2863//2863 2870//2870 2871//2871 
f 2863//2863 2797//2797 2870//2870 
f 2861//2861 2797//2797 2863//2863 
f 2804//2804 2861//2861 2799//2799 
f 2803//2803 2861//2861 2804//2804 
f 2861//2861 2803//2803 2797//2797 
f 2901//2901 2917//2917 2897//2897 
f 2915//2915 2897//2897 2917//2917 
f 2902//2902 2889//2889 2918//2918 
f 2905//2905 2918//2918 2889//2889 
f 2891//2891 2906//2906 2890//2890 
f 2906//2906 2891//2891 2907//2907 
f 2892//2892 2898//2898 2908//2908 
f 2916//2916 2908//2908 2898//2898 
f 2899//2899 2919//2919 2903//2903 
f 2919//2919 2899//2899 2913//2913 
f 2920//2920 2893//2893 2904//2904 
f 2893//2893 2920//2920 2909//2909 
f 2894//2894 2910//2910 2895//2895 
f 2911//2911 2895//2895 2910//2910 
f 2900//2900 2896//2896 2914//2914 
f 2912//2912 2914//2914 2896//2896 
f 2805//2805 2776//2776 2806//2806 
f 2776//2776 2805//2805 2773//2773 
f 2777//2777 2807//2807 2780//2780 
f 2807//2807 2808//2808 2780//2780 
f 2810//2810 2811//2811 2809//2809 
f 2812//2812 2809//2809 2811//2811 
f 2925//2925 2813//2813 2927//2927 
f 2814//2814 2927//2927 2813//2813 
f 2935//2935 2815//2815 2929//2929 
f 2815//2815 2935//2935 2816//2816 
f 2943//2943 2939//2939 2941//2941 
f 2937//2937 2941//2941 2939//2939 
f 2817//2817 2818//2818 2926//2926 
f 2938//2938 2926//2926 2818//2818 
f 2930//2930 2820//2820 2819//2819 
f 2820//2820 2930//2930 2942//2942 
f 2938//2938 2818//2818 2942//2942 
f 2820//2820 2942//2942 2822//2822 
f 2822//2822 2942//2942 2821//2821 
f 2818//2818 2821//2821 2942//2942 
f 2823//2823 2824//2824 2821//2821 
f 2822//2822 2821//2821 2824//2824 
f 2866//2866 2858//2858 2926//2926 
f 2931//2931 2930//2930 2921//2921 
f 2926//2926 2858//2858 2817//2817 
f 2930//2930 2819//2819 2921//2921 
f 2921//2921 2819//2819 2858//2858 
f 2817//2817 2858//2858 2823//2823 
f 2823//2823 2858//2858 2824//2824 
f 2819//2819 2824//2824 2858//2858 
f 2928//2928 2826//2826 2825//2825 
f 2826//2826 2928//2928 2940//2940 
f 2827//2827 2828//2828 2936//2936 
f 2944//2944 2936//2936 2828//2828 
f 2944//2944 2828//2828 2940//2940 
f 2826//2826 2940//2940 2830//2830 
f 2830//2830 2940//2940 2829//2829 
f 2828//2828 2829//2829 2940//2940 
f 2830//2830 2832//2832 2831//2831 
f 2832//2832 2830//2830 2829//2829 
f 2933//2933 2923//2923 2936//2936 
f 2936//2936 2923//2923 2827//2827 
f 2928//2928 2825//2825 2872//2872 
f 2872//2872 2825//2825 2864//2864 
f 2825//2825 2831//2831 2864//2864 
f 2831//2831 2832//2832 2864//2864 
f 2864//2864 2832//2832 2923//2923 
f 2832//2832 2827//2827 2923//2923 
f 2953//2953 2973//2973 2957//2957 
f 2973//2973 2953//2953 2971//2971 
f 2974//2974 2945//2945 2958//2958 
f 2974//2974 2961//2961 2945//2945 
f 2946//2946 2962//2962 2947//2947 
f 2963//2963 2947//2947 2962//2962 
f 2948//2948 2972//2972 2954//2954 
f 2964//2964 2972//2972 2948//2948 
f 2959//2959 2975//2975 2955//2955 
f 2969//2969 2955//2955 2975//2975 
f 2949//2949 2965//2965 2960//2960 
f 2976//2976 2960//2960 2965//2965 
f 2951//2951 2966//2966 2950//2950 
f 2966//2966 2951//2951 2967//2967 
f 2956//2956 2968//2968 2952//2952 
f 2968//2968 2956//2956 2970//2970 
f 2806//2806 2775//2775 2805//2805 
f 2775//2775 2774//2774 2805//2805 
f 2783//2783 2833//2833 2782//2782 
f 2833//2833 2783//2783 2834//2834 
f 2811//2811 2835//2835 2836//2836 
f 2811//2811 2810//2810 2835//2835 
f 2979//2979 2837//2837 2977//2977 
f 2837//2837 2979//2979 2838//2838 
f 2981//2981 2839//2839 2983//2983 
f 2840//2840 2983//2983 2839//2839 
f 2989//2989 2987//2987 2991//2991 
f 2987//2987 2989//2989 2985//2985 
f 2841//2841 2986//2986 2842//2842 
f 2986//2986 2841//2841 2978//2978 
f 2844//2844 2990//2990 2843//2843 
f 2982//2982 2843//2843 2990//2990 
f 2986//2986 2845//2845 2842//2842 
f 2846//2846 2990//2990 2844//2844 
f 2990//2990 2845//2845 2986//2986 
f 2990//2990 2846//2846 2845//2845 
f 2845//2845 2848//2848 2847//2847 
f 2848//2848 2845//2845 2846//2846 
f 2978//2978 2860//2860 2876//2876 
f 2922//2922 2982//2982 2932//2932 
f 2847//2847 2978//2978 2841//2841 
f 2848//2848 2978//2978 2847//2847 
f 2982//2982 2848//2848 2843//2843 
f 2982//2982 2978//2978 2848//2848 
f 2860//2860 2982//2982 2922//2922 
f 2982//2982 2860//2860 2978//2978 
f 2850//2850 2988//2988 2849//2849 
f 2980//2980 2849//2849 2988//2988 
f 2851//2851 2992//2992 2852//2852 
f 2992//2992 2851//2851 2984//2984 
f 2992//2992 2853//2853 2852//2852 
f 2854//2854 2988//2988 2850//2850 
f 2988//2988 2853//2853 2992//2992 
f 2988//2988 2854//2854 2853//2853 
f 2855//2855 2856//2856 2854//2854 
f 2853//2853 2854//2854 2856//2856 
f 2984//2984 2924//2924 2934//2934 
f 2984//2984 2862//2862 2924//2924 
f 2851//2851 2862//2862 2984//2984 
f 2980//2980 2855//2855 2849//2849 
f 2980//2980 2856//2856 2855//2855 
f 2862//2862 2980//2980 2878//2878 
f 2862//2862 2856//2856 2980//2980 
f 2851//2851 2856//2856 2862//2862 
f 3005//3005 3021//3021 3001//3001 
f 3019//3019 3001//3001 3021//3021 
f 2993//2993 3009//3009 3006//3006 
f 3022//3022 3006//3006 3009//3009 
f 2995//2995 3010//3010 2994//2994 
f 3010//3010 2995//2995 3011//3011 
f 2996//2996 3002//3002 3012//3012 
f 3020//3020 3012//3012 3002//3002 
f 3003//3003 3023//3023 3007//3007 
f 3023//3023 3003//3003 3017//3017 
f 2997//2997 3024//3024 3013//3013 
f 3024//3024 2997//2997 3008//3008 
f 2998//2998 3014//3014 2999//2999 
f 3015//3015 2999//2999 3014//3014 
f 3016//3016 3018//3018 3000//3000 
f 3004//3004 3000//3000 3018//3018 
v 0.004999999888241291 -0.9913397431373596 -0.10549027472734451
v 0.004999999888241291 -0.351993590593338 -0.10549027472734451
v 0.05999999865889549 -0.5572564005851746 -0.10549027472734451
v 0.05999999865889549 -0.8960769772529602 -0.10549027472734451
v 0.004999999888241291 -0.9913397431373596 -0.1604902744293213
v 0.004999999888241291 -0.7266666889190674 -0.1604902744293213
v 0.05999999865889549 -0.7266666889190674 -0.1604902744293213
v 0.05999999865889549 -0.8960769772529602 -0.1604902744293213
v 0.004999999888241291 -0.6066666841506958 -0.1604902744293213
v 0.004999999888241291 -0.351993590593338 -0.1604902744293213
v 0.05999999865889549 -0.5572564005851746 -0.1604902744293213
v 0.05999999865889549 -0.6066666841506958 -0.1604902744293213
v 0.004999999888241291 -0.7266666889190674 -0.1654902696609497
v 0.05999999865889549 -0.7266666889190674 -0.1654902696609497
v 0.004999999888241291 -0.6066666841506958 -0.1654902696609497
v 0.05999999865889549 -0.6066666841506958 -0.1654902696609497
v 0.004999999888241291 -0.7196666598320007 -0.10999026894569397
v 0.004999999888241291 -0.7196666598320007 -0.11599027365446091
v 0.004999999888241291 -0.6136666536331177 -0.10999026894569397
v 0.004999999888241291 -0.6136666536331177 -0.11599027365446091
v 0.004999999888241291 -0.7136666774749756 -0.11599027365446091
v 0.004999999888241291 -0.6196666955947876 -0.11599027365446091
v 0.004999999888241291 -0.7136666774749756 -0.10999026894569397
v 0.004999999888241291 -0.6196666955947876 -0.10999026894569397
v 0.05999999865889549 -0.7196666598320007 -0.10999026894569397
v 0.05999999865889549 -0.7196666598320007 -0.11599027365446091
v 0.05999999865889549 -0.6136666536331177 -0.10999026894569397
v 0.05999999865889549 -0.6136666536331177 -0.11599027365446091
v 0.05999999865889549 -0.6196666955947876 -0.11599027365446091
v 0.05999999865889549 -0.7136666774749756 -0.11599027365446091
v 0.05999999865889549 -0.7136666774749756 -0.10999026894569397
v 0.05999999865889549 -0.6196666955947876 -0.10999026894569397
v 0.28184500336647034 -0.8315032124519348 -0.10549027472734451
v 0.20671361684799194 -0.8113718032836914 -0.10549027472734451
v 0.08987604081630707 -0.9423365592956543 -0.1604902744293213
v 0.06237604469060898 -0.8947051167488098 -0.1604902744293213
v 0.19379909336566925 -0.8823365569114685 -0.1604902744293213
v 0.28184500336647034 -0.8315032124519348 -0.1604902744293213
v 0.20671361684799194 -0.8113718032836914 -0.1604902744293213
v 0.16629908978939056 -0.834705114364624 -0.1604902744293213
v 0.08987604081630707 -0.9423365592956543 -0.1654902696609497
v 0.06237604469060898 -0.8947051167488098 -0.1654902696609497
v 0.19379909336566925 -0.8823365569114685 -0.1654902696609497
v 0.16629908978939056 -0.834705114364624 -0.1654902696609497
v 0.09593822062015533 -0.9388365149497986 -0.10999026894569397
v 0.09593822062015533 -0.9388365149497986 -0.11599027365446091
v 0.18773691356182098 -0.8858365416526794 -0.10999026894569397
v 0.18773691356182098 -0.8858365416526794 -0.11599027365446091
v 0.10113437473773956 -0.9358365535736084 -0.11599027365446091
v 0.18254075944423676 -0.8888365626335144 -0.11599027365446091
v 0.10113437473773956 -0.9358365535736084 -0.10999026894569397
v 0.18254075944423676 -0.8888365626335144 -0.10999026894569397
v 0.06843822449445724 -0.8912051320075989 -0.10999026894569397
v 0.06843822449445724 -0.8912051320075989 -0.11599027365446091
v 0.1602369099855423 -0.8382051587104797 -0.10999026894569397
v 0.1602369099855423 -0.8382051587104797 -0.11599027365446091
v 0.15504075586795807 -0.8412051200866699 -0.11599027365446091
v 0.07363437116146088 -0.8882051706314087 -0.11599027365446091
v 0.07363437116146088 -0.8882051706314087 -0.10999026894569397
v 0.15504075586795807 -0.8412051200866699 -0.10999026894569397
v 0.17000743746757507 -0.6377948522567749 -0.1604902744293213
v 0.12237603962421417 -0.665294885635376 -0.1604902744293213
v 0.11000744253396988 -0.5338718295097351 -0.1604902744293213
v 0.06237604469060898 -0.5613718032836914 -0.1604902744293213
v 0.17000743746757507 -0.6377948522567749 -0.1954902708530426
v 0.12237603962421417 -0.665294885635376 -0.1954902708530426
v 0.11000744253396988 -0.5338718295097351 -0.1954902708530426
v 0.06237604469060898 -0.5613718032836914 -0.1954902708530426
v 0.16650743782520294 -0.631732702255249 -0.1849902719259262
v 0.16650743782520294 -0.631732702255249 -0.19099026918411255
v 0.11350744217634201 -0.539933979511261 -0.1849902719259262
v 0.11350744217634201 -0.539933979511261 -0.19099026918411255
v 0.16350744664669037 -0.6265365481376648 -0.19099026918411255
v 0.11650744080543518 -0.5451301336288452 -0.19099026918411255
v 0.16350744664669037 -0.6265365481376648 -0.1849902719259262
v 0.11650744080543518 -0.5451301336288452 -0.1849902719259262
v 0.11887603998184204 -0.6592326760292053 -0.1849902719259262
v 0.11887603998184204 -0.6592326760292053 -0.19099026918411255
v 0.06587604433298111 -0.5674340128898621 -0.1849902719259262
v 0.06587604433298111 -0.5674340128898621 -0.19099026918411255
v 0.06887604296207428 -0.5726301670074463 -0.19099026918411255
v 0.11587604135274887 -0.6540365219116211 -0.19099026918411255
v 0.11587604135274887 -0.6540365219116211 -0.1849902719259262
v 0.06887604296207428 -0.5726301670074463 -0.1849902719259262
v 0.004999999888241291 -0.9913397431373596 -0.10549027472734451
v 0.004999999888241291 -0.9913397431373596 -0.10549027472734451
v 0.004999999888241291 -0.351993590593338 -0.10549027472734451
v 0.004999999888241291 -0.351993590593338 -0.10549027472734451
v 0.05999999865889549 -0.5572564005851746 -0.10549027472734451
v 0.05999999865889549 -0.5572564005851746 -0.10549027472734451
v 0.05999999865889549 -0.8960769772529602 -0.10549027472734451
v 0.05999999865889549 -0.8960769772529602 -0.10549027472734451
v 0.004999999888241291 -0.9913397431373596 -0.1604902744293213
v 0.004999999888241291 -0.9913397431373596 -0.1604902744293213
v 0.004999999888241291 -0.7266666889190674 -0.1604902744293213
v 0.004999999888241291 -0.7266666889190674 -0.1604902744293213
v 0.05999999865889549 -0.7266666889190674 -0.1604902744293213
v 0.05999999865889549 -0.7266666889190674 -0.1604902744293213
v 0.05999999865889549 -0.8960769772529602 -0.1604902744293213
v 0.05999999865889549 -0.8960769772529602 -0.1604902744293213
v 0.004999999888241291 -0.6066666841506958 -0.1604902744293213
v 0.004999999888241291 -0.6066666841506958 -0.1604902744293213
v 0.004999999888241291 -0.351993590593338 -0.1604902744293213
v 0.004999999888241291 -0.351993590593338 -0.1604902744293213
v 0.05999999865889549 -0.5572564005851746 -0.1604902744293213
v 0.05999999865889549 -0.5572564005851746 -0.1604902744293213
v 0.05999999865889549 -0.6066666841506958 -0.1604902744293213
v 0.05999999865889549 -0.6066666841506958 -0.1604902744293213
v 0.004999999888241291 -0.7266666889190674 -0.1654902696609497
v 0.004999999888241291 -0.7266666889190674 -0.1654902696609497
v 0.05999999865889549 -0.7266666889190674 -0.1654902696609497
v 0.05999999865889549 -0.7266666889190674 -0.1654902696609497
v 0.004999999888241291 -0.6066666841506958 -0.1654902696609497
v 0.004999999888241291 -0.6066666841506958 -0.1654902696609497
v 0.05999999865889549 -0.6066666841506958 -0.1654902696609497
v 0.05999999865889549 -0.6066666841506958 -0.1654902696609497
v 0.004999999888241291 -0.7196666598320007 -0.10999026894569397
v 0.004999999888241291 -0.7196666598320007 -0.10999026894569397
v 0.004999999888241291 -0.7196666598320007 -0.11599027365446091
v 0.004999999888241291 -0.7196666598320007 -0.11599027365446091
v 0.004999999888241291 -0.6136666536331177 -0.10999026894569397
v 0.004999999888241291 -0.6136666536331177 -0.10999026894569397
v 0.004999999888241291 -0.6136666536331177 -0.11599027365446091
v 0.004999999888241291 -0.6136666536331177 -0.11599027365446091
v 0.004999999888241291 -0.7136666774749756 -0.11599027365446091
v 0.004999999888241291 -0.7136666774749756 -0.11599027365446091
v 0.004999999888241291 -0.6196666955947876 -0.11599027365446091
v 0.004999999888241291 -0.6196666955947876 -0.11599027365446091
v 0.004999999888241291 -0.7136666774749756 -0.10999026894569397
v 0.004999999888241291 -0.7136666774749756 -0.10999026894569397
v 0.004999999888241291 -0.6196666955947876 -0.10999026894569397
v 0.004999999888241291 -0.6196666955947876 -0.10999026894569397
v 0.05999999865889549 -0.7196666598320007 -0.10999026894569397
v 0.05999999865889549 -0.7196666598320007 -0.10999026894569397
v 0.05999999865889549 -0.7196666598320007 -0.11599027365446091
v 0.05999999865889549 -0.7196666598320007 -0.11599027365446091
v 0.05999999865889549 -0.6136666536331177 -0.10999026894569397
v 0.05999999865889549 -0.6136666536331177 -0.10999026894569397
v 0.05999999865889549 -0.6136666536331177 -0.11599027365446091
v 0.05999999865889549 -0.6136666536331177 -0.11599027365446091
v 0.05999999865889549 -0.6196666955947876 -0.11599027365446091
v 0.05999999865889549 -0.6196666955947876 -0.11599027365446091
v 0.05999999865889549 -0.7136666774749756 -0.11599027365446091
v 0.05999999865889549 -0.7136666774749756 -0.11599027365446091
v 0.05999999865889549 -0.7136666774749756 -0.10999026894569397
v 0.05999999865889549 -0.7136666774749756 -0.10999026894569397
v 0.05999999865889549 -0.6196666955947876 -0.10999026894569397
v 0.05999999865889549 -0.6196666955947876 -0.10999026894569397
v 0.28184500336647034 -0.8315032124519348 -0.10549027472734451
v 0.28184500336647034 -0.8315032124519348 -0.10549027472734451
v 0.20671361684799194 -0.8113718032836914 -0.10549027472734451
v 0.20671361684799194 -0.8113718032836914 -0.10549027472734451
v 0.08987604081630707 -0.9423365592956543 -0.1604902744293213
v 0.08987604081630707 -0.9423365592956543 -0.1604902744293213
v 0.06237604469060898 -0.8947051167488098 -0.1604902744293213
v 0.06237604469060898 -0.8947051167488098 -0.1604902744293213
v 0.19379909336566925 -0.8823365569114685 -0.1604902744293213
v 0.19379909336566925 -0.8823365569114685 -0.1604902744293213
v 0.28184500336647034 -0.8315032124519348 -0.1604902744293213
v 0.28184500336647034 -0.8315032124519348 -0.1604902744293213
v 0.20671361684799194 -0.8113718032836914 -0.1604902744293213
v 0.20671361684799194 -0.8113718032836914 -0.1604902744293213
v 0.16629908978939056 -0.834705114364624 -0.1604902744293213
v 0.16629908978939056 -0.834705114364624 -0.1604902744293213
v 0.08987604081630707 -0.9423365592956543 -0.1654902696609497
v 0.08987604081630707 -0.9423365592956543 -0.1654902696609497
v 0.06237604469060898 -0.8947051167488098 -0.1654902696609497
v 0.06237604469060898 -0.8947051167488098 -0.1654902696609497
v 0.19379909336566925 -0.8823365569114685 -0.1654902696609497
v 0.19379909336566925 -0.8823365569114685 -0.1654902696609497
v 0.16629908978939056 -0.834705114364624 -0.1654902696609497
v 0.16629908978939056 -0.834705114364624 -0.1654902696609497
v 0.09593822062015533 -0.9388365149497986 -0.10999026894569397
v 0.09593822062015533 -0.9388365149497986 -0.10999026894569397
v 0.09593822062015533 -0.9388365149497986 -0.11599027365446091
v 0.09593822062015533 -0.9388365149497986 -0.11599027365446091
v 0.18773691356182098 -0.8858365416526794 -0.10999026894569397
v 0.18773691356182098 -0.8858365416526794 -0.10999026894569397
v 0.18773691356182098 -0.8858365416526794 -0.11599027365446091
v 0.18773691356182098 -0.8858365416526794 -0.11599027365446091
v 0.10113437473773956 -0.9358365535736084 -0.11599027365446091
v 0.10113437473773956 -0.9358365535736084 -0.11599027365446091
v 0.18254075944423676 -0.8888365626335144 -0.11599027365446091
v 0.18254075944423676 -0.8888365626335144 -0.11599027365446091
v 0.10113437473773956 -0.9358365535736084 -0.10999026894569397
v 0.10113437473773956 -0.9358365535736084 -0.10999026894569397
v 0.18254075944423676 -0.8888365626335144 -0.10999026894569397
v 0.18254075944423676 -0.8888365626335144 -0.10999026894569397
v 0.06843822449445724 -0.8912051320075989 -0.10999026894569397
v 0.06843822449445724 -0.8912051320075989 -0.10999026894569397
v 0.06843822449445724 -0.8912051320075989 -0.11599027365446091
v 0.06843822449445724 -0.8912051320075989 -0.11599027365446091
v 0.1602369099855423 -0.8382051587104797 -0.10999026894569397
v 0.1602369099855423 -0.8382051587104797 -0.10999026894569397
v 0.1602369099855423 -0.8382051587104797 -0.11599027365446091
v 0.1602369099855423 -0.8382051587104797 -0.11599027365446091
v 0.15504075586795807 -0.8412051200866699 -0.11599027365446091
v 0.15504075586795807 -0.8412051200866699 -0.11599027365446091
v 0.07363437116146088 -0.8882051706314087 -0.11599027365446091
v 0.07363437116146088 -0.8882051706314087 -0.11599027365446091
v 0.07363437116146088 -0.8882051706314087 -0.10999026894569397
v 0.07363437116146088 -0.8882051706314087 -0.10999026894569397
v 0.15504075586795807 -0.8412051200866699 -0.10999026894569397
v 0.15504075586795807 -0.8412051200866699 -0.10999026894569397
v 0.17000743746757507 -0.6377948522567749 -0.1604902744293213
v 0.17000743746757507 -0.6377948522567749 -0.1604902744293213
v 0.12237603962421417 -0.665294885635376 -0.1604902744293213
v 0.12237603962421417 -0.665294885635376 -0.1604902744293213
v 0.11000744253396988 -0.5338718295097351 -0.1604902744293213
v 0.11000744253396988 -0.5338718295097351 -0.1604902744293213
v 0.06237604469060898 -0.5613718032836914 -0.1604902744293213
v 0.06237604469060898 -0.5613718032836914 -0.1604902744293213
v 0.17000743746757507 -0.6377948522567749 -0.1954902708530426
v 0.17000743746757507 -0.6377948522567749 -0.1954902708530426
v 0.12237603962421417 -0.665294885635376 -0.1954902708530426
v 0.12237603962421417 -0.665294885635376 -0.1954902708530426
v 0.11000744253396988 -0.5338718295097351 -0.1954902708530426
v 0.11000744253396988 -0.5338718295097351 -0.1954902708530426
v 0.06237604469060898 -0.5613718032836914 -0.1954902708530426
v 0.06237604469060898 -0.5613718032836914 -0.1954902708530426
v 0.16650743782520294 -0.631732702255249 -0.1849902719259262
v 0.16650743782520294 -0.631732702255249 -0.1849902719259262
v 0.16650743782520294 -0.631732702255249 -0.19099026918411255
v 0.16650743782520294 -0.631732702255249 -0.19099026918411255
v 0.11350744217634201 -0.539933979511261 -0.1849902719259262
v 0.11350744217634201 -0.539933979511261 -0.1849902719259262
v 0.11350744217634201 -0.539933979511261 -0.19099026918411255
v 0.11350744217634201 -0.539933979511261 -0.19099026918411255
v 0.16350744664669037 -0.6265365481376648 -0.19099026918411255
v 0.16350744664669037 -0.6265365481376648 -0.19099026918411255
v 0.11650744080543518 -0.5451301336288452 -0.19099026918411255
v 0.11650744080543518 -0.5451301336288452 -0.19099026918411255
v 0.16350744664669037 -0.6265365481376648 -0.1849902719259262
v 0.16350744664669037 -0.6265365481376648 -0.1849902719259262
v 0.11650744080543518 -0.5451301336288452 -0.1849902719259262
v 0.11650744080543518 -0.5451301336288452 -0.1849902719259262
v 0.11887603998184204 -0.6592326760292053 -0.1849902719259262
v 0.11887603998184204 -0.6592326760292053 -0.1849902719259262
v 0.11887603998184204 -0.6592326760292053 -0.19099026918411255
v 0.11887603998184204 -0.6592326760292053 -0.19099026918411255
v 0.06587604433298111 -0.5674340128898621 -0.1849902719259262
v 0.06587604433298111 -0.5674340128898621 -0.1849902719259262
v 0.06587604433298111 -0.5674340128898621 -0.19099026918411255
v 0.06587604433298111 -0.5674340128898621 -0.19099026918411255
v 0.06887604296207428 -0.5726301670074463 -0.19099026918411255
v 0.06887604296207428 -0.5726301670074463 -0.19099026918411255
v 0.11587604135274887 -0.6540365219116211 -0.19099026918411255
v 0.11587604135274887 -0.6540365219116211 -0.19099026918411255
v 0.11587604135274887 -0.6540365219116211 -0.1849902719259262
v 0.11587604135274887 -0.6540365219116211 -0.1849902719259262
v 0.06887604296207428 -0.5726301670074463 -0.1849902719259262
v 0.06887604296207428 -0.5726301670074463 -0.1849902719259262
vn 0 0 -1
vn 0 0 -1
vn 0 0 -1
vn 0 0 -1
vn 0 0 1
vn 0 0 1
vn 0 0 1
vn 0 0 1
vn 0 0 1
vn 0 0 1
vn 0 0 1
vn 0 0 1
vn 0 1 0
vn 0 1 0
vn 0 -1 0
vn 0 -1 0
vn 1 0 0
vn 1 0 0
vn 1 0 0
vn 1 0 0
vn 1 0 0
vn 1 0 0
vn 1 0 0
vn 1 0 0
vn -1 0 0
vn -1 0 0
vn -1 0 0
vn -1 0 0
vn -1 0 0
vn -1 0 0
vn -1 0 0
vn -1 0 0
vn 0 0 -1
vn 0 0 -1
vn 0 0 1
vn 0 0 1
vn 0 0 1
vn 0 0 1
vn 0 0 1
vn 0 0 1
vn 0.8660256862640381 0.49999961256980896 0
vn 0.8660256862640381 0.49999961256980896 0
vn -0.8660255670547485 -0.4999997019767761 0
vn -0.8660255670547485 -0.4999997019767761 0
vn -0.49999991059303284 0.866025447845459 0.00004563359834719449
vn -0.500001072883606 0.8660247921943665 0.0000028843846848758403
vn -0.5000001788139343 0.8660253286361694 -0.000034167351259384304
vn -0.49999967217445374 0.8660256266593933 -2.3173537044840486e-7
vn -0.4999987483024597 0.8660261631011963 0.0000030934486403566552
vn -0.5000007748603821 0.8660249710083008 -2.049357732403223e-7
vn -0.4999983310699463 0.8660264015197754 0.0000452837957709562
vn -0.5000005960464478 0.8660250902175903 -0.00003451597149251029
vn 0.5000025629997253 -0.8660239577293396 -0.0000049735017455532216
vn 0.49999740719795227 -0.8660269379615784 1.445354484985728e-7
vn 0.5 -0.866025447845459 0.000023530998078058474
vn 0.500001072883606 -0.8660247921943665 0.000002904296252381755
vn 0.49999865889549255 -0.8660261631011963 0.0000037790935039083706
vn 0.4999992251396179 -0.8660258650779724 -1.4944141923933785e-7
vn 0.4999988079071045 -0.8660261034965515 -0.000005120560217619641
vn 0.4999992847442627 -0.8660258054733276 0.0000134066895043361
vn 0 0 1
vn 0 0 1
vn 0 0 1
vn 0 0 1
vn -0.5000004768371582 0.8660251498222351 0
vn -0.5000004768371582 0.8660251498222351 0
vn 0.49999964237213135 -0.8660256266593933 0
vn 0.49999964237213135 -0.8660256266593933 0
vn -0.8660250306129456 -0.5000007748603821 3.1978674996935297e-7
vn -0.8660252690315247 -0.5000002384185791 -0.000002611590161905042
vn -0.8660248517990112 -0.500001072883606 -2.173680684336432e-7
vn -0.8660250306129456 -0.5000007748603821 0.000001775171881490678
vn -0.8660256266593933 -0.49999961256980896 -0.0000016531398614461068
vn -0.8660255074501038 -0.49999991059303284 0.0000011319604027448804
vn -0.8660256266593933 -0.49999964237213135 1.5304365774682083e-7
vn -0.8660255074501038 -0.49999988079071045 -2.9266485057632963e-7
vn 0.8660262227058411 0.4999985694885254 1.881055027297407e-7
vn 0.8660260438919067 0.49999886751174927 -0.0000015361943042080384
vn 0.8660262227058411 0.4999985694885254 -1.881055027297407e-7
vn 0.8660260438919067 0.49999886751174927 0.0000015361943042080384
vn 0.866025447845459 0.4999999403953552 5.234202262727194e-7
vn 0.866025447845459 0.5 -0.0000018973729538629414
vn 0.866025447845459 0.4999999701976776 9.613845008971111e-8
vn 0.866025447845459 0.5 -3.484972239675699e-7
vn 1 0 0
vn -0.49999961256980896 0.8660256266593933 -2.086502064457818e-7
vn 1 0 0
vn -0.866025447845459 -0.5 9.96829214727768e-8
vn -1 0 0
vn 0.866024911403656 0.5000008940696716 6.9367254162955305e-9
vn -1 0 0
vn 0.49999967217445374 -0.8660255670547485 -0.000005423710717877839
vn 1 0 0
vn -0.49999985098838806 0.8660255074501038 0
vn 0 1 0
vn 1 0 0
vn 0 1 0
vn -1 0 0
vn -1 0 0
vn 0.5000081062316895 -0.8660207390785217 -0.0000012276301504243747
vn 0 -1 0
vn 1 0 0
vn 1 0 0
vn -0.866025447845459 -0.4999999701976776 0
vn -1 0 0
vn 0.86602383852005 0.5000026822090149 0
vn 0 -1 0
vn -1 0 0
vn 0 0 1
vn 1 0 0
vn 0 0 1
vn -1 0 0
vn 0 0 1
vn 1 0 0
vn 0 0 1
vn -1 0 0
vn 0 0 1
vn 0 -1 0
vn 0 -1 0
vn 0 0 -1
vn 0 0 1
vn 0 1 0
vn 0 1 0
vn 0 0 -1
vn 0 1 0
vn 0 0 -1
vn 0 -1 0
vn 0 0 -1
vn 0 1 0
vn 0 0 1
vn 0 -1 0
vn 0 0 1
vn 0 0 1
vn 0 -1 0
vn 0 -1 0
vn 0 0 -1
vn 0 0 1
vn 0 1 0
vn 0 1 0
vn 0 0 -1
vn 0 -1 0
vn 0 0 -1
vn 0 1 0
vn 0 0 -1
vn 0 1 0
vn 0 0 1
vn 0 -1 0
vn 0 0 1
vn -0.5000000596046448 0.8660253882408142 -1.2216675315812608e-7
vn -0.866025447845459 -0.5 -4.462992819753708e-8
vn 0.4999987483024597 -0.8660261631011963 0.00001606495789019391
vn 0.8660253286361694 0.5000001192092896 -1.325012704000983e-7
vn 0.8660256862640381 0.49999961256980896 0
vn -0.500002384185791 0.8660240769386292 -1.7789221828934387e-7
vn 0.8660256862640381 0.49999961256980896 0
vn 0.5000033378601074 -0.8660234808921814 -8.184201192307228e-7
vn -0.8660255670547485 -0.4999997019767761 0
vn -0.49999916553497314 0.8660259246826172 -6.942242691820866e-8
vn -0.5000001192092896 0.8660253286361694 0
vn -0.866025447845459 -0.4999999701976776 0
vn 0.4999995827674866 -0.8660256862640381 0
vn 0.8660253286361694 0.5000001192092896 0
vn -0.8660255670547485 -0.4999997019767761 0
vn 0.5000023245811462 -0.8660241365432739 -1.7413945840871747e-7
vn 0 0 1
vn -0.500002384185791 0.8660240769386292 -3.779289272642927e-7
vn 0 0 1
vn 0.4999978840351105 -0.8660266399383545 0.000002203884150731028
vn 0 0 1
vn -0.49999913573265076 0.8660259246826172 0.0000021845462470082566
vn 0 0 1
vn 0.500002384185791 -0.8660240769386292 -3.757338902232732e-7
vn 0 0 1
vn -0.8660253882408142 -0.5000000596046448 0
vn -0.8660253882408142 -0.5000000596046448 0
vn 0 0 -1
vn 0 0 1
vn 0.8660253286361694 0.5000001788139343 0
vn 0.8660253286361694 0.5000001788139343 0
vn 0 0 -1
vn 0.8660253286361694 0.5000001788139343 0
vn 0 0 -1
vn -0.8660255670547485 -0.4999997019767761 0
vn 0 0 -1
vn 0.8660253286361694 0.5000001788139343 0
vn 0 0 1
vn -0.8660255670547485 -0.4999997019767761 0
vn 0 0 1
vn 0 0 1
vn -0.8660253882408142 -0.5000000596046448 0
vn -0.8660253882408142 -0.5000000596046448 0
vn 0 0 -1
vn 0 0 1
vn 0.8660253286361694 0.5000001788139343 0
vn 0.8660253286361694 0.5000001788139343 0
vn 0 0 -1
vn -0.8660255670547485 -0.4999997019767761 0
vn 0 0 -1
vn 0.8660253286361694 0.5000001788139343 0
vn 0 0 -1
vn 0.8660253286361694 0.5000001788139343 0
vn 0 0 1
vn -0.8660255670547485 -0.4999997019767761 0
vn 0 0 1
vn -0.5000004768371582 0.8660251498222351 0
vn -0.8660253882408142 -0.5000000596046448 2.3829643680528534e-7
vn -0.5000004768371582 0.8660251498222351 0
vn 0.8660256862640381 0.4999995827674866 2.0583941306995257e-7
vn 0.49999964237213135 -0.8660256266593933 0
vn -0.8660252690315247 -0.5000002384185791 -1.0183015319853439e-7
vn 0.49999964237213135 -0.8660256266593933 0
vn 0.8660253882408142 0.5000000596046448 -7.637775212288034e-8
vn 0 0 1
vn -0.8660251498222351 -0.5000004172325134 -8.49136426950281e-7
vn 0 0 1
vn 0.8660259246826172 0.49999913573265076 -8.102192623482551e-7
vn 0 0 1
vn -0.8660249710083008 -0.5000007748603821 0.0000014793050695516285
vn 0 0 1
vn 0.8660260438919067 0.49999889731407166 0.0000016526960280316416
vn 0 0 1
vn 0.49999964237213135 -0.8660256266593933 0
vn 0.49999964237213135 -0.8660256266593933 0
vn 0 0 -1
vn 0 0 1
vn -0.5000004768371582 0.8660251498222351 0
vn -0.5000004768371582 0.8660251498222351 0
vn 0 0 -1
vn -0.49999961256980896 0.8660256862640381 0
vn 0 0 -1
vn 0.5000004768371582 -0.8660251498222351 0
vn 0 0 -1
vn -0.49999961256980896 0.8660256862640381 0
vn 0 0 1
vn 0.5000004768371582 -0.8660251498222351 0
vn 0 0 1
vn 0 0 1
vn 0.49999964237213135 -0.8660256266593933 0
vn 0.49999964237213135 -0.8660256266593933 0
vn 0 0 -1
vn 0 0 1
vn -0.5000004768371582 0.8660251498222351 0
vn -0.5000004768371582 0.8660251498222351 0
vn 0 0 -1
vn 0.5000004768371582 -0.8660251498222351 0
vn 0 0 -1
vn -0.49999961256980896 0.8660256862640381 0
vn 0 0 -1
vn -0.49999961256980896 0.8660256862640381 0
vn 0 0 1
vn 0.5000004768371582 -0.8660251498222351 0
vn 0 0 1

g grp3025
usemtl mtl3025
f 3028//3028 3025//3025 3027//3027 
f 3026//3026 3027//3027 3025//3025 
f 3030//3030 3032//3032 3031//3031 
f 3032//3032 3030//3030 3029//3029 
f 3035//3035 3033//3033 3036//3036 
f 3033//3033 3035//3035 3034//3034 
f 3121//3121 3037//3037 3119//3119 
f 3037//3037 3121//3121 3038//3038 
f 3125//3125 3039//3039 3131//3131 
f 3040//3040 3131//3131 3039//3039 
f 3135//3135 3137//3137 3133//3133 
f 3137//3137 3135//3135 3139//3139 
f 3120//3120 3042//3042 3041//3041 
f 3042//3042 3120//3120 3134//3134 
f 3043//3043 3044//3044 3126//3126 
f 3138//3138 3126//3126 3044//3044 
f 3138//3138 3042//3042 3134//3134 
f 3046//3046 3138//3138 3044//3044 
f 3045//3045 3138//3138 3046//3046 
f 3138//3138 3045//3045 3042//3042 
f 3045//3045 3048//3048 3047//3047 
f 3048//3048 3045//3045 3046//3046 
f 3111//3111 3126//3126 3127//3127 
f 3120//3120 3109//3109 3117//3117 
f 3111//3111 3043//3043 3126//3126 
f 3041//3041 3109//3109 3120//3120 
f 3041//3041 3111//3111 3109//3109 
f 3111//3111 3048//3048 3043//3043 
f 3111//3111 3047//3047 3048//3048 
f 3047//3047 3111//3111 3041//3041 
f 3049//3049 3050//3050 3122//3122 
f 3136//3136 3122//3122 3050//3050 
f 3132//3132 3052//3052 3051//3051 
f 3052//3052 3132//3132 3140//3140 
f 3050//3050 3140//3140 3136//3136 
f 3140//3140 3053//3053 3052//3052 
f 3140//3140 3054//3054 3053//3053 
f 3054//3054 3140//3140 3050//3050 
f 3055//3055 3056//3056 3054//3054 
f 3053//3053 3054//3054 3056//3056 
f 3132//3132 3113//3113 3129//3129 
f 3051//3051 3113//3113 3132//3132 
f 3115//3115 3122//3122 3123//3123 
f 3115//3115 3049//3049 3122//3122 
f 3113//3113 3049//3049 3115//3115 
f 3056//3056 3113//3113 3051//3051 
f 3055//3055 3113//3113 3056//3056 
f 3113//3113 3055//3055 3049//3049 
f 3153//3153 3169//3169 3149//3149 
f 3167//3167 3149//3149 3169//3169 
f 3154//3154 3141//3141 3170//3170 
f 3157//3157 3170//3170 3141//3141 
f 3143//3143 3158//3158 3142//3142 
f 3158//3158 3143//3143 3159//3159 
f 3144//3144 3150//3150 3160//3160 
f 3168//3168 3160//3160 3150//3150 
f 3151//3151 3171//3171 3155//3155 
f 3171//3171 3151//3151 3165//3165 
f 3172//3172 3145//3145 3156//3156 
f 3145//3145 3172//3172 3161//3161 
f 3146//3146 3162//3162 3147//3147 
f 3163//3163 3147//3147 3162//3162 
f 3152//3152 3148//3148 3166//3166 
f 3164//3164 3166//3166 3148//3148 
f 3057//3057 3028//3028 3058//3058 
f 3028//3028 3057//3057 3025//3025 
f 3029//3029 3059//3059 3032//3032 
f 3059//3059 3060//3060 3032//3032 
f 3062//3062 3063//3063 3061//3061 
f 3064//3064 3061//3061 3063//3063 
f 3177//3177 3065//3065 3179//3179 
f 3066//3066 3179//3179 3065//3065 
f 3187//3187 3067//3067 3181//3181 
f 3067//3067 3187//3187 3068//3068 
f 3195//3195 3191//3191 3193//3193 
f 3189//3189 3193//3193 3191//3191 
f 3069//3069 3070//3070 3178//3178 
f 3190//3190 3178//3178 3070//3070 
f 3182//3182 3072//3072 3071//3071 
f 3072//3072 3182//3182 3194//3194 
f 3190//3190 3070//3070 3194//3194 
f 3072//3072 3194//3194 3074//3074 
f 3074//3074 3194//3194 3073//3073 
f 3070//3070 3073//3073 3194//3194 
f 3075//3075 3076//3076 3073//3073 
f 3074//3074 3073//3073 3076//3076 
f 3118//3118 3110//3110 3178//3178 
f 3183//3183 3182//3182 3173//3173 
f 3178//3178 3110//3110 3069//3069 
f 3182//3182 3071//3071 3173//3173 
f 3173//3173 3071//3071 3110//3110 
f 3069//3069 3110//3110 3075//3075 
f 3075//3075 3110//3110 3076//3076 
f 3071//3071 3076//3076 3110//3110 
f 3180//3180 3078//3078 3077//3077 
f 3078//3078 3180//3180 3192//3192 
f 3079//3079 3080//3080 3188//3188 
f 3196//3196 3188//3188 3080//3080 
f 3196//3196 3080//3080 3192//3192 
f 3078//3078 3192//3192 3082//3082 
f 3082//3082 3192//3192 3081//3081 
f 3080//3080 3081//3081 3192//3192 
f 3082//3082 3084//3084 3083//3083 
f 3084//3084 3082//3082 3081//3081 
f 3185//3185 3175//3175 3188//3188 
f 3188//3188 3175//3175 3079//3079 
f 3180//3180 3077//3077 3124//3124 
f 3124//3124 3077//3077 3116//3116 
f 3077//3077 3083//3083 3116//3116 
f 3083//3083 3084//3084 3116//3116 
f 3116//3116 3084//3084 3175//3175 
f 3084//3084 3079//3079 3175//3175 
f 3205//3205 3225//3225 3209//3209 
f 3225//3225 3205//3205 3223//3223 
f 3226//3226 3197//3197 3210//3210 
f 3226//3226 3213//3213 3197//3197 
f 3198//3198 3214//3214 3199//3199 
f 3215//3215 3199//3199 3214//3214 
f 3200//3200 3224//3224 3206//3206 
f 3216//3216 3224//3224 3200//3200 
f 3211//3211 3227//3227 3207//3207 
f 3221//3221 3207//3207 3227//3227 
f 3201//3201 3217//3217 3212//3212 
f 3228//3228 3212//3212 3217//3217 
f 3203//3203 3218//3218 3202//3202 
f 3218//3218 3203//3203 3219//3219 
f 3208//3208 3220//3220 3204//3204 
f 3220//3220 3208//3208 3222//3222 
f 3027//3027 3057//3057 3058//3058 
f 3026//3026 3057//3057 3027//3027 
f 3086//3086 3063//3063 3085//3085 
f 3085//3085 3063//3063 3062//3062 
f 3034//3034 3035//3035 3087//3087 
f 3088//3088 3087//3087 3035//3035 
f 3229//3229 3089//3089 3231//3231 
f 3090//3090 3231//3231 3089//3089 
f 3235//3235 3091//3091 3233//3233 
f 3091//3091 3235//3235 3092//3092 
f 3239//3239 3237//3237 3243//3243 
f 3241//3241 3243//3243 3237//3237 
f 3094//3094 3238//3238 3093//3093 
f 3230//3230 3093//3093 3238//3238 
f 3095//3095 3242//3242 3096//3096 
f 3242//3242 3095//3095 3234//3234 
f 3096//3096 3242//3242 3098//3098 
f 3094//3094 3097//3097 3238//3238 
f 3242//3242 3238//3238 3098//3098 
f 3098//3098 3238//3238 3097//3097 
f 3099//3099 3100//3100 3097//3097 
f 3098//3098 3097//3097 3100//3100 
f 3128//3128 3234//3234 3112//3112 
f 3184//3184 3174//3174 3230//3230 
f 3095//3095 3100//3100 3234//3234 
f 3100//3100 3099//3099 3234//3234 
f 3093//3093 3230//3230 3099//3099 
f 3099//3099 3230//3230 3234//3234 
f 3174//3174 3112//3112 3230//3230 
f 3234//3234 3230//3230 3112//3112 
f 3101//3101 3240//3240 3102//3102 
f 3240//3240 3101//3101 3232//3232 
f 3104//3104 3244//3244 3103//3103 
f 3236//3236 3103//3103 3244//3244 
f 3104//3104 3105//3105 3244//3244 
f 3102//3102 3240//3240 3106//3106 
f 3244//3244 3105//3105 3240//3240 
f 3105//3105 3106//3106 3240//3240 
f 3106//3106 3108//3108 3107//3107 
f 3108//3108 3106//3106 3105//3105 
f 3186//3186 3232//3232 3176//3176 
f 3176//3176 3232//3232 3114//3114 
f 3103//3103 3236//3236 3108//3108 
f 3108//3108 3236//3236 3107//3107 
f 3101//3101 3107//3107 3232//3232 
f 3107//3107 3236//3236 3232//3232 
f 3232//3232 3236//3236 3114//3114 
f 3114//3114 3236//3236 3130//3130 
f 3253//3253 3273//3273 3257//3257 
f 3273//3273 3253//3253 3271//3271 
f 3245//3245 3274//3274 3261//3261 
f 3274//3274 3245//3245 3258//3258 
f 3246//3246 3262//3262 3247//3247 
f 3263//3263 3247//3247 3262//3262 
f 3272//3272 3248//3248 3264//3264 
f 3248//3248 3272//3272 3254//3254 
f 3259//3259 3275//3275 3255//3255 
f 3269//3269 3255//3255 3275//3275 
f 3249//3249 3265//3265 3260//3260 
f 3276//3276 3260//3260 3265//3265 
f 3251//3251 3266//3266 3250//3250 
f 3266//3266 3251//3251 3267//3267 
f 3256//3256 3268//3268 3252//3252 
f 3268//3268 3256//3256 3270//3270 
v 0.009999999776482582 6.49480638812306e-15 -0.007197584956884384
v 0.5636900067329407 -0.319673091173172 -0.007197584956884384
v 0.4134272336959839 -0.16941028833389282 -0.007197584956884384
v 0.11999999731779099 7.793767665747672e-14 -0.007197584956884384
v 0.009999999776482582 6.49480638812306e-15 -0.06219758465886116
v 0.23921361565589905 -0.1323365420103073 -0.06219758465886116
v 0.26671361923217773 -0.08470514416694641 -0.06219758465886116
v 0.11999999731779099 7.793767665747672e-14 -0.06219758465886116
v 0.34313666820526123 -0.1923365443944931 -0.06219758465886116
v 0.5636900067329407 -0.319673091173172 -0.06219758465886116
v 0.4134272336959839 -0.16941028833389282 -0.06219758465886116
v 0.3706366717815399 -0.1447051465511322 -0.06219758465886116
v 0.23921361565589905 -0.1323365420103073 -0.06719758361577988
v 0.26671361923217773 -0.08470514416694641 -0.06719758361577988
v 0.34313666820526123 -0.1923365443944931 -0.06719758361577988
v 0.3706366717815399 -0.1447051465511322 -0.06719758361577988
v 0.24527579545974731 -0.13583654165267944 -0.011697584763169289
v 0.24527579545974731 -0.13583654165267944 -0.017697585746645927
v 0.33707448840141296 -0.18883654475212097 -0.011697584763169289
v 0.33707448840141296 -0.18883654475212097 -0.017697585746645927
v 0.25047194957733154 -0.13883653283119202 -0.017697585746645927
v 0.33187833428382874 -0.1858365386724472 -0.017697585746645927
v 0.25047194957733154 -0.13883653283119202 -0.011697584763169289
v 0.33187833428382874 -0.1858365386724472 -0.011697584763169289
v 0.272775799036026 -0.08820514380931854 -0.011697584763169289
v 0.272775799036026 -0.08820514380931854 -0.017697585746645927
v 0.36457449197769165 -0.14120514690876007 -0.011697584763169289
v 0.36457449197769165 -0.14120514690876007 -0.017697585746645927
v 0.3593783378601074 -0.1382051408290863 -0.017697585746645927
v 0.27797195315361023 -0.09120514243841171 -0.017697585746645927
v 0.27797195315361023 -0.09120514243841171 -0.011697584763169289
v 0.3593783378601074 -0.1382051408290863 -0.011697584763169289
v 0.28684499859809875 0.159836545586586 -0.007197584956884384
v 0.26671361923217773 0.08470514416694641 -0.007197584956884384
v 0.09487604349851608 0.04900320619344711 -0.06219758465886116
v 0.12237603962421417 0.0013718090485781431 -0.06219758465886116
v 0.19879908859729767 0.1090032085776329 -0.06219758465886116
v 0.28684499859809875 0.159836545586586 -0.06219758465886116
v 0.26671361923217773 0.08470514416694641 -0.06219758465886116
v 0.22629909217357635 0.061371810734272 -0.06219758465886116
v 0.09487604349851608 0.04900320619344711 -0.30000001192092896
v 0.12237603962421417 0.0013718090485781431 -0.30000001192092896
v 0.19879908859729767 0.1090032085776329 -0.30000001192092896
v 0.22629909217357635 0.061371810734272 -0.30000001192092896
v 0.10093822330236435 0.052503205835819244 -0.28949999809265137
v 0.10093822330236435 0.052503205835819244 -0.2955000102519989
v 0.1927369087934494 0.10550320893526077 -0.28949999809265137
v 0.1927369087934494 0.10550320893526077 -0.2955000102519989
v 0.10613436996936798 0.055503204464912415 -0.2955000102519989
v 0.18754075467586517 0.102503202855587 -0.2955000102519989
v 0.10613436996936798 0.055503204464912415 -0.28949999809265137
v 0.18754075467586517 0.102503202855587 -0.28949999809265137
v 0.12843821942806244 0.004871808923780918 -0.28949999809265137
v 0.12843821942806244 0.004871808923780918 -0.2955000102519989
v 0.2202369123697281 0.05787180736660957 -0.28949999809265137
v 0.2202369123697281 0.05787180736660957 -0.2955000102519989
v 0.21504075825214386 0.0548718087375164 -0.2955000102519989
v 0.13363437354564667 0.007871809415519238 -0.2955000102519989
v 0.13363437354564667 0.007871809415519238 -0.28949999809265137
v 0.21504075825214386 0.0548718087375164 -0.28949999809265137
v 0.4586825668811798 -0.1377948522567749 -0.06219758465886116
v 0.4110511839389801 -0.1652948558330536 -0.06219758465886116
v 0.398682564496994 -0.033871810883283615 -0.06219758465886116
v 0.3510511815547943 -0.061371810734272 -0.06219758465886116
v 0.4586825668811798 -0.1377948522567749 -0.09719758480787277
v 0.4110511839389801 -0.1652948558330536 -0.09719758480787277
v 0.398682564496994 -0.033871810883283615 -0.09719758480787277
v 0.3510511815547943 -0.061371810734272 -0.09719758480787277
v 0.45518258213996887 -0.13173267245292664 -0.08669758588075638
v 0.45518258213996887 -0.13173267245292664 -0.09269758313894272
v 0.40218257904052734 -0.03993398696184158 -0.08669758588075638
v 0.40218257904052734 -0.03993398696184158 -0.09269758313894272
v 0.4521825611591339 -0.1265365332365036 -0.09269758313894272
v 0.4051825702190399 -0.04513014107942581 -0.09269758313894272
v 0.4521825611591339 -0.1265365332365036 -0.08669758588075638
v 0.4051825702190399 -0.04513014107942581 -0.08669758588075638
v 0.4075511693954468 -0.15923267602920532 -0.08669758588075638
v 0.4075511693954468 -0.15923267602920532 -0.09269758313894272
v 0.35455116629600525 -0.06743399053812027 -0.08669758588075638
v 0.35455116629600525 -0.06743399053812027 -0.09269758313894272
v 0.3575511872768402 -0.0726301372051239 -0.09269758313894272
v 0.4045511782169342 -0.1540365219116211 -0.09269758313894272
v 0.4045511782169342 -0.1540365219116211 -0.08669758588075638
v 0.3575511872768402 -0.0726301372051239 -0.08669758588075638
v 0.009999999776482582 6.49480638812306e-15 -0.007197584956884384
v 0.009999999776482582 6.49480638812306e-15 -0.007197584956884384
v 0.5636900067329407 -0.319673091173172 -0.007197584956884384
v 0.5636900067329407 -0.319673091173172 -0.007197584956884384
v 0.4134272336959839 -0.16941028833389282 -0.007197584956884384
v 0.4134272336959839 -0.16941028833389282 -0.007197584956884384
v 0.11999999731779099 7.793767665747672e-14 -0.007197584956884384
v 0.11999999731779099 7.793767665747672e-14 -0.007197584956884384
v 0.009999999776482582 6.49480638812306e-15 -0.06219758465886116
v 0.009999999776482582 6.49480638812306e-15 -0.06219758465886116
v 0.23921361565589905 -0.1323365420103073 -0.06219758465886116
v 0.23921361565589905 -0.1323365420103073 -0.06219758465886116
v 0.26671361923217773 -0.08470514416694641 -0.06219758465886116
v 0.26671361923217773 -0.08470514416694641 -0.06219758465886116
v 0.11999999731779099 7.793767665747672e-14 -0.06219758465886116
v 0.11999999731779099 7.793767665747672e-14 -0.06219758465886116
v 0.34313666820526123 -0.1923365443944931 -0.06219758465886116
v 0.34313666820526123 -0.1923365443944931 -0.06219758465886116
v 0.5636900067329407 -0.319673091173172 -0.06219758465886116
v 0.5636900067329407 -0.319673091173172 -0.06219758465886116
v 0.4134272336959839 -0.16941028833389282 -0.06219758465886116
v 0.4134272336959839 -0.16941028833389282 -0.06219758465886116
v 0.3706366717815399 -0.1447051465511322 -0.06219758465886116
v 0.3706366717815399 -0.1447051465511322 -0.06219758465886116
v 0.23921361565589905 -0.1323365420103073 -0.06719758361577988
v 0.23921361565589905 -0.1323365420103073 -0.06719758361577988
v 0.26671361923217773 -0.08470514416694641 -0.06719758361577988
v 0.26671361923217773 -0.08470514416694641 -0.06719758361577988
v 0.34313666820526123 -0.1923365443944931 -0.06719758361577988
v 0.34313666820526123 -0.1923365443944931 -0.06719758361577988
v 0.3706366717815399 -0.1447051465511322 -0.06719758361577988
v 0.3706366717815399 -0.1447051465511322 -0.06719758361577988
v 0.24527579545974731 -0.13583654165267944 -0.011697584763169289
v 0.24527579545974731 -0.13583654165267944 -0.011697584763169289
v 0.24527579545974731 -0.13583654165267944 -0.017697585746645927
v 0.24527579545974731 -0.13583654165267944 -0.017697585746645927
v 0.33707448840141296 -0.18883654475212097 -0.011697584763169289
v 0.33707448840141296 -0.18883654475212097 -0.011697584763169289
v 0.33707448840141296 -0.18883654475212097 -0.017697585746645927
v 0.33707448840141296 -0.18883654475212097 -0.017697585746645927
v 0.25047194957733154 -0.13883653283119202 -0.017697585746645927
v 0.25047194957733154 -0.13883653283119202 -0.017697585746645927
v 0.33187833428382874 -0.1858365386724472 -0.017697585746645927
v 0.33187833428382874 -0.1858365386724472 -0.017697585746645927
v 0.25047194957733154 -0.13883653283119202 -0.011697584763169289
v 0.25047194957733154 -0.13883653283119202 -0.011697584763169289
v 0.33187833428382874 -0.1858365386724472 -0.011697584763169289
v 0.33187833428382874 -0.1858365386724472 -0.011697584763169289
v 0.272775799036026 -0.08820514380931854 -0.011697584763169289
v 0.272775799036026 -0.08820514380931854 -0.011697584763169289
v 0.272775799036026 -0.08820514380931854 -0.017697585746645927
v 0.272775799036026 -0.08820514380931854 -0.017697585746645927
v 0.36457449197769165 -0.14120514690876007 -0.011697584763169289
v 0.36457449197769165 -0.14120514690876007 -0.011697584763169289
v 0.36457449197769165 -0.14120514690876007 -0.017697585746645927
v 0.36457449197769165 -0.14120514690876007 -0.017697585746645927
v 0.3593783378601074 -0.1382051408290863 -0.017697585746645927
v 0.3593783378601074 -0.1382051408290863 -0.017697585746645927
v 0.27797195315361023 -0.09120514243841171 -0.017697585746645927
v 0.27797195315361023 -0.09120514243841171 -0.017697585746645927
v 0.27797195315361023 -0.09120514243841171 -0.011697584763169289
v 0.27797195315361023 -0.09120514243841171 -0.011697584763169289
v 0.3593783378601074 -0.1382051408290863 -0.011697584763169289
v 0.3593783378601074 -0.1382051408290863 -0.011697584763169289
v 0.28684499859809875 0.159836545586586 -0.007197584956884384
v 0.28684499859809875 0.159836545586586 -0.007197584956884384
v 0.26671361923217773 0.08470514416694641 -0.007197584956884384
v 0.26671361923217773 0.08470514416694641 -0.007197584956884384
v 0.09487604349851608 0.04900320619344711 -0.06219758465886116
v 0.09487604349851608 0.04900320619344711 -0.06219758465886116
v 0.12237603962421417 0.0013718090485781431 -0.06219758465886116
v 0.12237603962421417 0.0013718090485781431 -0.06219758465886116
v 0.19879908859729767 0.1090032085776329 -0.06219758465886116
v 0.19879908859729767 0.1090032085776329 -0.06219758465886116
v 0.28684499859809875 0.159836545586586 -0.06219758465886116
v 0.28684499859809875 0.159836545586586 -0.06219758465886116
v 0.26671361923217773 0.08470514416694641 -0.06219758465886116
v 0.26671361923217773 0.08470514416694641 -0.06219758465886116
v 0.22629909217357635 0.061371810734272 -0.06219758465886116
v 0.22629909217357635 0.061371810734272 -0.06219758465886116
v 0.09487604349851608 0.04900320619344711 -0.30000001192092896
v 0.09487604349851608 0.04900320619344711 -0.30000001192092896
v 0.12237603962421417 0.0013718090485781431 -0.30000001192092896
v 0.12237603962421417 0.0013718090485781431 -0.30000001192092896
v 0.19879908859729767 0.1090032085776329 -0.30000001192092896
v 0.19879908859729767 0.1090032085776329 -0.30000001192092896
v 0.22629909217357635 0.061371810734272 -0.30000001192092896
v 0.22629909217357635 0.061371810734272 -0.30000001192092896
v 0.10093822330236435 0.052503205835819244 -0.28949999809265137
v 0.10093822330236435 0.052503205835819244 -0.28949999809265137
v 0.10093822330236435 0.052503205835819244 -0.2955000102519989
v 0.10093822330236435 0.052503205835819244 -0.2955000102519989
v 0.1927369087934494 0.10550320893526077 -0.28949999809265137
v 0.1927369087934494 0.10550320893526077 -0.28949999809265137
v 0.1927369087934494 0.10550320893526077 -0.2955000102519989
v 0.1927369087934494 0.10550320893526077 -0.2955000102519989
v 0.10613436996936798 0.055503204464912415 -0.2955000102519989
v 0.10613436996936798 0.055503204464912415 -0.2955000102519989
v 0.18754075467586517 0.102503202855587 -0.2955000102519989
v 0.18754075467586517 0.102503202855587 -0.2955000102519989
v 0.10613436996936798 0.055503204464912415 -0.28949999809265137
v 0.10613436996936798 0.055503204464912415 -0.28949999809265137
v 0.18754075467586517 0.102503202855587 -0.28949999809265137
v 0.18754075467586517 0.102503202855587 -0.28949999809265137
v 0.12843821942806244 0.004871808923780918 -0.28949999809265137
v 0.12843821942806244 0.004871808923780918 -0.28949999809265137
v 0.12843821942806244 0.004871808923780918 -0.2955000102519989
v 0.12843821942806244 0.004871808923780918 -0.2955000102519989
v 0.2202369123697281 0.05787180736660957 -0.28949999809265137
v 0.2202369123697281 0.05787180736660957 -0.28949999809265137
v 0.2202369123697281 0.05787180736660957 -0.2955000102519989
v 0.2202369123697281 0.05787180736660957 -0.2955000102519989
v 0.21504075825214386 0.0548718087375164 -0.2955000102519989
v 0.21504075825214386 0.0548718087375164 -0.2955000102519989
v 0.13363437354564667 0.007871809415519238 -0.2955000102519989
v 0.13363437354564667 0.007871809415519238 -0.2955000102519989
v 0.13363437354564667 0.007871809415519238 -0.28949999809265137
v 0.13363437354564667 0.007871809415519238 -0.28949999809265137
v 0.21504075825214386 0.0548718087375164 -0.28949999809265137
v 0.21504075825214386 0.0548718087375164 -0.28949999809265137
v 0.4586825668811798 -0.1377948522567749 -0.06219758465886116
v 0.4586825668811798 -0.1377948522567749 -0.06219758465886116
v 0.4110511839389801 -0.1652948558330536 -0.06219758465886116
v 0.4110511839389801 -0.1652948558330536 -0.06219758465886116
v 0.398682564496994 -0.033871810883283615 -0.06219758465886116
v 0.398682564496994 -0.033871810883283615 -0.06219758465886116
v 0.3510511815547943 -0.061371810734272 -0.06219758465886116
v 0.3510511815547943 -0.061371810734272 -0.06219758465886116
v 0.4586825668811798 -0.1377948522567749 -0.09719758480787277
v 0.4586825668811798 -0.1377948522567749 -0.09719758480787277
v 0.4110511839389801 -0.1652948558330536 -0.09719758480787277
v 0.4110511839389801 -0.1652948558330536 -0.09719758480787277
v 0.398682564496994 -0.033871810883283615 -0.09719758480787277
v 0.398682564496994 -0.033871810883283615 -0.09719758480787277
v 0.3510511815547943 -0.061371810734272 -0.09719758480787277
v 0.3510511815547943 -0.061371810734272 -0.09719758480787277
v 0.45518258213996887 -0.13173267245292664 -0.08669758588075638
v 0.45518258213996887 -0.13173267245292664 -0.08669758588075638
v 0.45518258213996887 -0.13173267245292664 -0.09269758313894272
v 0.45518258213996887 -0.13173267245292664 -0.09269758313894272
v 0.40218257904052734 -0.03993398696184158 -0.08669758588075638
v 0.40218257904052734 -0.03993398696184158 -0.08669758588075638
v 0.40218257904052734 -0.03993398696184158 -0.09269758313894272
v 0.40218257904052734 -0.03993398696184158 -0.09269758313894272
v 0.4521825611591339 -0.1265365332365036 -0.09269758313894272
v 0.4521825611591339 -0.1265365332365036 -0.09269758313894272
v 0.4051825702190399 -0.04513014107942581 -0.09269758313894272
v 0.4051825702190399 -0.04513014107942581 -0.09269758313894272
v 0.4521825611591339 -0.1265365332365036 -0.08669758588075638
v 0.4521825611591339 -0.1265365332365036 -0.08669758588075638
v 0.4051825702190399 -0.04513014107942581 -0.08669758588075638
v 0.4051825702190399 -0.04513014107942581 -0.08669758588075638
v 0.4075511693954468 -0.15923267602920532 -0.08669758588075638
v 0.4075511693954468 -0.15923267602920532 -0.08669758588075638
v 0.4075511693954468 -0.15923267602920532 -0.09269758313894272
v 0.4075511693954468 -0.15923267602920532 -0.09269758313894272
v 0.35455116629600525 -0.06743399053812027 -0.08669758588075638
v 0.35455116629600525 -0.06743399053812027 -0.08669758588075638
v 0.35455116629600525 -0.06743399053812027 -0.09269758313894272
v 0.35455116629600525 -0.06743399053812027 -0.09269758313894272
v 0.3575511872768402 -0.0726301372051239 -0.09269758313894272
v 0.3575511872768402 -0.0726301372051239 -0.09269758313894272
v 0.4045511782169342 -0.1540365219116211 -0.09269758313894272
v 0.4045511782169342 -0.1540365219116211 -0.09269758313894272
v 0.4045511782169342 -0.1540365219116211 -0.08669758588075638
v 0.4045511782169342 -0.1540365219116211 -0.08669758588075638
v 0.3575511872768402 -0.0726301372051239 -0.08669758588075638
v 0.3575511872768402 -0.0726301372051239 -0.08669758588075638
vn 0 0 1
vn 0 0 1
vn 0 0 1
vn 0 0 1
vn 0 0 -1
vn 0 0 -1
vn 0 0 -1
vn 0 0 -1
vn 0 0 -1
vn 0 0 -1
vn 0 0 -1
vn 0 0 -1
vn -0.8660253882408142 0.5000000596046448 0
vn -0.8660253882408142 0.5000000596046448 0
vn 0.8660253882408142 -0.5000000596046448 0
vn 0.8660253882408142 -0.5000000596046448 0
vn -0.49999967217445374 -0.8660256266593933 -0.000030248882467276417
vn -0.49999964237213135 -0.8660256266593933 8.20479101548699e-7
vn -0.5000002384185791 -0.8660253286361694 0.00001323996275459649
vn -0.5000001192092896 -0.8660253882408142 -4.345043791431635e-8
vn -0.4999997019767761 -0.8660255670547485 8.250025302913855e-7
vn -0.5000002384185791 -0.8660252690315247 -2.8669063567576814e-8
vn -0.49999964237213135 -0.8660256266593933 -0.000039676680898992345
vn -0.5000001788139343 -0.8660253286361694 0.000009984607459045947
vn 0.49999991059303284 0.8660255074501038 0.0000032659631870046724
vn 0.49999991059303284 0.8660255074501038 -2.06741049169068e-7
vn 0.5000002384185791 0.8660253286361694 -0.000003207977215424762
vn 0.5000001192092896 0.8660253882408142 4.345043791431635e-8
vn 0.5000002384185791 0.8660252690315247 2.2659955689618982e-8
vn 0.4999999403953552 0.866025447845459 -2.1577129416527896e-7
vn 0.49999991059303284 0.866025447845459 0.000004312481905799359
vn 0.5000001788139343 0.8660253286361694 -0.0000022780520794185577
vn 0 0 1
vn 0 0 1
vn 0 0 -1
vn 0 0 -1
vn 0 0 -1
vn 0 0 -1
vn 0 0 -1
vn 0 0 -1
vn -0.866025447845459 -0.4999999403953552 0
vn -0.866025447845459 -0.4999999403953552 0
vn 0.8660253882408142 0.5000000596046448 0
vn 0.8660253882408142 0.5000000596046448 0
vn -0.5 0.8660253882408142 2.780694074999701e-8
vn -0.5000000596046448 0.8660253882408142 3.634193888046866e-7
vn -0.5000001192092896 0.8660253882408142 9.462268302229404e-9
vn -0.5000002384185791 0.8660252690315247 -7.169318791966361e-7
vn -0.5000000596046448 0.8660253882408142 1.6169389027709258e-7
vn -0.5000001788139343 0.8660253286361694 -2.2771021690459747e-7
vn -0.5000000596046448 0.8660253882408142 3.477255106076882e-8
vn -0.5000001788139343 0.8660253286361694 3.7010201570097934e-9
vn 0.49999991059303284 -0.8660255074501038 8.870881806899433e-10
vn 0.49999991059303284 -0.8660255074501038 -6.721240453089194e-8
vn 0.5000001192092896 -0.8660253882408142 -3.1406298006686484e-8
vn 0.4999999701976776 -0.866025447845459 -4.779548703481851e-7
vn 0.4999999403953552 -0.866025447845459 -3.2890031320675917e-7
vn 0.5 -0.866025447845459 -1.2592920484166825e-7
vn 0.5 -0.866025447845459 3.3240976637927133e-9
vn 0.4999999403953552 -0.866025447845459 -3.7551739495711445e-8
vn 0 0 -1
vn 0 0 -1
vn 0 0 -1
vn 0 0 -1
vn 0.5000001788139343 -0.8660253286361694 0
vn 0.5000001788139343 -0.8660253286361694 0
vn -0.5000001192092896 0.8660253286361694 0
vn -0.5000001192092896 0.8660253286361694 0
vn 0.8660253882408142 0.5 5.864636705155135e-7
vn 0.866024911403656 0.5000009536743164 -0.000004789452304976294
vn 0.8660250306129456 0.5000007748603821 3.1796778898751654e-7
vn 0.8660252690315247 0.5000002384185791 -0.0000025967358396883355
vn 0.866024911403656 0.5000008344650269 -0.000001731086285872152
vn 0.8660256266593933 0.49999967217445374 -8.777697644291038e-7
vn 0.8660247921943665 0.5000011920928955 4.239396389493777e-7
vn 0.8660255670547485 0.4999997019767761 1.2897844214876386e-7
vn -0.8660250902175903 -0.5000005960464478 2.926257423041534e-7
vn -0.8660253286361694 -0.5000001192092896 -0.0000023897760002000723
vn -0.8660255074501038 -0.49999988079071045 5.273317924547882e-7
vn -0.8660250306129456 -0.5000006556510925 -0.000004306541541154729
vn -0.8660248517990112 -0.5000010132789612 -0.0000023002853595244233
vn -0.8660255670547485 -0.4999997615814209 -7.340819934142928e-7
vn -0.8660255670547485 -0.4999997615814209 1.3649966490447696e-7
vn -0.8660250306129456 -0.5000007748603821 3.168761111282947e-7
vn -0.5 -0.8660253882408142 -5.932937483521528e-7
vn -0.5 0.8660253882408142 -4.041119794351289e-8
vn -0.4999999701976776 -0.866025447845459 -0.00001351911123492755
vn 0.866025447845459 0.5 1.0365979363768929e-7
vn 0.5000000596046448 0.8660253882408142 6.656314326392021e-7
vn -0.8660253286361694 -0.5000001788139343 5.948568215785599e-8
vn 0.5 0.866025447845459 2.1967288432733767e-7
vn 0.5 -0.8660253882408142 -1.2802642501696937e-8
vn -0.5 -0.8660253882408142 0
vn -0.5 0.8660253882408142 0
vn -0.8660253882408142 0.5000000596046448 0
vn -0.4999999403953552 -0.866025447845459 6.157397258732544e-9
vn -0.8660253882408142 0.5000000596046448 0
vn 0.49999991059303284 0.866025447845459 -5.313625095482166e-9
vn 0.4999999701976776 0.8660253882408142 0
vn 0.5000001192092896 -0.8660253286361694 0
vn 0.8660253882408142 -0.5000000596046448 0
vn -0.4999999403953552 -0.866025447845459 -8.232730053236992e-9
vn -0.5000000596046448 -0.8660253882408142 0
vn 0.866025447845459 0.4999999701976776 0
vn 0.5 0.8660253882408142 0
vn -0.8660250902175903 -0.5000005960464478 0
vn 0.8660253882408142 -0.5000000596046448 0
vn 0.4999999403953552 0.866025447845459 5.222623222778111e-9
vn 0 0 -1
vn -0.4999999403953552 -0.866025447845459 1.3125191600238395e-8
vn 0 0 -1
vn 0.4999999403953552 0.866025447845459 -1.3125191600238395e-8
vn 0 0 -1
vn -0.49999988079071045 -0.8660255074501038 6.391819056261738e-7
vn 0 0 -1
vn 0.5000001192092896 0.8660253882408142 -1.5179686840838258e-7
vn 0 0 -1
vn 0.8660253882408142 -0.5000000596046448 0
vn 0.8660253882408142 -0.5000000596046448 0
vn 0 0 1
vn 0 0 -1
vn -0.8660253882408142 0.5000000596046448 0
vn -0.8660253882408142 0.5000000596046448 0
vn 0 0 1
vn -0.8660253286361694 0.5000001192092896 0
vn 0 0 1
vn 0.8660253882408142 -0.5000000596046448 0
vn 0 0 1
vn -0.8660253286361694 0.5000001192092896 0
vn 0 0 -1
vn 0.8660253882408142 -0.5000000596046448 0
vn 0 0 -1
vn 0 0 -1
vn 0.8660253882408142 -0.5000000596046448 0
vn 0.8660253882408142 -0.5000000596046448 0
vn 0 0 1
vn 0 0 -1
vn -0.8660253882408142 0.5000000596046448 0
vn -0.8660253882408142 0.5000000596046448 0
vn 0 0 1
vn 0.8660253882408142 -0.5000000596046448 0
vn 0 0 1
vn -0.8660253286361694 0.5000001192092896 0
vn 0 0 1
vn -0.8660253286361694 0.5000001192092896 0
vn 0 0 -1
vn 0.8660253882408142 -0.5000000596046448 0
vn 0 0 -1
vn -0.5 0.8660253882408142 -2.8915550842611992e-8
vn 0.8660253882408142 0.5 -1.5144889786711246e-8
vn 0.4999999403953552 -0.866025447845459 -2.5848537532624505e-8
vn -0.866025447845459 -0.5 5.941525671460113e-8
vn -0.866025447845459 -0.4999999403953552 0
vn -0.4999999701976776 0.866025447845459 -1.7518779316105793e-8
vn -0.866025447845459 -0.4999999403953552 0
vn 0.4999999701976776 -0.866025447845459 -2.5914713930319522e-8
vn 0.8660253882408142 0.5000000596046448 0
vn -0.5000001192092896 0.8660253882408142 5.997806695745567e-10
vn -0.5000000596046448 0.8660253882408142 0
vn 0.8660253882408142 0.4999999701976776 0
vn 0.49999991059303284 -0.866025447845459 0
vn -0.866025447845459 -0.4999999701976776 0
vn 0.8660253882408142 0.5000000596046448 0
vn 0.5 -0.8660253882408142 -1.0816995299478549e-8
vn 0 0 -1
vn -0.5 0.866025447845459 2.499723450455349e-7
vn 0 0 -1
vn 0.49999991059303284 -0.866025447845459 -9.882326423849008e-8
vn 0 0 -1
vn -0.5000001192092896 0.8660253882408142 -2.0769441277934675e-7
vn 0 0 -1
vn 0.5000000596046448 -0.8660253882408142 -2.3657732128867792e-7
vn 0 0 -1
vn 0.866025447845459 0.4999999403953552 0
vn 0.866025447845459 0.4999999403953552 0
vn 0 0 1
vn 0 0 -1
vn -0.8660253882408142 -0.5 0
vn -0.8660253882408142 -0.5 0
vn 0 0 1
vn -0.8660253882408142 -0.5000000596046448 0
vn 0 0 1
vn 0.8660253882408142 0.5000000596046448 0
vn 0 0 1
vn -0.8660253882408142 -0.5000000596046448 0
vn 0 0 -1
vn 0.8660253882408142 0.5000000596046448 0
vn 0 0 -1
vn 0 0 -1
vn 0.866025447845459 0.4999999403953552 0
vn 0.866025447845459 0.4999999403953552 0
vn 0 0 1
vn 0 0 -1
vn -0.8660253882408142 -0.5 0
vn -0.8660253882408142 -0.5 0
vn 0 0 1
vn 0.8660253882408142 0.5000000596046448 0
vn 0 0 1
vn -0.8660253882408142 -0.5000000596046448 0
vn 0 0 1
vn -0.8660253882408142 -0.5000000596046448 0
vn 0 0 -1
vn 0.8660253882408142 0.5000000596046448 0
vn 0 0 -1
vn 0.5000001788139343 -0.8660253286361694 0
vn 0.8660252690315247 0.5000003576278687 2.986081995004497e-7
vn 0.5000001788139343 -0.8660253286361694 0
vn -0.8660252690315247 -0.5000002980232239 2.3065176435466128e-7
vn -0.5000001192092896 0.8660253286361694 0
vn 0.8660253882408142 0.5000000596046448 2.405739394362172e-7
vn -0.5000001192092896 0.8660253286361694 0
vn -0.8660253286361694 -0.5000002384185791 2.4345288807126053e-7
vn 0 0 -1
vn 0.8660253882408142 0.5000000596046448 -0.0000015793021930221585
vn 0 0 -1
vn -0.8660251498222351 -0.5000004172325134 -0.0000013456594842864433
vn 0 0 -1
vn 0.8660250902175903 0.500000536441803 -0.0000015414093468280043
vn 0 0 -1
vn -0.866025447845459 -0.49999991059303284 -0.0000015007882439022069
vn 0 0 -1
vn -0.4999999403953552 0.866025447845459 0
vn -0.4999999403953552 0.866025447845459 0
vn 0 0 1
vn 0 0 -1
vn 0.4999999403953552 -0.866025447845459 0
vn 0.4999999403953552 -0.866025447845459 0
vn 0 0 1
vn 0.4999999701976776 -0.866025447845459 0
vn 0 0 1
vn -0.5000000596046448 0.8660253882408142 0
vn 0 0 1
vn 0.4999999701976776 -0.866025447845459 0
vn 0 0 -1
vn -0.5000000596046448 0.8660253882408142 0
vn 0 0 -1
vn 0 0 -1
vn -0.4999999403953552 0.866025447845459 0
vn -0.4999999403953552 0.866025447845459 0
vn 0 0 1
vn 0 0 -1
vn 0.4999999403953552 -0.866025447845459 0
vn 0.4999999403953552 -0.866025447845459 0
vn 0 0 1
vn -0.5000000596046448 0.8660253882408142 0
vn 0 0 1
vn 0.4999999701976776 -0.866025447845459 0
vn 0 0 1
vn 0.4999999701976776 -0.866025447845459 0
vn 0 0 -1
vn -0.5000000596046448 0.8660253882408142 0
vn 0 0 -1

g grp3277
usemtl mtl3277
f 3280//3280 3277//3277 3279//3279 
f 3279//3279 3277//3277 3278//3278 
f 3282//3282 3284//3284 3283//3283 
f 3284//3284 3282//3282 3281//3281 
f 3287//3287 3285//3285 3288//3288 
f 3285//3285 3287//3287 3286//3286 
f 3373//3373 3289//3289 3371//3371 
f 3289//3289 3373//3373 3290//3290 
f 3377//3377 3291//3291 3383//3383 
f 3292//3292 3383//3383 3291//3291 
f 3387//3387 3389//3389 3385//3385 
f 3389//3389 3387//3387 3391//3391 
f 3372//3372 3294//3294 3293//3293 
f 3294//3294 3372//3372 3386//3386 
f 3295//3295 3296//3296 3378//3378 
f 3390//3390 3378//3378 3296//3296 
f 3390//3390 3294//3294 3386//3386 
f 3298//3298 3390//3390 3296//3296 
f 3297//3297 3390//3390 3298//3298 
f 3390//3390 3297//3297 3294//3294 
f 3297//3297 3300//3300 3299//3299 
f 3300//3300 3297//3297 3298//3298 
f 3363//3363 3378//3378 3379//3379 
f 3372//3372 3361//3361 3369//3369 
f 3363//3363 3295//3295 3378//3378 
f 3293//3293 3361//3361 3372//3372 
f 3293//3293 3363//3363 3361//3361 
f 3363//3363 3300//3300 3295//3295 
f 3363//3363 3299//3299 3300//3300 
f 3293//3293 3299//3299 3363//3363 
f 3301//3301 3302//3302 3374//3374 
f 3388//3388 3374//3374 3302//3302 
f 3384//3384 3304//3304 3303//3303 
f 3304//3304 3384//3384 3392//3392 
f 3302//3302 3392//3392 3388//3388 
f 3392//3392 3305//3305 3304//3304 
f 3392//3392 3306//3306 3305//3305 
f 3306//3306 3392//3392 3302//3302 
f 3307//3307 3308//3308 3306//3306 
f 3305//3305 3306//3306 3308//3308 
f 3384//3384 3365//3365 3381//3381 
f 3303//3303 3365//3365 3384//3384 
f 3367//3367 3374//3374 3375//3375 
f 3367//3367 3301//3301 3374//3374 
f 3365//3365 3301//3301 3367//3367 
f 3308//3308 3365//3365 3303//3303 
f 3307//3307 3365//3365 3308//3308 
f 3365//3365 3307//3307 3301//3301 
f 3405//3405 3421//3421 3401//3401 
f 3419//3419 3401//3401 3421//3421 
f 3422//3422 3406//3406 3409//3409 
f 3393//3393 3409//3409 3406//3406 
f 3395//3395 3410//3410 3394//3394 
f 3410//3410 3395//3395 3411//3411 
f 3420//3420 3412//3412 3402//3402 
f 3396//3396 3402//3402 3412//3412 
f 3403//3403 3423//3423 3407//3407 
f 3423//3423 3403//3403 3417//3417 
f 3408//3408 3413//3413 3397//3397 
f 3413//3413 3408//3408 3424//3424 
f 3398//3398 3414//3414 3399//3399 
f 3415//3415 3399//3399 3414//3414 
f 3400//3400 3416//3416 3404//3404 
f 3418//3418 3404//3404 3416//3416 
f 3309//3309 3280//3280 3310//3310 
f 3280//3280 3309//3309 3277//3277 
f 3281//3281 3311//3311 3284//3284 
f 3311//3311 3312//3312 3284//3284 
f 3314//3314 3315//3315 3313//3313 
f 3316//3316 3313//3313 3315//3315 
f 3429//3429 3317//3317 3431//3431 
f 3431//3431 3317//3317 3318//3318 
f 3439//3439 3319//3319 3433//3433 
f 3319//3319 3439//3439 3320//3320 
f 3445//3445 3447//3447 3441//3441 
f 3443//3443 3441//3441 3447//3447 
f 3322//3322 3442//3442 3321//3321 
f 3430//3430 3321//3321 3442//3442 
f 3323//3323 3446//3446 3324//3324 
f 3446//3446 3323//3323 3434//3434 
f 3324//3324 3446//3446 3326//3326 
f 3322//3322 3325//3325 3442//3442 
f 3446//3446 3442//3442 3326//3326 
f 3326//3326 3442//3442 3325//3325 
f 3327//3327 3328//3328 3325//3325 
f 3326//3326 3325//3325 3328//3328 
f 3370//3370 3362//3362 3430//3430 
f 3435//3435 3434//3434 3425//3425 
f 3425//3425 3434//3434 3362//3362 
f 3362//3362 3434//3434 3430//3430 
f 3430//3430 3434//3434 3321//3321 
f 3323//3323 3328//3328 3434//3434 
f 3328//3328 3327//3327 3434//3434 
f 3321//3321 3434//3434 3327//3327 
f 3329//3329 3444//3444 3330//3330 
f 3444//3444 3329//3329 3432//3432 
f 3332//3332 3448//3448 3331//3331 
f 3440//3440 3331//3331 3448//3448 
f 3330//3330 3444//3444 3334//3334 
f 3332//3332 3333//3333 3448//3448 
f 3448//3448 3333//3333 3444//3444 
f 3333//3333 3334//3334 3444//3444 
f 3334//3334 3336//3336 3335//3335 
f 3336//3336 3334//3334 3333//3333 
f 3437//3437 3427//3427 3440//3440 
f 3427//3427 3368//3368 3440//3440 
f 3440//3440 3368//3368 3331//3331 
f 3376//3376 3432//3432 3368//3368 
f 3368//3368 3432//3432 3331//3331 
f 3329//3329 3335//3335 3432//3432 
f 3335//3335 3336//3336 3432//3432 
f 3331//3331 3432//3432 3336//3336 
f 3457//3457 3477//3477 3461//3461 
f 3477//3477 3457//3457 3475//3475 
f 3449//3449 3478//3478 3465//3465 
f 3478//3478 3449//3449 3462//3462 
f 3450//3450 3466//3466 3451//3451 
f 3467//3467 3451//3451 3466//3466 
f 3476//3476 3452//3452 3468//3468 
f 3452//3452 3476//3476 3458//3458 
f 3463//3463 3479//3479 3459//3459 
f 3473//3473 3459//3459 3479//3479 
f 3453//3453 3469//3469 3464//3464 
f 3480//3480 3464//3464 3469//3469 
f 3455//3455 3470//3470 3454//3454 
f 3470//3470 3455//3455 3471//3471 
f 3460//3460 3472//3472 3456//3456 
f 3472//3472 3460//3460 3474//3474 
f 3310//3310 3279//3279 3309//3309 
f 3278//3278 3309//3309 3279//3279 
f 3287//3287 3337//3337 3286//3286 
f 3337//3337 3287//3287 3338//3338 
f 3315//3315 3339//3339 3340//3340 
f 3315//3315 3314//3314 3339//3339 
f 3483//3483 3341//3341 3481//3481 
f 3341//3341 3483//3483 3342//3342 
f 3485//3485 3343//3343 3487//3487 
f 3344//3344 3487//3487 3343//3343 
f 3495//3495 3489//3489 3491//3491 
f 3489//3489 3495//3495 3493//3493 
f 3345//3345 3490//3490 3346//3346 
f 3345//3345 3482//3482 3490//3490 
f 3348//3348 3494//3494 3347//3347 
f 3486//3486 3347//3347 3494//3494 
f 3490//3490 3349//3349 3346//3346 
f 3350//3350 3494//3494 3348//3348 
f 3350//3350 3490//3490 3494//3494 
f 3349//3349 3490//3490 3350//3350 
f 3349//3349 3352//3352 3351//3351 
f 3352//3352 3349//3349 3350//3350 
f 3482//3482 3364//3364 3380//3380 
f 3426//3426 3486//3486 3436//3436 
f 3351//3351 3482//3482 3345//3345 
f 3352//3352 3482//3482 3351//3351 
f 3486//3486 3352//3352 3347//3347 
f 3486//3486 3482//3482 3352//3352 
f 3364//3364 3486//3486 3426//3426 
f 3482//3482 3486//3486 3364//3364 
f 3354//3354 3492//3492 3353//3353 
f 3484//3484 3353//3353 3492//3492 
f 3355//3355 3496//3496 3356//3356 
f 3355//3355 3488//3488 3496//3496 
f 3496//3496 3357//3357 3356//3356 
f 3358//3358 3492//3492 3354//3354 
f 3358//3358 3496//3496 3492//3492 
f 3496//3496 3358//3358 3357//3357 
f 3359//3359 3360//3360 3358//3358 
f 3357//3357 3358//3358 3360//3360 
f 3488//3488 3428//3428 3438//3438 
f 3488//3488 3366//3366 3428//3428 
f 3360//3360 3488//3488 3355//3355 
f 3359//3359 3488//3488 3360//3360 
f 3359//3359 3366//3366 3488//3488 
f 3484//3484 3359//3359 3353//3353 
f 3484//3484 3366//3366 3359//3359 
f 3366//3366 3484//3484 3382//3382 
f 3509//3509 3525//3525 3505//3505 
f 3523//3523 3505//3505 3525//3525 
f 3497//3497 3513//3513 3510//3510 
f 3526//3526 3510//3510 3513//3513 
f 3499//3499 3514//3514 3498//3498 
f 3514//3514 3499//3499 3515//3515 
f 3500//3500 3506//3506 3516//3516 
f 3524//3524 3516//3516 3506//3506 
f 3507//3507 3527//3527 3511//3511 
f 3527//3527 3507//3507 3521//3521 
f 3501//3501 3528//3528 3517//3517 
f 3528//3528 3501//3501 3512//3512 
f 3502//3502 3518//3518 3503//3503 
f 3519//3519 3503//3503 3518//3518 
f 3520//3520 3522//3522 3504//3504 
f 3508//3508 3504//3504 3522//3522 
v 0.8560253977775574 -0.5 -0.007151008117944002
v 0.5791804194450378 -0.3401634693145752 -0.007151008117944002
v 0.5993117690086365 -0.4152948558330536 -0.007151008117944002
v 0.7460253834724426 -0.5 -0.007151008117944002
v 0.8560253977775574 -0.5 -0.06215100735425949
v 0.7711493372917175 -0.4509967863559723 -0.06215100735425949
v 0.7436493635177612 -0.4986281991004944 -0.06215100735425949
v 0.7460253834724426 -0.5 -0.06215100735425949
v 0.6672263145446777 -0.3909967839717865 -0.06215100735425949
v 0.5791804194450378 -0.3401634693145752 -0.06215100735425949
v 0.5993117690086365 -0.4152948558330536 -0.06215100735425949
v 0.6397263407707214 -0.4386281967163086 -0.06215100735425949
v 0.7711493372917175 -0.4509967863559723 -0.2761165499687195
v 0.7436493635177612 -0.4986281991004944 -0.2761165499687195
v 0.6672263145446777 -0.3909967839717865 -0.2761165499687195
v 0.6397263407707214 -0.4386281967163086 -0.2761165499687195
v 0.7650871872901917 -0.44749680161476135 -0.2656165361404419
v 0.7650871872901917 -0.44749680161476135 -0.27161654829978943
v 0.6732884645462036 -0.3944967985153198 -0.2656165361404419
v 0.6732884645462036 -0.3944967985153198 -0.27161654829978943
v 0.7598910331726074 -0.4444967806339264 -0.27161654829978943
v 0.6784846186637878 -0.3974967896938324 -0.27161654829978943
v 0.7598910331726074 -0.4444967806339264 -0.2656165361404419
v 0.6784846186637878 -0.3974967896938324 -0.2656165361404419
v 0.7375871539115906 -0.49512818455696106 -0.2656165361404419
v 0.7375871539115906 -0.49512818455696106 -0.27161654829978943
v 0.6457884907722473 -0.44212818145751953 -0.2656165361404419
v 0.6457884907722473 -0.44212818145751953 -0.27161654829978943
v 0.6509846448898315 -0.4451282024383545 -0.27161654829978943
v 0.7323910593986511 -0.4921281933784485 -0.27161654829978943
v 0.7323910593986511 -0.4921281933784485 -0.2656165361404419
v 0.6509846448898315 -0.4451282024383545 -0.2656165361404419
v 0.30233538150787354 -0.8196730613708496 -0.007151008117944002
v 0.4525981843471527 -0.6694102883338928 -0.007151008117944002
v 0.6268118023872375 -0.6323365569114685 -0.06215100735425949
v 0.5993117690086365 -0.584705114364624 -0.06215100735425949
v 0.522888720035553 -0.6923365592956543 -0.06215100735425949
v 0.30233538150787354 -0.8196730613708496 -0.06215100735425949
v 0.4525981843471527 -0.6694102883338928 -0.06215100735425949
v 0.4953887462615967 -0.6447051167488098 -0.06215100735425949
v 0.6268118023872375 -0.6323365569114685 -0.0671510100364685
v 0.5993117690086365 -0.584705114364624 -0.0671510100364685
v 0.522888720035553 -0.6923365592956543 -0.0671510100364685
v 0.4953887462615967 -0.6447051167488098 -0.0671510100364685
v 0.6207495927810669 -0.6358365416526794 -0.011651008389890194
v 0.6207495927810669 -0.6358365416526794 -0.017651008442044258
v 0.5289509296417236 -0.6888365149497986 -0.011651008389890194
v 0.5289509296417236 -0.6888365149497986 -0.017651008442044258
v 0.6155534386634827 -0.6388365626335144 -0.017651008442044258
v 0.5341470837593079 -0.6858365535736084 -0.017651008442044258
v 0.6155534386634827 -0.6388365626335144 -0.011651008389890194
v 0.5341470837593079 -0.6858365535736084 -0.011651008389890194
v 0.5932496190071106 -0.5882051587104797 -0.011651008389890194
v 0.5932496190071106 -0.5882051587104797 -0.017651008442044258
v 0.5014508962631226 -0.6412051320075989 -0.011651008389890194
v 0.5014508962631226 -0.6412051320075989 -0.017651008442044258
v 0.5066470503807068 -0.6382051706314087 -0.017651008442044258
v 0.5880534648895264 -0.5912051200866699 -0.017651008442044258
v 0.5880534648895264 -0.5912051200866699 -0.011651008389890194
v 0.5066470503807068 -0.6382051706314087 -0.011651008389890194
v 0.4673428237438202 -0.5338718295097351 -0.06215100735425949
v 0.5149742364883423 -0.5613718032836914 -0.06215100735425949
v 0.4073428213596344 -0.6377948522567749 -0.06215100735425949
v 0.4549742341041565 -0.665294885635376 -0.06215100735425949
v 0.4673428237438202 -0.5338718295097351 -0.097151018679142
v 0.5149742364883423 -0.5613718032836914 -0.097151018679142
v 0.4073428213596344 -0.6377948522567749 -0.097151018679142
v 0.4549742341041565 -0.665294885635376 -0.097151018679142
v 0.46384283900260925 -0.539933979511261 -0.0866510197520256
v 0.46384283900260925 -0.539933979511261 -0.09265101701021194
v 0.4108428359031677 -0.631732702255249 -0.0866510197520256
v 0.4108428359031677 -0.631732702255249 -0.09265101701021194
v 0.4608428180217743 -0.5451301336288452 -0.09265101701021194
v 0.4138428270816803 -0.6265365481376648 -0.09265101701021194
v 0.4608428180217743 -0.5451301336288452 -0.0866510197520256
v 0.4138428270816803 -0.6265365481376648 -0.0866510197520256
v 0.5114742517471313 -0.5674340128898621 -0.0866510197520256
v 0.5114742517471313 -0.5674340128898621 -0.09265101701021194
v 0.45847421884536743 -0.6592326760292053 -0.0866510197520256
v 0.45847421884536743 -0.6592326760292053 -0.09265101701021194
v 0.4614742398262024 -0.6540365219116211 -0.09265101701021194
v 0.5084742307662964 -0.5726301670074463 -0.09265101701021194
v 0.5084742307662964 -0.5726301670074463 -0.0866510197520256
v 0.4614742398262024 -0.6540365219116211 -0.0866510197520256
v 0.8560253977775574 -0.5 -0.007151008117944002
v 0.8560253977775574 -0.5 -0.007151008117944002
v 0.5791804194450378 -0.3401634693145752 -0.007151008117944002
v 0.5791804194450378 -0.3401634693145752 -0.007151008117944002
v 0.5993117690086365 -0.4152948558330536 -0.007151008117944002
v 0.5993117690086365 -0.4152948558330536 -0.007151008117944002
v 0.7460253834724426 -0.5 -0.007151008117944002
v 0.7460253834724426 -0.5 -0.007151008117944002
v 0.8560253977775574 -0.5 -0.06215100735425949
v 0.8560253977775574 -0.5 -0.06215100735425949
v 0.7711493372917175 -0.4509967863559723 -0.06215100735425949
v 0.7711493372917175 -0.4509967863559723 -0.06215100735425949
v 0.7436493635177612 -0.4986281991004944 -0.06215100735425949
v 0.7436493635177612 -0.4986281991004944 -0.06215100735425949
v 0.7460253834724426 -0.5 -0.06215100735425949
v 0.7460253834724426 -0.5 -0.06215100735425949
v 0.6672263145446777 -0.3909967839717865 -0.06215100735425949
v 0.6672263145446777 -0.3909967839717865 -0.06215100735425949
v 0.5791804194450378 -0.3401634693145752 -0.06215100735425949
v 0.5791804194450378 -0.3401634693145752 -0.06215100735425949
v 0.5993117690086365 -0.4152948558330536 -0.06215100735425949
v 0.5993117690086365 -0.4152948558330536 -0.06215100735425949
v 0.6397263407707214 -0.4386281967163086 -0.06215100735425949
v 0.6397263407707214 -0.4386281967163086 -0.06215100735425949
v 0.7711493372917175 -0.4509967863559723 -0.2761165499687195
v 0.7711493372917175 -0.4509967863559723 -0.2761165499687195
v 0.7436493635177612 -0.4986281991004944 -0.2761165499687195
v 0.7436493635177612 -0.4986281991004944 -0.2761165499687195
v 0.6672263145446777 -0.3909967839717865 -0.2761165499687195
v 0.6672263145446777 -0.3909967839717865 -0.2761165499687195
v 0.6397263407707214 -0.4386281967163086 -0.2761165499687195
v 0.6397263407707214 -0.4386281967163086 -0.2761165499687195
v 0.7650871872901917 -0.44749680161476135 -0.2656165361404419
v 0.7650871872901917 -0.44749680161476135 -0.2656165361404419
v 0.7650871872901917 -0.44749680161476135 -0.27161654829978943
v 0.7650871872901917 -0.44749680161476135 -0.27161654829978943
v 0.6732884645462036 -0.3944967985153198 -0.2656165361404419
v 0.6732884645462036 -0.3944967985153198 -0.2656165361404419
v 0.6732884645462036 -0.3944967985153198 -0.27161654829978943
v 0.6732884645462036 -0.3944967985153198 -0.27161654829978943
v 0.7598910331726074 -0.4444967806339264 -0.27161654829978943
v 0.7598910331726074 -0.4444967806339264 -0.27161654829978943
v 0.6784846186637878 -0.3974967896938324 -0.27161654829978943
v 0.6784846186637878 -0.3974967896938324 -0.27161654829978943
v 0.7598910331726074 -0.4444967806339264 -0.2656165361404419
v 0.7598910331726074 -0.4444967806339264 -0.2656165361404419
v 0.6784846186637878 -0.3974967896938324 -0.2656165361404419
v 0.6784846186637878 -0.3974967896938324 -0.2656165361404419
v 0.7375871539115906 -0.49512818455696106 -0.2656165361404419
v 0.7375871539115906 -0.49512818455696106 -0.2656165361404419
v 0.7375871539115906 -0.49512818455696106 -0.27161654829978943
v 0.7375871539115906 -0.49512818455696106 -0.27161654829978943
v 0.6457884907722473 -0.44212818145751953 -0.2656165361404419
v 0.6457884907722473 -0.44212818145751953 -0.2656165361404419
v 0.6457884907722473 -0.44212818145751953 -0.27161654829978943
v 0.6457884907722473 -0.44212818145751953 -0.27161654829978943
v 0.6509846448898315 -0.4451282024383545 -0.27161654829978943
v 0.6509846448898315 -0.4451282024383545 -0.27161654829978943
v 0.7323910593986511 -0.4921281933784485 -0.27161654829978943
v 0.7323910593986511 -0.4921281933784485 -0.27161654829978943
v 0.7323910593986511 -0.4921281933784485 -0.2656165361404419
v 0.7323910593986511 -0.4921281933784485 -0.2656165361404419
v 0.6509846448898315 -0.4451282024383545 -0.2656165361404419
v 0.6509846448898315 -0.4451282024383545 -0.2656165361404419
v 0.30233538150787354 -0.8196730613708496 -0.007151008117944002
v 0.30233538150787354 -0.8196730613708496 -0.007151008117944002
v 0.4525981843471527 -0.6694102883338928 -0.007151008117944002
v 0.4525981843471527 -0.6694102883338928 -0.007151008117944002
v 0.6268118023872375 -0.6323365569114685 -0.06215100735425949
v 0.6268118023872375 -0.6323365569114685 -0.06215100735425949
v 0.5993117690086365 -0.584705114364624 -0.06215100735425949
v 0.5993117690086365 -0.584705114364624 -0.06215100735425949
v 0.522888720035553 -0.6923365592956543 -0.06215100735425949
v 0.522888720035553 -0.6923365592956543 -0.06215100735425949
v 0.30233538150787354 -0.8196730613708496 -0.06215100735425949
v 0.30233538150787354 -0.8196730613708496 -0.06215100735425949
v 0.4525981843471527 -0.6694102883338928 -0.06215100735425949
v 0.4525981843471527 -0.6694102883338928 -0.06215100735425949
v 0.4953887462615967 -0.6447051167488098 -0.06215100735425949
v 0.4953887462615967 -0.6447051167488098 -0.06215100735425949
v 0.6268118023872375 -0.6323365569114685 -0.0671510100364685
v 0.6268118023872375 -0.6323365569114685 -0.0671510100364685
v 0.5993117690086365 -0.584705114364624 -0.0671510100364685
v 0.5993117690086365 -0.584705114364624 -0.0671510100364685
v 0.522888720035553 -0.6923365592956543 -0.0671510100364685
v 0.522888720035553 -0.6923365592956543 -0.0671510100364685
v 0.4953887462615967 -0.6447051167488098 -0.0671510100364685
v 0.4953887462615967 -0.6447051167488098 -0.0671510100364685
v 0.6207495927810669 -0.6358365416526794 -0.011651008389890194
v 0.6207495927810669 -0.6358365416526794 -0.011651008389890194
v 0.6207495927810669 -0.6358365416526794 -0.017651008442044258
v 0.6207495927810669 -0.6358365416526794 -0.017651008442044258
v 0.5289509296417236 -0.6888365149497986 -0.011651008389890194
v 0.5289509296417236 -0.6888365149497986 -0.011651008389890194
v 0.5289509296417236 -0.6888365149497986 -0.017651008442044258
v 0.5289509296417236 -0.6888365149497986 -0.017651008442044258
v 0.6155534386634827 -0.6388365626335144 -0.017651008442044258
v 0.6155534386634827 -0.6388365626335144 -0.017651008442044258
v 0.5341470837593079 -0.6858365535736084 -0.017651008442044258
v 0.5341470837593079 -0.6858365535736084 -0.017651008442044258
v 0.6155534386634827 -0.6388365626335144 -0.011651008389890194
v 0.6155534386634827 -0.6388365626335144 -0.011651008389890194
v 0.5341470837593079 -0.6858365535736084 -0.011651008389890194
v 0.5341470837593079 -0.6858365535736084 -0.011651008389890194
v 0.5932496190071106 -0.5882051587104797 -0.011651008389890194
v 0.5932496190071106 -0.5882051587104797 -0.011651008389890194
v 0.5932496190071106 -0.5882051587104797 -0.017651008442044258
v 0.5932496190071106 -0.5882051587104797 -0.017651008442044258
v 0.5014508962631226 -0.6412051320075989 -0.011651008389890194
v 0.5014508962631226 -0.6412051320075989 -0.011651008389890194
v 0.5014508962631226 -0.6412051320075989 -0.017651008442044258
v 0.5014508962631226 -0.6412051320075989 -0.017651008442044258
v 0.5066470503807068 -0.6382051706314087 -0.017651008442044258
v 0.5066470503807068 -0.6382051706314087 -0.017651008442044258
v 0.5880534648895264 -0.5912051200866699 -0.017651008442044258
v 0.5880534648895264 -0.5912051200866699 -0.017651008442044258
v 0.5880534648895264 -0.5912051200866699 -0.011651008389890194
v 0.5880534648895264 -0.5912051200866699 -0.011651008389890194
v 0.5066470503807068 -0.6382051706314087 -0.011651008389890194
v 0.5066470503807068 -0.6382051706314087 -0.011651008389890194
v 0.4673428237438202 -0.5338718295097351 -0.06215100735425949
v 0.4673428237438202 -0.5338718295097351 -0.06215100735425949
v 0.5149742364883423 -0.5613718032836914 -0.06215100735425949
v 0.5149742364883423 -0.5613718032836914 -0.06215100735425949
v 0.4073428213596344 -0.6377948522567749 -0.06215100735425949
v 0.4073428213596344 -0.6377948522567749 -0.06215100735425949
v 0.4549742341041565 -0.665294885635376 -0.06215100735425949
v 0.4549742341041565 -0.665294885635376 -0.06215100735425949
v 0.4673428237438202 -0.5338718295097351 -0.097151018679142
v 0.4673428237438202 -0.5338718295097351 -0.097151018679142
v 0.5149742364883423 -0.5613718032836914 -0.097151018679142
v 0.5149742364883423 -0.5613718032836914 -0.097151018679142
v 0.4073428213596344 -0.6377948522567749 -0.097151018679142
v 0.4073428213596344 -0.6377948522567749 -0.097151018679142
v 0.4549742341041565 -0.665294885635376 -0.097151018679142
v 0.4549742341041565 -0.665294885635376 -0.097151018679142
v 0.46384283900260925 -0.539933979511261 -0.0866510197520256
v 0.46384283900260925 -0.539933979511261 -0.0866510197520256
v 0.46384283900260925 -0.539933979511261 -0.09265101701021194
v 0.46384283900260925 -0.539933979511261 -0.09265101701021194
v 0.4108428359031677 -0.631732702255249 -0.0866510197520256
v 0.4108428359031677 -0.631732702255249 -0.0866510197520256
v 0.4108428359031677 -0.631732702255249 -0.09265101701021194
v 0.4108428359031677 -0.631732702255249 -0.09265101701021194
v 0.4608428180217743 -0.5451301336288452 -0.09265101701021194
v 0.4608428180217743 -0.5451301336288452 -0.09265101701021194
v 0.4138428270816803 -0.6265365481376648 -0.09265101701021194
v 0.4138428270816803 -0.6265365481376648 -0.09265101701021194
v 0.4608428180217743 -0.5451301336288452 -0.0866510197520256
v 0.4608428180217743 -0.5451301336288452 -0.0866510197520256
v 0.4138428270816803 -0.6265365481376648 -0.0866510197520256
v 0.4138428270816803 -0.6265365481376648 -0.0866510197520256
v 0.5114742517471313 -0.5674340128898621 -0.0866510197520256
v 0.5114742517471313 -0.5674340128898621 -0.0866510197520256
v 0.5114742517471313 -0.5674340128898621 -0.09265101701021194
v 0.5114742517471313 -0.5674340128898621 -0.09265101701021194
v 0.45847421884536743 -0.6592326760292053 -0.0866510197520256
v 0.45847421884536743 -0.6592326760292053 -0.0866510197520256
v 0.45847421884536743 -0.6592326760292053 -0.09265101701021194
v 0.45847421884536743 -0.6592326760292053 -0.09265101701021194
v 0.4614742398262024 -0.6540365219116211 -0.09265101701021194
v 0.4614742398262024 -0.6540365219116211 -0.09265101701021194
v 0.5084742307662964 -0.5726301670074463 -0.09265101701021194
v 0.5084742307662964 -0.5726301670074463 -0.09265101701021194
v 0.5084742307662964 -0.5726301670074463 -0.0866510197520256
v 0.5084742307662964 -0.5726301670074463 -0.0866510197520256
v 0.4614742398262024 -0.6540365219116211 -0.0866510197520256
v 0.4614742398262024 -0.6540365219116211 -0.0866510197520256
vn 0 0 1
vn 0 0 1
vn 0 0 1
vn 0 0 1
vn 0 0 -1
vn 0 0 -1
vn 0 0 -1
vn 0 0 -1
vn 0 0 -1
vn 0 0 -1
vn 0 0 -1
vn 0 0 -1
vn 0.8660256862640381 -0.4999995231628418 0
vn 0.8660256862640381 -0.4999995231628418 0
vn -0.8660256862640381 0.4999995231628418 0
vn -0.8660256862640381 0.4999995231628418 0
vn 0.5000008940696716 0.866024911403656 -3.1965225133490094e-8
vn 0.5000013709068298 0.8660246729850769 0.00000216794001062226
vn 0.5000013709068298 0.8660246133804321 1.5065616310039331e-7
vn 0.500001072883606 0.8660248517990112 0.000004045456080348231
vn 0.500000536441803 0.8660251498222351 -7.945710223111746e-8
vn 0.49999964237213135 0.8660256266593933 0.000001770652374943893
vn 0.5000007152557373 0.8660250306129456 2.3431143691965417e-9
vn 0.4999995529651642 0.8660256862640381 2.078882346268074e-7
vn -0.5000007748603821 -0.8660249710083008 4.6138712406218474e-8
vn -0.5000013709068298 -0.8660246729850769 -0.0000031292117910197703
vn -0.5000005960464478 -0.8660250902175903 2.899097921726934e-7
vn -0.5000013709068298 -0.8660246729850769 0.00000216794001062226
vn -0.5000005960464478 -0.8660250902175903 0.0000013360455568545149
vn -0.5000006556510925 -0.8660250902175903 -4.011788234947744e-7
vn -0.5000008940696716 -0.866024911403656 1.1830373125576443e-8
vn -0.5000004768371582 -0.8660251498222351 3.5764992389886174e-7
vn 0 0 1
vn 0 0 1
vn 0 0 -1
vn 0 0 -1
vn 0 0 -1
vn 0 0 -1
vn 0 0 -1
vn 0 0 -1
vn 0.8660253286361694 0.5000001192092896 0
vn 0.8660253286361694 0.5000001192092896 0
vn -0.8660258054733276 -0.4999992847442627 0
vn -0.8660258054733276 -0.4999992847442627 0
vn 0.4999997019767761 -0.8660255670547485 0.000059647714806487784
vn 0.49999842047691345 -0.8660263419151306 3.320803614315082e-7
vn 0.4999993145465851 -0.8660258054733276 -0.00011056508083129302
vn 0.5000001192092896 -0.8660253286361694 -0.000002955252512037987
vn 0.5000007152557373 -0.8660250306129456 3.1462710126106685e-7
vn 0.49999845027923584 -0.8660262823104858 -0.000004010375960206147
vn 0.5000008940696716 -0.866024911403656 0.00008378172788070515
vn 0.4999988377094269 -0.8660261034965515 -0.00007969429134391248
vn -0.5000004172325134 0.8660252094268799 0.000050110043957829475
vn -0.5000020265579224 0.8660242557525635 -0.000002813515948218992
vn -0.499998539686203 0.8660262823104858 0.000025822853785939515
vn -0.49999842047691345 0.8660263419151306 -2.7414588998908584e-7
vn -0.4999985694885254 0.8660262227058411 -1.9491116276526554e-8
vn -0.4999989867210388 0.866025984287262 -0.0000028823574211855885
vn -0.4999985694885254 0.8660262227058411 0.00006574759754585102
vn -0.4999989867210388 0.866025984287262 0.000017765567463357
vn 0 0 -1
vn 0 0 -1
vn 0 0 -1
vn 0 0 -1
vn 0.4999995231628418 0.8660256862640381 0
vn 0.4999995231628418 0.8660256862640381 0
vn -0.5000003576278687 -0.8660252094268799 0
vn -0.5000003576278687 -0.8660252094268799 0
vn -0.866024911403656 0.5000008940696716 -2.6546197773313907e-7
vn -0.8660246729850769 0.5000013709068298 0.00000216794001062226
vn -0.866024374961853 0.500001847743988 -4.953619168190926e-7
vn -0.8660248517990112 0.500001072883606 0.000004045456080348231
vn -0.8660251498222351 0.500000536441803 -7.945710223111746e-8
vn -0.8660256266593933 0.49999964237213135 0.000001770652374943893
vn -0.8660250306129456 0.5000007152557373 1.9458887834389316e-8
vn -0.8660256266593933 0.49999967217445374 -2.601774724553252e-7
vn 0.8660263419151306 -0.49999842047691345 6.70937595259602e-7
vn 0.8660257458686829 -0.4999994933605194 -0.00000547932449990185
vn 0.8660263419151306 -0.49999842047691345 -6.70937595259602e-7
vn 0.8660257458686829 -0.4999994933605194 0.00000547932449990185
vn 0.8660250902175903 -0.5000005960464478 0.0000025833940071606776
vn 0.8660250306129456 -0.5000007152557373 -0.000003460896778051392
vn 0.866024911403656 -0.5000009536743164 8.475665254081832e-7
vn 0.8660253286361694 -0.5000002384185791 -1.524151684861863e-7
vn 0.5000000596046448 0.8660253882408142 -4.039007706069242e-8
vn 0.5 -0.866025447845459 2.0304622694311547e-7
vn 0.4999999701976776 0.866025447845459 7.163493620510053e-8
vn -0.8660253882408142 0.5000000596046448 2.568339851904966e-8
vn -0.4999998211860657 -0.8660255074501038 -1.7971723309528898e-7
vn 0.8660255074501038 -0.49999991059303284 1.2530419724043895e-7
vn -0.5000003576278687 -0.8660252094268799 -1.1085256090836992e-7
vn -0.5 0.866025447845459 -0.0000010531765610721777
vn 0.4999999701976776 0.8660253882408142 0
vn 0.5000000596046448 -0.8660253882408142 0
vn 0.8660256862640381 -0.4999995231628418 0
vn 0.5000002384185791 0.8660253286361694 4.931627373139236e-8
vn 0.8660256862640381 -0.4999995231628418 0
vn -0.500001072883606 -0.8660248517990112 2.478347198575648e-7
vn -0.5000014305114746 -0.8660246133804321 0
vn -0.49999985098838806 0.8660255074501038 0
vn -0.8660256862640381 0.4999995231628418 0
vn 0.5000006556510925 0.8660250902175903 -4.9434696336447814e-8
vn 0.4999999403953552 0.866025447845459 0
vn -0.8660253882408142 0.5000000596046448 0
vn -0.49999964237213135 -0.8660256266593933 0
vn 0.8660255074501038 -0.49999985098838806 0
vn -0.8660256862640381 0.4999995231628418 0
vn -0.4999999701976776 -0.866025447845459 -9.035063186502157e-8
vn 0 0 -1
vn 0.500000536441803 0.8660250902175903 6.655154720647261e-7
vn 0 0 -1
vn -0.5000004172325134 -0.8660251498222351 -0.000001050024138748995
vn 0 0 -1
vn 0.5000013709068298 0.8660246133804321 0.0000029340792480070377
vn 0 0 -1
vn -0.5000007748603821 -0.8660250306129456 1.7261841378513054e-7
vn 0 0 -1
vn -0.8660250902175903 0.5000005960464478 0
vn -0.8660250902175903 0.5000005960464478 0
vn 0 0 1
vn 0 0 -1
vn 0.8660255670547485 -0.4999997615814209 0
vn 0.8660255670547485 -0.4999997615814209 0
vn 0 0 1
vn 0.8660256862640381 -0.4999995231628418 0
vn 0 0 1
vn -0.8660256862640381 0.4999995231628418 0
vn 0 0 1
vn 0.8660256862640381 -0.4999995231628418 0
vn 0 0 -1
vn -0.8660256862640381 0.4999995231628418 0
vn 0 0 -1
vn 0 0 -1
vn -0.8660250902175903 0.5000005960464478 0
vn -0.8660250902175903 0.5000005960464478 0
vn 0 0 1
vn 0 0 -1
vn 0.8660255670547485 -0.4999997615814209 0
vn 0.8660255670547485 -0.4999997615814209 0
vn 0 0 1
vn -0.8660256862640381 0.4999995231628418 0
vn 0 0 1
vn 0.8660256862640381 -0.4999995231628418 0
vn 0 0 1
vn 0.8660256862640381 -0.4999995231628418 0
vn 0 0 -1
vn -0.8660256862640381 0.4999995231628418 0
vn 0 0 -1
vn 0.4999995827674866 -0.8660256862640381 -0.00001338542097073514
vn -0.8660253882408142 0.5000000596046448 1.3935222398231417e-7
vn -0.499998539686203 0.8660262227058411 0.000045089967898093164
vn 0.8660252094268799 -0.5000004172325134 2.0476093709476118e-7
vn 0.8660253286361694 0.5000001192092896 0
vn 0.49999821186065674 -0.8660264611244202 1.4290264971350553e-7
vn 0.8660253286361694 0.5000001192092896 0
vn -0.5000032782554626 0.8660235404968262 2.5300246875303856e-7
vn -0.8660258054733276 -0.4999992847442627 0
vn 0.5000013709068298 -0.8660246133804321 1.1134268618206988e-7
vn 0.49999991059303284 -0.866025447845459 0
vn -0.8660253882408142 0.5 0
vn -0.5000004172325134 0.8660251498222351 0
vn 0.8660235404968262 -0.5000033378601074 0
vn -0.8660258054733276 -0.4999992847442627 0
vn -0.5000002384185791 0.8660252690315247 1.234227742230587e-8
vn 0 0 -1
vn 0.4999987781047821 -0.8660261631011963 -0.0000021125003968336387
vn 0 0 -1
vn -0.5000033378601074 0.8660235404968262 5.196654910832876e-7
vn 0 0 -1
vn 0.5000013709068298 -0.8660246729850769 2.3619230660187895e-7
vn 0 0 -1
vn -0.4999980926513672 0.8660265207290649 -0.0000022625074507232057
vn 0 0 -1
vn -0.8660255670547485 -0.4999997615814209 0
vn -0.8660255670547485 -0.4999997615814209 0
vn 0 0 1
vn 0 0 -1
vn 0.8660250902175903 0.5000005960464478 0
vn 0.8660250902175903 0.5000005960464478 0
vn 0 0 1
vn 0.8660258054733276 0.4999992847442627 0
vn 0 0 1
vn -0.8660250902175903 -0.5000005960464478 0
vn 0 0 1
vn 0.8660258054733276 0.4999992847442627 0
vn 0 0 -1
vn -0.8660250902175903 -0.5000005960464478 0
vn 0 0 -1
vn 0 0 -1
vn -0.8660255670547485 -0.4999997615814209 0
vn -0.8660255670547485 -0.4999997615814209 0
vn 0 0 1
vn 0 0 -1
vn 0.8660250902175903 0.5000005960464478 0
vn 0.8660250902175903 0.5000005960464478 0
vn 0 0 1
vn -0.8660250902175903 -0.5000005960464478 0
vn 0 0 1
vn 0.8660258054733276 0.4999992847442627 0
vn 0 0 1
vn 0.8660258054733276 0.4999992847442627 0
vn 0 0 -1
vn -0.8660250902175903 -0.5000005960464478 0
vn 0 0 -1
vn 0.4999995231628418 0.8660256862640381 0
vn -0.8660252094268799 0.5000004172325134 -2.7590132845034532e-8
vn 0.4999995231628418 0.8660256862640381 0
vn 0.8660255074501038 -0.4999997913837433 4.791809828930127e-7
vn -0.5000003576278687 -0.8660252094268799 0
vn -0.8660251498222351 0.5000004768371582 -3.577919756025949e-7
vn -0.5000003576278687 -0.8660252094268799 0
vn 0.8660253286361694 -0.5000001788139343 -3.815389391093049e-7
vn 0 0 -1
vn -0.8660250902175903 0.500000536441803 6.655154720647261e-7
vn 0 0 -1
vn 0.866025984287262 -0.499999076128006 -0.0000023167442577687325
vn 0 0 -1
vn -0.8660246133804321 0.5000013709068298 0.0000029340792480070377
vn 0 0 -1
vn 0.8660261034965515 -0.4999987781047821 0.000003304628535261145
vn 0 0 -1
vn -0.5000003576278687 -0.8660252094268799 0
vn -0.5000003576278687 -0.8660252094268799 0
vn 0 0 1
vn 0 0 -1
vn 0.4999997615814209 0.8660255670547485 0
vn 0.4999997615814209 0.8660255670547485 0
vn 0 0 1
vn 0.5000003576278687 0.8660252094268799 0
vn 0 0 1
vn -0.4999995231628418 -0.8660256862640381 0
vn 0 0 1
vn 0.5000003576278687 0.8660252094268799 0
vn 0 0 -1
vn -0.4999995231628418 -0.8660256862640381 0
vn 0 0 -1
vn 0 0 -1
vn -0.5000003576278687 -0.8660252094268799 0
vn -0.5000003576278687 -0.8660252094268799 0
vn 0 0 1
vn 0 0 -1
vn 0.4999997615814209 0.8660255670547485 0
vn 0.4999997615814209 0.8660255670547485 0
vn 0 0 1
vn -0.4999995231628418 -0.8660256862640381 0
vn 0 0 1
vn 0.5000003576278687 0.8660252094268799 0
vn 0 0 1
vn 0.5000003576278687 0.8660252094268799 0
vn 0 0 -1
vn -0.4999995231628418 -0.8660256862640381 0
vn 0 0 -1

g grp3529
usemtl mtl3529
f 3531//3531 3532//3532 3530//3530 
f 3529//3529 3530//3530 3532//3532 
f 3536//3536 3534//3534 3533//3533 
f 3534//3534 3536//3536 3535//3535 
f 3537//3537 3539//3539 3538//3538 
f 3540//3540 3539//3539 3537//3537 
f 3625//3625 3541//3541 3623//3623 
f 3541//3541 3625//3625 3542//3542 
f 3629//3629 3543//3543 3635//3635 
f 3544//3544 3635//3635 3543//3543 
f 3637//3637 3643//3643 3641//3641 
f 3643//3643 3637//3637 3639//3639 
f 3545//3545 3638//3638 3546//3546 
f 3638//3638 3545//3545 3624//3624 
f 3548//3548 3642//3642 3547//3547 
f 3630//3630 3547//3547 3642//3642 
f 3638//3638 3549//3549 3546//3546 
f 3550//3550 3642//3642 3548//3548 
f 3550//3550 3638//3638 3642//3642 
f 3638//3638 3550//3550 3549//3549 
f 3549//3549 3552//3552 3551//3551 
f 3552//3552 3549//3549 3550//3550 
f 3624//3624 3613//3613 3621//3621 
f 3615//3615 3630//3630 3631//3631 
f 3613//3613 3630//3630 3615//3615 
f 3624//3624 3630//3630 3613//3613 
f 3624//3624 3547//3547 3630//3630 
f 3551//3551 3624//3624 3545//3545 
f 3552//3552 3624//3624 3551//3551 
f 3624//3624 3552//3552 3547//3547 
f 3554//3554 3640//3640 3553//3553 
f 3626//3626 3553//3553 3640//3640 
f 3555//3555 3644//3644 3556//3556 
f 3644//3644 3555//3555 3636//3636 
f 3644//3644 3557//3557 3556//3556 
f 3558//3558 3640//3640 3554//3554 
f 3640//3640 3557//3557 3644//3644 
f 3557//3557 3640//3640 3558//3558 
f 3559//3559 3560//3560 3558//3558 
f 3557//3557 3558//3558 3560//3560 
f 3636//3636 3617//3617 3633//3633 
f 3636//3636 3619//3619 3617//3617 
f 3555//3555 3619//3619 3636//3636 
f 3619//3619 3626//3626 3627//3627 
f 3555//3555 3626//3626 3619//3619 
f 3626//3626 3559//3559 3553//3553 
f 3626//3626 3560//3560 3559//3559 
f 3560//3560 3626//3626 3555//3555 
f 3657//3657 3673//3673 3653//3653 
f 3671//3671 3653//3653 3673//3673 
f 3658//3658 3645//3645 3674//3674 
f 3661//3661 3674//3674 3645//3645 
f 3647//3647 3662//3662 3646//3646 
f 3662//3662 3647//3647 3663//3663 
f 3654//3654 3672//3672 3648//3648 
f 3664//3664 3648//3648 3672//3672 
f 3655//3655 3675//3675 3659//3659 
f 3675//3675 3655//3655 3669//3669 
f 3665//3665 3660//3660 3676//3676 
f 3660//3660 3665//3665 3649//3649 
f 3650//3650 3666//3666 3651//3651 
f 3667//3667 3651//3651 3666//3666 
f 3670//3670 3656//3656 3668//3668 
f 3652//3652 3668//3668 3656//3656 
f 3562//3562 3529//3529 3532//3532 
f 3529//3529 3562//3562 3561//3561 
f 3564//3564 3536//3536 3563//3563 
f 3533//3533 3563//3563 3536//3536 
f 3568//3568 3565//3565 3567//3567 
f 3566//3566 3567//3567 3565//3565 
f 3681//3681 3569//3569 3683//3683 
f 3570//3570 3683//3683 3569//3569 
f 3691//3691 3571//3571 3685//3685 
f 3571//3571 3691//3691 3572//3572 
f 3695//3695 3693//3693 3699//3699 
f 3697//3697 3699//3699 3693//3693 
f 3573//3573 3574//3574 3682//3682 
f 3694//3694 3682//3682 3574//3574 
f 3686//3686 3576//3576 3575//3575 
f 3576//3576 3686//3686 3698//3698 
f 3698//3698 3694//3694 3576//3576 
f 3574//3574 3577//3577 3694//3694 
f 3577//3577 3578//3578 3694//3694 
f 3576//3576 3694//3694 3578//3578 
f 3579//3579 3580//3580 3577//3577 
f 3578//3578 3577//3577 3580//3580 
f 3687//3687 3686//3686 3677//3677 
f 3622//3622 3614//3614 3682//3682 
f 3686//3686 3575//3575 3677//3677 
f 3682//3682 3614//3614 3573//3573 
f 3614//3614 3677//3677 3573//3573 
f 3575//3575 3580//3580 3677//3677 
f 3580//3580 3579//3579 3677//3677 
f 3573//3573 3677//3677 3579//3579 
f 3684//3684 3582//3582 3581//3581 
f 3582//3582 3684//3684 3696//3696 
f 3583//3583 3584//3584 3692//3692 
f 3700//3700 3692//3692 3584//3584 
f 3696//3696 3700//3700 3582//3582 
f 3584//3584 3585//3585 3700//3700 
f 3585//3585 3586//3586 3700//3700 
f 3582//3582 3700//3700 3586//3586 
f 3586//3586 3588//3588 3587//3587 
f 3588//3588 3586//3586 3585//3585 
f 3689//3689 3679//3679 3692//3692 
f 3692//3692 3679//3679 3583//3583 
f 3628//3628 3684//3684 3620//3620 
f 3684//3684 3581//3581 3620//3620 
f 3620//3620 3581//3581 3679//3679 
f 3583//3583 3679//3679 3588//3588 
f 3588//3588 3679//3679 3587//3587 
f 3581//3581 3587//3587 3679//3679 
f 3709//3709 3729//3729 3713//3713 
f 3729//3729 3709//3709 3727//3727 
f 3714//3714 3717//3717 3701//3701 
f 3717//3717 3714//3714 3730//3730 
f 3702//3702 3718//3718 3703//3703 
f 3719//3719 3703//3703 3718//3718 
f 3720//3720 3710//3710 3704//3704 
f 3710//3710 3720//3720 3728//3728 
f 3715//3715 3731//3731 3711//3711 
f 3725//3725 3711//3711 3731//3731 
f 3716//3716 3705//3705 3732//3732 
f 3721//3721 3732//3732 3705//3705 
f 3707//3707 3722//3722 3706//3706 
f 3722//3722 3707//3707 3723//3723 
f 3726//3726 3708//3708 3712//3712 
f 3708//3708 3726//3726 3724//3724 
f 3531//3531 3530//3530 3562//3562 
f 3561//3561 3562//3562 3530//3530 
f 3589//3589 3539//3539 3590//3590 
f 3539//3539 3589//3589 3538//3538 
f 3591//3591 3567//3567 3566//3566 
f 3567//3567 3591//3591 3592//3592 
f 3735//3735 3593//3593 3733//3733 
f 3593//3593 3735//3735 3594//3594 
f 3737//3737 3595//3595 3739//3739 
f 3596//3596 3739//3739 3595//3595 
f 3745//3745 3743//3743 3747//3747 
f 3743//3743 3745//3745 3741//3741 
f 3597//3597 3742//3742 3598//3598 
f 3742//3742 3597//3597 3734//3734 
f 3600//3600 3746//3746 3599//3599 
f 3738//3738 3599//3599 3746//3746 
f 3742//3742 3601//3601 3598//3598 
f 3602//3602 3746//3746 3600//3600 
f 3602//3602 3742//3742 3746//3746 
f 3742//3742 3602//3602 3601//3601 
f 3601//3601 3604//3604 3603//3603 
f 3604//3604 3601//3601 3602//3602 
f 3678//3678 3738//3738 3688//3688 
f 3734//3734 3616//3616 3632//3632 
f 3603//3603 3734//3734 3597//3597 
f 3604//3604 3734//3734 3603//3603 
f 3738//3738 3604//3604 3599//3599 
f 3738//3738 3734//3734 3604//3604 
f 3734//3734 3678//3678 3616//3616 
f 3678//3678 3734//3734 3738//3738 
f 3606//3606 3744//3744 3605//3605 
f 3736//3736 3605//3605 3744//3744 
f 3607//3607 3748//3748 3608//3608 
f 3748//3748 3607//3607 3740//3740 
f 3748//3748 3609//3609 3608//3608 
f 3610//3610 3744//3744 3606//3606 
f 3744//3744 3609//3609 3748//3748 
f 3609//3609 3744//3744 3610//3610 
f 3611//3611 3612//3612 3610//3610 
f 3609//3609 3610//3610 3612//3612 
f 3618//3618 3736//3736 3634//3634 
f 3680//3680 3736//3736 3618//3618 
f 3736//3736 3611//3611 3605//3605 
f 3736//3736 3612//3612 3611//3611 
f 3680//3680 3612//3612 3736//3736 
f 3612//3612 3740//3740 3607//3607 
f 3680//3680 3740//3740 3612//3612 
f 3740//3740 3680//3680 3690//3690 
f 3761//3761 3777//3777 3757//3757 
f 3775//3775 3757//3757 3777//3777 
f 3762//3762 3749//3749 3778//3778 
f 3749//3749 3765//3765 3778//3778 
f 3751//3751 3766//3766 3750//3750 
f 3766//3766 3751//3751 3767//3767 
f 3758//3758 3776//3776 3752//3752 
f 3752//3752 3776//3776 3768//3768 
f 3759//3759 3779//3779 3763//3763 
f 3779//3779 3759//3759 3773//3773 
f 3769//3769 3764//3764 3780//3780 
f 3764//3764 3769//3769 3753//3753 
f 3754//3754 3770//3770 3755//3755 
f 3771//3771 3755//3755 3770//3770 
f 3774//3774 3760//3760 3772//3772 
f 3756//3756 3772//3772 3760//3760 
v 0.8610253930091858 -0.4913397431373596 -0.007197547238320112
v 0.5841804146766663 -0.3315032124519348 -0.007197547238320112
v 0.6593117713928223 -0.3113718032836914 -0.007197547238320112
v 0.8060253858566284 -0.3960769474506378 -0.007197547238320112
v 0.8610253930091858 -0.4913397431373596 -0.062197547405958176
v 0.776149332523346 -0.4423365294933319 -0.062197547405958176
v 0.803649365901947 -0.3947051465511322 -0.062197547405958176
v 0.8060253858566284 -0.3960769474506378 -0.062197547405958176
v 0.6722263097763062 -0.3823365271091461 -0.062197547405958176
v 0.5841804146766663 -0.3315032124519348 -0.062197547405958176
v 0.6593117713928223 -0.3113718032836914 -0.062197547405958176
v 0.6997262835502625 -0.3347051441669464 -0.062197547405958176
v 0.776149332523346 -0.4423365294933319 -0.2761165499687195
v 0.803649365901947 -0.3947051465511322 -0.2761165499687195
v 0.6722263097763062 -0.3823365271091461 -0.2761165499687195
v 0.6997262835502625 -0.3347051441669464 -0.2761165499687195
v 0.7700871825218201 -0.43883654475212097 -0.2656165361404419
v 0.7700871825218201 -0.43883654475212097 -0.27161654829978943
v 0.6782885193824768 -0.38583654165267944 -0.2656165361404419
v 0.6782885193824768 -0.38583654165267944 -0.27161654829978943
v 0.7648910284042358 -0.4358365535736084 -0.27161654829978943
v 0.6834846138954163 -0.388836532831192 -0.27161654829978943
v 0.7648910284042358 -0.4358365535736084 -0.2656165361404419
v 0.6834846138954163 -0.388836532831192 -0.2656165361404419
v 0.7975871562957764 -0.3912051320075989 -0.2656165361404419
v 0.7975871562957764 -0.3912051320075989 -0.27161654829978943
v 0.7057884931564331 -0.33820512890815735 -0.2656165361404419
v 0.7057884931564331 -0.33820512890815735 -0.27161654829978943
v 0.7109846472740173 -0.3412051498889923 -0.27161654829978943
v 0.7923910021781921 -0.3882051408290863 -0.27161654829978943
v 0.7923910021781921 -0.3882051408290863 -0.2656165361404419
v 0.7109846472740173 -0.3412051498889923 -0.2656165361404419
v 0.8610253930091858 0.148006409406662 -0.007197547238320112
v 0.8060253858566284 -0.05725638195872307 -0.007197547238320112
v 0.8610253930091858 -0.2266666740179062 -0.062197547405958176
v 0.8060253858566284 -0.2266666740179062 -0.062197547405958176
v 0.8610253930091858 -0.1066666692495346 -0.062197547405958176
v 0.8610253930091858 0.148006409406662 -0.062197547405958176
v 0.8060253858566284 -0.05725638195872307 -0.062197547405958176
v 0.8060253858566284 -0.1066666692495346 -0.062197547405958176
v 0.8610253930091858 -0.2266666740179062 -0.06719754636287689
v 0.8060253858566284 -0.2266666740179062 -0.06719754636287689
v 0.8610253930091858 -0.1066666692495346 -0.06719754636287689
v 0.8060253858566284 -0.1066666692495346 -0.06719754636287689
v 0.8610253930091858 -0.21966665983200073 -0.011697547510266304
v 0.8610253930091858 -0.21966665983200073 -0.017697546631097794
v 0.8610253930091858 -0.11366666853427887 -0.011697547510266304
v 0.8610253930091858 -0.11366666853427887 -0.017697546631097794
v 0.8610253930091858 -0.2136666625738144 -0.017697546631097794
v 0.8610253930091858 -0.11966666579246521 -0.017697546631097794
v 0.8610253930091858 -0.2136666625738144 -0.011697547510266304
v 0.8610253930091858 -0.11966666579246521 -0.011697547510266304
v 0.8060253858566284 -0.21966665983200073 -0.011697547510266304
v 0.8060253858566284 -0.21966665983200073 -0.017697546631097794
v 0.8060253858566284 -0.11366666853427887 -0.011697547510266304
v 0.8060253858566284 -0.11366666853427887 -0.017697546631097794
v 0.8060253858566284 -0.11966666579246521 -0.017697546631097794
v 0.8060253858566284 -0.2136666625738144 -0.017697546631097794
v 0.8060253858566284 -0.2136666625738144 -0.011697547510266304
v 0.8060253858566284 -0.11966666579246521 -0.011697547510266304
v 0.7560179829597473 -0.033871810883283615 -0.062197547405958176
v 0.803649365901947 -0.061371810734272 -0.062197547405958176
v 0.6960179805755615 -0.1377948522567749 -0.062197547405958176
v 0.7436493635177612 -0.1652948558330536 -0.062197547405958176
v 0.7560179829597473 -0.033871810883283615 -0.09719758480787277
v 0.803649365901947 -0.061371810734272 -0.09719758480787277
v 0.6960179805755615 -0.1377948522567749 -0.09719758480787277
v 0.7436493635177612 -0.1652948558330536 -0.09719758480787277
v 0.7525179386138916 -0.03993398696184158 -0.08669758588075638
v 0.7525179386138916 -0.03993398696184158 -0.09269759058952332
v 0.6995179653167725 -0.13173267245292664 -0.08669758588075638
v 0.6995179653167725 -0.13173267245292664 -0.09269759058952332
v 0.7495179772377014 -0.04513014107942581 -0.09269759058952332
v 0.7025179862976074 -0.1265365332365036 -0.09269759058952332
v 0.7495179772377014 -0.04513014107942581 -0.08669758588075638
v 0.7025179862976074 -0.1265365332365036 -0.08669758588075638
v 0.8001493811607361 -0.06743399053812027 -0.08669758588075638
v 0.8001493811607361 -0.06743399053812027 -0.09269759058952332
v 0.7471493482589722 -0.15923267602920532 -0.08669758588075638
v 0.7471493482589722 -0.15923267602920532 -0.09269759058952332
v 0.7501493692398071 -0.1540365219116211 -0.09269759058952332
v 0.7971493601799011 -0.0726301372051239 -0.09269759058952332
v 0.7971493601799011 -0.0726301372051239 -0.08669758588075638
v 0.7501493692398071 -0.1540365219116211 -0.08669758588075638
v 0.8610253930091858 -0.4913397431373596 -0.007197547238320112
v 0.8610253930091858 -0.4913397431373596 -0.007197547238320112
v 0.5841804146766663 -0.3315032124519348 -0.007197547238320112
v 0.5841804146766663 -0.3315032124519348 -0.007197547238320112
v 0.6593117713928223 -0.3113718032836914 -0.007197547238320112
v 0.6593117713928223 -0.3113718032836914 -0.007197547238320112
v 0.8060253858566284 -0.3960769474506378 -0.007197547238320112
v 0.8060253858566284 -0.3960769474506378 -0.007197547238320112
v 0.8610253930091858 -0.4913397431373596 -0.062197547405958176
v 0.8610253930091858 -0.4913397431373596 -0.062197547405958176
v 0.776149332523346 -0.4423365294933319 -0.062197547405958176
v 0.776149332523346 -0.4423365294933319 -0.062197547405958176
v 0.803649365901947 -0.3947051465511322 -0.062197547405958176
v 0.803649365901947 -0.3947051465511322 -0.062197547405958176
v 0.8060253858566284 -0.3960769474506378 -0.062197547405958176
v 0.8060253858566284 -0.3960769474506378 -0.062197547405958176
v 0.6722263097763062 -0.3823365271091461 -0.062197547405958176
v 0.6722263097763062 -0.3823365271091461 -0.062197547405958176
v 0.5841804146766663 -0.3315032124519348 -0.062197547405958176
v 0.5841804146766663 -0.3315032124519348 -0.062197547405958176
v 0.6593117713928223 -0.3113718032836914 -0.062197547405958176
v 0.6593117713928223 -0.3113718032836914 -0.062197547405958176
v 0.6997262835502625 -0.3347051441669464 -0.062197547405958176
v 0.6997262835502625 -0.3347051441669464 -0.062197547405958176
v 0.776149332523346 -0.4423365294933319 -0.2761165499687195
v 0.776149332523346 -0.4423365294933319 -0.2761165499687195
v 0.803649365901947 -0.3947051465511322 -0.2761165499687195
v 0.803649365901947 -0.3947051465511322 -0.2761165499687195
v 0.6722263097763062 -0.3823365271091461 -0.2761165499687195
v 0.6722263097763062 -0.3823365271091461 -0.2761165499687195
v 0.6997262835502625 -0.3347051441669464 -0.2761165499687195
v 0.6997262835502625 -0.3347051441669464 -0.2761165499687195
v 0.7700871825218201 -0.43883654475212097 -0.2656165361404419
v 0.7700871825218201 -0.43883654475212097 -0.2656165361404419
v 0.7700871825218201 -0.43883654475212097 -0.27161654829978943
v 0.7700871825218201 -0.43883654475212097 -0.27161654829978943
v 0.6782885193824768 -0.38583654165267944 -0.2656165361404419
v 0.6782885193824768 -0.38583654165267944 -0.2656165361404419
v 0.6782885193824768 -0.38583654165267944 -0.27161654829978943
v 0.6782885193824768 -0.38583654165267944 -0.27161654829978943
v 0.7648910284042358 -0.4358365535736084 -0.27161654829978943
v 0.7648910284042358 -0.4358365535736084 -0.27161654829978943
v 0.6834846138954163 -0.388836532831192 -0.27161654829978943
v 0.6834846138954163 -0.388836532831192 -0.27161654829978943
v 0.7648910284042358 -0.4358365535736084 -0.2656165361404419
v 0.7648910284042358 -0.4358365535736084 -0.2656165361404419
v 0.6834846138954163 -0.388836532831192 -0.2656165361404419
v 0.6834846138954163 -0.388836532831192 -0.2656165361404419
v 0.7975871562957764 -0.3912051320075989 -0.2656165361404419
v 0.7975871562957764 -0.3912051320075989 -0.2656165361404419
v 0.7975871562957764 -0.3912051320075989 -0.27161654829978943
v 0.7975871562957764 -0.3912051320075989 -0.27161654829978943
v 0.7057884931564331 -0.33820512890815735 -0.2656165361404419
v 0.7057884931564331 -0.33820512890815735 -0.2656165361404419
v 0.7057884931564331 -0.33820512890815735 -0.27161654829978943
v 0.7057884931564331 -0.33820512890815735 -0.27161654829978943
v 0.7109846472740173 -0.3412051498889923 -0.27161654829978943
v 0.7109846472740173 -0.3412051498889923 -0.27161654829978943
v 0.7923910021781921 -0.3882051408290863 -0.27161654829978943
v 0.7923910021781921 -0.3882051408290863 -0.27161654829978943
v 0.7923910021781921 -0.3882051408290863 -0.2656165361404419
v 0.7923910021781921 -0.3882051408290863 -0.2656165361404419
v 0.7109846472740173 -0.3412051498889923 -0.2656165361404419
v 0.7109846472740173 -0.3412051498889923 -0.2656165361404419
v 0.8610253930091858 0.148006409406662 -0.007197547238320112
v 0.8610253930091858 0.148006409406662 -0.007197547238320112
v 0.8060253858566284 -0.05725638195872307 -0.007197547238320112
v 0.8060253858566284 -0.05725638195872307 -0.007197547238320112
v 0.8610253930091858 -0.2266666740179062 -0.062197547405958176
v 0.8610253930091858 -0.2266666740179062 -0.062197547405958176
v 0.8060253858566284 -0.2266666740179062 -0.062197547405958176
v 0.8060253858566284 -0.2266666740179062 -0.062197547405958176
v 0.8610253930091858 -0.1066666692495346 -0.062197547405958176
v 0.8610253930091858 -0.1066666692495346 -0.062197547405958176
v 0.8610253930091858 0.148006409406662 -0.062197547405958176
v 0.8610253930091858 0.148006409406662 -0.062197547405958176
v 0.8060253858566284 -0.05725638195872307 -0.062197547405958176
v 0.8060253858566284 -0.05725638195872307 -0.062197547405958176
v 0.8060253858566284 -0.1066666692495346 -0.062197547405958176
v 0.8060253858566284 -0.1066666692495346 -0.062197547405958176
v 0.8610253930091858 -0.2266666740179062 -0.06719754636287689
v 0.8610253930091858 -0.2266666740179062 -0.06719754636287689
v 0.8060253858566284 -0.2266666740179062 -0.06719754636287689
v 0.8060253858566284 -0.2266666740179062 -0.06719754636287689
v 0.8610253930091858 -0.1066666692495346 -0.06719754636287689
v 0.8610253930091858 -0.1066666692495346 -0.06719754636287689
v 0.8060253858566284 -0.1066666692495346 -0.06719754636287689
v 0.8060253858566284 -0.1066666692495346 -0.06719754636287689
v 0.8610253930091858 -0.21966665983200073 -0.011697547510266304
v 0.8610253930091858 -0.21966665983200073 -0.011697547510266304
v 0.8610253930091858 -0.21966665983200073 -0.017697546631097794
v 0.8610253930091858 -0.21966665983200073 -0.017697546631097794
v 0.8610253930091858 -0.11366666853427887 -0.011697547510266304
v 0.8610253930091858 -0.11366666853427887 -0.011697547510266304
v 0.8610253930091858 -0.11366666853427887 -0.017697546631097794
v 0.8610253930091858 -0.11366666853427887 -0.017697546631097794
v 0.8610253930091858 -0.2136666625738144 -0.017697546631097794
v 0.8610253930091858 -0.2136666625738144 -0.017697546631097794
v 0.8610253930091858 -0.11966666579246521 -0.017697546631097794
v 0.8610253930091858 -0.11966666579246521 -0.017697546631097794
v 0.8610253930091858 -0.2136666625738144 -0.011697547510266304
v 0.8610253930091858 -0.2136666625738144 -0.011697547510266304
v 0.8610253930091858 -0.11966666579246521 -0.011697547510266304
v 0.8610253930091858 -0.11966666579246521 -0.011697547510266304
v 0.8060253858566284 -0.21966665983200073 -0.011697547510266304
v 0.8060253858566284 -0.21966665983200073 -0.011697547510266304
v 0.8060253858566284 -0.21966665983200073 -0.017697546631097794
v 0.8060253858566284 -0.21966665983200073 -0.017697546631097794
v 0.8060253858566284 -0.11366666853427887 -0.011697547510266304
v 0.8060253858566284 -0.11366666853427887 -0.011697547510266304
v 0.8060253858566284 -0.11366666853427887 -0.017697546631097794
v 0.8060253858566284 -0.11366666853427887 -0.017697546631097794
v 0.8060253858566284 -0.11966666579246521 -0.017697546631097794
v 0.8060253858566284 -0.11966666579246521 -0.017697546631097794
v 0.8060253858566284 -0.2136666625738144 -0.017697546631097794
v 0.8060253858566284 -0.2136666625738144 -0.017697546631097794
v 0.8060253858566284 -0.2136666625738144 -0.011697547510266304
v 0.8060253858566284 -0.2136666625738144 -0.011697547510266304
v 0.8060253858566284 -0.11966666579246521 -0.011697547510266304
v 0.8060253858566284 -0.11966666579246521 -0.011697547510266304
v 0.7560179829597473 -0.033871810883283615 -0.062197547405958176
v 0.7560179829597473 -0.033871810883283615 -0.062197547405958176
v 0.803649365901947 -0.061371810734272 -0.062197547405958176
v 0.803649365901947 -0.061371810734272 -0.062197547405958176
v 0.6960179805755615 -0.1377948522567749 -0.062197547405958176
v 0.6960179805755615 -0.1377948522567749 -0.062197547405958176
v 0.7436493635177612 -0.1652948558330536 -0.062197547405958176
v 0.7436493635177612 -0.1652948558330536 -0.062197547405958176
v 0.7560179829597473 -0.033871810883283615 -0.09719758480787277
v 0.7560179829597473 -0.033871810883283615 -0.09719758480787277
v 0.803649365901947 -0.061371810734272 -0.09719758480787277
v 0.803649365901947 -0.061371810734272 -0.09719758480787277
v 0.6960179805755615 -0.1377948522567749 -0.09719758480787277
v 0.6960179805755615 -0.1377948522567749 -0.09719758480787277
v 0.7436493635177612 -0.1652948558330536 -0.09719758480787277
v 0.7436493635177612 -0.1652948558330536 -0.09719758480787277
v 0.7525179386138916 -0.03993398696184158 -0.08669758588075638
v 0.7525179386138916 -0.03993398696184158 -0.08669758588075638
v 0.7525179386138916 -0.03993398696184158 -0.09269759058952332
v 0.7525179386138916 -0.03993398696184158 -0.09269759058952332
v 0.6995179653167725 -0.13173267245292664 -0.08669758588075638
v 0.6995179653167725 -0.13173267245292664 -0.08669758588075638
v 0.6995179653167725 -0.13173267245292664 -0.09269759058952332
v 0.6995179653167725 -0.13173267245292664 -0.09269759058952332
v 0.7495179772377014 -0.04513014107942581 -0.09269759058952332
v 0.7495179772377014 -0.04513014107942581 -0.09269759058952332
v 0.7025179862976074 -0.1265365332365036 -0.09269759058952332
v 0.7025179862976074 -0.1265365332365036 -0.09269759058952332
v 0.7495179772377014 -0.04513014107942581 -0.08669758588075638
v 0.7495179772377014 -0.04513014107942581 -0.08669758588075638
v 0.7025179862976074 -0.1265365332365036 -0.08669758588075638
v 0.7025179862976074 -0.1265365332365036 -0.08669758588075638
v 0.8001493811607361 -0.06743399053812027 -0.08669758588075638
v 0.8001493811607361 -0.06743399053812027 -0.08669758588075638
v 0.8001493811607361 -0.06743399053812027 -0.09269759058952332
v 0.8001493811607361 -0.06743399053812027 -0.09269759058952332
v 0.7471493482589722 -0.15923267602920532 -0.08669758588075638
v 0.7471493482589722 -0.15923267602920532 -0.08669758588075638
v 0.7471493482589722 -0.15923267602920532 -0.09269759058952332
v 0.7471493482589722 -0.15923267602920532 -0.09269759058952332
v 0.7501493692398071 -0.1540365219116211 -0.09269759058952332
v 0.7501493692398071 -0.1540365219116211 -0.09269759058952332
v 0.7971493601799011 -0.0726301372051239 -0.09269759058952332
v 0.7971493601799011 -0.0726301372051239 -0.09269759058952332
v 0.7971493601799011 -0.0726301372051239 -0.08669758588075638
v 0.7971493601799011 -0.0726301372051239 -0.08669758588075638
v 0.7501493692398071 -0.1540365219116211 -0.08669758588075638
v 0.7501493692398071 -0.1540365219116211 -0.08669758588075638
vn 0 0 -1
vn 0 0 -1
vn 0 0 -1
vn 0 0 -1
vn 0 0 1
vn 0 0 1
vn 0 0 1
vn 0 0 1
vn 0 0 1
vn 0 0 1
vn 0 0 1
vn 0 0 1
vn -0.8660250902175903 0.5000005960464478 0
vn -0.8660250902175903 0.5000005960464478 0
vn 0.8660255670547485 -0.4999997615814209 0
vn 0.8660255670547485 -0.4999997615814209 0
vn 0.49999964237213135 0.8660256266593933 1.7368956051200257e-8
vn 0.49999943375587463 0.8660257458686829 -0.0000011777248118960415
vn 0.5000006556510925 0.8660250902175903 -4.658643604216195e-7
vn 0.5000013709068298 0.8660246729850769 -0.0000031292117910197703
vn 0.4999997019767761 0.8660255670547485 -1.2012495176350058e-7
vn 0.5000008344650269 0.8660249710083008 -1.845168924319296e-7
vn 0.49999961256980896 0.8660256266593933 3.5431806377772546e-9
vn 0.5000008344650269 0.866024911403656 -4.813524014934956e-7
vn -0.49999934434890747 -0.8660258054733276 -1.0826369134520064e-8
vn -0.49999919533729553 -0.8660259246826172 7.340960337387514e-7
vn -0.499999076128006 -0.866025984287262 2.6276947551195917e-7
vn -0.4999994933605194 -0.8660257458686829 0.00000547932449990185
vn -0.5000005960464478 -0.8660250902175903 0.0000025833940071606776
vn -0.4999997019767761 -0.8660255670547485 -3.5418648280938214e-7
vn -0.49999961256980896 -0.8660256266593933 1.0447006815184068e-8
vn -0.5000007748603821 -0.8660250306129456 3.9942395346770354e-7
vn 0 0 -1
vn 0 0 -1
vn 0 0 1
vn 0 0 1
vn 0 0 1
vn 0 0 1
vn 0 0 1
vn 0 0 1
vn 0 1 0
vn 0 1 0
vn 0 -1 0
vn 0 -1 0
vn -1 0 0
vn -1 0 0
vn -1 0 0
vn -1 0 0
vn -1 0 0
vn -1 0 0
vn -1 0 0
vn -1 0 0
vn 1 0 0
vn 1 0 0
vn 1 0 0
vn 1 0 0
vn 1 0 0
vn 1 0 0
vn 1 0 0
vn 1 0 0
vn 0 0 1
vn 0 0 1
vn 0 0 1
vn 0 0 1
vn -0.5000001192092896 -0.8660253286361694 0
vn -0.5000001192092896 -0.8660253286361694 0
vn 0.5000001788139343 0.8660253286361694 0
vn 0.5000001788139343 0.8660253286361694 0
vn 0.8660244941711426 -0.5000016093254089 -0.000001078795435205393
vn 0.866025447845459 -0.4999999701976776 0.000008810187864582986
vn 0.8660253882408142 -0.5 -5.864627610208117e-7
vn 0.866024911403656 -0.5000009536743164 0.000004789460035681259
vn 0.8660260438919067 -0.49999895691871643 0.0000031875963486527326
vn 0.8660247921943665 -0.5000011920928955 0.0000023081188373907935
vn 0.8660261631011963 -0.4999987483024597 -7.318438974834862e-7
vn 0.866024911403656 -0.5000008344650269 -3.1795423183211824e-7
vn -0.8660255074501038 0.49999988079071045 -5.273309966469242e-7
vn -0.8660250306129456 0.5000006556510925 0.0000043065483623649925
vn -0.8660256266593933 0.49999967217445374 4.6819926069474604e-7
vn -0.8660252094268799 0.5000003576278687 -0.00000382363850803813
vn -0.8660250902175903 0.5000005960464478 -0.000002189105316574569
vn -0.8660250306129456 0.5000007748603821 0.000001725216634440585
vn -0.866024911403656 0.5000008940696716 -4.819143555323535e-7
vn -0.8660250902175903 0.5000005960464478 3.1053994575813704e-7
vn 0.5000000596046448 0.8660253882408142 -4.039007706069242e-8
vn -1 0 0
vn 0.4999999701976776 0.866025447845459 7.163493620510053e-8
vn 0.866025447845459 -0.4999999701976776 3.5344822180150004e-8
vn -0.5000001192092896 -0.8660253286361694 9.12129678454221e-8
vn -0.8660253882408142 0.5000001192092896 -1.798816811060533e-7
vn -0.5000003576278687 -0.8660252690315247 -9.400610956333821e-9
vn 1 0 0
vn 0.4999999701976776 0.8660253882408142 0
vn -1 0 0
vn -0.8660250902175903 0.5000005960464478 0
vn 0.5000003576278687 0.8660252094268799 -3.0246684445955907e-7
vn -0.8660250902175903 0.5000005960464478 0
vn -0.5000004172325134 -0.8660252094268799 2.472017968102591e-7
vn -0.5000014305114746 -0.8660246133804321 0
vn 1 0 0
vn 0.8660255670547485 -0.4999997615814209 0
vn 0.4999999403953552 0.866025447845459 -2.0139040657340956e-8
vn 0.4999999403953552 0.866025447845459 0
vn 0.866025447845459 -0.4999999701976776 0
vn -0.5000002384185791 -0.8660253286361694 0
vn -0.8660253286361694 0.5000001192092896 0
vn 0.8660255670547485 -0.4999997615814209 0
vn -0.49999910593032837 -0.8660259246826172 1.1100858898771548e-8
vn 0 0 1
vn 0.4999998211860657 0.8660255670547485 6.329811981231614e-7
vn 0 0 1
vn -0.49999961256980896 -0.8660256862640381 1.6862411200690985e-7
vn 0 0 1
vn 0.5000005960464478 0.8660250902175903 -6.532542897730309e-7
vn 0 0 1
vn -0.4999987781047821 -0.8660261034965515 0.000003304628535261145
vn 0 0 1
vn 0.8660256862640381 -0.4999995231628418 0
vn 0.8660256862640381 -0.4999995231628418 0
vn 0 0 -1
vn 0 0 1
vn -0.8660256862640381 0.4999995231628418 0
vn -0.8660256862640381 0.4999995231628418 0
vn 0 0 -1
vn -0.8660256862640381 0.4999995231628418 0
vn 0 0 -1
vn 0.8660250902175903 -0.5000005960464478 0
vn 0 0 -1
vn -0.8660256862640381 0.4999995231628418 0
vn 0 0 1
vn 0.8660250902175903 -0.5000005960464478 0
vn 0 0 1
vn 0 0 1
vn 0.8660256862640381 -0.4999995231628418 0
vn 0.8660256862640381 -0.4999995231628418 0
vn 0 0 -1
vn 0 0 1
vn -0.8660256862640381 0.4999995231628418 0
vn -0.8660256862640381 0.4999995231628418 0
vn 0 0 -1
vn 0.8660250902175903 -0.5000005960464478 0
vn 0 0 -1
vn -0.8660256862640381 0.4999995231628418 0
vn 0 0 -1
vn -0.8660256862640381 0.4999995231628418 0
vn 0 0 1
vn 0.8660250902175903 -0.5000005960464478 0
vn 0 0 1
vn -1 0 0
vn 0.866025447845459 -0.5 2.3729741371880664e-7
vn 1 0 0
vn -0.8660258054733276 0.49999934434890747 -2.5622591692808783e-7
vn 0 1 0
vn -1 0 0
vn 0 1 0
vn 1 0 0
vn 0 -1 0
vn -1 0 0
vn -1 0 0
vn 0.8660255074501038 -0.49999991059303284 0
vn 1 0 0
vn -0.8660275936126709 0.49999621510505676 0
vn 0 -1 0
vn 1 0 0
vn 0 0 1
vn -1 0 0
vn 0 0 1
vn 1 0 0
vn 0 0 1
vn -1 0 0
vn 0 0 1
vn 1 0 0
vn 0 0 1
vn 0 -1 0
vn 0 -1 0
vn 0 0 -1
vn 0 0 1
vn 0 1 0
vn 0 1 0
vn 0 0 -1
vn 0 1 0
vn 0 0 -1
vn 0 -1 0
vn 0 0 -1
vn 0 1 0
vn 0 0 1
vn 0 -1 0
vn 0 0 1
vn 0 0 1
vn 0 -1 0
vn 0 -1 0
vn 0 0 -1
vn 0 0 1
vn 0 1 0
vn 0 1 0
vn 0 0 -1
vn 0 -1 0
vn 0 0 -1
vn 0 1 0
vn 0 0 -1
vn 0 1 0
vn 0 0 1
vn 0 -1 0
vn 0 0 1
vn -0.5000001192092896 -0.8660253286361694 0
vn 0.866025447845459 -0.4999999403953552 -5.547489081436652e-7
vn -0.5000001192092896 -0.8660253286361694 0
vn -0.8660255670547485 0.4999997019767761 -5.217310672378517e-7
vn 0.5000001788139343 0.8660253286361694 0
vn 0.8660252094268799 -0.5000002384185791 -1.0549791795710917e-7
vn 0.5000001788139343 0.8660253286361694 0
vn -0.8660253286361694 0.5000001192092896 1.2036453256314417e-7
vn 0 0 1
vn 0.8660247325897217 -0.5000011920928955 0.000004648135927709518
vn 0 0 1
vn -0.866025447845459 0.49999991059303284 0.000001500790631325799
vn 0 0 1
vn 0.8660253882408142 -0.5000000596046448 0.0000015793046941325883
vn 0 0 1
vn -0.8660255670547485 0.4999997615814209 -0.0000017610475424589822
vn 0 0 1
vn 0.4999997019767761 0.8660255670547485 0
vn 0.4999997019767761 0.8660255670547485 0
vn 0 0 -1
vn 0 0 1
vn -0.5000001788139343 -0.8660253286361694 0
vn -0.5000001788139343 -0.8660253286361694 0
vn 0 0 -1
vn -0.5000000596046448 -0.8660253882408142 0
vn 0 0 -1
vn 0.4999999701976776 0.866025447845459 0
vn 0 0 -1
vn -0.5000000596046448 -0.8660253882408142 0
vn 0 0 1
vn 0.4999999701976776 0.866025447845459 0
vn 0 0 1
vn 0 0 1
vn 0.4999997019767761 0.8660255670547485 0
vn 0.4999997019767761 0.8660255670547485 0
vn 0 0 -1
vn 0 0 1
vn -0.5000001788139343 -0.8660253286361694 0
vn -0.5000001788139343 -0.8660253286361694 0
vn 0 0 -1
vn 0.4999999701976776 0.866025447845459 0
vn 0 0 -1
vn -0.5000000596046448 -0.8660253882408142 0
vn 0 0 -1
vn -0.5000000596046448 -0.8660253882408142 0
vn 0 0 1
vn 0.4999999701976776 0.866025447845459 0
vn 0 0 1

g grp3781
usemtl mtl3781
f 3783//3783 3784//3784 3782//3782 
f 3781//3781 3782//3782 3784//3784 
f 3788//3788 3786//3786 3785//3785 
f 3788//3788 3787//3787 3786//3786 
f 3789//3789 3791//3791 3790//3790 
f 3791//3791 3789//3789 3792//3792 
f 3877//3877 3793//3793 3875//3875 
f 3793//3793 3877//3877 3794//3794 
f 3881//3881 3795//3795 3887//3887 
f 3796//3796 3887//3887 3795//3795 
f 3895//3895 3889//3889 3891//3891 
f 3889//3889 3895//3895 3893//3893 
f 3797//3797 3890//3890 3798//3798 
f 3890//3890 3797//3797 3876//3876 
f 3800//3800 3894//3894 3799//3799 
f 3882//3882 3799//3799 3894//3894 
f 3890//3890 3801//3801 3798//3798 
f 3802//3802 3894//3894 3800//3800 
f 3802//3802 3890//3890 3894//3894 
f 3890//3890 3802//3802 3801//3801 
f 3801//3801 3804//3804 3803//3803 
f 3804//3804 3801//3801 3802//3802 
f 3876//3876 3865//3865 3873//3873 
f 3867//3867 3882//3882 3883//3883 
f 3865//3865 3882//3882 3867//3867 
f 3876//3876 3882//3882 3865//3865 
f 3876//3876 3799//3799 3882//3882 
f 3803//3803 3876//3876 3797//3797 
f 3804//3804 3876//3876 3803//3803 
f 3876//3876 3804//3804 3799//3799 
f 3806//3806 3892//3892 3805//3805 
f 3878//3878 3805//3805 3892//3892 
f 3807//3807 3896//3896 3808//3808 
f 3888//3888 3896//3896 3807//3807 
f 3896//3896 3809//3809 3808//3808 
f 3810//3810 3892//3892 3806//3806 
f 3892//3892 3809//3809 3896//3896 
f 3809//3809 3892//3892 3810//3810 
f 3811//3811 3812//3812 3810//3810 
f 3809//3809 3810//3810 3812//3812 
f 3888//3888 3869//3869 3885//3885 
f 3888//3888 3871//3871 3869//3869 
f 3807//3807 3871//3871 3888//3888 
f 3871//3871 3878//3878 3879//3879 
f 3807//3807 3878//3878 3871//3871 
f 3878//3878 3811//3811 3805//3805 
f 3878//3878 3812//3812 3811//3811 
f 3812//3812 3878//3878 3807//3807 
f 3909//3909 3925//3925 3905//3905 
f 3923//3923 3905//3905 3925//3925 
f 3910//3910 3897//3897 3926//3926 
f 3913//3913 3926//3926 3897//3897 
f 3899//3899 3914//3914 3898//3898 
f 3914//3914 3899//3899 3915//3915 
f 3906//3906 3924//3924 3900//3900 
f 3916//3916 3900//3900 3924//3924 
f 3907//3907 3927//3927 3911//3911 
f 3927//3927 3907//3907 3921//3921 
f 3901//3901 3928//3928 3917//3917 
f 3928//3928 3901//3901 3912//3912 
f 3902//3902 3918//3918 3903//3903 
f 3919//3919 3903//3903 3918//3918 
f 3920//3920 3922//3922 3904//3904 
f 3908//3908 3904//3904 3922//3922 
f 3814//3814 3781//3781 3784//3784 
f 3813//3813 3781//3781 3814//3814 
f 3816//3816 3788//3788 3815//3815 
f 3785//3785 3815//3815 3788//3788 
f 3820//3820 3817//3817 3819//3819 
f 3818//3818 3819//3819 3817//3817 
f 3933//3933 3821//3821 3935//3935 
f 3822//3822 3935//3935 3821//3821 
f 3943//3943 3823//3823 3937//3937 
f 3823//3823 3943//3943 3824//3824 
f 3945//3945 3949//3949 3947//3947 
f 3951//3951 3947//3947 3949//3949 
f 3825//3825 3826//3826 3934//3934 
f 3946//3946 3934//3934 3826//3826 
f 3938//3938 3828//3828 3827//3827 
f 3828//3828 3938//3938 3950//3950 
f 3946//3946 3826//3826 3950//3950 
f 3828//3828 3950//3950 3830//3830 
f 3830//3830 3950//3950 3829//3829 
f 3826//3826 3829//3829 3950//3950 
f 3831//3831 3832//3832 3829//3829 
f 3830//3830 3829//3829 3832//3832 
f 3939//3939 3938//3938 3929//3929 
f 3874//3874 3866//3866 3934//3934 
f 3938//3938 3827//3827 3929//3929 
f 3934//3934 3866//3866 3825//3825 
f 3866//3866 3929//3929 3825//3825 
f 3827//3827 3832//3832 3929//3929 
f 3832//3832 3831//3831 3929//3929 
f 3825//3825 3929//3929 3831//3831 
f 3936//3936 3834//3834 3833//3833 
f 3834//3834 3936//3936 3948//3948 
f 3835//3835 3836//3836 3944//3944 
f 3952//3952 3944//3944 3836//3836 
f 3948//3948 3952//3952 3834//3834 
f 3836//3836 3837//3837 3952//3952 
f 3837//3837 3838//3838 3952//3952 
f 3834//3834 3952//3952 3838//3838 
f 3838//3838 3840//3840 3839//3839 
f 3840//3840 3838//3838 3837//3837 
f 3941//3941 3931//3931 3944//3944 
f 3944//3944 3931//3931 3835//3835 
f 3880//3880 3936//3936 3872//3872 
f 3936//3936 3833//3833 3872//3872 
f 3872//3872 3833//3833 3931//3931 
f 3835//3835 3931//3931 3840//3840 
f 3840//3840 3931//3931 3839//3839 
f 3833//3833 3839//3839 3931//3931 
f 3961//3961 3981//3981 3965//3965 
f 3981//3981 3961//3961 3979//3979 
f 3982//3982 3953//3953 3966//3966 
f 3953//3953 3982//3982 3969//3969 
f 3954//3954 3970//3970 3955//3955 
f 3971//3971 3955//3955 3970//3970 
f 3972//3972 3962//3962 3956//3956 
f 3962//3962 3972//3972 3980//3980 
f 3967//3967 3983//3983 3963//3963 
f 3977//3977 3963//3963 3983//3983 
f 3968//3968 3957//3957 3984//3984 
f 3973//3973 3984//3984 3957//3957 
f 3959//3959 3974//3974 3958//3958 
f 3974//3974 3959//3959 3975//3975 
f 3978//3978 3960//3960 3964//3964 
f 3960//3960 3978//3978 3976//3976 
f 3782//3782 3814//3814 3783//3783 
f 3814//3814 3782//3782 3813//3813 
f 3818//3818 3841//3841 3819//3819 
f 3842//3842 3819//3819 3841//3841 
f 3844//3844 3843//3843 3791//3791 
f 3790//3790 3791//3791 3843//3843 
f 3985//3985 3845//3845 3987//3987 
f 3846//3846 3987//3987 3845//3845 
f 3991//3991 3847//3847 3989//3989 
f 3847//3847 3991//3991 3848//3848 
f 3999//3999 3995//3995 3997//3997 
f 3993//3993 3997//3997 3995//3995 
f 3850//3850 3994//3994 3849//3849 
f 3986//3986 3849//3849 3994//3994 
f 3851//3851 3998//3998 3852//3852 
f 3998//3998 3851//3851 3990//3990 
f 3852//3852 3998//3998 3854//3854 
f 3850//3850 3853//3853 3994//3994 
f 3994//3994 3853//3853 3998//3998 
f 3854//3854 3998//3998 3853//3853 
f 3855//3855 3856//3856 3853//3853 
f 3854//3854 3853//3853 3856//3856 
f 3940//3940 3930//3930 3986//3986 
f 3884//3884 3990//3990 3868//3868 
f 3851//3851 3856//3856 3990//3990 
f 3856//3856 3855//3855 3990//3990 
f 3849//3849 3986//3986 3855//3855 
f 3855//3855 3986//3986 3990//3990 
f 3868//3868 3990//3990 3930//3930 
f 3986//3986 3930//3930 3990//3990 
f 3857//3857 3996//3996 3858//3858 
f 3996//3996 3857//3857 3988//3988 
f 3860//3860 4000//4000 3859//3859 
f 3992//3992 3859//3859 4000//4000 
f 3860//3860 3861//3861 4000//4000 
f 3858//3858 3996//3996 3862//3862 
f 4000//4000 3861//3861 3996//3996 
f 3862//3862 3996//3996 3861//3861 
f 3862//3862 3864//3864 3863//3863 
f 3864//3864 3862//3862 3861//3861 
f 3886//3886 3870//3870 3992//3992 
f 3870//3870 3932//3932 3992//3992 
f 3859//3859 3992//3992 3864//3864 
f 3864//3864 3992//3992 3863//3863 
f 3992//3992 3932//3932 3863//3863 
f 3857//3857 3863//3863 3988//3988 
f 3863//3863 3932//3932 3988//3988 
f 3942//3942 3988//3988 3932//3932 
f 4009//4009 4029//4029 4013//4013 
f 4029//4029 4009//4009 4027//4027 
f 4017//4017 4014//4014 4030//4030 
f 4014//4014 4017//4017 4001//4001 
f 4002//4002 4018//4018 4003//4003 
f 4019//4019 4003//4003 4018//4018 
f 4010//4010 4020//4020 4028//4028 
f 4020//4020 4010//4010 4004//4004 
f 4015//4015 4031//4031 4011//4011 
f 4025//4025 4011//4011 4031//4031 
f 4032//4032 4016//4016 4021//4021 
f 4005//4005 4021//4021 4016//4016 
f 4007//4007 4022//4022 4006//4006 
f 4022//4022 4007//4007 4023//4023 
f 4024//4024 4012//4012 4026//4026 
f 4012//4012 4024//4024 4008//4008 
v 0.8610253930091858 0.4913397431373596 0.014914494939148426
v 0.30733537673950195 0.17166666686534882 0.014914494939148426
v 0.5125981569290161 0.2266666740179062 0.014914494939148426
v 0.8060253858566284 0.3960769474506378 0.014914494939148426
v 0.8610253930091858 0.4913397431373596 -0.040085505694150925
v 0.631811797618866 0.3590032160282135 -0.040085505694150925
v 0.6593117713928223 0.3113718032836914 -0.040085505694150925
v 0.8060253858566284 0.3960769474506378 -0.040085505694150925
v 0.5278887152671814 0.2990032136440277 -0.040085505694150925
v 0.30733537673950195 0.17166666686534882 -0.040085505694150925
v 0.5125981569290161 0.2266666740179062 -0.040085505694150925
v 0.5553887486457825 0.2513718008995056 -0.040085505694150925
v 0.631811797618866 0.3590032160282135 -0.04508550465106964
v 0.6593117713928223 0.3113718032836914 -0.04508550465106964
v 0.5278887152671814 0.2990032136440277 -0.04508550465106964
v 0.5553887486457825 0.2513718008995056 -0.04508550465106964
v 0.6257495880126953 0.3555032014846802 0.010414495132863522
v 0.6257495880126953 0.3555032014846802 0.00441449461504817
v 0.533950924873352 0.30250319838523865 0.010414495132863522
v 0.533950924873352 0.30250319838523865 0.00441449461504817
v 0.6205534338951111 0.3525032103061676 0.00441449461504817
v 0.5391470789909363 0.3055032193660736 0.00441449461504817
v 0.6205534338951111 0.3525032103061676 0.010414495132863522
v 0.5391470789909363 0.3055032193660736 0.010414495132863522
v 0.6532496213912964 0.30787181854248047 0.010414495132863522
v 0.6532496213912964 0.30787181854248047 0.00441449461504817
v 0.5614508986473083 0.25487181544303894 0.010414495132863522
v 0.5614508986473083 0.25487181544303894 0.00441449461504817
v 0.5666470527648926 0.2578718066215515 0.00441449461504817
v 0.6480534672737122 0.3048717975616455 0.00441449461504817
v 0.6480534672737122 0.3048717975616455 0.010414495132863522
v 0.5666470527648926 0.2578718066215515 0.010414495132863522
v 0.8610253930091858 0.17166666686534882 0.014914494939148426
v 0.8060253858566284 0.2266666740179062 0.014914494939148426
v 0.8610253930091858 0.3933333456516266 -0.040085505694150925
v 0.8060253858566284 0.3933333456516266 -0.040085505694150925
v 0.8610253930091858 0.273333340883255 -0.040085505694150925
v 0.8610253930091858 0.17166666686534882 -0.040085505694150925
v 0.8060253858566284 0.2266666740179062 -0.040085505694150925
v 0.8060253858566284 0.273333340883255 -0.040085505694150925
v 0.8610253930091858 0.3933333456516266 -0.04508550465106964
v 0.8060253858566284 0.3933333456516266 -0.04508550465106964
v 0.8610253930091858 0.273333340883255 -0.04508550465106964
v 0.8060253858566284 0.273333340883255 -0.04508550465106964
v 0.8610253930091858 0.3863333463668823 0.010414495132863522
v 0.8610253930091858 0.3863333463668823 0.00441449461504817
v 0.8610253930091858 0.28033334016799927 0.010414495132863522
v 0.8610253930091858 0.28033334016799927 0.00441449461504817
v 0.8610253930091858 0.3803333342075348 0.00441449461504817
v 0.8610253930091858 0.2863333225250244 0.00441449461504817
v 0.8610253930091858 0.3803333342075348 0.010414495132863522
v 0.8610253930091858 0.2863333225250244 0.010414495132863522
v 0.8060253858566284 0.3863333463668823 0.010414495132863522
v 0.8060253858566284 0.3863333463668823 0.00441449461504817
v 0.8060253858566284 0.28033334016799927 0.010414495132863522
v 0.8060253858566284 0.28033334016799927 0.00441449461504817
v 0.8060253858566284 0.2863333225250244 0.00441449461504817
v 0.8060253858566284 0.3803333342075348 0.00441449461504817
v 0.8060253858566284 0.3803333342075348 0.010414495132863522
v 0.8060253858566284 0.2863333225250244 0.010414495132863522
v 0.5173502564430237 0.17166666686534882 -0.040085505694150925
v 0.5173502564430237 0.2266666740179062 -0.040085505694150925
v 0.6373502612113953 0.17166666686534882 -0.040085505694150925
v 0.6373502612113953 0.2266666740179062 -0.040085505694150925
v 0.5173502564430237 0.17166666686534882 -0.08158901333808899
v 0.5173502564430237 0.2266666740179062 -0.08158901333808899
v 0.6373502612113953 0.17166666686534882 -0.08158901333808899
v 0.6373502612113953 0.2266666740179062 -0.08158901333808899
v 0.5243502855300903 0.17166666686534882 -0.0710890144109726
v 0.5243502855300903 0.17166666686534882 -0.07708901166915894
v 0.6303502917289734 0.17166666686534882 -0.0710890144109726
v 0.6303502917289734 0.17166666686534882 -0.07708901166915894
v 0.5303502678871155 0.17166666686534882 -0.07708901166915894
v 0.6243502497673035 0.17166666686534882 -0.07708901166915894
v 0.5303502678871155 0.17166666686534882 -0.0710890144109726
v 0.6243502497673035 0.17166666686534882 -0.0710890144109726
v 0.5243502855300903 0.2266666740179062 -0.0710890144109726
v 0.5243502855300903 0.2266666740179062 -0.07708901166915894
v 0.6303502917289734 0.2266666740179062 -0.0710890144109726
v 0.6303502917289734 0.2266666740179062 -0.07708901166915894
v 0.6243502497673035 0.2266666740179062 -0.07708901166915894
v 0.5303502678871155 0.2266666740179062 -0.07708901166915894
v 0.5303502678871155 0.2266666740179062 -0.0710890144109726
v 0.6243502497673035 0.2266666740179062 -0.0710890144109726
v 0.8610253930091858 0.4913397431373596 0.014914494939148426
v 0.8610253930091858 0.4913397431373596 0.014914494939148426
v 0.30733537673950195 0.17166666686534882 0.014914494939148426
v 0.30733537673950195 0.17166666686534882 0.014914494939148426
v 0.5125981569290161 0.2266666740179062 0.014914494939148426
v 0.5125981569290161 0.2266666740179062 0.014914494939148426
v 0.8060253858566284 0.3960769474506378 0.014914494939148426
v 0.8060253858566284 0.3960769474506378 0.014914494939148426
v 0.8610253930091858 0.4913397431373596 -0.040085505694150925
v 0.8610253930091858 0.4913397431373596 -0.040085505694150925
v 0.631811797618866 0.3590032160282135 -0.040085505694150925
v 0.631811797618866 0.3590032160282135 -0.040085505694150925
v 0.6593117713928223 0.3113718032836914 -0.040085505694150925
v 0.6593117713928223 0.3113718032836914 -0.040085505694150925
v 0.8060253858566284 0.3960769474506378 -0.040085505694150925
v 0.8060253858566284 0.3960769474506378 -0.040085505694150925
v 0.5278887152671814 0.2990032136440277 -0.040085505694150925
v 0.5278887152671814 0.2990032136440277 -0.040085505694150925
v 0.30733537673950195 0.17166666686534882 -0.040085505694150925
v 0.30733537673950195 0.17166666686534882 -0.040085505694150925
v 0.5125981569290161 0.2266666740179062 -0.040085505694150925
v 0.5125981569290161 0.2266666740179062 -0.040085505694150925
v 0.5553887486457825 0.2513718008995056 -0.040085505694150925
v 0.5553887486457825 0.2513718008995056 -0.040085505694150925
v 0.631811797618866 0.3590032160282135 -0.04508550465106964
v 0.631811797618866 0.3590032160282135 -0.04508550465106964
v 0.6593117713928223 0.3113718032836914 -0.04508550465106964
v 0.6593117713928223 0.3113718032836914 -0.04508550465106964
v 0.5278887152671814 0.2990032136440277 -0.04508550465106964
v 0.5278887152671814 0.2990032136440277 -0.04508550465106964
v 0.5553887486457825 0.2513718008995056 -0.04508550465106964
v 0.5553887486457825 0.2513718008995056 -0.04508550465106964
v 0.6257495880126953 0.3555032014846802 0.010414495132863522
v 0.6257495880126953 0.3555032014846802 0.010414495132863522
v 0.6257495880126953 0.3555032014846802 0.00441449461504817
v 0.6257495880126953 0.3555032014846802 0.00441449461504817
v 0.533950924873352 0.30250319838523865 0.010414495132863522
v 0.533950924873352 0.30250319838523865 0.010414495132863522
v 0.533950924873352 0.30250319838523865 0.00441449461504817
v 0.533950924873352 0.30250319838523865 0.00441449461504817
v 0.6205534338951111 0.3525032103061676 0.00441449461504817
v 0.6205534338951111 0.3525032103061676 0.00441449461504817
v 0.5391470789909363 0.3055032193660736 0.00441449461504817
v 0.5391470789909363 0.3055032193660736 0.00441449461504817
v 0.6205534338951111 0.3525032103061676 0.010414495132863522
v 0.6205534338951111 0.3525032103061676 0.010414495132863522
v 0.5391470789909363 0.3055032193660736 0.010414495132863522
v 0.5391470789909363 0.3055032193660736 0.010414495132863522
v 0.6532496213912964 0.30787181854248047 0.010414495132863522
v 0.6532496213912964 0.30787181854248047 0.010414495132863522
v 0.6532496213912964 0.30787181854248047 0.00441449461504817
v 0.6532496213912964 0.30787181854248047 0.00441449461504817
v 0.5614508986473083 0.25487181544303894 0.010414495132863522
v 0.5614508986473083 0.25487181544303894 0.010414495132863522
v 0.5614508986473083 0.25487181544303894 0.00441449461504817
v 0.5614508986473083 0.25487181544303894 0.00441449461504817
v 0.5666470527648926 0.2578718066215515 0.00441449461504817
v 0.5666470527648926 0.2578718066215515 0.00441449461504817
v 0.6480534672737122 0.3048717975616455 0.00441449461504817
v 0.6480534672737122 0.3048717975616455 0.00441449461504817
v 0.6480534672737122 0.3048717975616455 0.010414495132863522
v 0.6480534672737122 0.3048717975616455 0.010414495132863522
v 0.5666470527648926 0.2578718066215515 0.010414495132863522
v 0.5666470527648926 0.2578718066215515 0.010414495132863522
v 0.8610253930091858 0.17166666686534882 0.014914494939148426
v 0.8610253930091858 0.17166666686534882 0.014914494939148426
v 0.8060253858566284 0.2266666740179062 0.014914494939148426
v 0.8060253858566284 0.2266666740179062 0.014914494939148426
v 0.8610253930091858 0.3933333456516266 -0.040085505694150925
v 0.8610253930091858 0.3933333456516266 -0.040085505694150925
v 0.8060253858566284 0.3933333456516266 -0.040085505694150925
v 0.8060253858566284 0.3933333456516266 -0.040085505694150925
v 0.8610253930091858 0.273333340883255 -0.040085505694150925
v 0.8610253930091858 0.273333340883255 -0.040085505694150925
v 0.8610253930091858 0.17166666686534882 -0.040085505694150925
v 0.8610253930091858 0.17166666686534882 -0.040085505694150925
v 0.8060253858566284 0.2266666740179062 -0.040085505694150925
v 0.8060253858566284 0.2266666740179062 -0.040085505694150925
v 0.8060253858566284 0.273333340883255 -0.040085505694150925
v 0.8060253858566284 0.273333340883255 -0.040085505694150925
v 0.8610253930091858 0.3933333456516266 -0.04508550465106964
v 0.8610253930091858 0.3933333456516266 -0.04508550465106964
v 0.8060253858566284 0.3933333456516266 -0.04508550465106964
v 0.8060253858566284 0.3933333456516266 -0.04508550465106964
v 0.8610253930091858 0.273333340883255 -0.04508550465106964
v 0.8610253930091858 0.273333340883255 -0.04508550465106964
v 0.8060253858566284 0.273333340883255 -0.04508550465106964
v 0.8060253858566284 0.273333340883255 -0.04508550465106964
v 0.8610253930091858 0.3863333463668823 0.010414495132863522
v 0.8610253930091858 0.3863333463668823 0.010414495132863522
v 0.8610253930091858 0.3863333463668823 0.00441449461504817
v 0.8610253930091858 0.3863333463668823 0.00441449461504817
v 0.8610253930091858 0.28033334016799927 0.010414495132863522
v 0.8610253930091858 0.28033334016799927 0.010414495132863522
v 0.8610253930091858 0.28033334016799927 0.00441449461504817
v 0.8610253930091858 0.28033334016799927 0.00441449461504817
v 0.8610253930091858 0.3803333342075348 0.00441449461504817
v 0.8610253930091858 0.3803333342075348 0.00441449461504817
v 0.8610253930091858 0.2863333225250244 0.00441449461504817
v 0.8610253930091858 0.2863333225250244 0.00441449461504817
v 0.8610253930091858 0.3803333342075348 0.010414495132863522
v 0.8610253930091858 0.3803333342075348 0.010414495132863522
v 0.8610253930091858 0.2863333225250244 0.010414495132863522
v 0.8610253930091858 0.2863333225250244 0.010414495132863522
v 0.8060253858566284 0.3863333463668823 0.010414495132863522
v 0.8060253858566284 0.3863333463668823 0.010414495132863522
v 0.8060253858566284 0.3863333463668823 0.00441449461504817
v 0.8060253858566284 0.3863333463668823 0.00441449461504817
v 0.8060253858566284 0.28033334016799927 0.010414495132863522
v 0.8060253858566284 0.28033334016799927 0.010414495132863522
v 0.8060253858566284 0.28033334016799927 0.00441449461504817
v 0.8060253858566284 0.28033334016799927 0.00441449461504817
v 0.8060253858566284 0.2863333225250244 0.00441449461504817
v 0.8060253858566284 0.2863333225250244 0.00441449461504817
v 0.8060253858566284 0.3803333342075348 0.00441449461504817
v 0.8060253858566284 0.3803333342075348 0.00441449461504817
v 0.8060253858566284 0.3803333342075348 0.010414495132863522
v 0.8060253858566284 0.3803333342075348 0.010414495132863522
v 0.8060253858566284 0.2863333225250244 0.010414495132863522
v 0.8060253858566284 0.2863333225250244 0.010414495132863522
v 0.5173502564430237 0.17166666686534882 -0.040085505694150925
v 0.5173502564430237 0.17166666686534882 -0.040085505694150925
v 0.5173502564430237 0.2266666740179062 -0.040085505694150925
v 0.5173502564430237 0.2266666740179062 -0.040085505694150925
v 0.6373502612113953 0.17166666686534882 -0.040085505694150925
v 0.6373502612113953 0.17166666686534882 -0.040085505694150925
v 0.6373502612113953 0.2266666740179062 -0.040085505694150925
v 0.6373502612113953 0.2266666740179062 -0.040085505694150925
v 0.5173502564430237 0.17166666686534882 -0.08158901333808899
v 0.5173502564430237 0.17166666686534882 -0.08158901333808899
v 0.5173502564430237 0.2266666740179062 -0.08158901333808899
v 0.5173502564430237 0.2266666740179062 -0.08158901333808899
v 0.6373502612113953 0.17166666686534882 -0.08158901333808899
v 0.6373502612113953 0.17166666686534882 -0.08158901333808899
v 0.6373502612113953 0.2266666740179062 -0.08158901333808899
v 0.6373502612113953 0.2266666740179062 -0.08158901333808899
v 0.5243502855300903 0.17166666686534882 -0.0710890144109726
v 0.5243502855300903 0.17166666686534882 -0.0710890144109726
v 0.5243502855300903 0.17166666686534882 -0.07708901166915894
v 0.5243502855300903 0.17166666686534882 -0.07708901166915894
v 0.6303502917289734 0.17166666686534882 -0.0710890144109726
v 0.6303502917289734 0.17166666686534882 -0.0710890144109726
v 0.6303502917289734 0.17166666686534882 -0.07708901166915894
v 0.6303502917289734 0.17166666686534882 -0.07708901166915894
v 0.5303502678871155 0.17166666686534882 -0.07708901166915894
v 0.5303502678871155 0.17166666686534882 -0.07708901166915894
v 0.6243502497673035 0.17166666686534882 -0.07708901166915894
v 0.6243502497673035 0.17166666686534882 -0.07708901166915894
v 0.5303502678871155 0.17166666686534882 -0.0710890144109726
v 0.5303502678871155 0.17166666686534882 -0.0710890144109726
v 0.6243502497673035 0.17166666686534882 -0.0710890144109726
v 0.6243502497673035 0.17166666686534882 -0.0710890144109726
v 0.5243502855300903 0.2266666740179062 -0.0710890144109726
v 0.5243502855300903 0.2266666740179062 -0.0710890144109726
v 0.5243502855300903 0.2266666740179062 -0.07708901166915894
v 0.5243502855300903 0.2266666740179062 -0.07708901166915894
v 0.6303502917289734 0.2266666740179062 -0.0710890144109726
v 0.6303502917289734 0.2266666740179062 -0.0710890144109726
v 0.6303502917289734 0.2266666740179062 -0.07708901166915894
v 0.6303502917289734 0.2266666740179062 -0.07708901166915894
v 0.6243502497673035 0.2266666740179062 -0.07708901166915894
v 0.6243502497673035 0.2266666740179062 -0.07708901166915894
v 0.5303502678871155 0.2266666740179062 -0.07708901166915894
v 0.5303502678871155 0.2266666740179062 -0.07708901166915894
v 0.5303502678871155 0.2266666740179062 -0.0710890144109726
v 0.5303502678871155 0.2266666740179062 -0.0710890144109726
v 0.6243502497673035 0.2266666740179062 -0.0710890144109726
v 0.6243502497673035 0.2266666740179062 -0.0710890144109726
vn 0 0 1
vn 0 0 1
vn 0 0 1
vn 0 0 1
vn 0 0 -1
vn 0 0 -1
vn 0 0 -1
vn 0 0 -1
vn 0 0 -1
vn 0 0 -1
vn 0 0 -1
vn 0 0 -1
vn 0.8660256862640381 0.4999995231628418 0
vn 0.8660256862640381 0.4999995231628418 0
vn -0.8660252094268799 -0.5000003576278687 0
vn -0.8660252094268799 -0.5000003576278687 0
vn -0.49999961256980896 0.8660256862640381 0.000029366814487730153
vn -0.499999463558197 0.8660257458686829 -7.609959880028327e-7
vn -0.49999961256980896 0.8660256266593933 -0.00005681067705154419
vn -0.49999842047691345 0.8660263419151306 3.3208038985321764e-7
vn -0.4999997019767761 0.8660255670547485 -6.831739938206738e-7
vn -0.5000009536743164 0.866024911403656 4.1950283957703505e-7
vn -0.49999964237213135 0.8660256266593933 0.00003719587766681798
vn -0.5000007152557373 0.8660250306129456 -0.0000439399664173834
vn 0.5000006556510925 -0.8660250902175903 0.00002724579826463014
vn 0.5000008940696716 -0.866024911403656 1.3139033683273738e-7
vn 0.5000007748603821 -0.8660250306129456 -0.000005597686140390579
vn 0.5000013709068298 -0.8660246133804321 -6.19259367340419e-7
vn 0.4999994933605194 -0.8660257458686829 -0.0000011393425438654958
vn 0.500000536441803 -0.8660251498222351 -7.223377895826388e-9
vn 0.5000007748603821 -0.8660250306129456 0.000035509379813447595
vn 0.4999995529651642 -0.8660256862640381 -0.000004533047103905119
vn 0 0 1
vn 0 0 1
vn 0 0 -1
vn 0 0 -1
vn 0 0 -1
vn 0 0 -1
vn 0 0 -1
vn 0 0 -1
vn 0 1 0
vn 0 1 0
vn 0 -1 0
vn 0 -1 0
vn 1 0 0
vn 1 0 0
vn 1 0 0
vn 1 0 0
vn 1 0 0
vn 1 0 0
vn 1 0 0
vn 1 0 0
vn -1 0 0
vn -1 0 0
vn -1 0 0
vn -1 0 0
vn -1 0 0
vn -1 0 0
vn -1 0 0
vn -1 0 0
vn 0 0 -1
vn 0 0 -1
vn 0 0 -1
vn 0 0 -1
vn -1 0 0
vn -1 0 0
vn 1 0 0
vn 1 0 0
vn 0 -1 0
vn 0 -1 0
vn 0 -1 0
vn 0 -1 0
vn 0 -1 0
vn 0 -1 0
vn 0 -1 0
vn 0 -1 0
vn 0 1 0
vn 0 1 0
vn 0 1 0
vn 0 1 0
vn 0 1 0
vn 0 1 0
vn 0 1 0
vn 0 1 0
vn -0.5 0.8660253882408142 3.731121296368656e-7
vn 1 0 0
vn -0.5000002384185791 0.8660253286361694 -0.000009610561392037198
vn 0 -1 0
vn 0.5000000596046448 -0.8660253882408142 0.000015231392353598494
vn 0 1 0
vn 0.5 -0.866025447845459 5.46543390100851e-7
vn -1 0 0
vn -0.5 0.8660253882408142 0
vn 1 0 0
vn 0.8660256862640381 0.4999995231628418 0
vn -0.4999997913837433 0.8660255074501038 -1.542519001418441e-8
vn 0.8660256862640381 0.4999995231628418 0
vn 0.5 -0.8660253882408142 -3.4146347971386604e-9
vn 0.5 -0.8660253882408142 0
vn -1 0 0
vn -0.8660252094268799 -0.5000003576278687 0
vn -0.49999821186065674 0.8660264611244202 1.4188496777478576e-7
vn -0.5000000596046448 0.8660253882408142 0
vn 0 -1 0
vn 0.4999994933605194 -0.8660256862640381 0
vn 0 1 0
vn -0.8660252094268799 -0.5000003576278687 0
vn 0.5000015497207642 -0.8660244941711426 1.309251018710711e-7
vn 0 0 -1
vn -0.4999997317790985 0.8660255670547485 -2.451042924178637e-8
vn 0 0 -1
vn 0.5000002980232239 -0.8660252690315247 -5.011862072024087e-7
vn 0 0 -1
vn -0.4999995529651642 0.8660256862640381 -3.570951605524897e-7
vn 0 0 -1
vn 0.5000017285346985 -0.8660244345664978 2.5896284228110744e-7
vn 0 0 -1
vn -0.8660250902175903 -0.5000005960464478 0
vn -0.8660250902175903 -0.5000005960464478 0
vn 0 0 1
vn 0 0 -1
vn 0.8660255670547485 0.4999997615814209 0
vn 0.8660255670547485 0.4999997615814209 0
vn 0 0 1
vn 0.8660252094268799 0.5000003576278687 0
vn 0 0 1
vn -0.8660256862640381 -0.4999995231628418 0
vn 0 0 1
vn 0.8660252094268799 0.5000003576278687 0
vn 0 0 -1
vn -0.8660256862640381 -0.4999995231628418 0
vn 0 0 -1
vn 0 0 -1
vn -0.8660250902175903 -0.5000005960464478 0
vn -0.8660250902175903 -0.5000005960464478 0
vn 0 0 1
vn 0 0 -1
vn 0.8660255670547485 0.4999997615814209 0
vn 0.8660255670547485 0.4999997615814209 0
vn 0 0 1
vn -0.8660256862640381 -0.4999995231628418 0
vn 0 0 1
vn 0.8660252094268799 0.5000003576278687 0
vn 0 0 1
vn 0.8660252094268799 0.5000003576278687 0
vn 0 0 -1
vn -0.8660256862640381 -0.4999995231628418 0
vn 0 0 -1
vn 1 0 0
vn 0 -1 0
vn -1 0 0
vn 0 1 0
vn 0 1 0
vn 1 0 0
vn 0 1 0
vn -1 0 0
vn 0 -1 0
vn 1 0 0
vn 1 0 0
vn 0 -1 0
vn -1 0 0
vn 0 1 0
vn 0 -1 0
vn -1 0 0
vn 0 0 -1
vn 1 0 0
vn 0 0 -1
vn -1 0 0
vn 0 0 -1
vn 1 0 0
vn 0 0 -1
vn -1 0 0
vn 0 0 -1
vn 0 -1 0
vn 0 -1 0
vn 0 0 1
vn 0 0 -1
vn 0 1 0
vn 0 1 0
vn 0 0 1
vn 0 1 0
vn 0 0 1
vn 0 -1 0
vn 0 0 1
vn 0 1 0
vn 0 0 -1
vn 0 -1 0
vn 0 0 -1
vn 0 0 -1
vn 0 -1 0
vn 0 -1 0
vn 0 0 1
vn 0 0 -1
vn 0 1 0
vn 0 1 0
vn 0 0 1
vn 0 -1 0
vn 0 0 1
vn 0 1 0
vn 0 0 1
vn 0 1 0
vn 0 0 -1
vn 0 -1 0
vn 0 0 -1
vn -1 0 0
vn 0 -1 0
vn -1 0 0
vn 0 1 0
vn 1 0 0
vn 0 -1 0
vn 1 0 0
vn 0 1 0
vn 0 0 -1
vn 0 -1 0
vn 0 0 -1
vn 0 1 0
vn 0 0 -1
vn 0 -1 0
vn 0 0 -1
vn 0 1 0
vn 0 0 -1
vn 1 0 0
vn 1 0 0
vn 0 0 1
vn 0 0 -1
vn -1 0 0
vn -1 0 0
vn 0 0 1
vn -1 0 0
vn 0 0 1
vn 1 0 0
vn 0 0 1
vn -1 0 0
vn 0 0 -1
vn 1 0 0
vn 0 0 -1
vn 0 0 -1
vn 1 0 0
vn 1 0 0
vn 0 0 1
vn 0 0 -1
vn -1 0 0
vn -1 0 0
vn 0 0 1
vn 1 0 0
vn 0 0 1
vn -1 0 0
vn 0 0 1
vn -1 0 0
vn 0 0 -1
vn 1 0 0
vn 0 0 -1

g grp4033
usemtl mtl4033
f 4036//4036 4033//4033 4035//4035 
f 4035//4035 4033//4033 4034//4034 
f 4038//4038 4040//4040 4039//4039 
f 4037//4037 4040//4040 4038//4038 
f 4043//4043 4041//4041 4044//4044 
f 4041//4041 4043//4043 4042//4042 
f 4129//4129 4045//4045 4127//4127 
f 4045//4045 4129//4129 4046//4046 
f 4133//4133 4047//4047 4139//4139 
f 4048//4048 4139//4139 4047//4047 
f 4141//4141 4147//4147 4145//4145 
f 4147//4147 4141//4141 4143//4143 
f 4128//4128 4050//4050 4049//4049 
f 4050//4050 4128//4128 4142//4142 
f 4051//4051 4052//4052 4134//4134 
f 4146//4146 4134//4134 4052//4052 
f 4146//4146 4050//4050 4142//4142 
f 4054//4054 4146//4146 4052//4052 
f 4053//4053 4146//4146 4054//4054 
f 4146//4146 4053//4053 4050//4050 
f 4053//4053 4056//4056 4055//4055 
f 4056//4056 4053//4053 4054//4054 
f 4119//4119 4134//4134 4135//4135 
f 4128//4128 4117//4117 4125//4125 
f 4119//4119 4051//4051 4134//4134 
f 4049//4049 4117//4117 4128//4128 
f 4049//4049 4119//4119 4117//4117 
f 4119//4119 4056//4056 4051//4051 
f 4119//4119 4055//4055 4056//4056 
f 4049//4049 4055//4055 4119//4119 
f 4057//4057 4058//4058 4130//4130 
f 4144//4144 4130//4130 4058//4058 
f 4140//4140 4060//4060 4059//4059 
f 4060//4060 4140//4140 4148//4148 
f 4144//4144 4060//4060 4148//4148 
f 4062//4062 4144//4144 4058//4058 
f 4061//4061 4144//4144 4062//4062 
f 4144//4144 4061//4061 4060//4060 
f 4063//4063 4064//4064 4062//4062 
f 4061//4061 4062//4062 4064//4064 
f 4140//4140 4121//4121 4137//4137 
f 4059//4059 4121//4121 4140//4140 
f 4123//4123 4130//4130 4131//4131 
f 4123//4123 4057//4057 4130//4130 
f 4121//4121 4057//4057 4123//4123 
f 4064//4064 4121//4121 4059//4059 
f 4063//4063 4121//4121 4064//4064 
f 4121//4121 4063//4063 4057//4057 
f 4161//4161 4177//4177 4157//4157 
f 4175//4175 4157//4157 4177//4177 
f 4178//4178 4162//4162 4165//4165 
f 4149//4149 4165//4165 4162//4162 
f 4151//4151 4166//4166 4150//4150 
f 4166//4166 4151//4151 4167//4167 
f 4176//4176 4168//4168 4158//4158 
f 4152//4152 4158//4158 4168//4168 
f 4159//4159 4179//4179 4163//4163 
f 4179//4179 4159//4159 4173//4173 
f 4180//4180 4153//4153 4164//4164 
f 4153//4153 4180//4180 4169//4169 
f 4154//4154 4170//4170 4155//4155 
f 4171//4171 4155//4155 4170//4170 
f 4160//4160 4156//4156 4174//4174 
f 4172//4172 4174//4174 4156//4156 
f 4065//4065 4036//4036 4066//4066 
f 4033//4033 4036//4036 4065//4065 
f 4037//4037 4067//4067 4040//4040 
f 4068//4068 4040//4040 4067//4067 
f 4070//4070 4071//4071 4069//4069 
f 4072//4072 4069//4069 4071//4071 
f 4185//4185 4073//4073 4187//4187 
f 4074//4074 4187//4187 4073//4073 
f 4195//4195 4075//4075 4189//4189 
f 4075//4075 4195//4195 4076//4076 
f 4197//4197 4201//4201 4199//4199 
f 4203//4203 4199//4199 4201//4201 
f 4077//4077 4078//4078 4186//4186 
f 4198//4198 4186//4186 4078//4078 
f 4190//4190 4080//4080 4079//4079 
f 4080//4080 4190//4190 4202//4202 
f 4198//4198 4078//4078 4202//4202 
f 4080//4080 4202//4202 4082//4082 
f 4082//4082 4202//4202 4081//4081 
f 4078//4078 4081//4081 4202//4202 
f 4083//4083 4084//4084 4081//4081 
f 4082//4082 4081//4081 4084//4084 
f 4126//4126 4118//4118 4186//4186 
f 4191//4191 4190//4190 4181//4181 
f 4186//4186 4118//4118 4077//4077 
f 4190//4190 4079//4079 4181//4181 
f 4181//4181 4079//4079 4118//4118 
f 4077//4077 4118//4118 4083//4083 
f 4083//4083 4118//4118 4084//4084 
f 4079//4079 4084//4084 4118//4118 
f 4188//4188 4086//4086 4085//4085 
f 4086//4086 4188//4188 4200//4200 
f 4087//4087 4088//4088 4196//4196 
f 4204//4204 4196//4196 4088//4088 
f 4200//4200 4204//4204 4086//4086 
f 4088//4088 4089//4089 4204//4204 
f 4089//4089 4090//4090 4204//4204 
f 4086//4086 4204//4204 4090//4090 
f 4090//4090 4092//4092 4091//4091 
f 4092//4092 4090//4090 4089//4089 
f 4193//4193 4183//4183 4196//4196 
f 4196//4196 4183//4183 4087//4087 
f 4188//4188 4085//4085 4132//4132 
f 4132//4132 4085//4085 4124//4124 
f 4085//4085 4091//4091 4124//4124 
f 4091//4091 4092//4092 4124//4124 
f 4124//4124 4092//4092 4183//4183 
f 4087//4087 4183//4183 4092//4092 
f 4213//4213 4233//4233 4217//4217 
f 4233//4233 4213//4213 4231//4231 
f 4234//4234 4205//4205 4218//4218 
f 4205//4205 4234//4234 4221//4221 
f 4206//4206 4222//4222 4207//4207 
f 4223//4223 4207//4207 4222//4222 
f 4224//4224 4214//4214 4208//4208 
f 4214//4214 4224//4224 4232//4232 
f 4219//4219 4235//4235 4215//4215 
f 4229//4229 4215//4215 4235//4235 
f 4220//4220 4209//4209 4236//4236 
f 4225//4225 4236//4236 4209//4209 
f 4211//4211 4226//4226 4210//4210 
f 4226//4226 4211//4211 4227//4227 
f 4230//4230 4212//4212 4216//4216 
f 4212//4212 4230//4230 4228//4228 
f 4066//4066 4035//4035 4065//4065 
f 4034//4034 4065//4065 4035//4035 
f 4043//4043 4093//4093 4042//4042 
f 4093//4093 4043//4043 4094//4094 
f 4071//4071 4095//4095 4096//4096 
f 4095//4095 4071//4071 4070//4070 
f 4239//4239 4097//4097 4237//4237 
f 4097//4097 4239//4239 4098//4098 
f 4241//4241 4099//4099 4243//4243 
f 4100//4100 4243//4243 4099//4099 
f 4247//4247 4249//4249 4245//4245 
f 4249//4249 4247//4247 4251//4251 
f 4101//4101 4246//4246 4102//4102 
f 4246//4246 4101//4101 4238//4238 
f 4104//4104 4250//4250 4103//4103 
f 4242//4242 4103//4103 4250//4250 
f 4106//4106 4250//4250 4104//4104 
f 4246//4246 4105//4105 4102//4102 
f 4106//4106 4246//4246 4250//4250 
f 4246//4246 4106//4106 4105//4105 
f 4105//4105 4108//4108 4107//4107 
f 4108//4108 4105//4105 4106//4106 
f 4238//4238 4120//4120 4136//4136 
f 4182//4182 4242//4242 4192//4192 
f 4242//4242 4108//4108 4103//4103 
f 4242//4242 4107//4107 4108//4108 
f 4107//4107 4238//4238 4101//4101 
f 4242//4242 4238//4238 4107//4107 
f 4120//4120 4242//4242 4182//4182 
f 4242//4242 4120//4120 4238//4238 
f 4110//4110 4248//4248 4109//4109 
f 4240//4240 4109//4109 4248//4248 
f 4111//4111 4252//4252 4112//4112 
f 4252//4252 4111//4111 4244//4244 
f 4252//4252 4113//4113 4112//4112 
f 4114//4114 4248//4248 4110//4110 
f 4248//4248 4113//4113 4252//4252 
f 4113//4113 4248//4248 4114//4114 
f 4115//4115 4116//4116 4114//4114 
f 4113//4113 4114//4114 4116//4116 
f 4244//4244 4184//4184 4194//4194 
f 4244//4244 4122//4122 4184//4184 
f 4111//4111 4122//4122 4244//4244 
f 4240//4240 4115//4115 4109//4109 
f 4240//4240 4116//4116 4115//4115 
f 4122//4122 4240//4240 4138//4138 
f 4122//4122 4116//4116 4240//4240 
f 4116//4116 4122//4122 4111//4111 
f 4265//4265 4281//4281 4261//4261 
f 4279//4279 4261//4261 4281//4281 
f 4266//4266 4253//4253 4282//4282 
f 4269//4269 4282//4282 4253//4253 
f 4255//4255 4270//4270 4254//4254 
f 4270//4270 4255//4255 4271//4271 
f 4256//4256 4262//4262 4272//4272 
f 4280//4280 4272//4272 4262//4262 
f 4263//4263 4283//4283 4267//4267 
f 4283//4283 4263//4263 4277//4277 
f 4284//4284 4257//4257 4268//4268 
f 4257//4257 4284//4284 4273//4273 
f 4258//4258 4274//4274 4259//4259 
f 4275//4275 4259//4259 4274//4274 
f 4264//4264 4260//4260 4278//4278 
f 4276//4276 4278//4278 4260//4260 
v 0.8560253977775574 0.5 0.014914494939148426
v 0.30233538150787354 0.1803269237279892 0.014914494939148426
v 0.4525981843471527 0.3305897116661072 0.014914494939148426
v 0.7460253834724426 0.5 0.014914494939148426
v 0.8560253977775574 0.5 -0.040085505694150925
v 0.6268118023872375 0.3676634728908539 -0.040085505694150925
v 0.5993117690086365 0.4152948558330536 -0.040085505694150925
v 0.7460253834724426 0.5 -0.040085505694150925
v 0.522888720035553 0.3076634705066681 -0.040085505694150925
v 0.30233538150787354 0.1803269237279892 -0.040085505694150925
v 0.4525981843471527 0.3305897116661072 -0.040085505694150925
v 0.4953887462615967 0.3552948534488678 -0.040085505694150925
v 0.6268118023872375 0.3676634728908539 -0.04508550465106964
v 0.5993117690086365 0.4152948558330536 -0.04508550465106964
v 0.522888720035553 0.3076634705066681 -0.04508550465106964
v 0.4953887462615967 0.3552948534488678 -0.04508550465106964
v 0.6207495927810669 0.36416345834732056 0.010414495132863522
v 0.6207495927810669 0.36416345834732056 0.00441449461504817
v 0.5289509296417236 0.31116345524787903 0.010414495132863522
v 0.5289509296417236 0.31116345524787903 0.00441449461504817
v 0.6155534386634827 0.361163467168808 0.00441449461504817
v 0.5341470837593079 0.3141634464263916 0.00441449461504817
v 0.6155534386634827 0.361163467168808 0.010414495132863522
v 0.5341470837593079 0.3141634464263916 0.010414495132863522
v 0.5932496190071106 0.41179487109184265 0.010414495132863522
v 0.5932496190071106 0.41179487109184265 0.00441449461504817
v 0.5014508962631226 0.3587948679924011 0.010414495132863522
v 0.5014508962631226 0.3587948679924011 0.00441449461504817
v 0.5066470503807068 0.3617948591709137 0.00441449461504817
v 0.5880534648895264 0.4087948501110077 0.00441449461504817
v 0.5880534648895264 0.4087948501110077 0.010414495132863522
v 0.5066470503807068 0.3617948591709137 0.010414495132863522
v 0.5791804194450378 0.6598365306854248 0.014914494939148426
v 0.5993117690086365 0.584705114364624 0.014914494939148426
v 0.7711493372917175 0.5490031838417053 -0.040085505694150925
v 0.7436493635177612 0.5013718008995056 -0.040085505694150925
v 0.6672263145446777 0.6090031862258911 -0.040085505694150925
v 0.5791804194450378 0.6598365306854248 -0.040085505694150925
v 0.5993117690086365 0.584705114364624 -0.040085505694150925
v 0.6397263407707214 0.5613718032836914 -0.040085505694150925
v 0.7711493372917175 0.5490031838417053 -0.04508550465106964
v 0.7436493635177612 0.5013718008995056 -0.04508550465106964
v 0.6672263145446777 0.6090031862258911 -0.04508550465106964
v 0.6397263407707214 0.5613718032836914 -0.04508550465106964
v 0.7650871872901917 0.552503228187561 0.010414495132863522
v 0.7650871872901917 0.552503228187561 0.00441449461504817
v 0.6732884645462036 0.6055032014846802 0.010414495132863522
v 0.6732884645462036 0.6055032014846802 0.00441449461504817
v 0.7598910331726074 0.5555031895637512 0.00441449461504817
v 0.6784846186637878 0.6025031805038452 0.00441449461504817
v 0.7598910331726074 0.5555031895637512 0.010414495132863522
v 0.6784846186637878 0.6025031805038452 0.010414495132863522
v 0.7375871539115906 0.5048717856407166 0.010414495132863522
v 0.7375871539115906 0.5048717856407166 0.00441449461504817
v 0.6457884907722473 0.5578718185424805 0.010414495132863522
v 0.6457884907722473 0.5578718185424805 0.00441449461504817
v 0.6509846448898315 0.5548717975616455 0.00441449461504817
v 0.7323910593986511 0.5078718066215515 0.00441449461504817
v 0.7323910593986511 0.5078718066215515 0.010414495132863522
v 0.6509846448898315 0.5548717975616455 0.010414495132863522
v 0.4673428237438202 0.4661282002925873 -0.040085505694150925
v 0.5149742364883423 0.4386281967163086 -0.040085505694150925
v 0.4073428213596344 0.3622051477432251 -0.040085505694150925
v 0.4549742341041565 0.3347051441669464 -0.040085505694150925
v 0.4673428237438202 0.4661282002925873 -0.09056001156568527
v 0.5149742364883423 0.4386281967163086 -0.09056001156568527
v 0.4073428213596344 0.3622051477432251 -0.09056001156568527
v 0.4549742341041565 0.3347051441669464 -0.09056001156568527
v 0.46384283900260925 0.460066020488739 -0.08006001263856888
v 0.46384283900260925 0.460066020488739 -0.08606001734733582
v 0.4108428359031677 0.36826732754707336 -0.08006001263856888
v 0.4108428359031677 0.36826732754707336 -0.08606001734733582
v 0.4608428180217743 0.4548698663711548 -0.08606001734733582
v 0.4138428270816803 0.3734634816646576 -0.08606001734733582
v 0.4608428180217743 0.4548698663711548 -0.08006001263856888
v 0.4138428270816803 0.3734634816646576 -0.08006001263856888
v 0.5114742517471313 0.4325660169124603 -0.08006001263856888
v 0.5114742517471313 0.4325660169124603 -0.08606001734733582
v 0.45847421884536743 0.3407673239707947 -0.08006001263856888
v 0.45847421884536743 0.3407673239707947 -0.08606001734733582
v 0.4614742398262024 0.3459634780883789 -0.08606001734733582
v 0.5084742307662964 0.4273698627948761 -0.08606001734733582
v 0.5084742307662964 0.4273698627948761 -0.08006001263856888
v 0.4614742398262024 0.3459634780883789 -0.08006001263856888
v 0.8560253977775574 0.5 0.014914494939148426
v 0.8560253977775574 0.5 0.014914494939148426
v 0.30233538150787354 0.1803269237279892 0.014914494939148426
v 0.30233538150787354 0.1803269237279892 0.014914494939148426
v 0.4525981843471527 0.3305897116661072 0.014914494939148426
v 0.4525981843471527 0.3305897116661072 0.014914494939148426
v 0.7460253834724426 0.5 0.014914494939148426
v 0.7460253834724426 0.5 0.014914494939148426
v 0.8560253977775574 0.5 -0.040085505694150925
v 0.8560253977775574 0.5 -0.040085505694150925
v 0.6268118023872375 0.3676634728908539 -0.040085505694150925
v 0.6268118023872375 0.3676634728908539 -0.040085505694150925
v 0.5993117690086365 0.4152948558330536 -0.040085505694150925
v 0.5993117690086365 0.4152948558330536 -0.040085505694150925
v 0.7460253834724426 0.5 -0.040085505694150925
v 0.7460253834724426 0.5 -0.040085505694150925
v 0.522888720035553 0.3076634705066681 -0.040085505694150925
v 0.522888720035553 0.3076634705066681 -0.040085505694150925
v 0.30233538150787354 0.1803269237279892 -0.040085505694150925
v 0.30233538150787354 0.1803269237279892 -0.040085505694150925
v 0.4525981843471527 0.3305897116661072 -0.040085505694150925
v 0.4525981843471527 0.3305897116661072 -0.040085505694150925
v 0.4953887462615967 0.3552948534488678 -0.040085505694150925
v 0.4953887462615967 0.3552948534488678 -0.040085505694150925
v 0.6268118023872375 0.3676634728908539 -0.04508550465106964
v 0.6268118023872375 0.3676634728908539 -0.04508550465106964
v 0.5993117690086365 0.4152948558330536 -0.04508550465106964
v 0.5993117690086365 0.4152948558330536 -0.04508550465106964
v 0.522888720035553 0.3076634705066681 -0.04508550465106964
v 0.522888720035553 0.3076634705066681 -0.04508550465106964
v 0.4953887462615967 0.3552948534488678 -0.04508550465106964
v 0.4953887462615967 0.3552948534488678 -0.04508550465106964
v 0.6207495927810669 0.36416345834732056 0.010414495132863522
v 0.6207495927810669 0.36416345834732056 0.010414495132863522
v 0.6207495927810669 0.36416345834732056 0.00441449461504817
v 0.6207495927810669 0.36416345834732056 0.00441449461504817
v 0.5289509296417236 0.31116345524787903 0.010414495132863522
v 0.5289509296417236 0.31116345524787903 0.010414495132863522
v 0.5289509296417236 0.31116345524787903 0.00441449461504817
v 0.5289509296417236 0.31116345524787903 0.00441449461504817
v 0.6155534386634827 0.361163467168808 0.00441449461504817
v 0.6155534386634827 0.361163467168808 0.00441449461504817
v 0.5341470837593079 0.3141634464263916 0.00441449461504817
v 0.5341470837593079 0.3141634464263916 0.00441449461504817
v 0.6155534386634827 0.361163467168808 0.010414495132863522
v 0.6155534386634827 0.361163467168808 0.010414495132863522
v 0.5341470837593079 0.3141634464263916 0.010414495132863522
v 0.5341470837593079 0.3141634464263916 0.010414495132863522
v 0.5932496190071106 0.41179487109184265 0.010414495132863522
v 0.5932496190071106 0.41179487109184265 0.010414495132863522
v 0.5932496190071106 0.41179487109184265 0.00441449461504817
v 0.5932496190071106 0.41179487109184265 0.00441449461504817
v 0.5014508962631226 0.3587948679924011 0.010414495132863522
v 0.5014508962631226 0.3587948679924011 0.010414495132863522
v 0.5014508962631226 0.3587948679924011 0.00441449461504817
v 0.5014508962631226 0.3587948679924011 0.00441449461504817
v 0.5066470503807068 0.3617948591709137 0.00441449461504817
v 0.5066470503807068 0.3617948591709137 0.00441449461504817
v 0.5880534648895264 0.4087948501110077 0.00441449461504817
v 0.5880534648895264 0.4087948501110077 0.00441449461504817
v 0.5880534648895264 0.4087948501110077 0.010414495132863522
v 0.5880534648895264 0.4087948501110077 0.010414495132863522
v 0.5066470503807068 0.3617948591709137 0.010414495132863522
v 0.5066470503807068 0.3617948591709137 0.010414495132863522
v 0.5791804194450378 0.6598365306854248 0.014914494939148426
v 0.5791804194450378 0.6598365306854248 0.014914494939148426
v 0.5993117690086365 0.584705114364624 0.014914494939148426
v 0.5993117690086365 0.584705114364624 0.014914494939148426
v 0.7711493372917175 0.5490031838417053 -0.040085505694150925
v 0.7711493372917175 0.5490031838417053 -0.040085505694150925
v 0.7436493635177612 0.5013718008995056 -0.040085505694150925
v 0.7436493635177612 0.5013718008995056 -0.040085505694150925
v 0.6672263145446777 0.6090031862258911 -0.040085505694150925
v 0.6672263145446777 0.6090031862258911 -0.040085505694150925
v 0.5791804194450378 0.6598365306854248 -0.040085505694150925
v 0.5791804194450378 0.6598365306854248 -0.040085505694150925
v 0.5993117690086365 0.584705114364624 -0.040085505694150925
v 0.5993117690086365 0.584705114364624 -0.040085505694150925
v 0.6397263407707214 0.5613718032836914 -0.040085505694150925
v 0.6397263407707214 0.5613718032836914 -0.040085505694150925
v 0.7711493372917175 0.5490031838417053 -0.04508550465106964
v 0.7711493372917175 0.5490031838417053 -0.04508550465106964
v 0.7436493635177612 0.5013718008995056 -0.04508550465106964
v 0.7436493635177612 0.5013718008995056 -0.04508550465106964
v 0.6672263145446777 0.6090031862258911 -0.04508550465106964
v 0.6672263145446777 0.6090031862258911 -0.04508550465106964
v 0.6397263407707214 0.5613718032836914 -0.04508550465106964
v 0.6397263407707214 0.5613718032836914 -0.04508550465106964
v 0.7650871872901917 0.552503228187561 0.010414495132863522
v 0.7650871872901917 0.552503228187561 0.010414495132863522
v 0.7650871872901917 0.552503228187561 0.00441449461504817
v 0.7650871872901917 0.552503228187561 0.00441449461504817
v 0.6732884645462036 0.6055032014846802 0.010414495132863522
v 0.6732884645462036 0.6055032014846802 0.010414495132863522
v 0.6732884645462036 0.6055032014846802 0.00441449461504817
v 0.6732884645462036 0.6055032014846802 0.00441449461504817
v 0.7598910331726074 0.5555031895637512 0.00441449461504817
v 0.7598910331726074 0.5555031895637512 0.00441449461504817
v 0.6784846186637878 0.6025031805038452 0.00441449461504817
v 0.6784846186637878 0.6025031805038452 0.00441449461504817
v 0.7598910331726074 0.5555031895637512 0.010414495132863522
v 0.7598910331726074 0.5555031895637512 0.010414495132863522
v 0.6784846186637878 0.6025031805038452 0.010414495132863522
v 0.6784846186637878 0.6025031805038452 0.010414495132863522
v 0.7375871539115906 0.5048717856407166 0.010414495132863522
v 0.7375871539115906 0.5048717856407166 0.010414495132863522
v 0.7375871539115906 0.5048717856407166 0.00441449461504817
v 0.7375871539115906 0.5048717856407166 0.00441449461504817
v 0.6457884907722473 0.5578718185424805 0.010414495132863522
v 0.6457884907722473 0.5578718185424805 0.010414495132863522
v 0.6457884907722473 0.5578718185424805 0.00441449461504817
v 0.6457884907722473 0.5578718185424805 0.00441449461504817
v 0.6509846448898315 0.5548717975616455 0.00441449461504817
v 0.6509846448898315 0.5548717975616455 0.00441449461504817
v 0.7323910593986511 0.5078718066215515 0.00441449461504817
v 0.7323910593986511 0.5078718066215515 0.00441449461504817
v 0.7323910593986511 0.5078718066215515 0.010414495132863522
v 0.7323910593986511 0.5078718066215515 0.010414495132863522
v 0.6509846448898315 0.5548717975616455 0.010414495132863522
v 0.6509846448898315 0.5548717975616455 0.010414495132863522
v 0.4673428237438202 0.4661282002925873 -0.040085505694150925
v 0.4673428237438202 0.4661282002925873 -0.040085505694150925
v 0.5149742364883423 0.4386281967163086 -0.040085505694150925
v 0.5149742364883423 0.4386281967163086 -0.040085505694150925
v 0.4073428213596344 0.3622051477432251 -0.040085505694150925
v 0.4073428213596344 0.3622051477432251 -0.040085505694150925
v 0.4549742341041565 0.3347051441669464 -0.040085505694150925
v 0.4549742341041565 0.3347051441669464 -0.040085505694150925
v 0.4673428237438202 0.4661282002925873 -0.09056001156568527
v 0.4673428237438202 0.4661282002925873 -0.09056001156568527
v 0.5149742364883423 0.4386281967163086 -0.09056001156568527
v 0.5149742364883423 0.4386281967163086 -0.09056001156568527
v 0.4073428213596344 0.3622051477432251 -0.09056001156568527
v 0.4073428213596344 0.3622051477432251 -0.09056001156568527
v 0.4549742341041565 0.3347051441669464 -0.09056001156568527
v 0.4549742341041565 0.3347051441669464 -0.09056001156568527
v 0.46384283900260925 0.460066020488739 -0.08006001263856888
v 0.46384283900260925 0.460066020488739 -0.08006001263856888
v 0.46384283900260925 0.460066020488739 -0.08606001734733582
v 0.46384283900260925 0.460066020488739 -0.08606001734733582
v 0.4108428359031677 0.36826732754707336 -0.08006001263856888
v 0.4108428359031677 0.36826732754707336 -0.08006001263856888
v 0.4108428359031677 0.36826732754707336 -0.08606001734733582
v 0.4108428359031677 0.36826732754707336 -0.08606001734733582
v 0.4608428180217743 0.4548698663711548 -0.08606001734733582
v 0.4608428180217743 0.4548698663711548 -0.08606001734733582
v 0.4138428270816803 0.3734634816646576 -0.08606001734733582
v 0.4138428270816803 0.3734634816646576 -0.08606001734733582
v 0.4608428180217743 0.4548698663711548 -0.08006001263856888
v 0.4608428180217743 0.4548698663711548 -0.08006001263856888
v 0.4138428270816803 0.3734634816646576 -0.08006001263856888
v 0.4138428270816803 0.3734634816646576 -0.08006001263856888
v 0.5114742517471313 0.4325660169124603 -0.08006001263856888
v 0.5114742517471313 0.4325660169124603 -0.08006001263856888
v 0.5114742517471313 0.4325660169124603 -0.08606001734733582
v 0.5114742517471313 0.4325660169124603 -0.08606001734733582
v 0.45847421884536743 0.3407673239707947 -0.08006001263856888
v 0.45847421884536743 0.3407673239707947 -0.08006001263856888
v 0.45847421884536743 0.3407673239707947 -0.08606001734733582
v 0.45847421884536743 0.3407673239707947 -0.08606001734733582
v 0.4614742398262024 0.3459634780883789 -0.08606001734733582
v 0.4614742398262024 0.3459634780883789 -0.08606001734733582
v 0.5084742307662964 0.4273698627948761 -0.08606001734733582
v 0.5084742307662964 0.4273698627948761 -0.08606001734733582
v 0.5084742307662964 0.4273698627948761 -0.08006001263856888
v 0.5084742307662964 0.4273698627948761 -0.08006001263856888
v 0.4614742398262024 0.3459634780883789 -0.08006001263856888
v 0.4614742398262024 0.3459634780883789 -0.08006001263856888
vn 0 0 -1
vn 0 0 -1
vn 0 0 -1
vn 0 0 -1
vn 0 0 1
vn 0 0 1
vn 0 0 1
vn 0 0 1
vn 0 0 1
vn 0 0 1
vn 0 0 1
vn 0 0 1
vn -0.8660250902175903 -0.5000005960464478 0
vn -0.8660250902175903 -0.5000005960464478 0
vn 0.8660255670547485 0.4999997615814209 0
vn 0.8660255670547485 0.4999997615814209 0
vn -0.49999961256980896 0.8660256862640381 0.000029366814487730153
vn -0.499999463558197 0.8660257458686829 -7.609959880028327e-7
vn -0.4999983608722687 0.8660263419151306 0.000026567862732918002
vn -0.49999716877937317 0.8660270571708679 1.293112603661939e-7
vn -0.49999991059303284 0.8660255074501038 -5.347953333512123e-7
vn -0.4999997913837433 0.8660255670547485 4.145719287862448e-7
vn -0.4999997913837433 0.8660255074501038 0.00002983998456329573
vn -0.4999999403953552 0.866025447845459 0.000013077022231300361
vn 0.5000006556510925 -0.8660250902175903 0.000024896717150113545
vn 0.5000008940696716 -0.866024911403656 1.3139033683273738e-7
vn 0.5000008344650269 -0.866024911403656 -0.000007679909685975872
vn 0.5000013709068298 -0.8660246133804321 -6.19259367340419e-7
vn 0.4999994933605194 -0.8660257458686829 -0.0000011393425438654958
vn 0.500000536441803 -0.8660251498222351 -7.223377895826388e-9
vn 0.5000007748603821 -0.8660250306129456 0.00003138997271889821
vn 0.4999995529651642 -0.8660256862640381 -0.000007622595148859546
vn 0 0 -1
vn 0 0 -1
vn 0 0 1
vn 0 0 1
vn 0 0 1
vn 0 0 1
vn 0 0 1
vn 0 0 1
vn -0.8660255670547485 0.4999997615814209 0
vn -0.8660255670547485 0.4999997615814209 0
vn 0.8660255670547485 -0.4999997615814209 0
vn 0.8660255670547485 -0.4999997615814209 0
vn -0.5000005960464478 -0.8660250902175903 -0.00004591743345372379
vn -0.5000020265579224 -0.8660242557525635 -0.000002813515948218992
vn -0.5000007152557373 -0.8660250306129456 0.00003564864528016187
vn -0.5000008940696716 -0.866024911403656 1.3139033683273738e-7
vn -0.49999862909317017 -0.8660262227058411 -0.0000031791150831850246
vn -0.5000007152557373 -0.8660250306129456 -9.631170527768518e-9
vn -0.4999982416629791 -0.8660264611244202 -0.00004734607500722632
vn -0.5000004768371582 -0.8660251498222351 0.00003379701593075879
vn 0.5000006556510925 0.8660250902175903 -0.000005420925390353659
vn 0.4999999403953552 0.866025447845459 -0.000004108716439077398
vn 0.5000006556510925 0.8660250306129456 0.000014855649169476237
vn 0.5000008940696716 0.866024911403656 -1.3139033683273738e-7
vn 0.5000007152557373 0.8660250306129456 9.631170527768518e-9
vn 0.5000015497207642 0.8660244941711426 -0.000004154336693318328
vn 0.5000020861625671 0.8660241961479187 -0.0000055683835853415076
vn 0.5000004172325134 0.8660252094268799 0.000010862516319321003
vn 0 0 1
vn 0 0 1
vn 0 0 1
vn 0 0 1
vn -0.4999999403953552 -0.866025447845459 0
vn -0.4999999403953552 -0.866025447845459 0
vn 0.4999999403953552 0.866025447845459 0
vn 0.4999999403953552 0.866025447845459 0
vn 0.8660256266593933 -0.49999967217445374 2.8695538389911235e-7
vn 0.8660252094268799 -0.5000003576278687 -0.00000382363850803813
vn 0.8660250902175903 -0.5000005960464478 1.7934758034243714e-7
vn 0.8660253286361694 -0.5000001192092896 -0.000002389779865552555
vn 0.8660250902175903 -0.5000005960464478 -0.000001690722342573281
vn 0.8660255670547485 -0.4999997019767761 -0.0000011469855962786824
vn 0.8660249710083008 -0.5000007748603821 2.5376974122082174e-7
vn 0.8660255670547485 -0.4999997019767761 1.0329440414125202e-7
vn -0.8660255670547485 0.4999997317790985 7.655070817236265e-7
vn -0.8660252094268799 0.5000003576278687 0.00000382363850803813
vn -0.8660256266593933 0.49999967217445374 2.8695538389911235e-7
vn -0.8660252094268799 0.5000003576278687 -0.00000382363850803813
vn -0.8660250902175903 0.5000005960464478 -0.000001959723476829822
vn -0.8660250902175903 0.5000005960464478 0.000001690722342573281
vn -0.8660250902175903 0.5000005960464478 8.084493288151862e-7
vn -0.8660250902175903 0.5000005960464478 1.9032731302104366e-7
vn -0.5 0.8660253882408142 3.731121296368656e-7
vn -0.4999995231628418 -0.8660256862640381 2.56981962820646e-7
vn -0.49999964237213135 0.8660256266593933 0.000028400763767422177
vn 0.8660253882408142 -0.5 -1.35004867729549e-7
vn 0.5000002384185791 -0.8660252690315247 0.000011594376701395959
vn -0.8660250902175903 0.5000005960464478 5.727799816668266e-7
vn 0.5 -0.8660253882408142 -5.258595479062933e-7
vn 0.500001072883606 0.8660248517990112 -0.0000031526533348369412
vn -0.5 0.8660253882408142 0
vn -0.4999997615814209 -0.8660255670547485 0
vn -0.8660250902175903 -0.5000005960464478 0
vn -0.4999997913837433 0.8660255074501038 -1.542519001418441e-8
vn -0.8660250902175903 -0.5000005960464478 0
vn 0.5 -0.8660253882408142 -3.4146347971386604e-9
vn 0.5 -0.8660253882408142 0
vn 0.49999961256980896 0.8660256266593933 4.005894425063161e-7
vn 0.8660255670547485 0.4999997615814209 0
vn -0.49999821186065674 0.8660264611244202 1.4188496777478576e-7
vn -0.5000000596046448 0.8660253882408142 0
vn 0.8660253882408142 -0.5 0
vn 0.5 -0.8660253882408142 0
vn -0.8660250902175903 0.5000005960464478 0
vn 0.8660255670547485 0.4999997615814209 0
vn 0.5000017881393433 -0.8660244345664978 1.1403045618862961e-7
vn 0 0 1
vn -0.4999997317790985 0.8660255670547485 -2.451042924178637e-8
vn 0 0 1
vn 0.5000002980232239 -0.8660252690315247 -5.011862072024087e-7
vn 0 0 1
vn -0.49999886751174927 0.8660260438919067 -3.6005366155222873e-7
vn 0 0 1
vn 0.5000017285346985 -0.8660244345664978 2.5896284228110744e-7
vn 0 0 1
vn 0.8660256862640381 0.4999995231628418 0
vn 0.8660256862640381 0.4999995231628418 0
vn 0 0 -1
vn 0 0 1
vn -0.8660252094268799 -0.5000003576278687 0
vn -0.8660252094268799 -0.5000003576278687 0
vn 0 0 -1
vn -0.8660255670547485 -0.4999997615814209 0
vn 0 0 -1
vn 0.8660252094268799 0.5000003576278687 0
vn 0 0 -1
vn -0.8660255670547485 -0.4999997615814209 0
vn 0 0 1
vn 0.8660252094268799 0.5000003576278687 0
vn 0 0 1
vn 0 0 1
vn 0.8660256862640381 0.4999995231628418 0
vn 0.8660256862640381 0.4999995231628418 0
vn 0 0 -1
vn 0 0 1
vn -0.8660252094268799 -0.5000003576278687 0
vn -0.8660252094268799 -0.5000003576278687 0
vn 0 0 -1
vn 0.8660252094268799 0.5000003576278687 0
vn 0 0 -1
vn -0.8660255670547485 -0.4999997615814209 0
vn 0 0 -1
vn -0.8660255670547485 -0.4999997615814209 0
vn 0 0 1
vn 0.8660252094268799 0.5000003576278687 0
vn 0 0 1
vn -0.5000001192092896 -0.8660253882408142 0.000001372919882669521
vn 0.8660253286361694 -0.5000001192092896 -1.885105547216881e-7
vn 0.5000002384185791 0.8660252690315247 0.000012165372027084231
vn -0.866025447845459 0.4999999403953552 -6.771048788323242e-8
vn -0.8660255670547485 0.4999997615814209 0
vn -0.5000032186508179 -0.8660235404968262 2.49544314101513e-7
vn -0.8660255670547485 0.4999997615814209 0
vn 0.4999980628490448 0.8660265207290649 2.6705961886364094e-7
vn 0.8660255670547485 -0.4999997615814209 0
vn -0.5000001192092896 -0.8660253286361694 3.1625226881715207e-9
vn -0.5000001788139343 -0.8660253286361694 0
vn 0.8660253286361694 -0.5000001192092896 0
vn 0.49999919533729553 0.8660259246826172 0
vn -0.866025447845459 0.4999999403953552 0
vn 0.8660255670547485 -0.4999997615814209 0
vn 0.49999967217445374 0.8660256266593933 3.2159729101977064e-8
vn 0 0 1
vn -0.5000033378601074 -0.8660235404968262 5.196654910832876e-7
vn 0 0 1
vn 0.4999982714653015 0.8660264015197754 3.0277351470431313e-7
vn 0 0 1
vn -0.4999995529651642 -0.8660256862640381 -0.0000022565916424355237
vn 0 0 1
vn 0.5000019073486328 0.8660243153572083 -0.000003281194267401588
vn 0 0 1
vn 0.8660253286361694 -0.5000001192092896 0
vn 0.8660253286361694 -0.5000001192092896 0
vn 0 0 -1
vn 0 0 1
vn -0.8660255670547485 0.4999997615814209 0
vn -0.8660255670547485 0.4999997615814209 0
vn 0 0 -1
vn -0.8660255670547485 0.4999997615814209 0
vn 0 0 -1
vn 0.8660255670547485 -0.4999997615814209 0
vn 0 0 -1
vn -0.8660255670547485 0.4999997615814209 0
vn 0 0 1
vn 0.8660255670547485 -0.4999997615814209 0
vn 0 0 1
vn 0 0 1
vn 0.8660253286361694 -0.5000001192092896 0
vn 0.8660253286361694 -0.5000001192092896 0
vn 0 0 -1
vn 0 0 1
vn -0.8660255670547485 0.4999997615814209 0
vn -0.8660255670547485 0.4999997615814209 0
vn 0 0 -1
vn 0.8660255670547485 -0.4999997615814209 0
vn 0 0 -1
vn -0.8660255670547485 0.4999997615814209 0
vn 0 0 -1
vn -0.8660255670547485 0.4999997615814209 0
vn 0 0 1
vn 0.8660255670547485 -0.4999997615814209 0
vn 0 0 1
vn -0.4999999403953552 -0.866025447845459 0
vn 0.8660253882408142 -0.5000001192092896 6.204012237276402e-8
vn -0.4999999403953552 -0.866025447845459 0
vn -0.8660256862640381 0.4999995231628418 -1.1736358374037081e-7
vn 0.4999999403953552 0.866025447845459 0
vn 0.8660253882408142 -0.5000001192092896 1.1760709384134316e-7
vn 0.4999999403953552 0.866025447845459 0
vn -0.8660252690315247 0.5000002980232239 1.397203845954209e-7
vn 0 0 1
vn 0.8660255670547485 -0.4999998211860657 -0.0000014911319112798083
vn 0 0 1
vn -0.8660255670547485 0.4999998211860657 0.0000014911319112798083
vn 0 0 1
vn 0.8660251498222351 -0.5000004172325134 -0.0000013680825077244663
vn 0 0 1
vn -0.8660255670547485 0.4999997615814209 -0.000001738626679070876
vn 0 0 1
vn 0.4999999403953552 0.866025447845459 0
vn 0.4999999403953552 0.866025447845459 0
vn 0 0 -1
vn 0 0 1
vn -0.5000001788139343 -0.8660253286361694 0
vn -0.5000001788139343 -0.8660253286361694 0
vn 0 0 -1
vn -0.4999999403953552 -0.866025447845459 0
vn 0 0 -1
vn 0.4999999403953552 0.866025447845459 0
vn 0 0 -1
vn -0.4999999403953552 -0.866025447845459 0
vn 0 0 1
vn 0.4999999403953552 0.866025447845459 0
vn 0 0 1
vn 0 0 1
vn 0.4999999403953552 0.866025447845459 0
vn 0.4999999403953552 0.866025447845459 0
vn 0 0 -1
vn 0 0 1
vn -0.5000001788139343 -0.8660253286361694 0
vn -0.5000001788139343 -0.8660253286361694 0
vn 0 0 -1
vn 0.4999999403953552 0.866025447845459 0
vn 0 0 -1
vn -0.4999999403953552 -0.866025447845459 0
vn 0 0 -1
vn -0.4999999403953552 -0.866025447845459 0
vn 0 0 1
vn 0.4999999403953552 0.866025447845459 0
vn 0 0 1

g grp4285
usemtl mtl4285
f 4288//4288 4285//4285 4287//4287 
f 4286//4286 4287//4287 4285//4285 
f 4290//4290 4292//4292 4291//4291 
f 4292//4292 4290//4290 4289//4289 
f 4295//4295 4293//4293 4296//4296 
f 4293//4293 4295//4295 4294//4294 
f 4381//4381 4297//4297 4379//4379 
f 4297//4297 4381//4381 4298//4298 
f 4385//4385 4299//4299 4391//4391 
f 4300//4300 4391//4391 4299//4299 
f 4395//4395 4397//4397 4393//4393 
f 4397//4397 4395//4395 4399//4399 
f 4380//4380 4302//4302 4301//4301 
f 4302//4302 4380//4380 4394//4394 
f 4303//4303 4304//4304 4386//4386 
f 4398//4398 4386//4386 4304//4304 
f 4398//4398 4302//4302 4394//4394 
f 4306//4306 4398//4398 4304//4304 
f 4305//4305 4398//4398 4306//4306 
f 4398//4398 4305//4305 4302//4302 
f 4305//4305 4308//4308 4307//4307 
f 4308//4308 4305//4305 4306//4306 
f 4371//4371 4386//4386 4387//4387 
f 4380//4380 4369//4369 4377//4377 
f 4371//4371 4303//4303 4386//4386 
f 4301//4301 4369//4369 4380//4380 
f 4301//4301 4371//4371 4369//4369 
f 4371//4371 4308//4308 4303//4303 
f 4371//4371 4307//4307 4308//4308 
f 4301//4301 4307//4307 4371//4371 
f 4309//4309 4310//4310 4382//4382 
f 4396//4396 4382//4382 4310//4310 
f 4392//4392 4312//4312 4311//4311 
f 4312//4312 4392//4392 4400//4400 
f 4396//4396 4312//4312 4400//4400 
f 4314//4314 4396//4396 4310//4310 
f 4313//4313 4396//4396 4314//4314 
f 4396//4396 4313//4313 4312//4312 
f 4315//4315 4316//4316 4314//4314 
f 4313//4313 4314//4314 4316//4316 
f 4392//4392 4373//4373 4389//4389 
f 4311//4311 4373//4373 4392//4392 
f 4375//4375 4382//4382 4383//4383 
f 4375//4375 4309//4309 4382//4382 
f 4373//4373 4309//4309 4375//4375 
f 4316//4316 4373//4373 4311//4311 
f 4315//4315 4373//4373 4316//4316 
f 4373//4373 4315//4315 4309//4309 
f 4413//4413 4429//4429 4409//4409 
f 4427//4427 4409//4409 4429//4429 
f 4417//4417 4430//4430 4401//4401 
f 4414//4414 4401//4401 4430//4430 
f 4403//4403 4418//4418 4402//4402 
f 4418//4418 4403//4403 4419//4419 
f 4420//4420 4404//4404 4428//4428 
f 4410//4410 4428//4428 4404//4404 
f 4411//4411 4431//4431 4415//4415 
f 4431//4431 4411//4411 4425//4425 
f 4432//4432 4405//4405 4416//4416 
f 4405//4405 4432//4432 4421//4421 
f 4406//4406 4422//4422 4407//4407 
f 4423//4423 4407//4407 4422//4422 
f 4412//4412 4408//4408 4426//4426 
f 4424//4424 4426//4426 4408//4408 
f 4317//4317 4288//4288 4318//4318 
f 4288//4288 4317//4317 4285//4285 
f 4289//4289 4319//4319 4292//4292 
f 4319//4319 4320//4320 4292//4292 
f 4322//4322 4323//4323 4321//4321 
f 4324//4324 4321//4321 4323//4323 
f 4437//4437 4325//4325 4439//4439 
f 4326//4326 4439//4439 4325//4325 
f 4447//4447 4327//4327 4441//4441 
f 4327//4327 4447//4447 4328//4328 
f 4453//4453 4455//4455 4449//4449 
f 4451//4451 4449//4449 4455//4455 
f 4329//4329 4330//4330 4438//4438 
f 4450//4450 4438//4438 4330//4330 
f 4442//4442 4332//4332 4331//4331 
f 4332//4332 4442//4442 4454//4454 
f 4450//4450 4330//4330 4454//4454 
f 4332//4332 4454//4454 4334//4334 
f 4334//4334 4454//4454 4333//4333 
f 4330//4330 4333//4333 4454//4454 
f 4335//4335 4336//4336 4333//4333 
f 4334//4334 4333//4333 4336//4336 
f 4378//4378 4370//4370 4438//4438 
f 4443//4443 4442//4442 4433//4433 
f 4438//4438 4370//4370 4329//4329 
f 4442//4442 4331//4331 4433//4433 
f 4433//4433 4331//4331 4370//4370 
f 4329//4329 4370//4370 4335//4335 
f 4335//4335 4370//4370 4336//4336 
f 4331//4331 4336//4336 4370//4370 
f 4440//4440 4338//4338 4337//4337 
f 4338//4338 4440//4440 4452//4452 
f 4339//4339 4340//4340 4448//4448 
f 4456//4456 4448//4448 4340//4340 
f 4452//4452 4456//4456 4338//4338 
f 4340//4340 4341//4341 4456//4456 
f 4341//4341 4342//4342 4456//4456 
f 4338//4338 4456//4456 4342//4342 
f 4342//4342 4344//4344 4343//4343 
f 4344//4344 4342//4342 4341//4341 
f 4445//4445 4435//4435 4448//4448 
f 4448//4448 4435//4435 4339//4339 
f 4440//4440 4337//4337 4384//4384 
f 4384//4384 4337//4337 4376//4376 
f 4337//4337 4343//4343 4376//4376 
f 4343//4343 4344//4344 4376//4376 
f 4376//4376 4344//4344 4435//4435 
f 4435//4435 4344//4344 4339//4339 
f 4465//4465 4485//4485 4469//4469 
f 4485//4485 4465//4465 4483//4483 
f 4486//4486 4457//4457 4470//4470 
f 4457//4457 4486//4486 4473//4473 
f 4458//4458 4474//4474 4459//4459 
f 4475//4475 4459//4459 4474//4474 
f 4460//4460 4484//4484 4466//4466 
f 4484//4484 4460//4460 4476//4476 
f 4471//4471 4487//4487 4467//4467 
f 4481//4481 4467//4467 4487//4487 
f 4461//4461 4477//4477 4472//4472 
f 4488//4488 4472//4472 4477//4477 
f 4463//4463 4478//4478 4462//4462 
f 4478//4478 4463//4463 4479//4479 
f 4468//4468 4480//4480 4464//4464 
f 4480//4480 4468//4468 4482//4482 
f 4287//4287 4317//4317 4318//4318 
f 4317//4317 4287//4287 4286//4286 
f 4346//4346 4323//4323 4345//4345 
f 4345//4345 4323//4323 4322//4322 
f 4294//4294 4295//4295 4347//4347 
f 4348//4348 4347//4347 4295//4295 
f 4489//4489 4349//4349 4491//4491 
f 4350//4350 4491//4491 4349//4349 
f 4495//4495 4351//4351 4493//4493 
f 4351//4351 4495//4495 4352//4352 
f 4501//4501 4503//4503 4497//4497 
f 4499//4499 4497//4497 4503//4503 
f 4354//4354 4498//4498 4353//4353 
f 4353//4353 4498//4498 4490//4490 
f 4355//4355 4502//4502 4356//4356 
f 4502//4502 4355//4355 4494//4494 
f 4354//4354 4357//4357 4498//4498 
f 4356//4356 4502//4502 4358//4358 
f 4502//4502 4498//4498 4358//4358 
f 4358//4358 4498//4498 4357//4357 
f 4359//4359 4360//4360 4357//4357 
f 4358//4358 4357//4357 4360//4360 
f 4388//4388 4494//4494 4372//4372 
f 4444//4444 4434//4434 4490//4490 
f 4353//4353 4490//4490 4359//4359 
f 4359//4359 4490//4490 4360//4360 
f 4355//4355 4360//4360 4494//4494 
f 4360//4360 4490//4490 4494//4494 
f 4434//4434 4372//4372 4490//4490 
f 4494//4494 4490//4490 4372//4372 
f 4361//4361 4500//4500 4362//4362 
f 4492//4492 4500//4500 4361//4361 
f 4364//4364 4504//4504 4363//4363 
f 4363//4363 4504//4504 4496//4496 
f 4364//4364 4365//4365 4504//4504 
f 4362//4362 4500//4500 4366//4366 
f 4504//4504 4365//4365 4500//4500 
f 4365//4365 4366//4366 4500//4500 
f 4366//4366 4368//4368 4367//4367 
f 4368//4368 4366//4366 4365//4365 
f 4446//4446 4492//4492 4436//4436 
f 4436//4436 4492//4492 4374//4374 
f 4492//4492 4361//4361 4374//4374 
f 4363//4363 4496//4496 4368//4368 
f 4368//4368 4496//4496 4367//4367 
f 4390//4390 4374//4374 4496//4496 
f 4496//4496 4374//4374 4367//4367 
f 4361//4361 4367//4367 4374//4374 
f 4513//4513 4533//4533 4517//4517 
f 4533//4533 4513//4513 4531//4531 
f 4534//4534 4505//4505 4518//4518 
f 4534//4534 4521//4521 4505//4505 
f 4506//4506 4522//4522 4507//4507 
f 4523//4523 4507//4507 4522//4522 
f 4508//4508 4532//4532 4514//4514 
f 4524//4524 4532//4532 4508//4508 
f 4519//4519 4535//4535 4515//4515 
f 4529//4529 4515//4515 4535//4535 
f 4536//4536 4520//4520 4525//4525 
f 4509//4509 4525//4525 4520//4520 
f 4511//4511 4526//4526 4510//4510 
f 4526//4526 4511//4511 4527//4527 
f 4528//4528 4516//4516 4530//4530 
f 4516//4516 4528//4528 4512//4512 
v -0.008660254068672657 0.6616666913032532 0.07999999821186066
v -0.28867512941360474 0.17666666209697723 0.07999999821186066
v -0.28867512941360474 0.2866666615009308 0.07999999821186066
v -0.10392304509878159 0.6066666841506958 0.07999999821186066
v -0.008660254068672657 0.6616666913032532 0.02500000037252903
v -0.11866769194602966 0.4711281955242157 0.02500000037252903
v -0.16629908978939056 0.4986281991004944 0.02500000037252903
v -0.10392304509878159 0.6066666841506958 0.02500000037252903
v -0.17866769433021545 0.3672051429748535 0.02500000037252903
v -0.28867512941360474 0.17666666209697723 0.02500000037252903
v -0.28867512941360474 0.2866666615009308 0.02500000037252903
v -0.22629909217357635 0.3947051465511322 0.02500000037252903
v -0.11866769194602966 0.4711281955242157 -0.09738901257514954
v -0.16629908978939056 0.4986281991004944 -0.09738901257514954
v -0.17866769433021545 0.3672051429748535 -0.09738901257514954
v -0.22629909217357635 0.3947051465511322 -0.09738901257514954
v -0.1221676915884018 0.46506601572036743 -0.08688901364803314
v -0.1221676915884018 0.46506601572036743 -0.09288901090621948
v -0.17516769468784332 0.3732673227787018 -0.08688901364803314
v -0.17516769468784332 0.3732673227787018 -0.09288901090621948
v -0.12516769766807556 0.4598698616027832 -0.09288901090621948
v -0.17216768860816956 0.378463476896286 -0.09288901090621948
v -0.12516769766807556 0.4598698616027832 -0.08688901364803314
v -0.17216768860816956 0.378463476896286 -0.08688901364803314
v -0.1697990894317627 0.4925660192966461 -0.08688901364803314
v -0.1697990894317627 0.4925660192966461 -0.09288901090621948
v -0.22279909253120422 0.40076732635498047 -0.08688901364803314
v -0.22279909253120422 0.40076732635498047 -0.09288901090621948
v -0.21979908645153046 0.4059634804725647 -0.09288901090621948
v -0.17279909551143646 0.4873698651790619 -0.09288901090621948
v -0.17279909551143646 0.4873698651790619 -0.08688901364803314
v -0.21979908645153046 0.4059634804725647 -0.08688901364803314
v -0.5686900019645691 0.6616666913032532 0.07999999821186066
v -0.4734272062778473 0.6066666841506958 0.07999999821186066
v -0.5686900019645691 0.6616666913032532 0.02500000037252903
v -0.3486751317977905 0.6616666913032532 0.02500000037252903
v -0.3486751317977905 0.6066666841506958 0.02500000037252903
v -0.4734272062778473 0.6066666841506958 0.02500000037252903
v -0.22867514193058014 0.6616666913032532 0.02500000037252903
v -0.22867514193058014 0.6066666841506958 0.02500000037252903
v -0.3486751317977905 0.6616666913032532 -0.09056401252746582
v -0.3486751317977905 0.6066666841506958 -0.09056401252746582
v -0.22867514193058014 0.6616666913032532 -0.09056401252746582
v -0.22867514193058014 0.6066666841506958 -0.09056401252746582
v -0.34167513251304626 0.6616666913032532 -0.08006401360034943
v -0.34167513251304626 0.6616666913032532 -0.08606401085853577
v -0.2356751412153244 0.6616666913032532 -0.08006401360034943
v -0.2356751412153244 0.6616666913032532 -0.08606401085853577
v -0.33567512035369873 0.6616666913032532 -0.08606401085853577
v -0.24167513847351074 0.6616666913032532 -0.08606401085853577
v -0.33567512035369873 0.6616666913032532 -0.08006401360034943
v -0.24167513847351074 0.6616666913032532 -0.08006401360034943
v -0.34167513251304626 0.6066666841506958 -0.08006401360034943
v -0.34167513251304626 0.6066666841506958 -0.08606401085853577
v -0.2356751412153244 0.6066666841506958 -0.08006401360034943
v -0.2356751412153244 0.6066666841506958 -0.08606401085853577
v -0.24167513847351074 0.6066666841506958 -0.08606401085853577
v -0.33567512035369873 0.6066666841506958 -0.08606401085853577
v -0.33567512035369873 0.6066666841506958 -0.08006401360034943
v -0.24167513847351074 0.6066666841506958 -0.08006401360034943
v -0.398682564496994 0.3672051429748535 0.02500000037252903
v -0.3510511815547943 0.3947051465511322 0.02500000037252903
v -0.4586825668811798 0.4711281955242157 0.02500000037252903
v -0.4110511839389801 0.4986281991004944 0.02500000037252903
v -0.398682564496994 0.3672051429748535 -0.3005639910697937
v -0.3510511815547943 0.3947051465511322 -0.3005639910697937
v -0.4586825668811798 0.4711281955242157 -0.3005639910697937
v -0.4110511839389801 0.4986281991004944 -0.3005639910697937
v -0.40218257904052734 0.3732673227787018 -0.2900640070438385
v -0.40218257904052734 0.3732673227787018 -0.29606398940086365
v -0.45518258213996887 0.46506601572036743 -0.2900640070438385
v -0.45518258213996887 0.46506601572036743 -0.29606398940086365
v -0.4051825702190399 0.378463476896286 -0.29606398940086365
v -0.4521825611591339 0.4598698616027832 -0.29606398940086365
v -0.4051825702190399 0.378463476896286 -0.2900640070438385
v -0.4521825611591339 0.4598698616027832 -0.2900640070438385
v -0.35455116629600525 0.40076732635498047 -0.2900640070438385
v -0.35455116629600525 0.40076732635498047 -0.29606398940086365
v -0.4075511693954468 0.4925660192966461 -0.2900640070438385
v -0.4075511693954468 0.4925660192966461 -0.29606398940086365
v -0.4045511782169342 0.4873698651790619 -0.29606398940086365
v -0.3575511872768402 0.4059634804725647 -0.29606398940086365
v -0.3575511872768402 0.4059634804725647 -0.2900640070438385
v -0.4045511782169342 0.4873698651790619 -0.2900640070438385
v -0.008660254068672657 0.6616666913032532 0.07999999821186066
v -0.008660254068672657 0.6616666913032532 0.07999999821186066
v -0.28867512941360474 0.17666666209697723 0.07999999821186066
v -0.28867512941360474 0.17666666209697723 0.07999999821186066
v -0.28867512941360474 0.2866666615009308 0.07999999821186066
v -0.28867512941360474 0.2866666615009308 0.07999999821186066
v -0.10392304509878159 0.6066666841506958 0.07999999821186066
v -0.10392304509878159 0.6066666841506958 0.07999999821186066
v -0.008660254068672657 0.6616666913032532 0.02500000037252903
v -0.008660254068672657 0.6616666913032532 0.02500000037252903
v -0.11866769194602966 0.4711281955242157 0.02500000037252903
v -0.11866769194602966 0.4711281955242157 0.02500000037252903
v -0.16629908978939056 0.4986281991004944 0.02500000037252903
v -0.16629908978939056 0.4986281991004944 0.02500000037252903
v -0.10392304509878159 0.6066666841506958 0.02500000037252903
v -0.10392304509878159 0.6066666841506958 0.02500000037252903
v -0.17866769433021545 0.3672051429748535 0.02500000037252903
v -0.17866769433021545 0.3672051429748535 0.02500000037252903
v -0.28867512941360474 0.17666666209697723 0.02500000037252903
v -0.28867512941360474 0.17666666209697723 0.02500000037252903
v -0.28867512941360474 0.2866666615009308 0.02500000037252903
v -0.28867512941360474 0.2866666615009308 0.02500000037252903
v -0.22629909217357635 0.3947051465511322 0.02500000037252903
v -0.22629909217357635 0.3947051465511322 0.02500000037252903
v -0.11866769194602966 0.4711281955242157 -0.09738901257514954
v -0.11866769194602966 0.4711281955242157 -0.09738901257514954
v -0.16629908978939056 0.4986281991004944 -0.09738901257514954
v -0.16629908978939056 0.4986281991004944 -0.09738901257514954
v -0.17866769433021545 0.3672051429748535 -0.09738901257514954
v -0.17866769433021545 0.3672051429748535 -0.09738901257514954
v -0.22629909217357635 0.3947051465511322 -0.09738901257514954
v -0.22629909217357635 0.3947051465511322 -0.09738901257514954
v -0.1221676915884018 0.46506601572036743 -0.08688901364803314
v -0.1221676915884018 0.46506601572036743 -0.08688901364803314
v -0.1221676915884018 0.46506601572036743 -0.09288901090621948
v -0.1221676915884018 0.46506601572036743 -0.09288901090621948
v -0.17516769468784332 0.3732673227787018 -0.08688901364803314
v -0.17516769468784332 0.3732673227787018 -0.08688901364803314
v -0.17516769468784332 0.3732673227787018 -0.09288901090621948
v -0.17516769468784332 0.3732673227787018 -0.09288901090621948
v -0.12516769766807556 0.4598698616027832 -0.09288901090621948
v -0.12516769766807556 0.4598698616027832 -0.09288901090621948
v -0.17216768860816956 0.378463476896286 -0.09288901090621948
v -0.17216768860816956 0.378463476896286 -0.09288901090621948
v -0.12516769766807556 0.4598698616027832 -0.08688901364803314
v -0.12516769766807556 0.4598698616027832 -0.08688901364803314
v -0.17216768860816956 0.378463476896286 -0.08688901364803314
v -0.17216768860816956 0.378463476896286 -0.08688901364803314
v -0.1697990894317627 0.4925660192966461 -0.08688901364803314
v -0.1697990894317627 0.4925660192966461 -0.08688901364803314
v -0.1697990894317627 0.4925660192966461 -0.09288901090621948
v -0.1697990894317627 0.4925660192966461 -0.09288901090621948
v -0.22279909253120422 0.40076732635498047 -0.08688901364803314
v -0.22279909253120422 0.40076732635498047 -0.08688901364803314
v -0.22279909253120422 0.40076732635498047 -0.09288901090621948
v -0.22279909253120422 0.40076732635498047 -0.09288901090621948
v -0.21979908645153046 0.4059634804725647 -0.09288901090621948
v -0.21979908645153046 0.4059634804725647 -0.09288901090621948
v -0.17279909551143646 0.4873698651790619 -0.09288901090621948
v -0.17279909551143646 0.4873698651790619 -0.09288901090621948
v -0.17279909551143646 0.4873698651790619 -0.08688901364803314
v -0.17279909551143646 0.4873698651790619 -0.08688901364803314
v -0.21979908645153046 0.4059634804725647 -0.08688901364803314
v -0.21979908645153046 0.4059634804725647 -0.08688901364803314
v -0.5686900019645691 0.6616666913032532 0.07999999821186066
v -0.5686900019645691 0.6616666913032532 0.07999999821186066
v -0.4734272062778473 0.6066666841506958 0.07999999821186066
v -0.4734272062778473 0.6066666841506958 0.07999999821186066
v -0.5686900019645691 0.6616666913032532 0.02500000037252903
v -0.5686900019645691 0.6616666913032532 0.02500000037252903
v -0.3486751317977905 0.6616666913032532 0.02500000037252903
v -0.3486751317977905 0.6616666913032532 0.02500000037252903
v -0.3486751317977905 0.6066666841506958 0.02500000037252903
v -0.3486751317977905 0.6066666841506958 0.02500000037252903
v -0.4734272062778473 0.6066666841506958 0.02500000037252903
v -0.4734272062778473 0.6066666841506958 0.02500000037252903
v -0.22867514193058014 0.6616666913032532 0.02500000037252903
v -0.22867514193058014 0.6616666913032532 0.02500000037252903
v -0.22867514193058014 0.6066666841506958 0.02500000037252903
v -0.22867514193058014 0.6066666841506958 0.02500000037252903
v -0.3486751317977905 0.6616666913032532 -0.09056401252746582
v -0.3486751317977905 0.6616666913032532 -0.09056401252746582
v -0.3486751317977905 0.6066666841506958 -0.09056401252746582
v -0.3486751317977905 0.6066666841506958 -0.09056401252746582
v -0.22867514193058014 0.6616666913032532 -0.09056401252746582
v -0.22867514193058014 0.6616666913032532 -0.09056401252746582
v -0.22867514193058014 0.6066666841506958 -0.09056401252746582
v -0.22867514193058014 0.6066666841506958 -0.09056401252746582
v -0.34167513251304626 0.6616666913032532 -0.08006401360034943
v -0.34167513251304626 0.6616666913032532 -0.08006401360034943
v -0.34167513251304626 0.6616666913032532 -0.08606401085853577
v -0.34167513251304626 0.6616666913032532 -0.08606401085853577
v -0.2356751412153244 0.6616666913032532 -0.08006401360034943
v -0.2356751412153244 0.6616666913032532 -0.08006401360034943
v -0.2356751412153244 0.6616666913032532 -0.08606401085853577
v -0.2356751412153244 0.6616666913032532 -0.08606401085853577
v -0.33567512035369873 0.6616666913032532 -0.08606401085853577
v -0.33567512035369873 0.6616666913032532 -0.08606401085853577
v -0.24167513847351074 0.6616666913032532 -0.08606401085853577
v -0.24167513847351074 0.6616666913032532 -0.08606401085853577
v -0.33567512035369873 0.6616666913032532 -0.08006401360034943
v -0.33567512035369873 0.6616666913032532 -0.08006401360034943
v -0.24167513847351074 0.6616666913032532 -0.08006401360034943
v -0.24167513847351074 0.6616666913032532 -0.08006401360034943
v -0.34167513251304626 0.6066666841506958 -0.08006401360034943
v -0.34167513251304626 0.6066666841506958 -0.08006401360034943
v -0.34167513251304626 0.6066666841506958 -0.08606401085853577
v -0.34167513251304626 0.6066666841506958 -0.08606401085853577
v -0.2356751412153244 0.6066666841506958 -0.08006401360034943
v -0.2356751412153244 0.6066666841506958 -0.08006401360034943
v -0.2356751412153244 0.6066666841506958 -0.08606401085853577
v -0.2356751412153244 0.6066666841506958 -0.08606401085853577
v -0.24167513847351074 0.6066666841506958 -0.08606401085853577
v -0.24167513847351074 0.6066666841506958 -0.08606401085853577
v -0.33567512035369873 0.6066666841506958 -0.08606401085853577
v -0.33567512035369873 0.6066666841506958 -0.08606401085853577
v -0.33567512035369873 0.6066666841506958 -0.08006401360034943
v -0.33567512035369873 0.6066666841506958 -0.08006401360034943
v -0.24167513847351074 0.6066666841506958 -0.08006401360034943
v -0.24167513847351074 0.6066666841506958 -0.08006401360034943
v -0.398682564496994 0.3672051429748535 0.02500000037252903
v -0.398682564496994 0.3672051429748535 0.02500000037252903
v -0.3510511815547943 0.3947051465511322 0.02500000037252903
v -0.3510511815547943 0.3947051465511322 0.02500000037252903
v -0.4586825668811798 0.4711281955242157 0.02500000037252903
v -0.4586825668811798 0.4711281955242157 0.02500000037252903
v -0.4110511839389801 0.4986281991004944 0.02500000037252903
v -0.4110511839389801 0.4986281991004944 0.02500000037252903
v -0.398682564496994 0.3672051429748535 -0.3005639910697937
v -0.398682564496994 0.3672051429748535 -0.3005639910697937
v -0.3510511815547943 0.3947051465511322 -0.3005639910697937
v -0.3510511815547943 0.3947051465511322 -0.3005639910697937
v -0.4586825668811798 0.4711281955242157 -0.3005639910697937
v -0.4586825668811798 0.4711281955242157 -0.3005639910697937
v -0.4110511839389801 0.4986281991004944 -0.3005639910697937
v -0.4110511839389801 0.4986281991004944 -0.3005639910697937
v -0.40218257904052734 0.3732673227787018 -0.2900640070438385
v -0.40218257904052734 0.3732673227787018 -0.2900640070438385
v -0.40218257904052734 0.3732673227787018 -0.29606398940086365
v -0.40218257904052734 0.3732673227787018 -0.29606398940086365
v -0.45518258213996887 0.46506601572036743 -0.2900640070438385
v -0.45518258213996887 0.46506601572036743 -0.2900640070438385
v -0.45518258213996887 0.46506601572036743 -0.29606398940086365
v -0.45518258213996887 0.46506601572036743 -0.29606398940086365
v -0.4051825702190399 0.378463476896286 -0.29606398940086365
v -0.4051825702190399 0.378463476896286 -0.29606398940086365
v -0.4521825611591339 0.4598698616027832 -0.29606398940086365
v -0.4521825611591339 0.4598698616027832 -0.29606398940086365
v -0.4051825702190399 0.378463476896286 -0.2900640070438385
v -0.4051825702190399 0.378463476896286 -0.2900640070438385
v -0.4521825611591339 0.4598698616027832 -0.2900640070438385
v -0.4521825611591339 0.4598698616027832 -0.2900640070438385
v -0.35455116629600525 0.40076732635498047 -0.2900640070438385
v -0.35455116629600525 0.40076732635498047 -0.2900640070438385
v -0.35455116629600525 0.40076732635498047 -0.29606398940086365
v -0.35455116629600525 0.40076732635498047 -0.29606398940086365
v -0.4075511693954468 0.4925660192966461 -0.2900640070438385
v -0.4075511693954468 0.4925660192966461 -0.2900640070438385
v -0.4075511693954468 0.4925660192966461 -0.29606398940086365
v -0.4075511693954468 0.4925660192966461 -0.29606398940086365
v -0.4045511782169342 0.4873698651790619 -0.29606398940086365
v -0.4045511782169342 0.4873698651790619 -0.29606398940086365
v -0.3575511872768402 0.4059634804725647 -0.29606398940086365
v -0.3575511872768402 0.4059634804725647 -0.29606398940086365
v -0.3575511872768402 0.4059634804725647 -0.2900640070438385
v -0.3575511872768402 0.4059634804725647 -0.2900640070438385
v -0.4045511782169342 0.4873698651790619 -0.2900640070438385
v -0.4045511782169342 0.4873698651790619 -0.2900640070438385
vn 0 0 -1
vn 0 0 -1
vn 0 0 -1
vn 0 0 -1
vn 0 0 1
vn 0 0 1
vn 0 0 1
vn 0 0 1
vn 0 0 1
vn 0 0 1
vn 0 0 1
vn 0 0 1
vn -0.5000000596046448 -0.8660253882408142 0
vn -0.5000000596046448 -0.8660253882408142 0
vn 0.5000000596046448 0.8660253882408142 0
vn 0.5000000596046448 0.8660253882408142 0
vn -0.8660253286361694 0.5000001192092896 1.8005626145622955e-7
vn -0.8660252690315247 0.5000002384185791 7.169318791966361e-7
vn -0.8660253882408142 0.5000001192092896 1.9222587965828097e-8
vn -0.8660252690315247 0.5000002384185791 -7.169318791966361e-7
vn -0.8660253286361694 0.5000001192092896 3.250961526646279e-7
vn -0.8660253286361694 0.5000002384185791 -1.8315924421585805e-7
vn -0.8660253286361694 0.5000002384185791 2.32089888640985e-7
vn -0.8660253286361694 0.5000001192092896 5.524784185695353e-9
vn 0.8660253882408142 -0.5000001192092896 1.9222587965828097e-8
vn 0.8660252690315247 -0.5000002384185791 -7.169318791966361e-7
vn 0.8660253286361694 -0.5000001192092896 1.8005626145622955e-7
vn 0.8660252690315247 -0.5000002384185791 7.169318791966361e-7
vn 0.8660253286361694 -0.5000001788139343 4.0637019083078485e-7
vn 0.8660253286361694 -0.5000001192092896 -1.3736942605646618e-7
vn 0.8660253286361694 -0.5000002384185791 7.366379506379417e-9
vn 0.8660253286361694 -0.5000001192092896 1.740674093753114e-7
vn 0 0 -1
vn 0 0 -1
vn 0 0 1
vn 0 0 1
vn 0 0 1
vn 0 0 1
vn 0 0 1
vn 0 0 1
vn 1 0 0
vn 1 0 0
vn -1 0 0
vn -1 0 0
vn 0 -1 0
vn 0 -1 0
vn 0 -1 0
vn 0 -1 0
vn 0 -1 0
vn 0 -1 0
vn 0 -1 0
vn 0 -1 0
vn 0 1 0
vn 0 1 0
vn 0 1 0
vn 0 1 0
vn 0 1 0
vn 0 1 0
vn 0 1 0
vn 0 1 0
vn 0 0 1
vn 0 0 1
vn 0 0 1
vn 0 0 1
vn -0.5000001788139343 0.8660253286361694 0
vn -0.5000001788139343 0.8660253286361694 0
vn 0.5000001788139343 -0.8660253286361694 0
vn 0.5000001788139343 -0.8660253286361694 0
vn 0.8660251498222351 0.5000004172325134 1.0842660458365572e-7
vn 0.8660253286361694 0.5000001192092896 0.0000023897760002000723
vn 0.8660256266593933 0.49999967217445374 -3.640815648964235e-8
vn 0.8660252094268799 0.5000003576278687 0.000003823632141575217
vn 0.8660255670547485 0.4999997615814209 9.175870445687906e-7
vn 0.8660249710083008 0.5000007748603821 0.000002254292667203117
vn 0.8660256862640381 0.4999995529651642 1.6105765610063827e-7
vn 0.8660250902175903 0.5000005960464478 -2.4148237187660015e-8
vn -0.8660256266593933 -0.49999967217445374 -3.640815648964235e-8
vn -0.8660252094268799 -0.5000003576278687 0.000003823632141575217
vn -0.8660251498222351 -0.5000004172325134 1.0842660458365572e-7
vn -0.8660253286361694 -0.5000001192092896 0.0000023897760002000723
vn -0.8660255670547485 -0.4999997019767761 0.0000011469837772892788
vn -0.8660250902175903 -0.5000005960464478 0.0000016907195004023379
vn -0.8660249710083008 -0.5000007748603821 -3.219765076778458e-8
vn -0.8660256266593933 -0.49999964237213135 1.2079324562819238e-7
vn -0.866025447845459 0.4999999403953552 -4.1565197506088225e-8
vn 0 -1 0
vn -0.866025447845459 0.5 1.521714665386753e-8
vn 0.866025447845459 0.5 6.313766842680479e-9
vn 0.866025447845459 -0.4999999701976776 -6.562175514090995e-8
vn -0.866025447845459 -0.4999999701976776 8.866162204412831e-8
vn 0.866025447845459 -0.4999999701976776 -1.0199344480099626e-8
vn 0 1 0
vn -0.866025447845459 0.4999999403953552 0
vn 0 -1 0
vn -0.5000000596046448 -0.8660253882408142 0
vn -0.866025447845459 0.4999999403953552 6.8076402293115734e-9
vn -0.5000000596046448 -0.8660253882408142 0
vn 0.8660253286361694 -0.5000001192092896 6.81823593140507e-8
vn 0.8660253882408142 -0.4999999701976776 0
vn 0 1 0
vn 0.5000000596046448 0.8660253882408142 0
vn -0.8660253286361694 0.5000001788139343 1.2444371577657876e-7
vn -0.866025447845459 0.4999999701976776 0
vn 0.866025447845459 0.4999999701976776 0
vn 0.866025447845459 -0.4999999403953552 0
vn -0.8660253882408142 -0.5 0
vn 0.5000000596046448 0.8660253882408142 0
vn 0.866025447845459 -0.4999999403953552 -4.701995592881758e-8
vn 0 0 1
vn -0.8660253882408142 0.5000001192092896 1.8527369149978767e-7
vn 0 0 1
vn 0.8660253286361694 -0.5000001192092896 -2.4844933932399726e-7
vn 0 0 1
vn -0.8660253286361694 0.5000001192092896 -2.4844933932399726e-7
vn 0 0 1
vn 0.8660253882408142 -0.5000001192092896 1.8527369149978767e-7
vn 0 0 1
vn 0.5000000596046448 0.8660253882408142 0
vn 0.5000000596046448 0.8660253882408142 0
vn 0 0 -1
vn 0 0 1
vn -0.5000000596046448 -0.8660253882408142 0
vn -0.5000000596046448 -0.8660253882408142 0
vn 0 0 -1
vn -0.5000000596046448 -0.8660253882408142 0
vn 0 0 -1
vn 0.5000000596046448 0.8660253882408142 0
vn 0 0 -1
vn -0.5000000596046448 -0.8660253882408142 0
vn 0 0 1
vn 0.5000000596046448 0.8660253882408142 0
vn 0 0 1
vn 0 0 1
vn 0.5000000596046448 0.8660253882408142 0
vn 0.5000000596046448 0.8660253882408142 0
vn 0 0 -1
vn 0 0 1
vn -0.5000000596046448 -0.8660253882408142 0
vn -0.5000000596046448 -0.8660253882408142 0
vn 0 0 -1
vn 0.5000000596046448 0.8660253882408142 0
vn 0 0 -1
vn -0.5000000596046448 -0.8660253882408142 0
vn 0 0 -1
vn -0.5000000596046448 -0.8660253882408142 0
vn 0 0 1
vn 0.5000000596046448 0.8660253882408142 0
vn 0 0 1
vn 0 -1 0
vn 0.866025447845459 0.4999999403953552 -5.4920267444913407e-8
vn 0 1 0
vn -0.866025447845459 -0.49999991059303284 1.9614076052221208e-7
vn 0 -1 0
vn 0.866025447845459 0.4999999403953552 0
vn 1 0 0
vn 0 -1 0
vn 1 0 0
vn 0 1 0
vn 0 1 0
vn -0.8660255074501038 -0.49999985098838806 0
vn -1 0 0
vn 0 -1 0
vn -1 0 0
vn 0 1 0
vn 0 0 1
vn 0 -1 0
vn 0 0 1
vn 0 1 0
vn 0 0 1
vn 0 -1 0
vn 0 0 1
vn 0 1 0
vn 0 0 1
vn -1 0 0
vn -1 0 0
vn 0 0 -1
vn 0 0 1
vn 1 0 0
vn 1 0 0
vn 0 0 -1
vn 1 0 0
vn 0 0 -1
vn -1 0 0
vn 0 0 -1
vn 1 0 0
vn 0 0 1
vn -1 0 0
vn 0 0 1
vn 0 0 1
vn -1 0 0
vn -1 0 0
vn 0 0 -1
vn 0 0 1
vn 1 0 0
vn 1 0 0
vn 0 0 -1
vn -1 0 0
vn 0 0 -1
vn 1 0 0
vn 0 0 -1
vn 1 0 0
vn 0 0 1
vn -1 0 0
vn 0 0 1
vn -0.5000001788139343 0.8660253286361694 0
vn 0.8660252094268799 0.5000003576278687 2.2986702319371943e-8
vn -0.5000001788139343 0.8660253286361694 0
vn -0.866025447845459 -0.49999991059303284 1.156919609002216e-7
vn 0.5000001788139343 -0.8660253286361694 0
vn 0.866025447845459 0.49999991059303284 4.450684443213504e-8
vn 0.5000001788139343 -0.8660253286361694 0
vn -0.8660252094268799 -0.5000003576278687 9.356600116916525e-8
vn 0 0 1
vn 0.8660251498222351 0.5000004172325134 0.0000013680802339877118
vn 0 0 1
vn -0.8660255670547485 -0.4999998211860657 0.0000014911295238562161
vn 0 0 1
vn 0.8660255670547485 0.4999998211860657 0.0000014911295238562161
vn 0 0 1
vn -0.8660251498222351 -0.5000004172325134 0.0000013680802339877118
vn 0 0 1
vn 0.4999999403953552 -0.866025447845459 0
vn 0.4999999403953552 -0.866025447845459 0
vn 0 0 -1
vn 0 0 1
vn -0.4999999403953552 0.866025447845459 0
vn -0.4999999403953552 0.866025447845459 0
vn 0 0 -1
vn -0.5000001788139343 0.8660253286361694 0
vn 0 0 -1
vn 0.5000001788139343 -0.8660253286361694 0
vn 0 0 -1
vn -0.5000001788139343 0.8660253286361694 0
vn 0 0 1
vn 0.5000001788139343 -0.8660253286361694 0
vn 0 0 1
vn 0 0 1
vn 0.4999999403953552 -0.866025447845459 0
vn 0.4999999403953552 -0.866025447845459 0
vn 0 0 -1
vn 0 0 1
vn -0.4999999403953552 0.866025447845459 0
vn -0.4999999403953552 0.866025447845459 0
vn 0 0 -1
vn 0.5000001788139343 -0.8660253286361694 0
vn 0 0 -1
vn -0.5000001788139343 0.8660253286361694 0
vn 0 0 -1
vn -0.5000001788139343 0.8660253286361694 0
vn 0 0 1
vn 0.5000001788139343 -0.8660253286361694 0
vn 0 0 1

g grp4537
usemtl mtl4537
f 4537//4537 4538//4538 4540//4540 
f 4539//4539 4540//4540 4538//4538 
f 4542//4542 4544//4544 4543//4543 
f 4541//4541 4544//4544 4542//4542 
f 4547//4547 4545//4545 4548//4548 
f 4545//4545 4547//4547 4546//4546 
f 4633//4633 4549//4549 4631//4631 
f 4549//4549 4633//4633 4550//4550 
f 4637//4637 4551//4551 4643//4643 
f 4552//4552 4643//4643 4551//4551 
f 4645//4645 4651//4651 4649//4649 
f 4651//4651 4645//4645 4647//4647 
f 4553//4553 4646//4646 4554//4554 
f 4646//4646 4553//4553 4632//4632 
f 4556//4556 4650//4650 4555//4555 
f 4638//4638 4555//4555 4650//4650 
f 4646//4646 4557//4557 4554//4554 
f 4558//4558 4650//4650 4556//4556 
f 4650//4650 4557//4557 4646//4646 
f 4650//4650 4558//4558 4557//4557 
f 4557//4557 4560//4560 4559//4559 
f 4560//4560 4557//4557 4558//4558 
f 4623//4623 4638//4638 4639//4639 
f 4632//4632 4621//4621 4629//4629 
f 4632//4632 4623//4623 4621//4621 
f 4632//4632 4638//4638 4623//4623 
f 4553//4553 4638//4638 4632//4632 
f 4638//4638 4560//4560 4555//4555 
f 4638//4638 4559//4559 4560//4560 
f 4553//4553 4559//4559 4638//4638 
f 4562//4562 4648//4648 4561//4561 
f 4634//4634 4561//4561 4648//4648 
f 4563//4563 4652//4652 4564//4564 
f 4652//4652 4563//4563 4644//4644 
f 4652//4652 4565//4565 4564//4564 
f 4566//4566 4648//4648 4562//4562 
f 4648//4648 4565//4565 4652//4652 
f 4648//4648 4566//4566 4565//4565 
f 4567//4567 4568//4568 4566//4566 
f 4565//4565 4566//4566 4568//4568 
f 4644//4644 4625//4625 4641//4641 
f 4627//4627 4634//4634 4635//4635 
f 4625//4625 4634//4634 4627//4627 
f 4644//4644 4634//4634 4625//4625 
f 4563//4563 4634//4634 4644//4644 
f 4634//4634 4567//4567 4561//4561 
f 4634//4634 4568//4568 4567//4567 
f 4563//4563 4568//4568 4634//4634 
f 4665//4665 4681//4681 4661//4661 
f 4679//4679 4661//4661 4681//4681 
f 4653//4653 4669//4669 4666//4666 
f 4682//4682 4666//4666 4669//4669 
f 4655//4655 4670//4670 4654//4654 
f 4670//4670 4655//4655 4671//4671 
f 4656//4656 4662//4662 4672//4672 
f 4680//4680 4672//4672 4662//4662 
f 4663//4663 4683//4683 4667//4667 
f 4683//4683 4663//4663 4677//4677 
f 4684//4684 4657//4657 4668//4668 
f 4657//4657 4684//4684 4673//4673 
f 4658//4658 4674//4674 4659//4659 
f 4675//4675 4659//4659 4674//4674 
f 4664//4664 4660//4660 4678//4678 
f 4676//4676 4678//4678 4660//4660 
f 4569//4569 4537//4537 4570//4570 
f 4540//4540 4570//4570 4537//4537 
f 4572//4572 4574//4574 4573//4573 
f 4571//4571 4574//4574 4572//4572 
f 4544//4544 4575//4575 4576//4576 
f 4544//4544 4541//4541 4575//4575 
f 4693//4693 4577//4577 4691//4691 
f 4577//4577 4693//4693 4578//4578 
f 4697//4697 4579//4579 4699//4699 
f 4580//4580 4699//4699 4579//4579 
f 4703//4703 4705//4705 4701//4701 
f 4705//4705 4703//4703 4707//4707 
f 4581//4581 4702//4702 4582//4582 
f 4702//4702 4581//4581 4692//4692 
f 4584//4584 4706//4706 4583//4583 
f 4698//4698 4583//4583 4706//4706 
f 4702//4702 4585//4585 4582//4582 
f 4586//4586 4706//4706 4584//4584 
f 4706//4706 4585//4585 4702//4702 
f 4706//4706 4586//4586 4585//4585 
f 4585//4585 4588//4588 4587//4587 
f 4588//4588 4585//4585 4586//4586 
f 4692//4692 4685//4685 4689//4689 
f 4622//4622 4698//4698 4630//4630 
f 4685//4685 4698//4698 4622//4622 
f 4692//4692 4698//4698 4685//4685 
f 4581//4581 4698//4698 4692//4692 
f 4698//4698 4588//4588 4583//4583 
f 4698//4698 4587//4587 4588//4588 
f 4587//4587 4698//4698 4581//4581 
f 4590//4590 4704//4704 4589//4589 
f 4694//4694 4589//4589 4704//4704 
f 4591//4591 4708//4708 4592//4592 
f 4708//4708 4591//4591 4700//4700 
f 4594//4594 4704//4704 4590//4590 
f 4708//4708 4593//4593 4592//4592 
f 4594//4594 4708//4708 4704//4704 
f 4593//4593 4708//4708 4594//4594 
f 4595//4595 4596//4596 4594//4594 
f 4593//4593 4594//4594 4596//4596 
f 4687//4687 4694//4694 4695//4695 
f 4700//4700 4628//4628 4636//4636 
f 4700//4700 4687//4687 4628//4628 
f 4700//4700 4694//4694 4687//4687 
f 4591//4591 4694//4694 4700//4700 
f 4694//4694 4595//4595 4589//4589 
f 4694//4694 4596//4596 4595//4595 
f 4596//4596 4694//4694 4591//4591 
f 4721//4721 4737//4737 4717//4717 
f 4735//4735 4717//4717 4737//4737 
f 4722//4722 4709//4709 4738//4738 
f 4725//4725 4738//4738 4709//4709 
f 4711//4711 4726//4726 4710//4710 
f 4726//4726 4711//4711 4727//4727 
f 4712//4712 4718//4718 4728//4728 
f 4736//4736 4728//4728 4718//4718 
f 4719//4719 4739//4739 4723//4723 
f 4739//4739 4719//4719 4733//4733 
f 4740//4740 4713//4713 4724//4724 
f 4713//4713 4740//4740 4729//4729 
f 4714//4714 4730//4730 4715//4715 
f 4731//4731 4715//4715 4730//4730 
f 4720//4720 4716//4716 4734//4734 
f 4732//4732 4734//4734 4716//4716 
f 4569//4569 4570//4570 4538//4538 
f 4539//4539 4538//4538 4570//4570 
f 4597//4597 4547//4547 4598//4598 
f 4547//4547 4597//4597 4546//4546 
f 4574//4574 4599//4599 4600//4600 
f 4599//4599 4574//4574 4571//4571 
f 4743//4743 4601//4601 4741//4741 
f 4601//4601 4743//4743 4602//4602 
f 4745//4745 4603//4603 4747//4747 
f 4604//4604 4747//4747 4603//4603 
f 4751//4751 4753//4753 4749//4749 
f 4753//4753 4751//4751 4755//4755 
f 4605//4605 4750//4750 4606//4606 
f 4750//4750 4605//4605 4742//4742 
f 4608//4608 4754//4754 4607//4607 
f 4746//4746 4607//4607 4754//4754 
f 4610//4610 4754//4754 4608//4608 
f 4750//4750 4609//4609 4606//4606 
f 4754//4754 4609//4609 4750//4750 
f 4754//4754 4610//4610 4609//4609 
f 4609//4609 4612//4612 4611//4611 
f 4612//4612 4609//4609 4610//4610 
f 4742//4742 4624//4624 4640//4640 
f 4686//4686 4746//4746 4690//4690 
f 4624//4624 4746//4746 4686//4686 
f 4742//4742 4746//4746 4624//4624 
f 4605//4605 4746//4746 4742//4742 
f 4746//4746 4612//4612 4607//4607 
f 4746//4746 4611//4611 4612//4612 
f 4605//4605 4611//4611 4746//4746 
f 4614//4614 4752//4752 4613//4613 
f 4744//4744 4613//4613 4752//4752 
f 4615//4615 4756//4756 4616//4616 
f 4756//4756 4615//4615 4748//4748 
f 4618//4618 4752//4752 4614//4614 
f 4756//4756 4617//4617 4616//4616 
f 4752//4752 4617//4617 4756//4756 
f 4752//4752 4618//4618 4617//4617 
f 4619//4619 4620//4620 4618//4618 
f 4617//4617 4618//4618 4620//4620 
f 4748//4748 4688//4688 4696//4696 
f 4626//4626 4744//4744 4642//4642 
f 4688//4688 4744//4744 4626//4626 
f 4748//4748 4744//4744 4688//4688 
f 4615//4615 4744//4744 4748//4748 
f 4744//4744 4619//4619 4613//4613 
f 4744//4744 4620//4620 4619//4619 
f 4615//4615 4620//4620 4744//4744 
f 4769//4769 4785//4785 4765//4765 
f 4783//4783 4765//4765 4785//4785 
f 4773//4773 4786//4786 4757//4757 
f 4770//4770 4757//4757 4786//4786 
f 4759//4759 4774//4774 4758//4758 
f 4774//4774 4759//4759 4775//4775 
f 4776//4776 4760//4760 4784//4784 
f 4766//4766 4784//4784 4760//4760 
f 4767//4767 4787//4787 4771//4771 
f 4787//4787 4767//4767 4781//4781 
f 4772//4772 4777//4777 4761//4761 
f 4777//4777 4772//4772 4788//4788 
f 4762//4762 4778//4778 4763//4763 
f 4779//4779 4763//4763 4778//4778 
f 4764//4764 4780//4780 4768//4768 
f 4782//4782 4768//4768 4780//4780 
v -0.2973353862762451 0.1616666615009308 0.07999999821186066
v -0.5773502588272095 -0.3233333230018616 0.07999999821186066
v -0.5773502588272095 -0.2133333384990692 0.07999999821186066
v -0.3925981819629669 0.1066666692495346 0.07999999821186066
v -0.2973353862762451 0.1616666615009308 0.02500000037252903
v -0.4073428213596344 -0.0288718082010746 0.02500000037252903
v -0.4549742341041565 -0.0013718090485781431 0.02500000037252903
v -0.3925981819629669 0.1066666692495346 0.02500000037252903
v -0.4673428237438202 -0.13279485702514648 0.02500000037252903
v -0.5773502588272095 -0.3233333230018616 0.02500000037252903
v -0.5773502588272095 -0.2133333384990692 0.02500000037252903
v -0.5149742364883423 -0.1052948608994484 0.02500000037252903
v -0.4073428213596344 -0.0288718082010746 -0.0973493829369545
v -0.4549742341041565 -0.0013718090485781431 -0.0973493829369545
v -0.4673428237438202 -0.13279485702514648 -0.0973493829369545
v -0.5149742364883423 -0.1052948608994484 -0.0973493829369545
v -0.4108428359031677 -0.03493398800492287 -0.0868493840098381
v -0.4108428359031677 -0.03493398800492287 -0.09284938871860504
v -0.46384283900260925 -0.12673267722129822 -0.0868493840098381
v -0.46384283900260925 -0.12673267722129822 -0.09284938871860504
v -0.4138428270816803 -0.0401301383972168 -0.09284938871860504
v -0.4608428180217743 -0.12153653055429459 -0.09284938871860504
v -0.4138428270816803 -0.0401301383972168 -0.0868493840098381
v -0.4608428180217743 -0.12153653055429459 -0.0868493840098381
v -0.45847421884536743 -0.007433986756950617 -0.0868493840098381
v -0.45847421884536743 -0.007433986756950617 -0.09284938871860504
v -0.5114742517471313 -0.09923268109560013 -0.0868493840098381
v -0.5114742517471313 -0.09923268109560013 -0.09284938871860504
v -0.5084742307662964 -0.0940365269780159 -0.09284938871860504
v -0.4614742398262024 -0.012630139477550983 -0.09284938871860504
v -0.4614742398262024 -0.012630139477550983 -0.0868493840098381
v -0.5084742307662964 -0.0940365269780159 -0.0868493840098381
v -0.8573651313781738 0.1616666615009308 0.07999999821186066
v -0.7621023654937744 0.1066666692495346 0.07999999821186066
v -0.8573651313781738 0.1616666615009308 0.02500000037252903
v -0.6373502612113953 0.1616666615009308 0.02500000037252903
v -0.6373502612113953 0.1066666692495346 0.02500000037252903
v -0.7621023654937744 0.1066666692495346 0.02500000037252903
v -0.5173502564430237 0.1616666615009308 0.02500000037252903
v -0.5173502564430237 0.1066666692495346 0.02500000037252903
v -0.6373502612113953 0.1616666615009308 -0.30354058742523193
v -0.6373502612113953 0.1066666692495346 -0.30354058742523193
v -0.5173502564430237 0.1616666615009308 -0.30354058742523193
v -0.5173502564430237 0.1066666692495346 -0.30354058742523193
v -0.6303502917289734 0.1616666615009308 -0.29304060339927673
v -0.6303502917289734 0.1616666615009308 -0.2990405857563019
v -0.5243502855300903 0.1616666615009308 -0.29304060339927673
v -0.5243502855300903 0.1616666615009308 -0.2990405857563019
v -0.6243502497673035 0.1616666615009308 -0.2990405857563019
v -0.5303502678871155 0.1616666615009308 -0.2990405857563019
v -0.6243502497673035 0.1616666615009308 -0.29304060339927673
v -0.5303502678871155 0.1616666615009308 -0.29304060339927673
v -0.6303502917289734 0.1066666692495346 -0.29304060339927673
v -0.6303502917289734 0.1066666692495346 -0.2990405857563019
v -0.5243502855300903 0.1066666692495346 -0.29304060339927673
v -0.5243502855300903 0.1066666692495346 -0.2990405857563019
v -0.5303502678871155 0.1066666692495346 -0.2990405857563019
v -0.6243502497673035 0.1066666692495346 -0.2990405857563019
v -0.6243502497673035 0.1066666692495346 -0.29304060339927673
v -0.5303502678871155 0.1066666692495346 -0.29304060339927673
v -0.6873577237129211 -0.13279485702514648 0.02500000037252903
v -0.6397263407707214 -0.1052948608994484 0.02500000037252903
v -0.7473577260971069 -0.0288718082010746 0.02500000037252903
v -0.6997262835502625 -0.0013718090485781431 0.02500000037252903
v -0.6873577237129211 -0.13279485702514648 -0.13016672432422638
v -0.6397263407707214 -0.1052948608994484 -0.13016672432422638
v -0.7473577260971069 -0.0288718082010746 -0.13016672432422638
v -0.6997262835502625 -0.0013718090485781431 -0.13016672432422638
v -0.6908577084541321 -0.12673267722129822 -0.11966671794652939
v -0.6908577084541321 -0.12673267722129822 -0.12566672265529633
v -0.7438576817512512 -0.03493398800492287 -0.11966671794652939
v -0.7438576817512512 -0.03493398800492287 -0.12566672265529633
v -0.693857729434967 -0.12153653055429459 -0.12566672265529633
v -0.740857720375061 -0.0401301383972168 -0.12566672265529633
v -0.693857729434967 -0.12153653055429459 -0.11966671794652939
v -0.740857720375061 -0.0401301383972168 -0.11966671794652939
v -0.6432263255119324 -0.09923268109560013 -0.11966671794652939
v -0.6432263255119324 -0.09923268109560013 -0.12566672265529633
v -0.6962262988090515 -0.007433986756950617 -0.11966671794652939
v -0.6962262988090515 -0.007433986756950617 -0.12566672265529633
v -0.6932263374328613 -0.012630139477550983 -0.12566672265529633
v -0.6462262868881226 -0.0940365269780159 -0.12566672265529633
v -0.6462262868881226 -0.0940365269780159 -0.11966671794652939
v -0.6932263374328613 -0.012630139477550983 -0.11966671794652939
v -0.2973353862762451 0.1616666615009308 0.07999999821186066
v -0.2973353862762451 0.1616666615009308 0.07999999821186066
v -0.5773502588272095 -0.3233333230018616 0.07999999821186066
v -0.5773502588272095 -0.3233333230018616 0.07999999821186066
v -0.5773502588272095 -0.2133333384990692 0.07999999821186066
v -0.5773502588272095 -0.2133333384990692 0.07999999821186066
v -0.3925981819629669 0.1066666692495346 0.07999999821186066
v -0.3925981819629669 0.1066666692495346 0.07999999821186066
v -0.2973353862762451 0.1616666615009308 0.02500000037252903
v -0.2973353862762451 0.1616666615009308 0.02500000037252903
v -0.4073428213596344 -0.0288718082010746 0.02500000037252903
v -0.4073428213596344 -0.0288718082010746 0.02500000037252903
v -0.4549742341041565 -0.0013718090485781431 0.02500000037252903
v -0.4549742341041565 -0.0013718090485781431 0.02500000037252903
v -0.3925981819629669 0.1066666692495346 0.02500000037252903
v -0.3925981819629669 0.1066666692495346 0.02500000037252903
v -0.4673428237438202 -0.13279485702514648 0.02500000037252903
v -0.4673428237438202 -0.13279485702514648 0.02500000037252903
v -0.5773502588272095 -0.3233333230018616 0.02500000037252903
v -0.5773502588272095 -0.3233333230018616 0.02500000037252903
v -0.5773502588272095 -0.2133333384990692 0.02500000037252903
v -0.5773502588272095 -0.2133333384990692 0.02500000037252903
v -0.5149742364883423 -0.1052948608994484 0.02500000037252903
v -0.5149742364883423 -0.1052948608994484 0.02500000037252903
v -0.4073428213596344 -0.0288718082010746 -0.0973493829369545
v -0.4073428213596344 -0.0288718082010746 -0.0973493829369545
v -0.4549742341041565 -0.0013718090485781431 -0.0973493829369545
v -0.4549742341041565 -0.0013718090485781431 -0.0973493829369545
v -0.4673428237438202 -0.13279485702514648 -0.0973493829369545
v -0.4673428237438202 -0.13279485702514648 -0.0973493829369545
v -0.5149742364883423 -0.1052948608994484 -0.0973493829369545
v -0.5149742364883423 -0.1052948608994484 -0.0973493829369545
v -0.4108428359031677 -0.03493398800492287 -0.0868493840098381
v -0.4108428359031677 -0.03493398800492287 -0.0868493840098381
v -0.4108428359031677 -0.03493398800492287 -0.09284938871860504
v -0.4108428359031677 -0.03493398800492287 -0.09284938871860504
v -0.46384283900260925 -0.12673267722129822 -0.0868493840098381
v -0.46384283900260925 -0.12673267722129822 -0.0868493840098381
v -0.46384283900260925 -0.12673267722129822 -0.09284938871860504
v -0.46384283900260925 -0.12673267722129822 -0.09284938871860504
v -0.4138428270816803 -0.0401301383972168 -0.09284938871860504
v -0.4138428270816803 -0.0401301383972168 -0.09284938871860504
v -0.4608428180217743 -0.12153653055429459 -0.09284938871860504
v -0.4608428180217743 -0.12153653055429459 -0.09284938871860504
v -0.4138428270816803 -0.0401301383972168 -0.0868493840098381
v -0.4138428270816803 -0.0401301383972168 -0.0868493840098381
v -0.4608428180217743 -0.12153653055429459 -0.0868493840098381
v -0.4608428180217743 -0.12153653055429459 -0.0868493840098381
v -0.45847421884536743 -0.007433986756950617 -0.0868493840098381
v -0.45847421884536743 -0.007433986756950617 -0.0868493840098381
v -0.45847421884536743 -0.007433986756950617 -0.09284938871860504
v -0.45847421884536743 -0.007433986756950617 -0.09284938871860504
v -0.5114742517471313 -0.09923268109560013 -0.0868493840098381
v -0.5114742517471313 -0.09923268109560013 -0.0868493840098381
v -0.5114742517471313 -0.09923268109560013 -0.09284938871860504
v -0.5114742517471313 -0.09923268109560013 -0.09284938871860504
v -0.5084742307662964 -0.0940365269780159 -0.09284938871860504
v -0.5084742307662964 -0.0940365269780159 -0.09284938871860504
v -0.4614742398262024 -0.012630139477550983 -0.09284938871860504
v -0.4614742398262024 -0.012630139477550983 -0.09284938871860504
v -0.4614742398262024 -0.012630139477550983 -0.0868493840098381
v -0.4614742398262024 -0.012630139477550983 -0.0868493840098381
v -0.5084742307662964 -0.0940365269780159 -0.0868493840098381
v -0.5084742307662964 -0.0940365269780159 -0.0868493840098381
v -0.8573651313781738 0.1616666615009308 0.07999999821186066
v -0.8573651313781738 0.1616666615009308 0.07999999821186066
v -0.7621023654937744 0.1066666692495346 0.07999999821186066
v -0.7621023654937744 0.1066666692495346 0.07999999821186066
v -0.8573651313781738 0.1616666615009308 0.02500000037252903
v -0.8573651313781738 0.1616666615009308 0.02500000037252903
v -0.6373502612113953 0.1616666615009308 0.02500000037252903
v -0.6373502612113953 0.1616666615009308 0.02500000037252903
v -0.6373502612113953 0.1066666692495346 0.02500000037252903
v -0.6373502612113953 0.1066666692495346 0.02500000037252903
v -0.7621023654937744 0.1066666692495346 0.02500000037252903
v -0.7621023654937744 0.1066666692495346 0.02500000037252903
v -0.5173502564430237 0.1616666615009308 0.02500000037252903
v -0.5173502564430237 0.1616666615009308 0.02500000037252903
v -0.5173502564430237 0.1066666692495346 0.02500000037252903
v -0.5173502564430237 0.1066666692495346 0.02500000037252903
v -0.6373502612113953 0.1616666615009308 -0.30354058742523193
v -0.6373502612113953 0.1616666615009308 -0.30354058742523193
v -0.6373502612113953 0.1066666692495346 -0.30354058742523193
v -0.6373502612113953 0.1066666692495346 -0.30354058742523193
v -0.5173502564430237 0.1616666615009308 -0.30354058742523193
v -0.5173502564430237 0.1616666615009308 -0.30354058742523193
v -0.5173502564430237 0.1066666692495346 -0.30354058742523193
v -0.5173502564430237 0.1066666692495346 -0.30354058742523193
v -0.6303502917289734 0.1616666615009308 -0.29304060339927673
v -0.6303502917289734 0.1616666615009308 -0.29304060339927673
v -0.6303502917289734 0.1616666615009308 -0.2990405857563019
v -0.6303502917289734 0.1616666615009308 -0.2990405857563019
v -0.5243502855300903 0.1616666615009308 -0.29304060339927673
v -0.5243502855300903 0.1616666615009308 -0.29304060339927673
v -0.5243502855300903 0.1616666615009308 -0.2990405857563019
v -0.5243502855300903 0.1616666615009308 -0.2990405857563019
v -0.6243502497673035 0.1616666615009308 -0.2990405857563019
v -0.6243502497673035 0.1616666615009308 -0.2990405857563019
v -0.5303502678871155 0.1616666615009308 -0.2990405857563019
v -0.5303502678871155 0.1616666615009308 -0.2990405857563019
v -0.6243502497673035 0.1616666615009308 -0.29304060339927673
v -0.6243502497673035 0.1616666615009308 -0.29304060339927673
v -0.5303502678871155 0.1616666615009308 -0.29304060339927673
v -0.5303502678871155 0.1616666615009308 -0.29304060339927673
v -0.6303502917289734 0.1066666692495346 -0.29304060339927673
v -0.6303502917289734 0.1066666692495346 -0.29304060339927673
v -0.6303502917289734 0.1066666692495346 -0.2990405857563019
v -0.6303502917289734 0.1066666692495346 -0.2990405857563019
v -0.5243502855300903 0.1066666692495346 -0.29304060339927673
v -0.5243502855300903 0.1066666692495346 -0.29304060339927673
v -0.5243502855300903 0.1066666692495346 -0.2990405857563019
v -0.5243502855300903 0.1066666692495346 -0.2990405857563019
v -0.5303502678871155 0.1066666692495346 -0.2990405857563019
v -0.5303502678871155 0.1066666692495346 -0.2990405857563019
v -0.6243502497673035 0.1066666692495346 -0.2990405857563019
v -0.6243502497673035 0.1066666692495346 -0.2990405857563019
v -0.6243502497673035 0.1066666692495346 -0.29304060339927673
v -0.6243502497673035 0.1066666692495346 -0.29304060339927673
v -0.5303502678871155 0.1066666692495346 -0.29304060339927673
v -0.5303502678871155 0.1066666692495346 -0.29304060339927673
v -0.6873577237129211 -0.13279485702514648 0.02500000037252903
v -0.6873577237129211 -0.13279485702514648 0.02500000037252903
v -0.6397263407707214 -0.1052948608994484 0.02500000037252903
v -0.6397263407707214 -0.1052948608994484 0.02500000037252903
v -0.7473577260971069 -0.0288718082010746 0.02500000037252903
v -0.7473577260971069 -0.0288718082010746 0.02500000037252903
v -0.6997262835502625 -0.0013718090485781431 0.02500000037252903
v -0.6997262835502625 -0.0013718090485781431 0.02500000037252903
v -0.6873577237129211 -0.13279485702514648 -0.13016672432422638
v -0.6873577237129211 -0.13279485702514648 -0.13016672432422638
v -0.6397263407707214 -0.1052948608994484 -0.13016672432422638
v -0.6397263407707214 -0.1052948608994484 -0.13016672432422638
v -0.7473577260971069 -0.0288718082010746 -0.13016672432422638
v -0.7473577260971069 -0.0288718082010746 -0.13016672432422638
v -0.6997262835502625 -0.0013718090485781431 -0.13016672432422638
v -0.6997262835502625 -0.0013718090485781431 -0.13016672432422638
v -0.6908577084541321 -0.12673267722129822 -0.11966671794652939
v -0.6908577084541321 -0.12673267722129822 -0.11966671794652939
v -0.6908577084541321 -0.12673267722129822 -0.12566672265529633
v -0.6908577084541321 -0.12673267722129822 -0.12566672265529633
v -0.7438576817512512 -0.03493398800492287 -0.11966671794652939
v -0.7438576817512512 -0.03493398800492287 -0.11966671794652939
v -0.7438576817512512 -0.03493398800492287 -0.12566672265529633
v -0.7438576817512512 -0.03493398800492287 -0.12566672265529633
v -0.693857729434967 -0.12153653055429459 -0.12566672265529633
v -0.693857729434967 -0.12153653055429459 -0.12566672265529633
v -0.740857720375061 -0.0401301383972168 -0.12566672265529633
v -0.740857720375061 -0.0401301383972168 -0.12566672265529633
v -0.693857729434967 -0.12153653055429459 -0.11966671794652939
v -0.693857729434967 -0.12153653055429459 -0.11966671794652939
v -0.740857720375061 -0.0401301383972168 -0.11966671794652939
v -0.740857720375061 -0.0401301383972168 -0.11966671794652939
v -0.6432263255119324 -0.09923268109560013 -0.11966671794652939
v -0.6432263255119324 -0.09923268109560013 -0.11966671794652939
v -0.6432263255119324 -0.09923268109560013 -0.12566672265529633
v -0.6432263255119324 -0.09923268109560013 -0.12566672265529633
v -0.6962262988090515 -0.007433986756950617 -0.11966671794652939
v -0.6962262988090515 -0.007433986756950617 -0.11966671794652939
v -0.6962262988090515 -0.007433986756950617 -0.12566672265529633
v -0.6962262988090515 -0.007433986756950617 -0.12566672265529633
v -0.6932263374328613 -0.012630139477550983 -0.12566672265529633
v -0.6932263374328613 -0.012630139477550983 -0.12566672265529633
v -0.6462262868881226 -0.0940365269780159 -0.12566672265529633
v -0.6462262868881226 -0.0940365269780159 -0.12566672265529633
v -0.6462262868881226 -0.0940365269780159 -0.11966671794652939
v -0.6462262868881226 -0.0940365269780159 -0.11966671794652939
v -0.6932263374328613 -0.012630139477550983 -0.11966671794652939
v -0.6932263374328613 -0.012630139477550983 -0.11966671794652939
vn 0 0 -1
vn 0 0 -1
vn 0 0 -1
vn 0 0 -1
vn 0 0 1
vn 0 0 1
vn 0 0 1
vn 0 0 1
vn 0 0 1
vn 0 0 1
vn 0 0 1
vn 0 0 1
vn -0.49999988079071045 -0.8660255074501038 0
vn -0.49999988079071045 -0.8660255074501038 0
vn 0.4999998211860657 0.8660255074501038 0
vn 0.4999998211860657 0.8660255074501038 0
vn -0.8660251498222351 0.500000536441803 -2.3142017369082168e-7
vn -0.8660252690315247 0.5000002384185791 -0.0000021483256205101497
vn -0.8660255074501038 0.49999988079071045 1.1550917378144732e-7
vn -0.8660250306129456 0.5000006556510925 -0.0000043065483623649925
vn -0.8660255670547485 0.4999997615814209 -7.063564453346771e-7
vn -0.8660248517990112 0.5000010132789612 -0.000002262125917695812
vn -0.8660256266593933 0.49999961256980896 -3.67320694749651e-7
vn -0.8660250306129456 0.5000007748603821 6.825844423019589e-8
vn 0.8660255670547485 -0.4999997913837433 1.018627813209605e-7
vn 0.8660251498222351 -0.500000536441803 -0.0000037977679312461987
vn 0.8660255670547485 -0.4999997317790985 6.648351700277999e-7
vn 0.8660252094268799 -0.5000003576278687 0.00000382363850803813
vn 0.8660250902175903 -0.5000005960464478 0.0000020695717921626056
vn 0.8660250902175903 -0.5000006556510925 -0.000001570040694787167
vn 0.866024911403656 -0.5000008344650269 8.42224707753303e-8
vn 0.8660250902175903 -0.5000005960464478 6.83398923229106e-7
vn 0 0 -1
vn 0 0 -1
vn 0 0 1
vn 0 0 1
vn 0 0 1
vn 0 0 1
vn 0 0 1
vn 0 0 1
vn 1 0 0
vn 1 0 0
vn -1 0 0
vn -1 0 0
vn 0 -1 0
vn 0 -1 0
vn 0 -1 0
vn 0 -1 0
vn 0 -1 0
vn 0 -1 0
vn 0 -1 0
vn 0 -1 0
vn 0 1 0
vn 0 1 0
vn 0 1 0
vn 0 1 0
vn 0 1 0
vn 0 1 0
vn 0 1 0
vn 0 1 0
vn 0 0 1
vn 0 0 1
vn 0 0 1
vn 0 0 1
vn -0.5000000596046448 0.8660253882408142 0
vn -0.5000000596046448 0.8660253882408142 0
vn 0.49999964237213135 -0.8660256266593933 0
vn 0.49999964237213135 -0.8660256266593933 0
vn 0.8660255074501038 0.49999988079071045 8.930616246516365e-8
vn 0.8660250306129456 0.5000006556510925 -0.000004306541541154729
vn 0.8660247921943665 0.5000011920928955 -9.297228302784788e-7
vn 0.866025447845459 0.5 -0.000008361761501873843
vn 0.8660250306129456 0.5000007748603821 -0.0000016965917666311725
vn 0.8660261034965515 0.4999987781047821 -0.0000039896635826153215
vn 0.8660248517990112 0.5000010132789612 7.036555160766511e-8
vn 0.8660261034965515 0.4999987781047821 -0.0000010083977031172253
vn -0.8660266995429993 -0.4999977946281433 -0.0000010715763210100704
vn -0.8660273551940918 -0.4999966621398926 -0.0000028677382033492904
vn -0.8660269379615784 -0.4999972879886627 -6.00056964117357e-8
vn -0.866027295589447 -0.49999678134918213 0.000002893608098020195
vn -0.8660261631011963 -0.49999865889549255 -0.000001984909658858669
vn -0.8660258650779724 -0.4999992251396179 -0.0000015867096863075858
vn -0.8660261631011963 -0.49999865889549255 -0.0000012811827900804929
vn -0.8660259246826172 -0.49999910593032837 4.6306936951623356e-8
vn -0.8660253882408142 0.5 -1.6217111209471113e-8
vn 0 -1 0
vn -0.8660253882408142 0.5 7.658290890333319e-9
vn 0.8660253882408142 0.5000001192092896 -2.353484944705997e-7
vn 0.866025447845459 -0.4999999701976776 -1.809793275242555e-7
vn -0.866025447845459 -0.4999999701976776 3.5348566029824724e-7
vn 0.866025447845459 -0.5 -9.648505283621489e-8
vn 0 1 0
vn -0.8660253882408142 0.5 0
vn 0 -1 0
vn -0.49999988079071045 -0.8660255074501038 0
vn -0.8660252690315247 0.5000002980232239 2.5152505855885465e-8
vn -0.49999988079071045 -0.8660255074501038 0
vn 0.8660252094268799 -0.5000004768371582 2.961337770557293e-7
vn 0.8660253882408142 -0.5000000596046448 0
vn 0 1 0
vn 0.4999998211860657 0.8660255074501038 0
vn -0.8660253882408142 0.5000000596046448 -8.53196979733184e-8
vn -0.8660253882408142 0.5 0
vn 0.8660253286361694 0.5000001192092896 0
vn 0.8660255074501038 -0.49999988079071045 0
vn -0.8660252690315247 -0.5000002384185791 0
vn 0.4999998211860657 0.8660255074501038 0
vn 0.8660256862640381 -0.4999995231628418 -1.1928595711196976e-7
vn 0 0 1
vn -0.8660251498222351 0.5000004768371582 -0.0000013396254416875308
vn 0 0 1
vn 0.8660255670547485 -0.49999985098838806 -0.0000013929051192462794
vn 0 0 1
vn -0.866025447845459 0.49999991059303284 -0.000001569645405652409
vn 0 0 1
vn 0.8660255670547485 -0.4999997615814209 0.000001740728635013511
vn 0 0 1
vn 0.5000001192092896 0.8660253286361694 0
vn 0.5000001192092896 0.8660253286361694 0
vn 0 0 -1
vn 0 0 1
vn -0.4999998211860657 -0.8660255074501038 0
vn -0.4999998211860657 -0.8660255074501038 0
vn 0 0 -1
vn -0.49999985098838806 -0.8660255074501038 0
vn 0 0 -1
vn 0.4999999403953552 0.866025447845459 0
vn 0 0 -1
vn -0.49999985098838806 -0.8660255074501038 0
vn 0 0 1
vn 0.4999999403953552 0.866025447845459 0
vn 0 0 1
vn 0 0 1
vn 0.5000001192092896 0.8660253286361694 0
vn 0.5000001192092896 0.8660253286361694 0
vn 0 0 -1
vn 0 0 1
vn -0.4999998211860657 -0.8660255074501038 0
vn -0.4999998211860657 -0.8660255074501038 0
vn 0 0 -1
vn 0.4999999403953552 0.866025447845459 0
vn 0 0 -1
vn -0.49999985098838806 -0.8660255074501038 0
vn 0 0 -1
vn -0.49999985098838806 -0.8660255074501038 0
vn 0 0 1
vn 0.4999999403953552 0.866025447845459 0
vn 0 0 1
vn 0 -1 0
vn 0.866025447845459 0.4999999701976776 -3.430790513903048e-7
vn 0 1 0
vn -0.8660253286361694 -0.5000001192092896 -2.519008432955161e-7
vn 0 -1 0
vn 0.8660255074501038 0.49999991059303284 0
vn 1 0 0
vn 0 -1 0
vn 1 0 0
vn 0 1 0
vn 0 1 0
vn -0.8660252690315247 -0.5000002384185791 0
vn -1 0 0
vn 0 -1 0
vn -1 0 0
vn 0 1 0
vn 0 0 1
vn 0 -1 0
vn 0 0 1
vn 0 1 0
vn 0 0 1
vn 0 -1 0
vn 0 0 1
vn 0 1 0
vn 0 0 1
vn -1 0 0
vn -1 0 0
vn 0 0 -1
vn 0 0 1
vn 1 0 0
vn 1 0 0
vn 0 0 -1
vn 1 0 0
vn 0 0 -1
vn -1 0 0
vn 0 0 -1
vn 1 0 0
vn 0 0 1
vn -1 0 0
vn 0 0 1
vn 0 0 1
vn -1 0 0
vn -1 0 0
vn 0 0 -1
vn 0 0 1
vn 1 0 0
vn 1 0 0
vn 0 0 -1
vn -1 0 0
vn 0 0 -1
vn 1 0 0
vn 0 0 -1
vn 1 0 0
vn 0 0 1
vn -1 0 0
vn 0 0 1
vn -0.5000000596046448 0.8660253882408142 0
vn 0.8660256862640381 0.49999961256980896 -5.671290068676171e-7
vn -0.5000000596046448 0.8660253882408142 0
vn -0.8660257458686829 -0.49999943375587463 3.716865819569648e-7
vn 0.49999964237213135 -0.8660256266593933 0
vn 0.8660247921943665 0.5000011920928955 -7.516567279708397e-8
vn 0.49999964237213135 -0.8660256266593933 0
vn -0.8660262227058411 -0.4999985694885254 -3.8007758007552184e-7
vn 0 0 1
vn 0.866025447845459 0.49999991059303284 -0.0000015696430182288168
vn 0 0 1
vn -0.8660266995429993 -0.4999977946281433 9.520992989564547e-7
vn 0 0 1
vn 0.8660247325897217 0.5000011920928955 -0.000004446342700248351
vn 0 0 1
vn -0.8660263419151306 -0.49999842047691345 7.178290957199351e-7
vn 0 0 1
vn 0.5000000596046448 -0.8660253882408142 0
vn 0.5000000596046448 -0.8660253882408142 0
vn 0 0 -1
vn 0 0 1
vn -0.5000001192092896 0.8660253286361694 0
vn -0.5000001192092896 0.8660253286361694 0
vn 0 0 -1
vn -0.4999997019767761 0.8660255670547485 0
vn 0 0 -1
vn 0.5000001192092896 -0.8660253286361694 0
vn 0 0 -1
vn -0.4999997019767761 0.8660255670547485 0
vn 0 0 1
vn 0.5000001192092896 -0.8660253286361694 0
vn 0 0 1
vn 0 0 1
vn 0.5000000596046448 -0.8660253882408142 0
vn 0.5000000596046448 -0.8660253882408142 0
vn 0 0 -1
vn 0 0 1
vn -0.5000001192092896 0.8660253286361694 0
vn -0.5000001192092896 0.8660253286361694 0
vn 0 0 -1
vn 0.5000001192092896 -0.8660253286361694 0
vn 0 0 -1
vn -0.4999997019767761 0.8660255670547485 0
vn 0 0 -1
vn -0.4999997019767761 0.8660255670547485 0
vn 0 0 1
vn 0.5000001192092896 -0.8660253286361694 0
vn 0 0 1

g grp4789
usemtl mtl4789
f 4789//4789 4790//4790 4792//4792 
f 4791//4791 4792//4792 4790//4790 
f 4794//4794 4796//4796 4795//4795 
f 4796//4796 4794//4794 4793//4793 
f 4799//4799 4797//4797 4800//4800 
f 4797//4797 4799//4799 4798//4798 
f 4885//4885 4801//4801 4883//4883 
f 4801//4801 4885//4885 4802//4802 
f 4889//4889 4803//4803 4895//4895 
f 4804//4804 4895//4895 4803//4803 
f 4899//4899 4901//4901 4897//4897 
f 4899//4899 4903//4903 4901//4901 
f 4805//4805 4898//4898 4806//4806 
f 4884//4884 4898//4898 4805//4805 
f 4808//4808 4902//4902 4807//4807 
f 4890//4890 4807//4807 4902//4902 
f 4810//4810 4902//4902 4808//4808 
f 4898//4898 4809//4809 4806//4806 
f 4902//4902 4809//4809 4898//4898 
f 4809//4809 4902//4902 4810//4810 
f 4809//4809 4812//4812 4811//4811 
f 4812//4812 4809//4809 4810//4810 
f 4875//4875 4890//4890 4891//4891 
f 4884//4884 4873//4873 4881//4881 
f 4884//4884 4875//4875 4873//4873 
f 4884//4884 4890//4890 4875//4875 
f 4805//4805 4890//4890 4884//4884 
f 4890//4890 4812//4812 4807//4807 
f 4890//4890 4811//4811 4812//4812 
f 4811//4811 4890//4890 4805//4805 
f 4814//4814 4900//4900 4813//4813 
f 4813//4813 4900//4900 4886//4886 
f 4815//4815 4904//4904 4816//4816 
f 4904//4904 4815//4815 4896//4896 
f 4818//4818 4900//4900 4814//4814 
f 4904//4904 4817//4817 4816//4816 
f 4900//4900 4817//4817 4904//4904 
f 4817//4817 4900//4900 4818//4818 
f 4819//4819 4820//4820 4818//4818 
f 4817//4817 4818//4818 4820//4820 
f 4896//4896 4877//4877 4893//4893 
f 4879//4879 4886//4886 4887//4887 
f 4877//4877 4886//4886 4879//4879 
f 4896//4896 4886//4886 4877//4877 
f 4815//4815 4886//4886 4896//4896 
f 4886//4886 4819//4819 4813//4813 
f 4886//4886 4820//4820 4819//4819 
f 4820//4820 4886//4886 4815//4815 
f 4917//4917 4933//4933 4913//4913 
f 4931//4931 4913//4913 4933//4933 
f 4934//4934 4918//4918 4921//4921 
f 4905//4905 4921//4921 4918//4918 
f 4907//4907 4922//4922 4906//4906 
f 4922//4922 4907//4907 4923//4923 
f 4932//4932 4924//4924 4914//4914 
f 4908//4908 4914//4914 4924//4924 
f 4915//4915 4935//4935 4919//4919 
f 4935//4935 4915//4915 4929//4929 
f 4909//4909 4936//4936 4925//4925 
f 4936//4936 4909//4909 4920//4920 
f 4910//4910 4926//4926 4911//4911 
f 4927//4927 4911//4911 4926//4926 
f 4928//4928 4930//4930 4912//4912 
f 4916//4916 4912//4912 4930//4930 
f 4789//4789 4792//4792 4821//4821 
f 4821//4821 4792//4792 4822//4822 
f 4824//4824 4826//4826 4825//4825 
f 4823//4823 4826//4826 4824//4824 
f 4796//4796 4827//4827 4828//4828 
f 4827//4827 4796//4796 4793//4793 
f 4945//4945 4829//4829 4943//4943 
f 4829//4829 4945//4945 4830//4830 
f 4949//4949 4831//4831 4951//4951 
f 4832//4832 4951//4951 4831//4831 
f 4955//4955 4957//4957 4953//4953 
f 4957//4957 4955//4955 4959//4959 
f 4833//4833 4954//4954 4834//4834 
f 4944//4944 4954//4954 4833//4833 
f 4836//4836 4958//4958 4835//4835 
f 4950//4950 4835//4835 4958//4958 
f 4954//4954 4837//4837 4834//4834 
f 4838//4838 4958//4958 4836//4836 
f 4958//4958 4837//4837 4954//4954 
f 4837//4837 4958//4958 4838//4838 
f 4837//4837 4840//4840 4839//4839 
f 4840//4840 4837//4837 4838//4838 
f 4874//4874 4950//4950 4882//4882 
f 4944//4944 4937//4937 4941//4941 
f 4937//4937 4950//4950 4874//4874 
f 4944//4944 4950//4950 4937//4937 
f 4944//4944 4835//4835 4950//4950 
f 4839//4839 4944//4944 4833//4833 
f 4840//4840 4944//4944 4839//4839 
f 4944//4944 4840//4840 4835//4835 
f 4842//4842 4956//4956 4841//4841 
f 4841//4841 4956//4956 4946//4946 
f 4843//4843 4960//4960 4844//4844 
f 4960//4960 4843//4843 4952//4952 
f 4846//4846 4956//4956 4842//4842 
f 4960//4960 4845//4845 4844//4844 
f 4846//4846 4960//4960 4956//4956 
f 4960//4960 4846//4846 4845//4845 
f 4847//4847 4848//4848 4846//4846 
f 4845//4845 4846//4846 4848//4848 
f 4952//4952 4880//4880 4888//4888 
f 4939//4939 4946//4946 4947//4947 
f 4880//4880 4946//4946 4939//4939 
f 4952//4952 4946//4946 4880//4880 
f 4843//4843 4946//4946 4952//4952 
f 4946//4946 4847//4847 4841//4841 
f 4946//4946 4848//4848 4847//4847 
f 4848//4848 4946//4946 4843//4843 
f 4973//4973 4989//4989 4969//4969 
f 4987//4987 4969//4969 4989//4989 
f 4974//4974 4961//4961 4990//4990 
f 4977//4977 4990//4990 4961//4961 
f 4963//4963 4978//4978 4962//4962 
f 4978//4978 4963//4963 4979//4979 
f 4964//4964 4970//4970 4980//4980 
f 4988//4988 4980//4980 4970//4970 
f 4971//4971 4991//4991 4975//4975 
f 4991//4991 4971//4971 4985//4985 
f 4992//4992 4965//4965 4976//4976 
f 4965//4965 4992//4992 4981//4981 
f 4966//4966 4982//4982 4967//4967 
f 4983//4983 4967//4967 4982//4982 
f 4972//4972 4968//4968 4986//4986 
f 4984//4984 4986//4986 4968//4968 
f 4790//4790 4821//4821 4791//4791 
f 4791//4791 4821//4821 4822//4822 
f 4849//4849 4799//4799 4850//4850 
f 4799//4799 4849//4849 4798//4798 
f 4826//4826 4851//4851 4852//4852 
f 4851//4851 4826//4826 4823//4823 
f 4995//4995 4853//4853 4993//4993 
f 4854//4854 4853//4853 4995//4995 
f 4997//4997 4855//4855 4999//4999 
f 4999//4999 4855//4855 4856//4856 
f 5001//5001 5007//5007 5005//5005 
f 5001//5001 5003//5003 5007//5007 
f 4857//4857 5002//5002 4858//4858 
f 5002//5002 4857//4857 4994//4994 
f 4860//4860 5006//5006 4859//4859 
f 4859//4859 5006//5006 4998//4998 
f 5002//5002 4861//4861 4858//4858 
f 4862//4862 5006//5006 4860//4860 
f 4862//4862 5002//5002 5006//5006 
f 5002//5002 4862//4862 4861//4861 
f 4861//4861 4864//4864 4863//4863 
f 4864//4864 4861//4861 4862//4862 
f 4938//4938 4998//4998 4942//4942 
f 4994//4994 4876//4876 4892//4892 
f 4994//4994 4938//4938 4876//4876 
f 4994//4994 4998//4998 4938//4938 
f 4994//4994 4859//4859 4998//4998 
f 4863//4863 4994//4994 4857//4857 
f 4864//4864 4994//4994 4863//4863 
f 4864//4864 4859//4859 4994//4994 
f 4866//4866 5004//5004 4865//4865 
f 4996//4996 4865//4865 5004//5004 
f 4867//4867 5008//5008 4868//4868 
f 5008//5008 4867//4867 5000//5000 
f 5008//5008 4869//4869 4868//4868 
f 4870//4870 5004//5004 4866//4866 
f 4870//4870 5008//5008 5004//5004 
f 5008//5008 4870//4870 4869//4869 
f 4871//4871 4872//4872 4870//4870 
f 4869//4869 4870//4870 4872//4872 
f 4878//4878 4996//4996 4894//4894 
f 5000//5000 4940//4940 4948//4948 
f 5000//5000 4878//4878 4940//4940 
f 5000//5000 4996//4996 4878//4878 
f 5000//5000 4865//4865 4996//4996 
f 4872//4872 5000//5000 4867//4867 
f 4871//4871 5000//5000 4872//4872 
f 5000//5000 4871//4871 4865//4865 
f 5021//5021 5037//5037 5017//5017 
f 5035//5035 5017//5017 5037//5037 
f 5009//5009 5025//5025 5022//5022 
f 5038//5038 5022//5022 5025//5025 
f 5011//5011 5026//5026 5010//5010 
f 5026//5026 5011//5011 5027//5027 
f 5012//5012 5018//5018 5028//5028 
f 5036//5036 5028//5028 5018//5018 
f 5019//5019 5039//5039 5023//5023 
f 5039//5039 5019//5019 5033//5033 
f 5013//5013 5040//5040 5029//5029 
f 5040//5040 5013//5013 5024//5024 
f 5014//5014 5030//5030 5015//5015 
f 5031//5031 5015//5015 5030//5030 
f 5032//5032 5034//5034 5016//5016 
f 5020//5020 5016//5016 5034//5034 
v -0.5686900019645691 -0.3383333384990692 0.07999999821186066
v -0.008660254068672657 -0.3383333384990692 0.07999999821186066
v -0.10392304509878159 -0.3933333456516266 0.07999999821186066
v -0.4734272062778473 -0.3933333456516266 0.07999999821186066
v -0.5686900019645691 -0.3383333384990692 0.02500000037252903
v -0.3486751317977905 -0.3383333384990692 0.02500000037252903
v -0.3486751317977905 -0.3933333456516266 0.02500000037252903
v -0.4734272062778473 -0.3933333456516266 0.02500000037252903
v -0.22867514193058014 -0.3383333384990692 0.02500000037252903
v -0.008660254068672657 -0.3383333384990692 0.02500000037252903
v -0.10392304509878159 -0.3933333456516266 0.02500000037252903
v -0.22867514193058014 -0.3933333456516266 0.02500000037252903
v -0.3486751317977905 -0.3383333384990692 -0.09866215288639069
v -0.3486751317977905 -0.3933333456516266 -0.09866215288639069
v -0.22867514193058014 -0.3383333384990692 -0.09866215288639069
v -0.22867514193058014 -0.3933333456516266 -0.09866215288639069
v -0.34167513251304626 -0.3383333384990692 -0.08816215395927429
v -0.34167513251304626 -0.3383333384990692 -0.09416215866804123
v -0.2356751412153244 -0.3383333384990692 -0.08816215395927429
v -0.2356751412153244 -0.3383333384990692 -0.09416215866804123
v -0.33567512035369873 -0.3383333384990692 -0.09416215866804123
v -0.24167513847351074 -0.3383333384990692 -0.09416215866804123
v -0.33567512035369873 -0.3383333384990692 -0.08816215395927429
v -0.24167513847351074 -0.3383333384990692 -0.08816215395927429
v -0.34167513251304626 -0.3933333456516266 -0.08816215395927429
v -0.34167513251304626 -0.3933333456516266 -0.09416215866804123
v -0.2356751412153244 -0.3933333456516266 -0.08816215395927429
v -0.2356751412153244 -0.3933333456516266 -0.09416215866804123
v -0.24167513847351074 -0.3933333456516266 -0.09416215866804123
v -0.33567512035369873 -0.3933333456516266 -0.09416215866804123
v -0.33567512035369873 -0.3933333456516266 -0.08816215395927429
v -0.24167513847351074 -0.3933333456516266 -0.08816215395927429
v -0.28867512941360474 -0.8233333230018616 0.07999999821186066
v -0.28867512941360474 -0.7133333086967468 0.07999999821186066
v -0.28867512941360474 -0.8233333230018616 0.02500000037252903
v -0.398682564496994 -0.6327948570251465 0.02500000037252903
v -0.3510511815547943 -0.6052948832511902 0.02500000037252903
v -0.28867512941360474 -0.7133333086967468 0.02500000037252903
v -0.4586825668811798 -0.5288718342781067 0.02500000037252903
v -0.4110511839389801 -0.5013718008995056 0.02500000037252903
v -0.398682564496994 -0.6327948570251465 -0.13018162548542023
v -0.3510511815547943 -0.6052948832511902 -0.13018162548542023
v -0.4586825668811798 -0.5288718342781067 -0.13018162548542023
v -0.4110511839389801 -0.5013718008995056 -0.13018162548542023
v -0.40218257904052734 -0.6267327070236206 -0.11968162655830383
v -0.40218257904052734 -0.6267327070236206 -0.12568162381649017
v -0.45518258213996887 -0.5349339842796326 -0.11968162655830383
v -0.45518258213996887 -0.5349339842796326 -0.12568162381649017
v -0.4051825702190399 -0.6215365529060364 -0.12568162381649017
v -0.4521825611591339 -0.5401301383972168 -0.12568162381649017
v -0.4051825702190399 -0.6215365529060364 -0.11968162655830383
v -0.4521825611591339 -0.5401301383972168 -0.11968162655830383
v -0.35455116629600525 -0.5992326736450195 -0.11968162655830383
v -0.35455116629600525 -0.5992326736450195 -0.12568162381649017
v -0.4075511693954468 -0.5074340105056763 -0.11968162655830383
v -0.4075511693954468 -0.5074340105056763 -0.12568162381649017
v -0.4045511782169342 -0.5126301646232605 -0.12568162381649017
v -0.3575511872768402 -0.5940365195274353 -0.12568162381649017
v -0.3575511872768402 -0.5940365195274353 -0.11968162655830383
v -0.4045511782169342 -0.5126301646232605 -0.11968162655830383
v -0.11866769194602966 -0.5288718342781067 0.02500000037252903
v -0.16629908978939056 -0.5013718008995056 0.02500000037252903
v -0.17866769433021545 -0.6327948570251465 0.02500000037252903
v -0.22629909217357635 -0.6052948832511902 0.02500000037252903
v -0.11866769194602966 -0.5288718342781067 -0.20115071535110474
v -0.16629908978939056 -0.5013718008995056 -0.20115071535110474
v -0.17866769433021545 -0.6327948570251465 -0.20115071535110474
v -0.22629909217357635 -0.6052948832511902 -0.20115071535110474
v -0.1221676915884018 -0.5349339842796326 -0.19065071642398834
v -0.1221676915884018 -0.5349339842796326 -0.19665071368217468
v -0.17516769468784332 -0.6267327070236206 -0.19065071642398834
v -0.17516769468784332 -0.6267327070236206 -0.19665071368217468
v -0.12516769766807556 -0.5401301383972168 -0.19665071368217468
v -0.17216768860816956 -0.6215365529060364 -0.19665071368217468
v -0.12516769766807556 -0.5401301383972168 -0.19065071642398834
v -0.17216768860816956 -0.6215365529060364 -0.19065071642398834
v -0.1697990894317627 -0.5074340105056763 -0.19065071642398834
v -0.1697990894317627 -0.5074340105056763 -0.19665071368217468
v -0.22279909253120422 -0.5992326736450195 -0.19065071642398834
v -0.22279909253120422 -0.5992326736450195 -0.19665071368217468
v -0.21979908645153046 -0.5940365195274353 -0.19665071368217468
v -0.17279909551143646 -0.5126301646232605 -0.19665071368217468
v -0.17279909551143646 -0.5126301646232605 -0.19065071642398834
v -0.21979908645153046 -0.5940365195274353 -0.19065071642398834
v -0.5686900019645691 -0.3383333384990692 0.07999999821186066
v -0.5686900019645691 -0.3383333384990692 0.07999999821186066
v -0.008660254068672657 -0.3383333384990692 0.07999999821186066
v -0.008660254068672657 -0.3383333384990692 0.07999999821186066
v -0.10392304509878159 -0.3933333456516266 0.07999999821186066
v -0.10392304509878159 -0.3933333456516266 0.07999999821186066
v -0.4734272062778473 -0.3933333456516266 0.07999999821186066
v -0.4734272062778473 -0.3933333456516266 0.07999999821186066
v -0.5686900019645691 -0.3383333384990692 0.02500000037252903
v -0.5686900019645691 -0.3383333384990692 0.02500000037252903
v -0.3486751317977905 -0.3383333384990692 0.02500000037252903
v -0.3486751317977905 -0.3383333384990692 0.02500000037252903
v -0.3486751317977905 -0.3933333456516266 0.02500000037252903
v -0.3486751317977905 -0.3933333456516266 0.02500000037252903
v -0.4734272062778473 -0.3933333456516266 0.02500000037252903
v -0.4734272062778473 -0.3933333456516266 0.02500000037252903
v -0.22867514193058014 -0.3383333384990692 0.02500000037252903
v -0.22867514193058014 -0.3383333384990692 0.02500000037252903
v -0.008660254068672657 -0.3383333384990692 0.02500000037252903
v -0.008660254068672657 -0.3383333384990692 0.02500000037252903
v -0.10392304509878159 -0.3933333456516266 0.02500000037252903
v -0.10392304509878159 -0.3933333456516266 0.02500000037252903
v -0.22867514193058014 -0.3933333456516266 0.02500000037252903
v -0.22867514193058014 -0.3933333456516266 0.02500000037252903
v -0.3486751317977905 -0.3383333384990692 -0.09866215288639069
v -0.3486751317977905 -0.3383333384990692 -0.09866215288639069
v -0.3486751317977905 -0.3933333456516266 -0.09866215288639069
v -0.3486751317977905 -0.3933333456516266 -0.09866215288639069
v -0.22867514193058014 -0.3383333384990692 -0.09866215288639069
v -0.22867514193058014 -0.3383333384990692 -0.09866215288639069
v -0.22867514193058014 -0.3933333456516266 -0.09866215288639069
v -0.22867514193058014 -0.3933333456516266 -0.09866215288639069
v -0.34167513251304626 -0.3383333384990692 -0.08816215395927429
v -0.34167513251304626 -0.3383333384990692 -0.08816215395927429
v -0.34167513251304626 -0.3383333384990692 -0.09416215866804123
v -0.34167513251304626 -0.3383333384990692 -0.09416215866804123
v -0.2356751412153244 -0.3383333384990692 -0.08816215395927429
v -0.2356751412153244 -0.3383333384990692 -0.08816215395927429
v -0.2356751412153244 -0.3383333384990692 -0.09416215866804123
v -0.2356751412153244 -0.3383333384990692 -0.09416215866804123
v -0.33567512035369873 -0.3383333384990692 -0.09416215866804123
v -0.33567512035369873 -0.3383333384990692 -0.09416215866804123
v -0.24167513847351074 -0.3383333384990692 -0.09416215866804123
v -0.24167513847351074 -0.3383333384990692 -0.09416215866804123
v -0.33567512035369873 -0.3383333384990692 -0.08816215395927429
v -0.33567512035369873 -0.3383333384990692 -0.08816215395927429
v -0.24167513847351074 -0.3383333384990692 -0.08816215395927429
v -0.24167513847351074 -0.3383333384990692 -0.08816215395927429
v -0.34167513251304626 -0.3933333456516266 -0.08816215395927429
v -0.34167513251304626 -0.3933333456516266 -0.08816215395927429
v -0.34167513251304626 -0.3933333456516266 -0.09416215866804123
v -0.34167513251304626 -0.3933333456516266 -0.09416215866804123
v -0.2356751412153244 -0.3933333456516266 -0.08816215395927429
v -0.2356751412153244 -0.3933333456516266 -0.08816215395927429
v -0.2356751412153244 -0.3933333456516266 -0.09416215866804123
v -0.2356751412153244 -0.3933333456516266 -0.09416215866804123
v -0.24167513847351074 -0.3933333456516266 -0.09416215866804123
v -0.24167513847351074 -0.3933333456516266 -0.09416215866804123
v -0.33567512035369873 -0.3933333456516266 -0.09416215866804123
v -0.33567512035369873 -0.3933333456516266 -0.09416215866804123
v -0.33567512035369873 -0.3933333456516266 -0.08816215395927429
v -0.33567512035369873 -0.3933333456516266 -0.08816215395927429
v -0.24167513847351074 -0.3933333456516266 -0.08816215395927429
v -0.24167513847351074 -0.3933333456516266 -0.08816215395927429
v -0.28867512941360474 -0.8233333230018616 0.07999999821186066
v -0.28867512941360474 -0.8233333230018616 0.07999999821186066
v -0.28867512941360474 -0.7133333086967468 0.07999999821186066
v -0.28867512941360474 -0.7133333086967468 0.07999999821186066
v -0.28867512941360474 -0.8233333230018616 0.02500000037252903
v -0.28867512941360474 -0.8233333230018616 0.02500000037252903
v -0.398682564496994 -0.6327948570251465 0.02500000037252903
v -0.398682564496994 -0.6327948570251465 0.02500000037252903
v -0.3510511815547943 -0.6052948832511902 0.02500000037252903
v -0.3510511815547943 -0.6052948832511902 0.02500000037252903
v -0.28867512941360474 -0.7133333086967468 0.02500000037252903
v -0.28867512941360474 -0.7133333086967468 0.02500000037252903
v -0.4586825668811798 -0.5288718342781067 0.02500000037252903
v -0.4586825668811798 -0.5288718342781067 0.02500000037252903
v -0.4110511839389801 -0.5013718008995056 0.02500000037252903
v -0.4110511839389801 -0.5013718008995056 0.02500000037252903
v -0.398682564496994 -0.6327948570251465 -0.13018162548542023
v -0.398682564496994 -0.6327948570251465 -0.13018162548542023
v -0.3510511815547943 -0.6052948832511902 -0.13018162548542023
v -0.3510511815547943 -0.6052948832511902 -0.13018162548542023
v -0.4586825668811798 -0.5288718342781067 -0.13018162548542023
v -0.4586825668811798 -0.5288718342781067 -0.13018162548542023
v -0.4110511839389801 -0.5013718008995056 -0.13018162548542023
v -0.4110511839389801 -0.5013718008995056 -0.13018162548542023
v -0.40218257904052734 -0.6267327070236206 -0.11968162655830383
v -0.40218257904052734 -0.6267327070236206 -0.11968162655830383
v -0.40218257904052734 -0.6267327070236206 -0.12568162381649017
v -0.40218257904052734 -0.6267327070236206 -0.12568162381649017
v -0.45518258213996887 -0.5349339842796326 -0.11968162655830383
v -0.45518258213996887 -0.5349339842796326 -0.11968162655830383
v -0.45518258213996887 -0.5349339842796326 -0.12568162381649017
v -0.45518258213996887 -0.5349339842796326 -0.12568162381649017
v -0.4051825702190399 -0.6215365529060364 -0.12568162381649017
v -0.4051825702190399 -0.6215365529060364 -0.12568162381649017
v -0.4521825611591339 -0.5401301383972168 -0.12568162381649017
v -0.4521825611591339 -0.5401301383972168 -0.12568162381649017
v -0.4051825702190399 -0.6215365529060364 -0.11968162655830383
v -0.4051825702190399 -0.6215365529060364 -0.11968162655830383
v -0.4521825611591339 -0.5401301383972168 -0.11968162655830383
v -0.4521825611591339 -0.5401301383972168 -0.11968162655830383
v -0.35455116629600525 -0.5992326736450195 -0.11968162655830383
v -0.35455116629600525 -0.5992326736450195 -0.11968162655830383
v -0.35455116629600525 -0.5992326736450195 -0.12568162381649017
v -0.35455116629600525 -0.5992326736450195 -0.12568162381649017
v -0.4075511693954468 -0.5074340105056763 -0.11968162655830383
v -0.4075511693954468 -0.5074340105056763 -0.11968162655830383
v -0.4075511693954468 -0.5074340105056763 -0.12568162381649017
v -0.4075511693954468 -0.5074340105056763 -0.12568162381649017
v -0.4045511782169342 -0.5126301646232605 -0.12568162381649017
v -0.4045511782169342 -0.5126301646232605 -0.12568162381649017
v -0.3575511872768402 -0.5940365195274353 -0.12568162381649017
v -0.3575511872768402 -0.5940365195274353 -0.12568162381649017
v -0.3575511872768402 -0.5940365195274353 -0.11968162655830383
v -0.3575511872768402 -0.5940365195274353 -0.11968162655830383
v -0.4045511782169342 -0.5126301646232605 -0.11968162655830383
v -0.4045511782169342 -0.5126301646232605 -0.11968162655830383
v -0.11866769194602966 -0.5288718342781067 0.02500000037252903
v -0.11866769194602966 -0.5288718342781067 0.02500000037252903
v -0.16629908978939056 -0.5013718008995056 0.02500000037252903
v -0.16629908978939056 -0.5013718008995056 0.02500000037252903
v -0.17866769433021545 -0.6327948570251465 0.02500000037252903
v -0.17866769433021545 -0.6327948570251465 0.02500000037252903
v -0.22629909217357635 -0.6052948832511902 0.02500000037252903
v -0.22629909217357635 -0.6052948832511902 0.02500000037252903
v -0.11866769194602966 -0.5288718342781067 -0.20115071535110474
v -0.11866769194602966 -0.5288718342781067 -0.20115071535110474
v -0.16629908978939056 -0.5013718008995056 -0.20115071535110474
v -0.16629908978939056 -0.5013718008995056 -0.20115071535110474
v -0.17866769433021545 -0.6327948570251465 -0.20115071535110474
v -0.17866769433021545 -0.6327948570251465 -0.20115071535110474
v -0.22629909217357635 -0.6052948832511902 -0.20115071535110474
v -0.22629909217357635 -0.6052948832511902 -0.20115071535110474
v -0.1221676915884018 -0.5349339842796326 -0.19065071642398834
v -0.1221676915884018 -0.5349339842796326 -0.19065071642398834
v -0.1221676915884018 -0.5349339842796326 -0.19665071368217468
v -0.1221676915884018 -0.5349339842796326 -0.19665071368217468
v -0.17516769468784332 -0.6267327070236206 -0.19065071642398834
v -0.17516769468784332 -0.6267327070236206 -0.19065071642398834
v -0.17516769468784332 -0.6267327070236206 -0.19665071368217468
v -0.17516769468784332 -0.6267327070236206 -0.19665071368217468
v -0.12516769766807556 -0.5401301383972168 -0.19665071368217468
v -0.12516769766807556 -0.5401301383972168 -0.19665071368217468
v -0.17216768860816956 -0.6215365529060364 -0.19665071368217468
v -0.17216768860816956 -0.6215365529060364 -0.19665071368217468
v -0.12516769766807556 -0.5401301383972168 -0.19065071642398834
v -0.12516769766807556 -0.5401301383972168 -0.19065071642398834
v -0.17216768860816956 -0.6215365529060364 -0.19065071642398834
v -0.17216768860816956 -0.6215365529060364 -0.19065071642398834
v -0.1697990894317627 -0.5074340105056763 -0.19065071642398834
v -0.1697990894317627 -0.5074340105056763 -0.19065071642398834
v -0.1697990894317627 -0.5074340105056763 -0.19665071368217468
v -0.1697990894317627 -0.5074340105056763 -0.19665071368217468
v -0.22279909253120422 -0.5992326736450195 -0.19065071642398834
v -0.22279909253120422 -0.5992326736450195 -0.19065071642398834
v -0.22279909253120422 -0.5992326736450195 -0.19665071368217468
v -0.22279909253120422 -0.5992326736450195 -0.19665071368217468
v -0.21979908645153046 -0.5940365195274353 -0.19665071368217468
v -0.21979908645153046 -0.5940365195274353 -0.19665071368217468
v -0.17279909551143646 -0.5126301646232605 -0.19665071368217468
v -0.17279909551143646 -0.5126301646232605 -0.19665071368217468
v -0.17279909551143646 -0.5126301646232605 -0.19065071642398834
v -0.17279909551143646 -0.5126301646232605 -0.19065071642398834
v -0.21979908645153046 -0.5940365195274353 -0.19065071642398834
v -0.21979908645153046 -0.5940365195274353 -0.19065071642398834
vn 0 0 -1
vn 0 0 -1
vn 0 0 -1
vn 0 0 -1
vn 0 0 1
vn 0 0 1
vn 0 0 1
vn 0 0 1
vn 0 0 1
vn 0 0 1
vn 0 0 1
vn 0 0 1
vn 1 0 0
vn 1 0 0
vn -1 0 0
vn -1 0 0
vn 0 -1 0
vn 0 -1 0
vn 0 -1 0
vn 0 -1 0
vn 0 -1 0
vn 0 -1 0
vn 0 -1 0
vn 0 -1 0
vn 0 1 0
vn 0 1 0
vn 0 1 0
vn 0 1 0
vn 0 1 0
vn 0 1 0
vn 0 1 0
vn 0 1 0
vn 0 0 -1
vn 0 0 -1
vn 0 0 1
vn 0 0 1
vn 0 0 1
vn 0 0 1
vn 0 0 1
vn 0 0 1
vn -0.4999997615814209 0.8660255670547485 0
vn -0.4999997615814209 0.8660255670547485 0
vn 0.5000005960464478 -0.8660250902175903 0
vn 0.5000005960464478 -0.8660250902175903 0
vn 0.8660246133804321 0.5000013709068298 2.118675155315941e-7
vn 0.8660248517990112 0.500001072883606 0.000004045456080348231
vn 0.866024911403656 0.5000008940696716 -4.4952642497264605e-8
vn 0.8660246729850769 0.5000013709068298 0.00000216794001062226
vn 0.8660255670547485 0.49999967217445374 0.0000014165218544803793
vn 0.8660250306129456 0.5000007152557373 -1.0594280297482328e-7
vn 0.8660257458686829 0.4999994933605194 3.898038585248287e-7
vn 0.8660251498222351 0.500000536441803 2.4713389112918094e-9
vn -0.8660263419151306 -0.49999842047691345 -1.1361483842620146e-7
vn -0.8660257458686829 -0.4999994933605194 0.00000547932449990185
vn -0.8660257458686829 -0.499999463558197 2.603599398298684e-7
vn -0.8660259246826172 -0.49999919533729553 7.340960337387514e-7
vn -0.8660256266593933 -0.49999961256980896 -4.7224864374584286e-7
vn -0.8660251498222351 -0.5000004768371582 0.0000020667152966780122
vn -0.866024911403656 -0.5000009536743164 -1.435247298786635e-7
vn -0.8660255670547485 -0.4999997913837433 2.337346671765772e-7
vn 0 0 1
vn 0 0 1
vn 0 0 1
vn 0 0 1
vn -0.5000004768371582 -0.8660251498222351 0
vn -0.5000004768371582 -0.8660251498222351 0
vn 0.49999964237213135 0.8660256266593933 0
vn 0.49999964237213135 0.8660256266593933 0
vn -0.8660246729850769 0.5000013709068298 1.3059374914803357e-8
vn -0.8660247325897217 0.5000011920928955 -9.387541695105028e-7
vn -0.8660248517990112 0.500001072883606 -1.0968802399702327e-7
vn -0.8660247325897217 0.5000011920928955 9.387541695105028e-7
vn -0.8660253882408142 0.5000000596046448 -1.738412862550831e-7
vn -0.8660253882408142 0.5000000596046448 0.0000021770720195490867
vn -0.8660253882408142 0.5000000596046448 4.5429146666720044e-8
vn -0.8660253882408142 0.5 -7.065008844620024e-8
vn 0.8660259246826172 -0.49999916553497314 -7.715409822139918e-8
vn 0.8660258054733276 -0.49999934434890747 -0.000002372617927903775
vn 0.8660261034965515 -0.49999889731407166 -3.30064118259088e-8
vn 0.8660258054733276 -0.49999934434890747 0.000002372617927903775
vn 0.8660253286361694 -0.5000001192092896 0.0000010300411759089911
vn 0.8660253286361694 -0.5000001788139343 -0.000001907543492052355
vn 0.8660252690315247 -0.5000002980232239 -1.4663665126590786e-7
vn 0.8660253286361694 -0.5000002384185791 -3.98048740635204e-8
vn 0 -1 0
vn 0.866025447845459 0.4999999701976776 -1.3474908655553008e-7
vn 0 -1 0
vn -0.866025447845459 0.4999999701976776 -1.2139400951127755e-7
vn 0 1 0
vn 0.8660253882408142 -0.5000001192092896 -5.4192934584307295e-8
vn 0 1 0
vn -0.866025447845459 -0.4999999701976776 1.0197723554483673e-7
vn 0 -1 0
vn 0.866025447845459 0.4999999403953552 0
vn 1 0 0
vn 0 -1 0
vn 1 0 0
vn 0 1 0
vn 0 1 0
vn -0.866025447845459 -0.4999999403953552 0
vn -1 0 0
vn 0 -1 0
vn 0 -1 0
vn -0.866025447845459 0.4999999403953552 0
vn 0 1 0
vn 0.8660253882408142 -0.5000001192092896 0
vn -1 0 0
vn 0 1 0
vn 0 0 1
vn 0 -1 0
vn 0 0 1
vn 0 1 0
vn 0 0 1
vn 0 -1 0
vn 0 0 1
vn 0 1 0
vn 0 0 1
vn -1 0 0
vn -1 0 0
vn 0 0 -1
vn 0 0 1
vn 1 0 0
vn 1 0 0
vn 0 0 -1
vn 1 0 0
vn 0 0 -1
vn -1 0 0
vn 0 0 -1
vn 1 0 0
vn 0 0 1
vn -1 0 0
vn 0 0 1
vn 0 0 1
vn -1 0 0
vn -1 0 0
vn 0 0 -1
vn 0 0 1
vn 1 0 0
vn 1 0 0
vn 0 0 -1
vn -1 0 0
vn 0 0 -1
vn 1 0 0
vn 0 0 -1
vn 1 0 0
vn 0 0 1
vn -1 0 0
vn 0 0 1
vn 0.8660253882408142 0.5000000596046448 7.351919606435331e-8
vn -0.8660253882408142 0.5000000596046448 8.242258076052167e-8
vn -0.8660253882408142 -0.5000000596046448 3.618799553350982e-7
vn 0.8660253882408142 -0.5000000596046448 1.7955568409888656e-7
vn 0.8660253882408142 0.5 0
vn -0.8660253882408142 0.5 0
vn -0.4999997615814209 0.8660255670547485 0
vn 0.866024911403656 0.5000009536743164 7.821440561883719e-8
vn -0.4999997615814209 0.8660255670547485 0
vn -0.8660255670547485 -0.4999997019767761 2.1322158261227742e-7
vn -0.8660252690315247 -0.5000002384185791 0
vn 0.8660253286361694 -0.5000001192092896 0
vn 0.5000005960464478 -0.8660250902175903 0
vn 0.8660253286361694 0.5000001788139343 1.3473913895722944e-7
vn 0.5000005960464478 -0.8660250902175903 0
vn -0.8660255670547485 -0.49999985098838806 2.2048227776849671e-7
vn 0 0 1
vn 0.8660246133804321 0.5000013709068298 0.0000029340792480070377
vn 0 0 1
vn -0.8660261034965515 -0.4999987781047821 0.000003304628535261145
vn 0 0 1
vn 0.8660250902175903 0.500000536441803 6.655154720647261e-7
vn 0 0 1
vn -0.8660256862640381 -0.49999961256980896 1.6862411200690985e-7
vn 0 0 1
vn 0.5000003576278687 -0.8660252094268799 0
vn 0.5000003576278687 -0.8660252094268799 0
vn 0 0 -1
vn 0 0 1
vn -0.4999995231628418 0.8660256862640381 0
vn -0.4999995231628418 0.8660256862640381 0
vn 0 0 -1
vn -0.5000005960464478 0.8660250902175903 0
vn 0 0 -1
vn 0.4999997615814209 -0.8660255670547485 0
vn 0 0 -1
vn -0.5000005960464478 0.8660250902175903 0
vn 0 0 1
vn 0.4999997615814209 -0.8660255670547485 0
vn 0 0 1
vn 0 0 1
vn 0.5000003576278687 -0.8660252094268799 0
vn 0.5000003576278687 -0.8660252094268799 0
vn 0 0 -1
vn 0 0 1
vn -0.4999995231628418 0.8660256862640381 0
vn -0.4999995231628418 0.8660256862640381 0
vn 0 0 -1
vn 0.4999997615814209 -0.8660255670547485 0
vn 0 0 -1
vn -0.5000005960464478 0.8660250902175903 0
vn 0 0 -1
vn -0.5000005960464478 0.8660250902175903 0
vn 0 0 1
vn 0.4999997615814209 -0.8660255670547485 0
vn 0 0 1
vn -0.5000004768371582 -0.8660251498222351 0
vn -0.8660252094268799 0.5000003576278687 -6.899611548760731e-9
vn -0.5000004768371582 -0.8660251498222351 0
vn 0.8660256862640381 -0.49999961256980896 1.2195208398679824e-7
vn 0.49999964237213135 0.8660256266593933 0
vn -0.8660251498222351 0.500000536441803 1.0775334402524095e-7
vn 0.49999964237213135 0.8660256266593933 0
vn 0.866025447845459 -0.49999991059303284 2.5602430397952958e-8
vn 0 0 1
vn -0.8660248517990112 0.500001072883606 -0.000001380728576805268
vn 0 0 1
vn 0.8660258054733276 -0.49999934434890747 -0.0000010740614015958272
vn 0 0 1
vn -0.8660249710083008 0.5000008344650269 5.771620408268063e-7
vn 0 0 1
vn 0.8660259246826172 -0.49999913573265076 0.0000017512755903226207
vn 0 0 1
vn 0.49999964237213135 0.8660256266593933 0
vn 0.49999964237213135 0.8660256266593933 0
vn 0 0 -1
vn 0 0 1
vn -0.5000004768371582 -0.8660251498222351 0
vn -0.5000004768371582 -0.8660251498222351 0
vn 0 0 -1
vn -0.49999964237213135 -0.8660256266593933 0
vn 0 0 -1
vn 0.5000004768371582 0.8660251498222351 0
vn 0 0 -1
vn -0.49999964237213135 -0.8660256266593933 0
vn 0 0 1
vn 0.5000004768371582 0.8660251498222351 0
vn 0 0 1
vn 0 0 1
vn 0.49999964237213135 0.8660256266593933 0
vn 0.49999964237213135 0.8660256266593933 0
vn 0 0 -1
vn 0 0 1
vn -0.5000004768371582 -0.8660251498222351 0
vn -0.5000004768371582 -0.8660251498222351 0
vn 0 0 -1
vn 0.5000004768371582 0.8660251498222351 0
vn 0 0 -1
vn -0.49999964237213135 -0.8660256266593933 0
vn 0 0 -1
vn -0.49999964237213135 -0.8660256266593933 0
vn 0 0 1
vn 0.5000004768371582 0.8660251498222351 0
vn 0 0 1

g grp5041
usemtl mtl5041
f 5041//5041 5042//5042 5044//5044 
f 5043//5043 5044//5044 5042//5042 
f 5046//5046 5048//5048 5047//5047 
f 5045//5045 5048//5048 5046//5046 
f 5051//5051 5049//5049 5052//5052 
f 5051//5051 5050//5050 5049//5049 
f 5137//5137 5053//5053 5135//5135 
f 5053//5053 5137//5137 5054//5054 
f 5141//5141 5055//5055 5147//5147 
f 5056//5056 5147//5147 5055//5055 
f 5151//5151 5153//5153 5149//5149 
f 5153//5153 5151//5151 5155//5155 
f 5057//5057 5150//5150 5058//5058 
f 5150//5150 5057//5057 5136//5136 
f 5060//5060 5154//5154 5059//5059 
f 5142//5142 5059//5059 5154//5154 
f 5150//5150 5061//5061 5058//5058 
f 5062//5062 5154//5154 5060//5060 
f 5154//5154 5061//5061 5150//5150 
f 5154//5154 5062//5062 5061//5061 
f 5061//5061 5064//5064 5063//5063 
f 5064//5064 5061//5061 5062//5062 
f 5136//5136 5125//5125 5133//5133 
f 5127//5127 5142//5142 5143//5143 
f 5125//5125 5142//5142 5127//5127 
f 5136//5136 5142//5142 5125//5125 
f 5057//5057 5142//5142 5136//5136 
f 5142//5142 5064//5064 5059//5059 
f 5142//5142 5063//5063 5064//5064 
f 5063//5063 5142//5142 5057//5057 
f 5066//5066 5152//5152 5065//5065 
f 5138//5138 5065//5065 5152//5152 
f 5067//5067 5156//5156 5068//5068 
f 5156//5156 5067//5067 5148//5148 
f 5070//5070 5152//5152 5066//5066 
f 5156//5156 5069//5069 5068//5068 
f 5070//5070 5156//5156 5152//5152 
f 5069//5069 5156//5156 5070//5070 
f 5071//5071 5072//5072 5070//5070 
f 5069//5069 5070//5070 5072//5072 
f 5131//5131 5138//5138 5139//5139 
f 5148//5148 5129//5129 5145//5145 
f 5148//5148 5131//5131 5129//5129 
f 5148//5148 5138//5138 5131//5131 
f 5067//5067 5138//5138 5148//5148 
f 5138//5138 5071//5071 5065//5065 
f 5138//5138 5072//5072 5071//5071 
f 5072//5072 5138//5138 5067//5067 
f 5169//5169 5185//5185 5165//5165 
f 5183//5183 5165//5165 5185//5185 
f 5170//5170 5157//5157 5186//5186 
f 5173//5173 5186//5186 5157//5157 
f 5159//5159 5174//5174 5158//5158 
f 5174//5174 5159//5159 5175//5175 
f 5160//5160 5166//5166 5176//5176 
f 5184//5184 5176//5176 5166//5166 
f 5167//5167 5187//5187 5171//5171 
f 5187//5187 5167//5167 5181//5181 
f 5188//5188 5161//5161 5172//5172 
f 5161//5161 5188//5188 5177//5177 
f 5162//5162 5178//5178 5163//5163 
f 5179//5179 5163//5163 5178//5178 
f 5168//5168 5164//5164 5182//5182 
f 5180//5180 5182//5182 5164//5164 
f 5073//5073 5041//5041 5074//5074 
f 5044//5044 5074//5074 5041//5041 
f 5076//5076 5078//5078 5077//5077 
f 5078//5078 5076//5076 5075//5075 
f 5048//5048 5079//5079 5080//5080 
f 5079//5079 5048//5048 5045//5045 
f 5197//5197 5081//5081 5195//5195 
f 5197//5197 5082//5082 5081//5081 
f 5201//5201 5083//5083 5203//5203 
f 5203//5203 5083//5083 5084//5084 
f 5209//5209 5207//5207 5211//5211 
f 5207//5207 5209//5209 5205//5205 
f 5085//5085 5206//5206 5086//5086 
f 5196//5196 5206//5206 5085//5085 
f 5088//5088 5210//5210 5087//5087 
f 5202//5202 5087//5087 5210//5210 
f 5090//5090 5210//5210 5088//5088 
f 5206//5206 5089//5089 5086//5086 
f 5210//5210 5089//5089 5206//5206 
f 5089//5089 5210//5210 5090//5090 
f 5089//5089 5092//5092 5091//5091 
f 5092//5092 5089//5089 5090//5090 
f 5196//5196 5189//5189 5193//5193 
f 5126//5126 5202//5202 5134//5134 
f 5189//5189 5202//5202 5126//5126 
f 5196//5196 5202//5202 5189//5189 
f 5085//5085 5202//5202 5196//5196 
f 5202//5202 5092//5092 5087//5087 
f 5202//5202 5091//5091 5092//5092 
f 5091//5091 5202//5202 5085//5085 
f 5094//5094 5208//5208 5093//5093 
f 5198//5198 5093//5093 5208//5208 
f 5095//5095 5212//5212 5096//5096 
f 5204//5204 5212//5212 5095//5095 
f 5098//5098 5208//5208 5094//5094 
f 5212//5212 5097//5097 5096//5096 
f 5098//5098 5212//5212 5208//5208 
f 5212//5212 5098//5098 5097//5097 
f 5099//5099 5100//5100 5098//5098 
f 5097//5097 5098//5098 5100//5100 
f 5191//5191 5198//5198 5199//5199 
f 5204//5204 5132//5132 5140//5140 
f 5204//5204 5191//5191 5132//5132 
f 5204//5204 5198//5198 5191//5191 
f 5095//5095 5198//5198 5204//5204 
f 5198//5198 5099//5099 5093//5093 
f 5198//5198 5100//5100 5099//5099 
f 5100//5100 5198//5198 5095//5095 
f 5225//5225 5241//5241 5221//5221 
f 5239//5239 5221//5221 5241//5241 
f 5229//5229 5242//5242 5213//5213 
f 5226//5226 5213//5213 5242//5242 
f 5215//5215 5230//5230 5214//5214 
f 5230//5230 5215//5215 5231//5231 
f 5232//5232 5216//5216 5240//5240 
f 5222//5222 5240//5240 5216//5216 
f 5223//5223 5243//5243 5227//5227 
f 5243//5243 5223//5223 5237//5237 
f 5228//5228 5233//5233 5217//5217 
f 5233//5233 5228//5228 5244//5244 
f 5218//5218 5234//5234 5219//5219 
f 5235//5235 5219//5219 5234//5234 
f 5220//5220 5236//5236 5224//5224 
f 5238//5238 5224//5224 5236//5236 
f 5073//5073 5074//5074 5042//5042 
f 5043//5043 5042//5042 5074//5074 
f 5101//5101 5051//5051 5102//5102 
f 5050//5050 5051//5051 5101//5101 
f 5078//5078 5103//5103 5104//5104 
f 5103//5103 5078//5078 5075//5075 
f 5247//5247 5105//5105 5245//5245 
f 5105//5105 5247//5247 5106//5106 
f 5249//5249 5107//5107 5251//5251 
f 5108//5108 5251//5251 5107//5107 
f 5259//5259 5253//5253 5255//5255 
f 5253//5253 5259//5259 5257//5257 
f 5109//5109 5254//5254 5110//5110 
f 5254//5254 5109//5109 5246//5246 
f 5112//5112 5258//5258 5111//5111 
f 5250//5250 5111//5111 5258//5258 
f 5254//5254 5113//5113 5110//5110 
f 5114//5114 5258//5258 5112//5112 
f 5258//5258 5113//5113 5254//5254 
f 5113//5113 5258//5258 5114//5114 
f 5113//5113 5116//5116 5115//5115 
f 5116//5116 5113//5113 5114//5114 
f 5190//5190 5250//5250 5194//5194 
f 5246//5246 5128//5128 5144//5144 
f 5246//5246 5190//5190 5128//5128 
f 5246//5246 5250//5250 5190//5190 
f 5246//5246 5111//5111 5250//5250 
f 5115//5115 5246//5246 5109//5109 
f 5116//5116 5246//5246 5115//5115 
f 5116//5116 5111//5111 5246//5246 
f 5118//5118 5256//5256 5117//5117 
f 5248//5248 5117//5117 5256//5256 
f 5119//5119 5260//5260 5120//5120 
f 5260//5260 5119//5119 5252//5252 
f 5260//5260 5121//5121 5120//5120 
f 5122//5122 5256//5256 5118//5118 
f 5256//5256 5121//5121 5260//5260 
f 5121//5121 5256//5256 5122//5122 
f 5123//5123 5124//5124 5122//5122 
f 5121//5121 5122//5122 5124//5124 
f 5252//5252 5192//5192 5200//5200 
f 5130//5130 5248//5248 5146//5146 
f 5192//5192 5248//5248 5130//5130 
f 5252//5252 5248//5248 5192//5192 
f 5252//5252 5117//5117 5248//5248 
f 5124//5124 5252//5252 5119//5119 
f 5123//5123 5252//5252 5124//5124 
f 5123//5123 5117//5117 5252//5252 
f 5273//5273 5289//5289 5269//5269 
f 5287//5287 5269//5269 5289//5289 
f 5261//5261 5277//5277 5274//5274 
f 5290//5290 5274//5274 5277//5277 
f 5263//5263 5278//5278 5262//5262 
f 5278//5278 5263//5263 5279//5279 
f 5264//5264 5270//5270 5280//5280 
f 5288//5288 5280//5280 5270//5270 
f 5271//5271 5291//5291 5275//5275 
f 5291//5291 5271//5271 5285//5285 
f 5292//5292 5265//5265 5276//5276 
f 5265//5265 5292//5292 5281//5281 
f 5266//5266 5282//5282 5267//5267 
f 5283//5283 5267//5267 5282//5282 
f 5272//5272 5268//5268 5286//5286 
f 5284//5284 5286//5286 5268//5268 
v 0.008660254068672657 -0.3383333384990692 0.07999999821186066
v 0.5686900019645691 -0.3383333384990692 0.07999999821186066
v 0.4734272062778473 -0.3933333456516266 0.07999999821186066
v 0.10392304509878159 -0.3933333456516266 0.07999999821186066
v 0.008660254068672657 -0.3383333384990692 0.02500000037252903
v 0.22867514193058014 -0.3383333384990692 0.02500000037252903
v 0.22867514193058014 -0.3933333456516266 0.02500000037252903
v 0.10392304509878159 -0.3933333456516266 0.02500000037252903
v 0.3486751317977905 -0.3383333384990692 0.02500000037252903
v 0.5686900019645691 -0.3383333384990692 0.02500000037252903
v 0.4734272062778473 -0.3933333456516266 0.02500000037252903
v 0.3486751317977905 -0.3933333456516266 0.02500000037252903
v 0.22867514193058014 -0.3383333384990692 -0.09861775487661362
v 0.22867514193058014 -0.3933333456516266 -0.09861775487661362
v 0.3486751317977905 -0.3383333384990692 -0.09861775487661362
v 0.3486751317977905 -0.3933333456516266 -0.09861775487661362
v 0.2356751412153244 -0.3383333384990692 -0.08811775594949722
v 0.2356751412153244 -0.3383333384990692 -0.09411775320768356
v 0.34167513251304626 -0.3383333384990692 -0.08811775594949722
v 0.34167513251304626 -0.3383333384990692 -0.09411775320768356
v 0.24167513847351074 -0.3383333384990692 -0.09411775320768356
v 0.33567512035369873 -0.3383333384990692 -0.09411775320768356
v 0.24167513847351074 -0.3383333384990692 -0.08811775594949722
v 0.33567512035369873 -0.3383333384990692 -0.08811775594949722
v 0.2356751412153244 -0.3933333456516266 -0.08811775594949722
v 0.2356751412153244 -0.3933333456516266 -0.09411775320768356
v 0.34167513251304626 -0.3933333456516266 -0.08811775594949722
v 0.34167513251304626 -0.3933333456516266 -0.09411775320768356
v 0.33567512035369873 -0.3933333456516266 -0.09411775320768356
v 0.24167513847351074 -0.3933333456516266 -0.09411775320768356
v 0.24167513847351074 -0.3933333456516266 -0.08811775594949722
v 0.33567512035369873 -0.3933333456516266 -0.08811775594949722
v 0.28867512941360474 -0.8233333230018616 0.07999999821186066
v 0.28867512941360474 -0.7133333086967468 0.07999999821186066
v 0.28867512941360474 -0.8233333230018616 0.02500000037252903
v 0.17866769433021545 -0.6327948570251465 0.02500000037252903
v 0.22629909217357635 -0.6052948832511902 0.02500000037252903
v 0.28867512941360474 -0.7133333086967468 0.02500000037252903
v 0.11866769194602966 -0.5288718342781067 0.02500000037252903
v 0.16629908978939056 -0.5013718008995056 0.02500000037252903
v 0.17866769433021545 -0.6327948570251465 -0.1954902708530426
v 0.22629909217357635 -0.6052948832511902 -0.1954902708530426
v 0.11866769194602966 -0.5288718342781067 -0.1954902708530426
v 0.16629908978939056 -0.5013718008995056 -0.1954902708530426
v 0.17516769468784332 -0.6267327070236206 -0.1849902719259262
v 0.17516769468784332 -0.6267327070236206 -0.19099026918411255
v 0.1221676915884018 -0.5349339842796326 -0.1849902719259262
v 0.1221676915884018 -0.5349339842796326 -0.19099026918411255
v 0.17216768860816956 -0.6215365529060364 -0.19099026918411255
v 0.12516769766807556 -0.5401301383972168 -0.19099026918411255
v 0.17216768860816956 -0.6215365529060364 -0.1849902719259262
v 0.12516769766807556 -0.5401301383972168 -0.1849902719259262
v 0.22279909253120422 -0.5992326736450195 -0.1849902719259262
v 0.22279909253120422 -0.5992326736450195 -0.19099026918411255
v 0.1697990894317627 -0.5074340105056763 -0.1849902719259262
v 0.1697990894317627 -0.5074340105056763 -0.19099026918411255
v 0.17279909551143646 -0.5126301646232605 -0.19099026918411255
v 0.21979908645153046 -0.5940365195274353 -0.19099026918411255
v 0.21979908645153046 -0.5940365195274353 -0.1849902719259262
v 0.17279909551143646 -0.5126301646232605 -0.1849902719259262
v 0.4586825668811798 -0.5288718342781067 0.02500000037252903
v 0.4110511839389801 -0.5013718008995056 0.02500000037252903
v 0.398682564496994 -0.6327948570251465 0.02500000037252903
v 0.3510511815547943 -0.6052948832511902 0.02500000037252903
v 0.4586825668811798 -0.5288718342781067 -0.097151018679142
v 0.4110511839389801 -0.5013718008995056 -0.097151018679142
v 0.398682564496994 -0.6327948570251465 -0.097151018679142
v 0.3510511815547943 -0.6052948832511902 -0.097151018679142
v 0.45518258213996887 -0.5349339842796326 -0.0866510197520256
v 0.45518258213996887 -0.5349339842796326 -0.09265101701021194
v 0.40218257904052734 -0.6267327070236206 -0.0866510197520256
v 0.40218257904052734 -0.6267327070236206 -0.09265101701021194
v 0.4521825611591339 -0.5401301383972168 -0.09265101701021194
v 0.4051825702190399 -0.6215365529060364 -0.09265101701021194
v 0.4521825611591339 -0.5401301383972168 -0.0866510197520256
v 0.4051825702190399 -0.6215365529060364 -0.0866510197520256
v 0.4075511693954468 -0.5074340105056763 -0.0866510197520256
v 0.4075511693954468 -0.5074340105056763 -0.09265101701021194
v 0.35455116629600525 -0.5992326736450195 -0.0866510197520256
v 0.35455116629600525 -0.5992326736450195 -0.09265101701021194
v 0.3575511872768402 -0.5940365195274353 -0.09265101701021194
v 0.4045511782169342 -0.5126301646232605 -0.09265101701021194
v 0.4045511782169342 -0.5126301646232605 -0.0866510197520256
v 0.3575511872768402 -0.5940365195274353 -0.0866510197520256
v 0.008660254068672657 -0.3383333384990692 0.07999999821186066
v 0.008660254068672657 -0.3383333384990692 0.07999999821186066
v 0.5686900019645691 -0.3383333384990692 0.07999999821186066
v 0.5686900019645691 -0.3383333384990692 0.07999999821186066
v 0.4734272062778473 -0.3933333456516266 0.07999999821186066
v 0.4734272062778473 -0.3933333456516266 0.07999999821186066
v 0.10392304509878159 -0.3933333456516266 0.07999999821186066
v 0.10392304509878159 -0.3933333456516266 0.07999999821186066
v 0.008660254068672657 -0.3383333384990692 0.02500000037252903
v 0.008660254068672657 -0.3383333384990692 0.02500000037252903
v 0.22867514193058014 -0.3383333384990692 0.02500000037252903
v 0.22867514193058014 -0.3383333384990692 0.02500000037252903
v 0.22867514193058014 -0.3933333456516266 0.02500000037252903
v 0.22867514193058014 -0.3933333456516266 0.02500000037252903
v 0.10392304509878159 -0.3933333456516266 0.02500000037252903
v 0.10392304509878159 -0.3933333456516266 0.02500000037252903
v 0.3486751317977905 -0.3383333384990692 0.02500000037252903
v 0.3486751317977905 -0.3383333384990692 0.02500000037252903
v 0.5686900019645691 -0.3383333384990692 0.02500000037252903
v 0.5686900019645691 -0.3383333384990692 0.02500000037252903
v 0.4734272062778473 -0.3933333456516266 0.02500000037252903
v 0.4734272062778473 -0.3933333456516266 0.02500000037252903
v 0.3486751317977905 -0.3933333456516266 0.02500000037252903
v 0.3486751317977905 -0.3933333456516266 0.02500000037252903
v 0.22867514193058014 -0.3383333384990692 -0.09861775487661362
v 0.22867514193058014 -0.3383333384990692 -0.09861775487661362
v 0.22867514193058014 -0.3933333456516266 -0.09861775487661362
v 0.22867514193058014 -0.3933333456516266 -0.09861775487661362
v 0.3486751317977905 -0.3383333384990692 -0.09861775487661362
v 0.3486751317977905 -0.3383333384990692 -0.09861775487661362
v 0.3486751317977905 -0.3933333456516266 -0.09861775487661362
v 0.3486751317977905 -0.3933333456516266 -0.09861775487661362
v 0.2356751412153244 -0.3383333384990692 -0.08811775594949722
v 0.2356751412153244 -0.3383333384990692 -0.08811775594949722
v 0.2356751412153244 -0.3383333384990692 -0.09411775320768356
v 0.2356751412153244 -0.3383333384990692 -0.09411775320768356
v 0.34167513251304626 -0.3383333384990692 -0.08811775594949722
v 0.34167513251304626 -0.3383333384990692 -0.08811775594949722
v 0.34167513251304626 -0.3383333384990692 -0.09411775320768356
v 0.34167513251304626 -0.3383333384990692 -0.09411775320768356
v 0.24167513847351074 -0.3383333384990692 -0.09411775320768356
v 0.24167513847351074 -0.3383333384990692 -0.09411775320768356
v 0.33567512035369873 -0.3383333384990692 -0.09411775320768356
v 0.33567512035369873 -0.3383333384990692 -0.09411775320768356
v 0.24167513847351074 -0.3383333384990692 -0.08811775594949722
v 0.24167513847351074 -0.3383333384990692 -0.08811775594949722
v 0.33567512035369873 -0.3383333384990692 -0.08811775594949722
v 0.33567512035369873 -0.3383333384990692 -0.08811775594949722
v 0.2356751412153244 -0.3933333456516266 -0.08811775594949722
v 0.2356751412153244 -0.3933333456516266 -0.08811775594949722
v 0.2356751412153244 -0.3933333456516266 -0.09411775320768356
v 0.2356751412153244 -0.3933333456516266 -0.09411775320768356
v 0.34167513251304626 -0.3933333456516266 -0.08811775594949722
v 0.34167513251304626 -0.3933333456516266 -0.08811775594949722
v 0.34167513251304626 -0.3933333456516266 -0.09411775320768356
v 0.34167513251304626 -0.3933333456516266 -0.09411775320768356
v 0.33567512035369873 -0.3933333456516266 -0.09411775320768356
v 0.33567512035369873 -0.3933333456516266 -0.09411775320768356
v 0.24167513847351074 -0.3933333456516266 -0.09411775320768356
v 0.24167513847351074 -0.3933333456516266 -0.09411775320768356
v 0.24167513847351074 -0.3933333456516266 -0.08811775594949722
v 0.24167513847351074 -0.3933333456516266 -0.08811775594949722
v 0.33567512035369873 -0.3933333456516266 -0.08811775594949722
v 0.33567512035369873 -0.3933333456516266 -0.08811775594949722
v 0.28867512941360474 -0.8233333230018616 0.07999999821186066
v 0.28867512941360474 -0.8233333230018616 0.07999999821186066
v 0.28867512941360474 -0.7133333086967468 0.07999999821186066
v 0.28867512941360474 -0.7133333086967468 0.07999999821186066
v 0.28867512941360474 -0.8233333230018616 0.02500000037252903
v 0.28867512941360474 -0.8233333230018616 0.02500000037252903
v 0.17866769433021545 -0.6327948570251465 0.02500000037252903
v 0.17866769433021545 -0.6327948570251465 0.02500000037252903
v 0.22629909217357635 -0.6052948832511902 0.02500000037252903
v 0.22629909217357635 -0.6052948832511902 0.02500000037252903
v 0.28867512941360474 -0.7133333086967468 0.02500000037252903
v 0.28867512941360474 -0.7133333086967468 0.02500000037252903
v 0.11866769194602966 -0.5288718342781067 0.02500000037252903
v 0.11866769194602966 -0.5288718342781067 0.02500000037252903
v 0.16629908978939056 -0.5013718008995056 0.02500000037252903
v 0.16629908978939056 -0.5013718008995056 0.02500000037252903
v 0.17866769433021545 -0.6327948570251465 -0.1954902708530426
v 0.17866769433021545 -0.6327948570251465 -0.1954902708530426
v 0.22629909217357635 -0.6052948832511902 -0.1954902708530426
v 0.22629909217357635 -0.6052948832511902 -0.1954902708530426
v 0.11866769194602966 -0.5288718342781067 -0.1954902708530426
v 0.11866769194602966 -0.5288718342781067 -0.1954902708530426
v 0.16629908978939056 -0.5013718008995056 -0.1954902708530426
v 0.16629908978939056 -0.5013718008995056 -0.1954902708530426
v 0.17516769468784332 -0.6267327070236206 -0.1849902719259262
v 0.17516769468784332 -0.6267327070236206 -0.1849902719259262
v 0.17516769468784332 -0.6267327070236206 -0.19099026918411255
v 0.17516769468784332 -0.6267327070236206 -0.19099026918411255
v 0.1221676915884018 -0.5349339842796326 -0.1849902719259262
v 0.1221676915884018 -0.5349339842796326 -0.1849902719259262
v 0.1221676915884018 -0.5349339842796326 -0.19099026918411255
v 0.1221676915884018 -0.5349339842796326 -0.19099026918411255
v 0.17216768860816956 -0.6215365529060364 -0.19099026918411255
v 0.17216768860816956 -0.6215365529060364 -0.19099026918411255
v 0.12516769766807556 -0.5401301383972168 -0.19099026918411255
v 0.12516769766807556 -0.5401301383972168 -0.19099026918411255
v 0.17216768860816956 -0.6215365529060364 -0.1849902719259262
v 0.17216768860816956 -0.6215365529060364 -0.1849902719259262
v 0.12516769766807556 -0.5401301383972168 -0.1849902719259262
v 0.12516769766807556 -0.5401301383972168 -0.1849902719259262
v 0.22279909253120422 -0.5992326736450195 -0.1849902719259262
v 0.22279909253120422 -0.5992326736450195 -0.1849902719259262
v 0.22279909253120422 -0.5992326736450195 -0.19099026918411255
v 0.22279909253120422 -0.5992326736450195 -0.19099026918411255
v 0.1697990894317627 -0.5074340105056763 -0.1849902719259262
v 0.1697990894317627 -0.5074340105056763 -0.1849902719259262
v 0.1697990894317627 -0.5074340105056763 -0.19099026918411255
v 0.1697990894317627 -0.5074340105056763 -0.19099026918411255
v 0.17279909551143646 -0.5126301646232605 -0.19099026918411255
v 0.17279909551143646 -0.5126301646232605 -0.19099026918411255
v 0.21979908645153046 -0.5940365195274353 -0.19099026918411255
v 0.21979908645153046 -0.5940365195274353 -0.19099026918411255
v 0.21979908645153046 -0.5940365195274353 -0.1849902719259262
v 0.21979908645153046 -0.5940365195274353 -0.1849902719259262
v 0.17279909551143646 -0.5126301646232605 -0.1849902719259262
v 0.17279909551143646 -0.5126301646232605 -0.1849902719259262
v 0.4586825668811798 -0.5288718342781067 0.02500000037252903
v 0.4586825668811798 -0.5288718342781067 0.02500000037252903
v 0.4110511839389801 -0.5013718008995056 0.02500000037252903
v 0.4110511839389801 -0.5013718008995056 0.02500000037252903
v 0.398682564496994 -0.6327948570251465 0.02500000037252903
v 0.398682564496994 -0.6327948570251465 0.02500000037252903
v 0.3510511815547943 -0.6052948832511902 0.02500000037252903
v 0.3510511815547943 -0.6052948832511902 0.02500000037252903
v 0.4586825668811798 -0.5288718342781067 -0.097151018679142
v 0.4586825668811798 -0.5288718342781067 -0.097151018679142
v 0.4110511839389801 -0.5013718008995056 -0.097151018679142
v 0.4110511839389801 -0.5013718008995056 -0.097151018679142
v 0.398682564496994 -0.6327948570251465 -0.097151018679142
v 0.398682564496994 -0.6327948570251465 -0.097151018679142
v 0.3510511815547943 -0.6052948832511902 -0.097151018679142
v 0.3510511815547943 -0.6052948832511902 -0.097151018679142
v 0.45518258213996887 -0.5349339842796326 -0.0866510197520256
v 0.45518258213996887 -0.5349339842796326 -0.0866510197520256
v 0.45518258213996887 -0.5349339842796326 -0.09265101701021194
v 0.45518258213996887 -0.5349339842796326 -0.09265101701021194
v 0.40218257904052734 -0.6267327070236206 -0.0866510197520256
v 0.40218257904052734 -0.6267327070236206 -0.0866510197520256
v 0.40218257904052734 -0.6267327070236206 -0.09265101701021194
v 0.40218257904052734 -0.6267327070236206 -0.09265101701021194
v 0.4521825611591339 -0.5401301383972168 -0.09265101701021194
v 0.4521825611591339 -0.5401301383972168 -0.09265101701021194
v 0.4051825702190399 -0.6215365529060364 -0.09265101701021194
v 0.4051825702190399 -0.6215365529060364 -0.09265101701021194
v 0.4521825611591339 -0.5401301383972168 -0.0866510197520256
v 0.4521825611591339 -0.5401301383972168 -0.0866510197520256
v 0.4051825702190399 -0.6215365529060364 -0.0866510197520256
v 0.4051825702190399 -0.6215365529060364 -0.0866510197520256
v 0.4075511693954468 -0.5074340105056763 -0.0866510197520256
v 0.4075511693954468 -0.5074340105056763 -0.0866510197520256
v 0.4075511693954468 -0.5074340105056763 -0.09265101701021194
v 0.4075511693954468 -0.5074340105056763 -0.09265101701021194
v 0.35455116629600525 -0.5992326736450195 -0.0866510197520256
v 0.35455116629600525 -0.5992326736450195 -0.0866510197520256
v 0.35455116629600525 -0.5992326736450195 -0.09265101701021194
v 0.35455116629600525 -0.5992326736450195 -0.09265101701021194
v 0.3575511872768402 -0.5940365195274353 -0.09265101701021194
v 0.3575511872768402 -0.5940365195274353 -0.09265101701021194
v 0.4045511782169342 -0.5126301646232605 -0.09265101701021194
v 0.4045511782169342 -0.5126301646232605 -0.09265101701021194
v 0.4045511782169342 -0.5126301646232605 -0.0866510197520256
v 0.4045511782169342 -0.5126301646232605 -0.0866510197520256
v 0.3575511872768402 -0.5940365195274353 -0.0866510197520256
v 0.3575511872768402 -0.5940365195274353 -0.0866510197520256
vn 0 0 -1
vn 0 0 -1
vn 0 0 -1
vn 0 0 -1
vn 0 0 1
vn 0 0 1
vn 0 0 1
vn 0 0 1
vn 0 0 1
vn 0 0 1
vn 0 0 1
vn 0 0 1
vn 1 0 0
vn 1 0 0
vn -1 0 0
vn -1 0 0
vn 0 -1 0
vn 0 -1 0
vn 0 -1 0
vn 0 -1 0
vn 0 -1 0
vn 0 -1 0
vn 0 -1 0
vn 0 -1 0
vn 0 1 0
vn 0 1 0
vn 0 1 0
vn 0 1 0
vn 0 1 0
vn 0 1 0
vn 0 1 0
vn 0 1 0
vn 0 0 -1
vn 0 0 -1
vn 0 0 1
vn 0 0 1
vn 0 0 1
vn 0 0 1
vn 0 0 1
vn 0 0 1
vn -0.49999964237213135 0.8660256266593933 0
vn -0.49999964237213135 0.8660256266593933 0
vn 0.5000004768371582 -0.8660251498222351 0
vn 0.5000004768371582 -0.8660251498222351 0
vn 0.8660248517990112 0.500001072883606 -1.1264474153449555e-7
vn 0.8660247325897217 0.5000011920928955 9.387541695105028e-7
vn 0.8660246729850769 0.5000013709068298 1.3411400878737822e-8
vn 0.8660247325897217 0.5000011920928955 -9.387541695105028e-7
vn 0.8660253882408142 0.5000000596046448 1.738412862550831e-7
vn 0.8660253882408142 0.5000000596046448 -0.0000021770720195490867
vn 0.8660253882408142 0.5000000596046448 -9.673934187048872e-8
vn 0.8660253882408142 0.5 3.499029332942882e-8
vn -0.8660261034965515 -0.49999889731407166 -3.3896125017918166e-8
vn -0.8660258054733276 -0.49999934434890747 0.000002372617927903775
vn -0.8660259246826172 -0.49999916553497314 -7.923383549268692e-8
vn -0.8660258054733276 -0.49999934434890747 -0.000002372617927903775
vn -0.8660253286361694 -0.5000001192092896 -0.0000010300411759089911
vn -0.8660253286361694 -0.5000001788139343 0.000001907543492052355
vn -0.8660252690315247 -0.5000002384185791 -5.4503782820347624e-8
vn -0.8660252690315247 -0.5000002980232239 -1.1294200419342815e-7
vn 0 0 1
vn 0 0 1
vn 0 0 1
vn 0 0 1
vn -0.5000005960464478 -0.8660250902175903 0
vn -0.5000005960464478 -0.8660250902175903 0
vn 0.4999997615814209 0.8660255670547485 0
vn 0.4999997615814209 0.8660255670547485 0
vn -0.866024911403656 0.5000008940696716 -5.825134152814826e-8
vn -0.8660246729850769 0.5000013709068298 0.00000216794001062226
vn -0.8660246133804321 0.5000013709068298 2.745459539710282e-7
vn -0.8660248517990112 0.500001072883606 0.000004045456080348231
vn -0.8660251498222351 0.500000536441803 -7.945710223111746e-8
vn -0.8660256266593933 0.49999964237213135 0.000001770652374943893
vn -0.8660250306129456 0.5000007152557373 4.269935960365956e-9
vn -0.8660256862640381 0.4999995529651642 3.78841946258035e-7
vn 0.8660257458686829 -0.499999463558197 3.3738427873686305e-7
vn 0.8660259246826172 -0.49999919533729553 7.340960337387514e-7
vn 0.8660263419151306 -0.49999842047691345 -1.4722640173658874e-7
vn 0.8660257458686829 -0.4999994933605194 0.00000547932449990185
vn 0.8660250902175903 -0.5000005960464478 0.0000025833940071606776
vn 0.8660255670547485 -0.4999997019767761 -3.5418648280938214e-7
vn 0.8660256266593933 -0.49999964237213135 4.0384296084994276e-7
vn 0.8660250306129456 -0.5000007152557373 -1.3948857713330653e-7
vn 0 -1 0
vn 0.866025447845459 0.4999999701976776 -1.2139400951127755e-7
vn 0 -1 0
vn -0.866025447845459 0.4999999701976776 -1.3474908655553008e-7
vn 0 1 0
vn 0.866025447845459 -0.4999999701976776 1.0197723554483673e-7
vn 0 1 0
vn -0.8660253882408142 -0.5000001192092896 -5.4192934584307295e-8
vn 0 -1 0
vn 0.866025447845459 0.4999999403953552 0
vn 1 0 0
vn 0 -1 0
vn 1 0 0
vn 0 1 0
vn 0 1 0
vn -0.8660253882408142 -0.5000001192092896 0
vn -1 0 0
vn 0 -1 0
vn 0 -1 0
vn -0.866025447845459 0.4999999403953552 0
vn 0 1 0
vn 0.866025447845459 -0.4999999403953552 0
vn -1 0 0
vn 0 1 0
vn 0 0 1
vn 0 -1 0
vn 0 0 1
vn 0 1 0
vn 0 0 1
vn 0 -1 0
vn 0 0 1
vn 0 1 0
vn 0 0 1
vn -1 0 0
vn -1 0 0
vn 0 0 -1
vn 0 0 1
vn 1 0 0
vn 1 0 0
vn 0 0 -1
vn 1 0 0
vn 0 0 -1
vn -1 0 0
vn 0 0 -1
vn 1 0 0
vn 0 0 1
vn -1 0 0
vn 0 0 1
vn 0 0 1
vn -1 0 0
vn -1 0 0
vn 0 0 -1
vn 0 0 1
vn 1 0 0
vn 1 0 0
vn 0 0 -1
vn -1 0 0
vn 0 0 -1
vn 1 0 0
vn 0 0 -1
vn 1 0 0
vn 0 0 1
vn -1 0 0
vn 0 0 1
vn 0.8660253882408142 0.5000000596046448 8.242258076052167e-8
vn -0.8660253882408142 0.5000000596046448 7.351919606435331e-8
vn -0.8660253882408142 -0.5000000596046448 1.7955568409888656e-7
vn 0.8660253882408142 -0.5000000596046448 3.618799553350982e-7
vn 0.8660253882408142 0.5 0
vn -0.8660253882408142 0.5 0
vn -0.49999964237213135 0.8660256266593933 0
vn 0.8660251498222351 0.500000536441803 1.0735546140949737e-7
vn -0.49999964237213135 0.8660256266593933 0
vn -0.866025447845459 -0.49999991059303284 2.3800883042213172e-8
vn -0.8660253286361694 -0.5000001192092896 0
vn 0.8660252690315247 -0.5000002384185791 0
vn 0.5000004768371582 -0.8660251498222351 0
vn 0.8660252094268799 0.5000003576278687 -7.91875365280248e-9
vn 0.5000004768371582 -0.8660251498222351 0
vn -0.8660256862640381 -0.49999961256980896 1.2233535073846724e-7
vn 0 0 1
vn 0.8660248517990112 0.500001072883606 0.000001380728576805268
vn 0 0 1
vn -0.8660258054733276 -0.49999934434890747 0.0000010740614015958272
vn 0 0 1
vn 0.8660249710083008 0.5000008344650269 -5.771620408268063e-7
vn 0 0 1
vn -0.8660259246826172 -0.49999913573265076 -0.0000017512755903226207
vn 0 0 1
vn 0.5000004768371582 -0.8660251498222351 0
vn 0.5000004768371582 -0.8660251498222351 0
vn 0 0 -1
vn 0 0 1
vn -0.49999964237213135 0.8660256266593933 0
vn -0.49999964237213135 0.8660256266593933 0
vn 0 0 -1
vn -0.5000004768371582 0.8660251498222351 0
vn 0 0 -1
vn 0.49999964237213135 -0.8660256266593933 0
vn 0 0 -1
vn -0.5000004768371582 0.8660251498222351 0
vn 0 0 1
vn 0.49999964237213135 -0.8660256266593933 0
vn 0 0 1
vn 0 0 1
vn 0.5000004768371582 -0.8660251498222351 0
vn 0.5000004768371582 -0.8660251498222351 0
vn 0 0 -1
vn 0 0 1
vn -0.49999964237213135 0.8660256266593933 0
vn -0.49999964237213135 0.8660256266593933 0
vn 0 0 -1
vn 0.49999964237213135 -0.8660256266593933 0
vn 0 0 -1
vn -0.5000004768371582 0.8660251498222351 0
vn 0 0 -1
vn -0.5000004768371582 0.8660251498222351 0
vn 0 0 1
vn 0.49999964237213135 -0.8660256266593933 0
vn 0 0 1
vn -0.5000005960464478 -0.8660250902175903 0
vn -0.8660253286361694 0.5000001788139343 1.66443911098213e-7
vn -0.5000005960464478 -0.8660250902175903 0
vn 0.8660255670547485 -0.49999985098838806 2.2147460754240456e-7
vn 0.4999997615814209 0.8660255670547485 0
vn -0.866024911403656 0.5000009536743164 6.51089209213751e-8
vn 0.4999997615814209 0.8660255670547485 0
vn 0.8660255670547485 -0.4999997019767761 2.3903831447569246e-7
vn 0 0 1
vn -0.8660250902175903 0.500000536441803 6.655154720647261e-7
vn 0 0 1
vn 0.8660256862640381 -0.49999961256980896 1.6862411200690985e-7
vn 0 0 1
vn -0.8660246133804321 0.5000013709068298 0.0000029340792480070377
vn 0 0 1
vn 0.8660261034965515 -0.4999987781047821 0.000003304628535261145
vn 0 0 1
vn 0.4999995231628418 0.8660256862640381 0
vn 0.4999995231628418 0.8660256862640381 0
vn 0 0 -1
vn 0 0 1
vn -0.5000003576278687 -0.8660252094268799 0
vn -0.5000003576278687 -0.8660252094268799 0
vn 0 0 -1
vn -0.4999997615814209 -0.8660255670547485 0
vn 0 0 -1
vn 0.5000005960464478 0.8660250902175903 0
vn 0 0 -1
vn -0.4999997615814209 -0.8660255670547485 0
vn 0 0 1
vn 0.5000005960464478 0.8660250902175903 0
vn 0 0 1
vn 0 0 1
vn 0.4999995231628418 0.8660256862640381 0
vn 0.4999995231628418 0.8660256862640381 0
vn 0 0 -1
vn 0 0 1
vn -0.5000003576278687 -0.8660252094268799 0
vn -0.5000003576278687 -0.8660252094268799 0
vn 0 0 -1
vn 0.5000005960464478 0.8660250902175903 0
vn 0 0 -1
vn -0.4999997615814209 -0.8660255670547485 0
vn 0 0 -1
vn -0.4999997615814209 -0.8660255670547485 0
vn 0 0 1
vn 0.5000005960464478 0.8660250902175903 0
vn 0 0 1

g grp5293
usemtl mtl5293
f 5294//5294 5295//5295 5293//5293 
f 5296//5296 5293//5293 5295//5295 
f 5298//5298 5300//5300 5299//5299 
f 5297//5297 5300//5300 5298//5298 
f 5303//5303 5301//5301 5304//5304 
f 5303//5303 5302//5302 5301//5301 
f 5389//5389 5305//5305 5387//5387 
f 5305//5305 5389//5389 5306//5306 
f 5393//5393 5307//5307 5399//5399 
f 5308//5308 5399//5399 5307//5307 
f 5403//5403 5405//5405 5401//5401 
f 5405//5405 5403//5403 5407//5407 
f 5309//5309 5402//5402 5310//5310 
f 5402//5402 5309//5309 5388//5388 
f 5312//5312 5406//5406 5311//5311 
f 5394//5394 5311//5311 5406//5406 
f 5314//5314 5406//5406 5312//5312 
f 5402//5402 5313//5313 5310//5310 
f 5314//5314 5402//5402 5406//5406 
f 5313//5313 5402//5402 5314//5314 
f 5313//5313 5316//5316 5315//5315 
f 5316//5316 5313//5313 5314//5314 
f 5379//5379 5394//5394 5395//5395 
f 5388//5388 5377//5377 5385//5385 
f 5388//5388 5379//5379 5377//5377 
f 5388//5388 5394//5394 5379//5379 
f 5309//5309 5394//5394 5388//5388 
f 5394//5394 5316//5316 5311//5311 
f 5394//5394 5315//5315 5316//5316 
f 5315//5315 5394//5394 5309//5309 
f 5318//5318 5404//5404 5317//5317 
f 5390//5390 5317//5317 5404//5404 
f 5319//5319 5408//5408 5320//5320 
f 5408//5408 5319//5319 5400//5400 
f 5408//5408 5321//5321 5320//5320 
f 5322//5322 5404//5404 5318//5318 
f 5404//5404 5321//5321 5408//5408 
f 5404//5404 5322//5322 5321//5321 
f 5323//5323 5324//5324 5322//5322 
f 5321//5321 5322//5322 5324//5324 
f 5400//5400 5381//5381 5397//5397 
f 5383//5383 5390//5390 5391//5391 
f 5381//5381 5390//5390 5383//5383 
f 5400//5400 5390//5390 5381//5381 
f 5319//5319 5390//5390 5400//5400 
f 5390//5390 5323//5323 5317//5317 
f 5390//5390 5324//5324 5323//5323 
f 5324//5324 5390//5390 5319//5319 
f 5421//5421 5437//5437 5417//5417 
f 5435//5435 5417//5417 5437//5437 
f 5422//5422 5409//5409 5438//5438 
f 5425//5425 5438//5438 5409//5409 
f 5411//5411 5426//5426 5410//5410 
f 5426//5426 5411//5411 5427//5427 
f 5412//5412 5418//5418 5428//5428 
f 5436//5436 5428//5428 5418//5418 
f 5419//5419 5439//5439 5423//5423 
f 5439//5439 5419//5419 5433//5433 
f 5440//5440 5413//5413 5424//5424 
f 5413//5413 5440//5440 5429//5429 
f 5414//5414 5430//5430 5415//5415 
f 5431//5431 5415//5415 5430//5430 
f 5420//5420 5416//5416 5434//5434 
f 5432//5432 5434//5434 5416//5416 
f 5325//5325 5293//5293 5326//5326 
f 5296//5296 5326//5326 5293//5293 
f 5328//5328 5330//5330 5329//5329 
f 5330//5330 5328//5328 5327//5327 
f 5300//5300 5331//5331 5332//5332 
f 5300//5300 5297//5297 5331//5331 
f 5449//5449 5333//5333 5447//5447 
f 5333//5333 5449//5449 5334//5334 
f 5453//5453 5335//5335 5455//5455 
f 5336//5336 5455//5455 5335//5335 
f 5461//5461 5459//5459 5463//5463 
f 5459//5459 5461//5461 5457//5457 
f 5337//5337 5458//5458 5338//5338 
f 5458//5458 5337//5337 5448//5448 
f 5340//5340 5462//5462 5339//5339 
f 5454//5454 5339//5339 5462//5462 
f 5458//5458 5341//5341 5338//5338 
f 5342//5342 5462//5462 5340//5340 
f 5462//5462 5341//5341 5458//5458 
f 5341//5341 5462//5462 5342//5342 
f 5341//5341 5344//5344 5343//5343 
f 5344//5344 5341//5341 5342//5342 
f 5448//5448 5441//5441 5445//5445 
f 5378//5378 5454//5454 5386//5386 
f 5441//5441 5454//5454 5378//5378 
f 5448//5448 5454//5454 5441//5441 
f 5337//5337 5454//5454 5448//5448 
f 5454//5454 5344//5344 5339//5339 
f 5454//5454 5343//5343 5344//5344 
f 5337//5337 5343//5343 5454//5454 
f 5346//5346 5460//5460 5345//5345 
f 5345//5345 5460//5460 5450//5450 
f 5347//5347 5464//5464 5348//5348 
f 5456//5456 5464//5464 5347//5347 
f 5464//5464 5349//5349 5348//5348 
f 5350//5350 5460//5460 5346//5346 
f 5460//5460 5349//5349 5464//5464 
f 5349//5349 5460//5460 5350//5350 
f 5351//5351 5352//5352 5350//5350 
f 5349//5349 5350//5350 5352//5352 
f 5443//5443 5450//5450 5451//5451 
f 5456//5456 5384//5384 5392//5392 
f 5456//5456 5443//5443 5384//5384 
f 5456//5456 5450//5450 5443//5443 
f 5347//5347 5450//5450 5456//5456 
f 5450//5450 5351//5351 5345//5345 
f 5450//5450 5352//5352 5351//5351 
f 5347//5347 5352//5352 5450//5450 
f 5477//5477 5493//5493 5473//5473 
f 5491//5491 5473//5473 5493//5493 
f 5478//5478 5465//5465 5494//5494 
f 5481//5481 5494//5494 5465//5465 
f 5467//5467 5482//5482 5466//5466 
f 5482//5482 5467//5467 5483//5483 
f 5474//5474 5492//5492 5468//5468 
f 5484//5484 5468//5468 5492//5492 
f 5475//5475 5495//5495 5479//5479 
f 5495//5495 5475//5475 5489//5489 
f 5480//5480 5485//5485 5469//5469 
f 5485//5485 5480//5480 5496//5496 
f 5470//5470 5486//5486 5471//5471 
f 5487//5487 5471//5471 5486//5486 
f 5472//5472 5488//5488 5476//5476 
f 5490//5490 5476//5476 5488//5488 
f 5325//5325 5326//5326 5294//5294 
f 5295//5295 5294//5294 5326//5326 
f 5353//5353 5303//5303 5354//5354 
f 5303//5303 5353//5353 5302//5302 
f 5330//5330 5355//5355 5356//5356 
f 5355//5355 5330//5330 5327//5327 
f 5499//5499 5357//5357 5497//5497 
f 5357//5357 5499//5499 5358//5358 
f 5501//5501 5359//5359 5503//5503 
f 5360//5360 5503//5503 5359//5359 
f 5511//5511 5505//5505 5507//5507 
f 5505//5505 5511//5511 5509//5509 
f 5361//5361 5506//5506 5362//5362 
f 5506//5506 5361//5361 5498//5498 
f 5364//5364 5510//5510 5363//5363 
f 5502//5502 5363//5363 5510//5510 
f 5506//5506 5365//5365 5362//5362 
f 5366//5366 5510//5510 5364//5364 
f 5366//5366 5506//5506 5510//5510 
f 5506//5506 5366//5366 5365//5365 
f 5365//5365 5368//5368 5367//5367 
f 5368//5368 5365//5365 5366//5366 
f 5442//5442 5502//5502 5446//5446 
f 5498//5498 5380//5380 5396//5396 
f 5498//5498 5442//5442 5380//5380 
f 5498//5498 5502//5502 5442//5442 
f 5498//5498 5363//5363 5502//5502 
f 5367//5367 5498//5498 5361//5361 
f 5368//5368 5498//5498 5367//5367 
f 5498//5498 5368//5368 5363//5363 
f 5370//5370 5508//5508 5369//5369 
f 5508//5508 5500//5500 5369//5369 
f 5371//5371 5512//5512 5372//5372 
f 5512//5512 5371//5371 5504//5504 
f 5512//5512 5373//5373 5372//5372 
f 5374//5374 5508//5508 5370//5370 
f 5508//5508 5373//5373 5512//5512 
f 5373//5373 5508//5508 5374//5374 
f 5375//5375 5376//5376 5374//5374 
f 5373//5373 5374//5374 5376//5376 
f 5504//5504 5444//5444 5452//5452 
f 5382//5382 5500//5500 5398//5398 
f 5444//5444 5500//5500 5382//5382 
f 5504//5504 5500//5500 5444//5444 
f 5504//5504 5369//5369 5500//5500 
f 5376//5376 5504//5504 5371//5371 
f 5375//5375 5504//5504 5376//5376 
f 5504//5504 5375//5375 5369//5369 
f 5525//5525 5541//5541 5521//5521 
f 5539//5539 5521//5521 5541//5541 
f 5513//5513 5529//5529 5526//5526 
f 5542//5542 5526//5526 5529//5529 
f 5515//5515 5530//5530 5514//5514 
f 5530//5530 5515//5515 5531//5531 
f 5516//5516 5522//5522 5532//5532 
f 5540//5540 5532//5532 5522//5522 
f 5523//5523 5543//5543 5527//5527 
f 5543//5543 5523//5523 5537//5537 
f 5517//5517 5544//5544 5533//5533 
f 5544//5544 5517//5517 5528//5528 
f 5518//5518 5534//5534 5519//5519 
f 5535//5535 5519//5519 5534//5534 
f 5536//5536 5538//5538 5520//5520 
f 5524//5524 5520//5520 5538//5538 
v 0.5773502588272095 -0.3233333230018616 0.07999999821186066
v 0.2973353862762451 0.1616666615009308 0.07999999821186066
v 0.3925981819629669 0.1066666692495346 0.07999999821186066
v 0.5773502588272095 -0.2133333384990692 0.07999999821186066
v 0.5773502588272095 -0.3233333230018616 0.02500000037252903
v 0.4673428237438202 -0.13279485702514648 0.02500000037252903
v 0.5149742364883423 -0.1052948608994484 0.02500000037252903
v 0.5773502588272095 -0.2133333384990692 0.02500000037252903
v 0.4073428213596344 -0.0288718082010746 0.02500000037252903
v 0.2973353862762451 0.1616666615009308 0.02500000037252903
v 0.3925981819629669 0.1066666692495346 0.02500000037252903
v 0.4549742341041565 -0.0013718090485781431 0.02500000037252903
v 0.4673428237438202 -0.13279485702514648 -0.09719758480787277
v 0.5149742364883423 -0.1052948608994484 -0.09719758480787277
v 0.4073428213596344 -0.0288718082010746 -0.09719758480787277
v 0.4549742341041565 -0.0013718090485781431 -0.09719758480787277
v 0.46384283900260925 -0.12673267722129822 -0.08669758588075638
v 0.46384283900260925 -0.12673267722129822 -0.09269758313894272
v 0.4108428359031677 -0.03493398800492287 -0.08669758588075638
v 0.4108428359031677 -0.03493398800492287 -0.09269758313894272
v 0.4608428180217743 -0.12153653055429459 -0.09269758313894272
v 0.4138428270816803 -0.0401301383972168 -0.09269758313894272
v 0.4608428180217743 -0.12153653055429459 -0.08669758588075638
v 0.4138428270816803 -0.0401301383972168 -0.08669758588075638
v 0.5114742517471313 -0.09923268109560013 -0.08669758588075638
v 0.5114742517471313 -0.09923268109560013 -0.09269758313894272
v 0.45847421884536743 -0.007433986756950617 -0.08669758588075638
v 0.45847421884536743 -0.007433986756950617 -0.09269758313894272
v 0.4614742398262024 -0.012630139477550983 -0.09269758313894272
v 0.5084742307662964 -0.0940365269780159 -0.09269758313894272
v 0.5084742307662964 -0.0940365269780159 -0.08669758588075638
v 0.4614742398262024 -0.012630139477550983 -0.08669758588075638
v 0.8573651313781738 0.1616666615009308 0.07999999821186066
v 0.7621023654937744 0.1066666692495346 0.07999999821186066
v 0.8573651313781738 0.1616666615009308 0.02500000037252903
v 0.7473577260971069 -0.0288718082010746 0.02500000037252903
v 0.6997262835502625 -0.0013718090485781431 0.02500000037252903
v 0.7621023654937744 0.1066666692495346 0.02500000037252903
v 0.6873577237129211 -0.13279485702514648 0.02500000037252903
v 0.6397263407707214 -0.1052948608994484 0.02500000037252903
v 0.7473577260971069 -0.0288718082010746 -0.09719758480787277
v 0.6997262835502625 -0.0013718090485781431 -0.09719758480787277
v 0.6873577237129211 -0.13279485702514648 -0.09719758480787277
v 0.6397263407707214 -0.1052948608994484 -0.09719758480787277
v 0.7438576817512512 -0.03493398800492287 -0.08669758588075638
v 0.7438576817512512 -0.03493398800492287 -0.09269759058952332
v 0.6908577084541321 -0.12673267722129822 -0.08669758588075638
v 0.6908577084541321 -0.12673267722129822 -0.09269759058952332
v 0.740857720375061 -0.0401301383972168 -0.09269759058952332
v 0.693857729434967 -0.12153653055429459 -0.09269759058952332
v 0.740857720375061 -0.0401301383972168 -0.08669758588075638
v 0.693857729434967 -0.12153653055429459 -0.08669758588075638
v 0.6962262988090515 -0.007433986756950617 -0.08669758588075638
v 0.6962262988090515 -0.007433986756950617 -0.09269759058952332
v 0.6432263255119324 -0.09923268109560013 -0.08669758588075638
v 0.6432263255119324 -0.09923268109560013 -0.09269759058952332
v 0.6462262868881226 -0.0940365269780159 -0.09269759058952332
v 0.6932263374328613 -0.012630139477550983 -0.09269759058952332
v 0.6932263374328613 -0.012630139477550983 -0.08669758588075638
v 0.6462262868881226 -0.0940365269780159 -0.08669758588075638
v 0.5173502564430237 0.1616666615009308 0.02500000037252903
v 0.5173502564430237 0.1066666692495346 0.02500000037252903
v 0.6373502612113953 0.1616666615009308 0.02500000037252903
v 0.6373502612113953 0.1066666692495346 0.02500000037252903
v 0.5173502564430237 0.1616666615009308 -0.08158901333808899
v 0.5173502564430237 0.1066666692495346 -0.08158901333808899
v 0.6373502612113953 0.1616666615009308 -0.08158901333808899
v 0.6373502612113953 0.1066666692495346 -0.08158901333808899
v 0.5243502855300903 0.1616666615009308 -0.0710890144109726
v 0.5243502855300903 0.1616666615009308 -0.07708901166915894
v 0.6303502917289734 0.1616666615009308 -0.0710890144109726
v 0.6303502917289734 0.1616666615009308 -0.07708901166915894
v 0.5303502678871155 0.1616666615009308 -0.07708901166915894
v 0.6243502497673035 0.1616666615009308 -0.07708901166915894
v 0.5303502678871155 0.1616666615009308 -0.0710890144109726
v 0.6243502497673035 0.1616666615009308 -0.0710890144109726
v 0.5243502855300903 0.1066666692495346 -0.0710890144109726
v 0.5243502855300903 0.1066666692495346 -0.07708901166915894
v 0.6303502917289734 0.1066666692495346 -0.0710890144109726
v 0.6303502917289734 0.1066666692495346 -0.07708901166915894
v 0.6243502497673035 0.1066666692495346 -0.07708901166915894
v 0.5303502678871155 0.1066666692495346 -0.07708901166915894
v 0.5303502678871155 0.1066666692495346 -0.0710890144109726
v 0.6243502497673035 0.1066666692495346 -0.0710890144109726
v 0.5773502588272095 -0.3233333230018616 0.07999999821186066
v 0.5773502588272095 -0.3233333230018616 0.07999999821186066
v 0.2973353862762451 0.1616666615009308 0.07999999821186066
v 0.2973353862762451 0.1616666615009308 0.07999999821186066
v 0.3925981819629669 0.1066666692495346 0.07999999821186066
v 0.3925981819629669 0.1066666692495346 0.07999999821186066
v 0.5773502588272095 -0.2133333384990692 0.07999999821186066
v 0.5773502588272095 -0.2133333384990692 0.07999999821186066
v 0.5773502588272095 -0.3233333230018616 0.02500000037252903
v 0.5773502588272095 -0.3233333230018616 0.02500000037252903
v 0.4673428237438202 -0.13279485702514648 0.02500000037252903
v 0.4673428237438202 -0.13279485702514648 0.02500000037252903
v 0.5149742364883423 -0.1052948608994484 0.02500000037252903
v 0.5149742364883423 -0.1052948608994484 0.02500000037252903
v 0.5773502588272095 -0.2133333384990692 0.02500000037252903
v 0.5773502588272095 -0.2133333384990692 0.02500000037252903
v 0.4073428213596344 -0.0288718082010746 0.02500000037252903
v 0.4073428213596344 -0.0288718082010746 0.02500000037252903
v 0.2973353862762451 0.1616666615009308 0.02500000037252903
v 0.2973353862762451 0.1616666615009308 0.02500000037252903
v 0.3925981819629669 0.1066666692495346 0.02500000037252903
v 0.3925981819629669 0.1066666692495346 0.02500000037252903
v 0.4549742341041565 -0.0013718090485781431 0.02500000037252903
v 0.4549742341041565 -0.0013718090485781431 0.02500000037252903
v 0.4673428237438202 -0.13279485702514648 -0.09719758480787277
v 0.4673428237438202 -0.13279485702514648 -0.09719758480787277
v 0.5149742364883423 -0.1052948608994484 -0.09719758480787277
v 0.5149742364883423 -0.1052948608994484 -0.09719758480787277
v 0.4073428213596344 -0.0288718082010746 -0.09719758480787277
v 0.4073428213596344 -0.0288718082010746 -0.09719758480787277
v 0.4549742341041565 -0.0013718090485781431 -0.09719758480787277
v 0.4549742341041565 -0.0013718090485781431 -0.09719758480787277
v 0.46384283900260925 -0.12673267722129822 -0.08669758588075638
v 0.46384283900260925 -0.12673267722129822 -0.08669758588075638
v 0.46384283900260925 -0.12673267722129822 -0.09269758313894272
v 0.46384283900260925 -0.12673267722129822 -0.09269758313894272
v 0.4108428359031677 -0.03493398800492287 -0.08669758588075638
v 0.4108428359031677 -0.03493398800492287 -0.08669758588075638
v 0.4108428359031677 -0.03493398800492287 -0.09269758313894272
v 0.4108428359031677 -0.03493398800492287 -0.09269758313894272
v 0.4608428180217743 -0.12153653055429459 -0.09269758313894272
v 0.4608428180217743 -0.12153653055429459 -0.09269758313894272
v 0.4138428270816803 -0.0401301383972168 -0.09269758313894272
v 0.4138428270816803 -0.0401301383972168 -0.09269758313894272
v 0.4608428180217743 -0.12153653055429459 -0.08669758588075638
v 0.4608428180217743 -0.12153653055429459 -0.08669758588075638
v 0.4138428270816803 -0.0401301383972168 -0.08669758588075638
v 0.4138428270816803 -0.0401301383972168 -0.08669758588075638
v 0.5114742517471313 -0.09923268109560013 -0.08669758588075638
v 0.5114742517471313 -0.09923268109560013 -0.08669758588075638
v 0.5114742517471313 -0.09923268109560013 -0.09269758313894272
v 0.5114742517471313 -0.09923268109560013 -0.09269758313894272
v 0.45847421884536743 -0.007433986756950617 -0.08669758588075638
v 0.45847421884536743 -0.007433986756950617 -0.08669758588075638
v 0.45847421884536743 -0.007433986756950617 -0.09269758313894272
v 0.45847421884536743 -0.007433986756950617 -0.09269758313894272
v 0.4614742398262024 -0.012630139477550983 -0.09269758313894272
v 0.4614742398262024 -0.012630139477550983 -0.09269758313894272
v 0.5084742307662964 -0.0940365269780159 -0.09269758313894272
v 0.5084742307662964 -0.0940365269780159 -0.09269758313894272
v 0.5084742307662964 -0.0940365269780159 -0.08669758588075638
v 0.5084742307662964 -0.0940365269780159 -0.08669758588075638
v 0.4614742398262024 -0.012630139477550983 -0.08669758588075638
v 0.4614742398262024 -0.012630139477550983 -0.08669758588075638
v 0.8573651313781738 0.1616666615009308 0.07999999821186066
v 0.8573651313781738 0.1616666615009308 0.07999999821186066
v 0.7621023654937744 0.1066666692495346 0.07999999821186066
v 0.7621023654937744 0.1066666692495346 0.07999999821186066
v 0.8573651313781738 0.1616666615009308 0.02500000037252903
v 0.8573651313781738 0.1616666615009308 0.02500000037252903
v 0.7473577260971069 -0.0288718082010746 0.02500000037252903
v 0.7473577260971069 -0.0288718082010746 0.02500000037252903
v 0.6997262835502625 -0.0013718090485781431 0.02500000037252903
v 0.6997262835502625 -0.0013718090485781431 0.02500000037252903
v 0.7621023654937744 0.1066666692495346 0.02500000037252903
v 0.7621023654937744 0.1066666692495346 0.02500000037252903
v 0.6873577237129211 -0.13279485702514648 0.02500000037252903
v 0.6873577237129211 -0.13279485702514648 0.02500000037252903
v 0.6397263407707214 -0.1052948608994484 0.02500000037252903
v 0.6397263407707214 -0.1052948608994484 0.02500000037252903
v 0.7473577260971069 -0.0288718082010746 -0.09719758480787277
v 0.7473577260971069 -0.0288718082010746 -0.09719758480787277
v 0.6997262835502625 -0.0013718090485781431 -0.09719758480787277
v 0.6997262835502625 -0.0013718090485781431 -0.09719758480787277
v 0.6873577237129211 -0.13279485702514648 -0.09719758480787277
v 0.6873577237129211 -0.13279485702514648 -0.09719758480787277
v 0.6397263407707214 -0.1052948608994484 -0.09719758480787277
v 0.6397263407707214 -0.1052948608994484 -0.09719758480787277
v 0.7438576817512512 -0.03493398800492287 -0.08669758588075638
v 0.7438576817512512 -0.03493398800492287 -0.08669758588075638
v 0.7438576817512512 -0.03493398800492287 -0.09269759058952332
v 0.7438576817512512 -0.03493398800492287 -0.09269759058952332
v 0.6908577084541321 -0.12673267722129822 -0.08669758588075638
v 0.6908577084541321 -0.12673267722129822 -0.08669758588075638
v 0.6908577084541321 -0.12673267722129822 -0.09269759058952332
v 0.6908577084541321 -0.12673267722129822 -0.09269759058952332
v 0.740857720375061 -0.0401301383972168 -0.09269759058952332
v 0.740857720375061 -0.0401301383972168 -0.09269759058952332
v 0.693857729434967 -0.12153653055429459 -0.09269759058952332
v 0.693857729434967 -0.12153653055429459 -0.09269759058952332
v 0.740857720375061 -0.0401301383972168 -0.08669758588075638
v 0.740857720375061 -0.0401301383972168 -0.08669758588075638
v 0.693857729434967 -0.12153653055429459 -0.08669758588075638
v 0.693857729434967 -0.12153653055429459 -0.08669758588075638
v 0.6962262988090515 -0.007433986756950617 -0.08669758588075638
v 0.6962262988090515 -0.007433986756950617 -0.08669758588075638
v 0.6962262988090515 -0.007433986756950617 -0.09269759058952332
v 0.6962262988090515 -0.007433986756950617 -0.09269759058952332
v 0.6432263255119324 -0.09923268109560013 -0.08669758588075638
v 0.6432263255119324 -0.09923268109560013 -0.08669758588075638
v 0.6432263255119324 -0.09923268109560013 -0.09269759058952332
v 0.6432263255119324 -0.09923268109560013 -0.09269759058952332
v 0.6462262868881226 -0.0940365269780159 -0.09269759058952332
v 0.6462262868881226 -0.0940365269780159 -0.09269759058952332
v 0.6932263374328613 -0.012630139477550983 -0.09269759058952332
v 0.6932263374328613 -0.012630139477550983 -0.09269759058952332
v 0.6932263374328613 -0.012630139477550983 -0.08669758588075638
v 0.6932263374328613 -0.012630139477550983 -0.08669758588075638
v 0.6462262868881226 -0.0940365269780159 -0.08669758588075638
v 0.6462262868881226 -0.0940365269780159 -0.08669758588075638
v 0.5173502564430237 0.1616666615009308 0.02500000037252903
v 0.5173502564430237 0.1616666615009308 0.02500000037252903
v 0.5173502564430237 0.1066666692495346 0.02500000037252903
v 0.5173502564430237 0.1066666692495346 0.02500000037252903
v 0.6373502612113953 0.1616666615009308 0.02500000037252903
v 0.6373502612113953 0.1616666615009308 0.02500000037252903
v 0.6373502612113953 0.1066666692495346 0.02500000037252903
v 0.6373502612113953 0.1066666692495346 0.02500000037252903
v 0.5173502564430237 0.1616666615009308 -0.08158901333808899
v 0.5173502564430237 0.1616666615009308 -0.08158901333808899
v 0.5173502564430237 0.1066666692495346 -0.08158901333808899
v 0.5173502564430237 0.1066666692495346 -0.08158901333808899
v 0.6373502612113953 0.1616666615009308 -0.08158901333808899
v 0.6373502612113953 0.1616666615009308 -0.08158901333808899
v 0.6373502612113953 0.1066666692495346 -0.08158901333808899
v 0.6373502612113953 0.1066666692495346 -0.08158901333808899
v 0.5243502855300903 0.1616666615009308 -0.0710890144109726
v 0.5243502855300903 0.1616666615009308 -0.0710890144109726
v 0.5243502855300903 0.1616666615009308 -0.07708901166915894
v 0.5243502855300903 0.1616666615009308 -0.07708901166915894
v 0.6303502917289734 0.1616666615009308 -0.0710890144109726
v 0.6303502917289734 0.1616666615009308 -0.0710890144109726
v 0.6303502917289734 0.1616666615009308 -0.07708901166915894
v 0.6303502917289734 0.1616666615009308 -0.07708901166915894
v 0.5303502678871155 0.1616666615009308 -0.07708901166915894
v 0.5303502678871155 0.1616666615009308 -0.07708901166915894
v 0.6243502497673035 0.1616666615009308 -0.07708901166915894
v 0.6243502497673035 0.1616666615009308 -0.07708901166915894
v 0.5303502678871155 0.1616666615009308 -0.0710890144109726
v 0.5303502678871155 0.1616666615009308 -0.0710890144109726
v 0.6243502497673035 0.1616666615009308 -0.0710890144109726
v 0.6243502497673035 0.1616666615009308 -0.0710890144109726
v 0.5243502855300903 0.1066666692495346 -0.0710890144109726
v 0.5243502855300903 0.1066666692495346 -0.0710890144109726
v 0.5243502855300903 0.1066666692495346 -0.07708901166915894
v 0.5243502855300903 0.1066666692495346 -0.07708901166915894
v 0.6303502917289734 0.1066666692495346 -0.0710890144109726
v 0.6303502917289734 0.1066666692495346 -0.0710890144109726
v 0.6303502917289734 0.1066666692495346 -0.07708901166915894
v 0.6303502917289734 0.1066666692495346 -0.07708901166915894
v 0.6243502497673035 0.1066666692495346 -0.07708901166915894
v 0.6243502497673035 0.1066666692495346 -0.07708901166915894
v 0.5303502678871155 0.1066666692495346 -0.07708901166915894
v 0.5303502678871155 0.1066666692495346 -0.07708901166915894
v 0.5303502678871155 0.1066666692495346 -0.0710890144109726
v 0.5303502678871155 0.1066666692495346 -0.0710890144109726
v 0.6243502497673035 0.1066666692495346 -0.0710890144109726
v 0.6243502497673035 0.1066666692495346 -0.0710890144109726
vn 0 0 -1
vn 0 0 -1
vn 0 0 -1
vn 0 0 -1
vn 0 0 1
vn 0 0 1
vn 0 0 1
vn 0 0 1
vn 0 0 1
vn 0 0 1
vn 0 0 1
vn 0 0 1
vn -0.4999998211860657 0.8660255074501038 0
vn -0.4999998211860657 0.8660255074501038 0
vn 0.49999988079071045 -0.8660255074501038 0
vn 0.49999988079071045 -0.8660255074501038 0
vn 0.8660255074501038 0.49999988079071045 1.156661539880588e-7
vn 0.8660250306129456 0.5000006556510925 -0.000004306541541154729
vn 0.8660251498222351 0.500000536441803 -2.3173467411652382e-7
vn 0.8660252690315247 0.5000002384185791 -0.0000021483219825313427
vn 0.8660250306129456 0.5000007748603821 -0.0000016965917666311725
vn 0.8660255670547485 0.4999997019767761 -8.829439934743277e-7
vn 0.8660248517990112 0.5000010132789612 9.113495025303564e-8
vn 0.8660255670547485 0.4999997019767761 -2.7586489181885554e-7
vn -0.8660255670547485 -0.4999997317790985 6.657386961705924e-7
vn -0.8660252094268799 -0.5000003576278687 0.000003823632141575217
vn -0.8660255670547485 -0.4999997913837433 1.0200120925674128e-7
vn -0.8660251498222351 -0.500000536441803 -0.0000037977617921569617
vn -0.866024911403656 -0.5000008344650269 -0.0000020933841824444244
vn -0.8660251498222351 -0.5000004768371582 0.0000016556547279833467
vn -0.8660249710083008 -0.5000007748603821 9.124369171331637e-7
vn -0.8660250902175903 -0.5000005960464478 6.325269907847542e-8
vn 0 0 -1
vn 0 0 -1
vn 0 0 1
vn 0 0 1
vn 0 0 1
vn 0 0 1
vn 0 0 1
vn 0 0 1
vn -0.49999964237213135 -0.8660256266593933 0
vn -0.49999964237213135 -0.8660256266593933 0
vn 0.5000000596046448 0.8660253882408142 0
vn 0.5000000596046448 0.8660253882408142 0
vn -0.8660247921943665 0.5000011920928955 -0.0000012041438139931415
vn -0.866025447845459 0.5 -0.00000836177514429437
vn -0.8660255074501038 0.49999988079071045 1.156661539880588e-7
vn -0.8660250306129456 0.5000006556510925 -0.0000043065483623649925
vn -0.866025984287262 0.4999990165233612 -0.0000031917361411615275
vn -0.8660248517990112 0.5000010132789612 -0.000002262125917695812
vn -0.8660263419151306 0.4999983608722687 -0.00000174138733655127
vn -0.8660250306129456 0.5000007748603821 6.835121268977673e-8
vn 0.8660269379615784 -0.4999972879886627 -7.771722465577113e-8
vn 0.866027295589447 -0.49999678134918213 0.0000028936128728673793
vn 0.8660266995429993 -0.4999977946281433 -0.0000013878673144063214
vn 0.8660273551940918 -0.4999966621398926 -0.0000028677429781964747
vn 0.8660260438919067 -0.49999886751174927 -0.000001983390120585682
vn 0.8660259246826172 -0.49999910593032837 -0.0000014886846884110128
vn 0.8660261631011963 -0.49999865889549255 7.99667887463329e-8
vn 0.866025984287262 -0.499999076128006 -0.0000012445067341104732
vn 0 0 1
vn 0 0 1
vn 0 0 1
vn 0 0 1
vn 1 0 0
vn 1 0 0
vn -1 0 0
vn -1 0 0
vn 0 -1 0
vn 0 -1 0
vn 0 -1 0
vn 0 -1 0
vn 0 -1 0
vn 0 -1 0
vn 0 -1 0
vn 0 -1 0
vn 0 1 0
vn 0 1 0
vn 0 1 0
vn 0 1 0
vn 0 1 0
vn 0 1 0
vn 0 1 0
vn 0 1 0
vn 0.8660253882408142 0.5 7.658290890333319e-9
vn -0.8660253882408142 0.5000001192092896 -2.353484944705997e-7
vn 0.8660253882408142 0.5 -1.6217111209471113e-8
vn 0 -1 0
vn -0.866025447845459 -0.5 -9.648505283621489e-8
vn 0 1 0
vn -0.866025447845459 -0.4999999701976776 -1.809793275242555e-7
vn 0.866025447845459 -0.4999999701976776 3.5348566029824724e-7
vn 0.8660253882408142 0.5 0
vn -0.8660253286361694 0.5000001192092896 0
vn -0.4999998211860657 0.8660255074501038 0
vn 0.8660253882408142 0.5000000596046448 -8.544639484853178e-8
vn -0.4999998211860657 0.8660255074501038 0
vn -0.8660256862640381 -0.4999995231628418 -1.1932915811030398e-7
vn -0.8660255074501038 -0.49999988079071045 0
vn 0.8660252690315247 -0.5000002384185791 0
vn 0.49999988079071045 -0.8660255074501038 0
vn 0.8660252690315247 0.5000002980232239 2.5180444396255552e-8
vn 0.8660253882408142 0.5 0
vn 0 -1 0
vn -0.8660253882408142 -0.5000000596046448 0
vn 0 1 0
vn 0.49999988079071045 -0.8660255074501038 0
vn -0.8660252094268799 -0.5000004768371582 2.966284569083655e-7
vn 0 0 1
vn 0.866025447845459 0.49999991059303284 -0.0000015696430182288168
vn 0 0 1
vn -0.8660255670547485 -0.4999997615814209 0.000001740725792842568
vn 0 0 1
vn 0.8660251498222351 0.5000004768371582 -0.0000013396231679507764
vn 0 0 1
vn -0.8660255670547485 -0.49999985098838806 -0.0000013929027318226872
vn 0 0 1
vn 0.4999998211860657 -0.8660255074501038 0
vn 0.4999998211860657 -0.8660255074501038 0
vn 0 0 -1
vn 0 0 1
vn -0.5000001192092896 0.8660253286361694 0
vn -0.5000001192092896 0.8660253286361694 0
vn 0 0 -1
vn -0.4999999403953552 0.866025447845459 0
vn 0 0 -1
vn 0.49999985098838806 -0.8660255074501038 0
vn 0 0 -1
vn -0.4999999403953552 0.866025447845459 0
vn 0 0 1
vn 0.49999985098838806 -0.8660255074501038 0
vn 0 0 1
vn 0 0 1
vn 0.4999998211860657 -0.8660255074501038 0
vn 0.4999998211860657 -0.8660255074501038 0
vn 0 0 -1
vn 0 0 1
vn -0.5000001192092896 0.8660253286361694 0
vn -0.5000001192092896 0.8660253286361694 0
vn 0 0 -1
vn 0.49999985098838806 -0.8660255074501038 0
vn 0 0 -1
vn -0.4999999403953552 0.866025447845459 0
vn 0 0 -1
vn -0.4999999403953552 0.866025447845459 0
vn 0 0 1
vn 0.49999985098838806 -0.8660255074501038 0
vn 0 0 1
vn -0.866025447845459 0.4999999701976776 -3.430790513903048e-7
vn 0 -1 0
vn 0.8660253286361694 -0.5000001192092896 -2.519008432955161e-7
vn 0 1 0
vn -0.8660255074501038 0.49999991059303284 0
vn 0 -1 0
vn -0.49999964237213135 -0.8660256266593933 0
vn -0.8660247921943665 0.5000011920928955 -5.6136610027124334e-8
vn -0.49999964237213135 -0.8660256266593933 0
vn 0.8660262227058411 -0.4999985694885254 -5.313889914759784e-7
vn 0.8660252690315247 -0.5000002384185791 0
vn 0 1 0
vn 0.5000000596046448 0.8660253882408142 0
vn -0.8660256862640381 0.49999961256980896 -6.965509555811877e-7
vn 0.5000000596046448 0.8660253882408142 0
vn 0.8660257458686829 -0.49999943375587463 3.659668834643526e-7
vn 0 0 1
vn -0.8660247325897217 0.5000011920928955 -0.0000044463499762059655
vn 0 0 1
vn 0.8660263419151306 -0.49999842047691345 7.178300052146369e-7
vn 0 0 1
vn -0.866025447845459 0.49999991059303284 -0.000001569645405652409
vn 0 0 1
vn 0.8660266995429993 -0.4999977946281433 9.521007768853451e-7
vn 0 0 1
vn 0.5000001192092896 0.8660253286361694 0
vn 0.5000001192092896 0.8660253286361694 0
vn 0 0 -1
vn 0 0 1
vn -0.5000000596046448 -0.8660253882408142 0
vn -0.5000000596046448 -0.8660253882408142 0
vn 0 0 -1
vn -0.5000001192092896 -0.8660253286361694 0
vn 0 0 -1
vn 0.4999997019767761 0.8660255670547485 0
vn 0 0 -1
vn -0.5000001192092896 -0.8660253286361694 0
vn 0 0 1
vn 0.4999997019767761 0.8660255670547485 0
vn 0 0 1
vn 0 0 1
vn 0.5000001192092896 0.8660253286361694 0
vn 0.5000001192092896 0.8660253286361694 0
vn 0 0 -1
vn 0 0 1
vn -0.5000000596046448 -0.8660253882408142 0
vn -0.5000000596046448 -0.8660253882408142 0
vn 0 0 -1
vn 0.4999997019767761 0.8660255670547485 0
vn 0 0 -1
vn -0.5000001192092896 -0.8660253286361694 0
vn 0 0 -1
vn -0.5000001192092896 -0.8660253286361694 0
vn 0 0 1
vn 0.4999997019767761 0.8660255670547485 0
vn 0 0 1
vn 1 0 0
vn 0 -1 0
vn 1 0 0
vn 0 1 0
vn -1 0 0
vn 0 -1 0
vn -1 0 0
vn 0 1 0
vn 0 0 1
vn 0 -1 0
vn 0 0 1
vn 0 1 0
vn 0 0 1
vn 0 -1 0
vn 0 0 1
vn 0 1 0
vn 0 0 1
vn -1 0 0
vn -1 0 0
vn 0 0 -1
vn 0 0 1
vn 1 0 0
vn 1 0 0
vn 0 0 -1
vn 1 0 0
vn 0 0 -1
vn -1 0 0
vn 0 0 -1
vn 1 0 0
vn 0 0 1
vn -1 0 0
vn 0 0 1
vn 0 0 1
vn -1 0 0
vn -1 0 0
vn 0 0 -1
vn 0 0 1
vn 1 0 0
vn 1 0 0
vn 0 0 -1
vn -1 0 0
vn 0 0 -1
vn 1 0 0
vn 0 0 -1
vn 1 0 0
vn 0 0 1
vn -1 0 0
vn 0 0 1

g grp5545
usemtl mtl5545
f 5546//5546 5547//5547 5545//5545 
f 5548//5548 5545//5545 5547//5547 
f 5550//5550 5552//5552 5551//5551 
f 5552//5552 5550//5550 5549//5549 
f 5555//5555 5553//5553 5556//5556 
f 5553//5553 5555//5555 5554//5554 
f 5641//5641 5557//5557 5639//5639 
f 5557//5557 5641//5641 5558//5558 
f 5645//5645 5559//5559 5651//5651 
f 5560//5560 5651//5651 5559//5559 
f 5653//5653 5659//5659 5657//5657 
f 5655//5655 5659//5659 5653//5653 
f 5561//5561 5654//5654 5562//5562 
f 5654//5654 5561//5561 5640//5640 
f 5564//5564 5658//5658 5563//5563 
f 5563//5563 5658//5658 5646//5646 
f 5654//5654 5565//5565 5562//5562 
f 5566//5566 5658//5658 5564//5564 
f 5566//5566 5654//5654 5658//5658 
f 5654//5654 5566//5566 5565//5565 
f 5565//5565 5568//5568 5567//5567 
f 5568//5568 5565//5565 5566//5566 
f 5640//5640 5629//5629 5637//5637 
f 5631//5631 5646//5646 5647//5647 
f 5629//5629 5646//5646 5631//5631 
f 5640//5640 5646//5646 5629//5629 
f 5640//5640 5563//5563 5646//5646 
f 5567//5567 5640//5640 5561//5561 
f 5568//5568 5640//5640 5567//5567 
f 5640//5640 5568//5568 5563//5563 
f 5570//5570 5656//5656 5569//5569 
f 5642//5642 5569//5569 5656//5656 
f 5571//5571 5660//5660 5572//5572 
f 5660//5660 5571//5571 5652//5652 
f 5660//5660 5573//5573 5572//5572 
f 5574//5574 5656//5656 5570//5570 
f 5574//5574 5660//5660 5656//5656 
f 5573//5573 5660//5660 5574//5574 
f 5575//5575 5576//5576 5574//5574 
f 5573//5573 5574//5574 5576//5576 
f 5635//5635 5642//5642 5643//5643 
f 5652//5652 5633//5633 5649//5649 
f 5652//5652 5635//5635 5633//5633 
f 5652//5652 5642//5642 5635//5635 
f 5652//5652 5569//5569 5642//5642 
f 5576//5576 5652//5652 5571//5571 
f 5575//5575 5652//5652 5576//5576 
f 5652//5652 5575//5575 5569//5569 
f 5673//5673 5689//5689 5669//5669 
f 5687//5687 5669//5669 5689//5689 
f 5677//5677 5690//5690 5661//5661 
f 5674//5674 5661//5661 5690//5690 
f 5663//5663 5678//5678 5662//5662 
f 5678//5678 5663//5663 5679//5679 
f 5680//5680 5664//5664 5688//5688 
f 5670//5670 5688//5688 5664//5664 
f 5671//5671 5691//5691 5675//5675 
f 5691//5691 5671//5671 5685//5685 
f 5681//5681 5676//5676 5692//5692 
f 5676//5676 5681//5681 5665//5665 
f 5666//5666 5682//5682 5667//5667 
f 5683//5683 5667//5667 5682//5682 
f 5686//5686 5672//5672 5684//5684 
f 5668//5668 5684//5684 5672//5672 
f 5545//5545 5548//5548 5577//5577 
f 5548//5548 5578//5578 5577//5577 
f 5580//5580 5582//5582 5581//5581 
f 5582//5582 5580//5580 5579//5579 
f 5552//5552 5583//5583 5584//5584 
f 5583//5583 5552//5552 5549//5549 
f 5701//5701 5585//5585 5699//5699 
f 5586//5586 5585//5585 5701//5701 
f 5705//5705 5587//5587 5707//5707 
f 5707//5707 5587//5587 5588//5588 
f 5711//5711 5713//5713 5709//5709 
f 5715//5715 5713//5713 5711//5711 
f 5589//5589 5710//5710 5590//5590 
f 5700//5700 5710//5710 5589//5589 
f 5592//5592 5714//5714 5591//5591 
f 5706//5706 5591//5591 5714//5714 
f 5594//5594 5714//5714 5592//5592 
f 5710//5710 5593//5593 5590//5590 
f 5714//5714 5593//5593 5710//5710 
f 5593//5593 5714//5714 5594//5594 
f 5593//5593 5596//5596 5595//5595 
f 5596//5596 5593//5593 5594//5594 
f 5700//5700 5693//5693 5697//5697 
f 5630//5630 5706//5706 5638//5638 
f 5693//5693 5706//5706 5630//5630 
f 5700//5700 5706//5706 5693//5693 
f 5589//5589 5706//5706 5700//5700 
f 5706//5706 5596//5596 5591//5591 
f 5706//5706 5595//5595 5596//5596 
f 5595//5595 5706//5706 5589//5589 
f 5598//5598 5712//5712 5597//5597 
f 5702//5702 5597//5597 5712//5712 
f 5599//5599 5716//5716 5600//5600 
f 5716//5716 5599//5599 5708//5708 
f 5602//5602 5712//5712 5598//5598 
f 5716//5716 5601//5601 5600//5600 
f 5712//5712 5601//5601 5716//5716 
f 5601//5601 5712//5712 5602//5602 
f 5603//5603 5604//5604 5602//5602 
f 5601//5601 5602//5602 5604//5604 
f 5708//5708 5636//5636 5644//5644 
f 5695//5695 5702//5702 5703//5703 
f 5636//5636 5702//5702 5695//5695 
f 5708//5708 5702//5702 5636//5636 
f 5599//5599 5702//5702 5708//5708 
f 5702//5702 5603//5603 5597//5597 
f 5702//5702 5604//5604 5603//5603 
f 5604//5604 5702//5702 5599//5599 
f 5729//5729 5745//5745 5725//5725 
f 5743//5743 5725//5725 5745//5745 
f 5733//5733 5746//5746 5717//5717 
f 5730//5730 5717//5717 5746//5746 
f 5719//5719 5734//5734 5718//5718 
f 5734//5734 5719//5719 5735//5735 
f 5736//5736 5720//5720 5744//5744 
f 5726//5726 5744//5744 5720//5720 
f 5727//5727 5747//5747 5731//5731 
f 5747//5747 5727//5727 5741//5741 
f 5732//5732 5737//5737 5721//5721 
f 5737//5737 5732//5732 5748//5748 
f 5722//5722 5738//5738 5723//5723 
f 5739//5739 5723//5723 5738//5738 
f 5724//5724 5740//5740 5728//5728 
f 5742//5742 5728//5728 5740//5740 
f 5546//5546 5577//5577 5547//5547 
f 5547//5547 5577//5577 5578//5578 
f 5605//5605 5555//5555 5606//5606 
f 5555//5555 5605//5605 5554//5554 
f 5582//5582 5607//5607 5608//5608 
f 5579//5579 5607//5607 5582//5582 
f 5751//5751 5609//5609 5749//5749 
f 5609//5609 5751//5751 5610//5610 
f 5753//5753 5611//5611 5755//5755 
f 5612//5612 5755//5755 5611//5611 
f 5759//5759 5761//5761 5757//5757 
f 5761//5761 5759//5759 5763//5763 
f 5613//5613 5758//5758 5614//5614 
f 5758//5758 5613//5613 5750//5750 
f 5616//5616 5762//5762 5615//5615 
f 5754//5754 5615//5615 5762//5762 
f 5618//5618 5762//5762 5616//5616 
f 5758//5758 5617//5617 5614//5614 
f 5618//5618 5758//5758 5762//5762 
f 5758//5758 5618//5618 5617//5617 
f 5617//5617 5620//5620 5619//5619 
f 5620//5620 5617//5617 5618//5618 
f 5694//5694 5754//5754 5698//5698 
f 5750//5750 5632//5632 5648//5648 
f 5632//5632 5754//5754 5694//5694 
f 5754//5754 5620//5620 5615//5615 
f 5754//5754 5619//5619 5620//5620 
f 5619//5619 5750//5750 5613//5613 
f 5754//5754 5750//5750 5619//5619 
f 5750//5750 5754//5754 5632//5632 
f 5622//5622 5760//5760 5621//5621 
f 5752//5752 5621//5621 5760//5760 
f 5623//5623 5764//5764 5624//5624 
f 5764//5764 5623//5623 5756//5756 
f 5764//5764 5625//5625 5624//5624 
f 5626//5626 5760//5760 5622//5622 
f 5760//5760 5625//5625 5764//5764 
f 5625//5625 5760//5760 5626//5626 
f 5627//5627 5628//5628 5626//5626 
f 5625//5625 5626//5626 5628//5628 
f 5634//5634 5752//5752 5650//5650 
f 5756//5756 5696//5696 5704//5704 
f 5756//5756 5634//5634 5696//5696 
f 5756//5756 5752//5752 5634//5634 
f 5756//5756 5621//5621 5752//5752 
f 5628//5628 5756//5756 5623//5623 
f 5627//5627 5756//5756 5628//5628 
f 5756//5756 5627//5627 5621//5621 
f 5777//5777 5793//5793 5773//5773 
f 5791//5791 5773//5773 5793//5793 
f 5778//5778 5765//5765 5794//5794 
f 5781//5781 5794//5794 5765//5765 
f 5767//5767 5782//5782 5766//5766 
f 5782//5782 5767//5767 5783//5783 
f 5768//5768 5774//5774 5784//5784 
f 5792//5792 5784//5784 5774//5774 
f 5775//5775 5795//5795 5779//5779 
f 5795//5795 5775//5775 5789//5789 
f 5796//5796 5769//5769 5780//5780 
f 5769//5769 5796//5796 5785//5785 
f 5770//5770 5786//5786 5771//5771 
f 5787//5787 5771//5771 5786//5786 
f 5776//5776 5772//5772 5790//5790 
f 5788//5788 5790//5790 5772//5772 
v 0.28867512941360474 0.17666666209697723 0.07999999821186066
v 0.008660254068672657 0.6616666913032532 0.07999999821186066
v 0.10392304509878159 0.6066666841506958 0.07999999821186066
v 0.28867512941360474 0.2866666615009308 0.07999999821186066
v 0.28867512941360474 0.17666666209697723 0.02500000037252903
v 0.17866769433021545 0.3672051429748535 0.02500000037252903
v 0.22629909217357635 0.3947051465511322 0.02500000037252903
v 0.28867512941360474 0.2866666615009308 0.02500000037252903
v 0.11866769194602966 0.4711281955242157 0.02500000037252903
v 0.008660254068672657 0.6616666913032532 0.02500000037252903
v 0.10392304509878159 0.6066666841506958 0.02500000037252903
v 0.16629908978939056 0.4986281991004944 0.02500000037252903
v 0.17866769433021545 0.3672051429748535 -0.09719471633434296
v 0.22629909217357635 0.3947051465511322 -0.09719471633434296
v 0.11866769194602966 0.4711281955242157 -0.09719471633434296
v 0.16629908978939056 0.4986281991004944 -0.09719471633434296
v 0.17516769468784332 0.3732673227787018 -0.08669471740722656
v 0.17516769468784332 0.3732673227787018 -0.0926947146654129
v 0.1221676915884018 0.46506601572036743 -0.08669471740722656
v 0.1221676915884018 0.46506601572036743 -0.0926947146654129
v 0.17216768860816956 0.378463476896286 -0.0926947146654129
v 0.12516769766807556 0.4598698616027832 -0.0926947146654129
v 0.17216768860816956 0.378463476896286 -0.08669471740722656
v 0.12516769766807556 0.4598698616027832 -0.08669471740722656
v 0.22279909253120422 0.40076732635498047 -0.08669471740722656
v 0.22279909253120422 0.40076732635498047 -0.0926947146654129
v 0.1697990894317627 0.4925660192966461 -0.08669471740722656
v 0.1697990894317627 0.4925660192966461 -0.0926947146654129
v 0.17279909551143646 0.4873698651790619 -0.0926947146654129
v 0.21979908645153046 0.4059634804725647 -0.0926947146654129
v 0.21979908645153046 0.4059634804725647 -0.08669471740722656
v 0.17279909551143646 0.4873698651790619 -0.08669471740722656
v 0.5686900019645691 0.6616666913032532 0.07999999821186066
v 0.4734272062778473 0.6066666841506958 0.07999999821186066
v 0.22867514193058014 0.6616666913032532 0.02500000037252903
v 0.22867514193058014 0.6066666841506958 0.02500000037252903
v 0.3486751317977905 0.6616666913032532 0.02500000037252903
v 0.5686900019645691 0.6616666913032532 0.02500000037252903
v 0.4734272062778473 0.6066666841506958 0.02500000037252903
v 0.3486751317977905 0.6066666841506958 0.02500000037252903
v 0.22867514193058014 0.6616666913032532 -0.09055989235639572
v 0.22867514193058014 0.6066666841506958 -0.09055989235639572
v 0.3486751317977905 0.6616666913032532 -0.09055989235639572
v 0.3486751317977905 0.6066666841506958 -0.09055989235639572
v 0.2356751412153244 0.6616666913032532 -0.08005989342927933
v 0.2356751412153244 0.6616666913032532 -0.08605989068746567
v 0.34167513251304626 0.6616666913032532 -0.08005989342927933
v 0.34167513251304626 0.6616666913032532 -0.08605989068746567
v 0.24167513847351074 0.6616666913032532 -0.08605989068746567
v 0.33567512035369873 0.6616666913032532 -0.08605989068746567
v 0.24167513847351074 0.6616666913032532 -0.08005989342927933
v 0.33567512035369873 0.6616666913032532 -0.08005989342927933
v 0.2356751412153244 0.6066666841506958 -0.08005989342927933
v 0.2356751412153244 0.6066666841506958 -0.08605989068746567
v 0.34167513251304626 0.6066666841506958 -0.08005989342927933
v 0.34167513251304626 0.6066666841506958 -0.08605989068746567
v 0.33567512035369873 0.6066666841506958 -0.08605989068746567
v 0.24167513847351074 0.6066666841506958 -0.08605989068746567
v 0.24167513847351074 0.6066666841506958 -0.08005989342927933
v 0.33567512035369873 0.6066666841506958 -0.08005989342927933
v 0.4586825668811798 0.4711281955242157 0.02500000037252903
v 0.4110511839389801 0.4986281991004944 0.02500000037252903
v 0.398682564496994 0.3672051429748535 0.02500000037252903
v 0.3510511815547943 0.3947051465511322 0.02500000037252903
v 0.4586825668811798 0.4711281955242157 -0.09056001156568527
v 0.4110511839389801 0.4986281991004944 -0.09056001156568527
v 0.398682564496994 0.3672051429748535 -0.09056001156568527
v 0.3510511815547943 0.3947051465511322 -0.09056001156568527
v 0.45518258213996887 0.46506601572036743 -0.08006001263856888
v 0.45518258213996887 0.46506601572036743 -0.08606001734733582
v 0.40218257904052734 0.3732673227787018 -0.08006001263856888
v 0.40218257904052734 0.3732673227787018 -0.08606001734733582
v 0.4521825611591339 0.4598698616027832 -0.08606001734733582
v 0.4051825702190399 0.378463476896286 -0.08606001734733582
v 0.4521825611591339 0.4598698616027832 -0.08006001263856888
v 0.4051825702190399 0.378463476896286 -0.08006001263856888
v 0.4075511693954468 0.4925660192966461 -0.08006001263856888
v 0.4075511693954468 0.4925660192966461 -0.08606001734733582
v 0.35455116629600525 0.40076732635498047 -0.08006001263856888
v 0.35455116629600525 0.40076732635498047 -0.08606001734733582
v 0.3575511872768402 0.4059634804725647 -0.08606001734733582
v 0.4045511782169342 0.4873698651790619 -0.08606001734733582
v 0.4045511782169342 0.4873698651790619 -0.08006001263856888
v 0.3575511872768402 0.4059634804725647 -0.08006001263856888
v 0.28867512941360474 0.17666666209697723 0.07999999821186066
v 0.28867512941360474 0.17666666209697723 0.07999999821186066
v 0.008660254068672657 0.6616666913032532 0.07999999821186066
v 0.008660254068672657 0.6616666913032532 0.07999999821186066
v 0.10392304509878159 0.6066666841506958 0.07999999821186066
v 0.10392304509878159 0.6066666841506958 0.07999999821186066
v 0.28867512941360474 0.2866666615009308 0.07999999821186066
v 0.28867512941360474 0.2866666615009308 0.07999999821186066
v 0.28867512941360474 0.17666666209697723 0.02500000037252903
v 0.28867512941360474 0.17666666209697723 0.02500000037252903
v 0.17866769433021545 0.3672051429748535 0.02500000037252903
v 0.17866769433021545 0.3672051429748535 0.02500000037252903
v 0.22629909217357635 0.3947051465511322 0.02500000037252903
v 0.22629909217357635 0.3947051465511322 0.02500000037252903
v 0.28867512941360474 0.2866666615009308 0.02500000037252903
v 0.28867512941360474 0.2866666615009308 0.02500000037252903
v 0.11866769194602966 0.4711281955242157 0.02500000037252903
v 0.11866769194602966 0.4711281955242157 0.02500000037252903
v 0.008660254068672657 0.6616666913032532 0.02500000037252903
v 0.008660254068672657 0.6616666913032532 0.02500000037252903
v 0.10392304509878159 0.6066666841506958 0.02500000037252903
v 0.10392304509878159 0.6066666841506958 0.02500000037252903
v 0.16629908978939056 0.4986281991004944 0.02500000037252903
v 0.16629908978939056 0.4986281991004944 0.02500000037252903
v 0.17866769433021545 0.3672051429748535 -0.09719471633434296
v 0.17866769433021545 0.3672051429748535 -0.09719471633434296
v 0.22629909217357635 0.3947051465511322 -0.09719471633434296
v 0.22629909217357635 0.3947051465511322 -0.09719471633434296
v 0.11866769194602966 0.4711281955242157 -0.09719471633434296
v 0.11866769194602966 0.4711281955242157 -0.09719471633434296
v 0.16629908978939056 0.4986281991004944 -0.09719471633434296
v 0.16629908978939056 0.4986281991004944 -0.09719471633434296
v 0.17516769468784332 0.3732673227787018 -0.08669471740722656
v 0.17516769468784332 0.3732673227787018 -0.08669471740722656
v 0.17516769468784332 0.3732673227787018 -0.0926947146654129
v 0.17516769468784332 0.3732673227787018 -0.0926947146654129
v 0.1221676915884018 0.46506601572036743 -0.08669471740722656
v 0.1221676915884018 0.46506601572036743 -0.08669471740722656
v 0.1221676915884018 0.46506601572036743 -0.0926947146654129
v 0.1221676915884018 0.46506601572036743 -0.0926947146654129
v 0.17216768860816956 0.378463476896286 -0.0926947146654129
v 0.17216768860816956 0.378463476896286 -0.0926947146654129
v 0.12516769766807556 0.4598698616027832 -0.0926947146654129
v 0.12516769766807556 0.4598698616027832 -0.0926947146654129
v 0.17216768860816956 0.378463476896286 -0.08669471740722656
v 0.17216768860816956 0.378463476896286 -0.08669471740722656
v 0.12516769766807556 0.4598698616027832 -0.08669471740722656
v 0.12516769766807556 0.4598698616027832 -0.08669471740722656
v 0.22279909253120422 0.40076732635498047 -0.08669471740722656
v 0.22279909253120422 0.40076732635498047 -0.08669471740722656
v 0.22279909253120422 0.40076732635498047 -0.0926947146654129
v 0.22279909253120422 0.40076732635498047 -0.0926947146654129
v 0.1697990894317627 0.4925660192966461 -0.08669471740722656
v 0.1697990894317627 0.4925660192966461 -0.08669471740722656
v 0.1697990894317627 0.4925660192966461 -0.0926947146654129
v 0.1697990894317627 0.4925660192966461 -0.0926947146654129
v 0.17279909551143646 0.4873698651790619 -0.0926947146654129
v 0.17279909551143646 0.4873698651790619 -0.0926947146654129
v 0.21979908645153046 0.4059634804725647 -0.0926947146654129
v 0.21979908645153046 0.4059634804725647 -0.0926947146654129
v 0.21979908645153046 0.4059634804725647 -0.08669471740722656
v 0.21979908645153046 0.4059634804725647 -0.08669471740722656
v 0.17279909551143646 0.4873698651790619 -0.08669471740722656
v 0.17279909551143646 0.4873698651790619 -0.08669471740722656
v 0.5686900019645691 0.6616666913032532 0.07999999821186066
v 0.5686900019645691 0.6616666913032532 0.07999999821186066
v 0.4734272062778473 0.6066666841506958 0.07999999821186066
v 0.4734272062778473 0.6066666841506958 0.07999999821186066
v 0.22867514193058014 0.6616666913032532 0.02500000037252903
v 0.22867514193058014 0.6616666913032532 0.02500000037252903
v 0.22867514193058014 0.6066666841506958 0.02500000037252903
v 0.22867514193058014 0.6066666841506958 0.02500000037252903
v 0.3486751317977905 0.6616666913032532 0.02500000037252903
v 0.3486751317977905 0.6616666913032532 0.02500000037252903
v 0.5686900019645691 0.6616666913032532 0.02500000037252903
v 0.5686900019645691 0.6616666913032532 0.02500000037252903
v 0.4734272062778473 0.6066666841506958 0.02500000037252903
v 0.4734272062778473 0.6066666841506958 0.02500000037252903
v 0.3486751317977905 0.6066666841506958 0.02500000037252903
v 0.3486751317977905 0.6066666841506958 0.02500000037252903
v 0.22867514193058014 0.6616666913032532 -0.09055989235639572
v 0.22867514193058014 0.6616666913032532 -0.09055989235639572
v 0.22867514193058014 0.6066666841506958 -0.09055989235639572
v 0.22867514193058014 0.6066666841506958 -0.09055989235639572
v 0.3486751317977905 0.6616666913032532 -0.09055989235639572
v 0.3486751317977905 0.6616666913032532 -0.09055989235639572
v 0.3486751317977905 0.6066666841506958 -0.09055989235639572
v 0.3486751317977905 0.6066666841506958 -0.09055989235639572
v 0.2356751412153244 0.6616666913032532 -0.08005989342927933
v 0.2356751412153244 0.6616666913032532 -0.08005989342927933
v 0.2356751412153244 0.6616666913032532 -0.08605989068746567
v 0.2356751412153244 0.6616666913032532 -0.08605989068746567
v 0.34167513251304626 0.6616666913032532 -0.08005989342927933
v 0.34167513251304626 0.6616666913032532 -0.08005989342927933
v 0.34167513251304626 0.6616666913032532 -0.08605989068746567
v 0.34167513251304626 0.6616666913032532 -0.08605989068746567
v 0.24167513847351074 0.6616666913032532 -0.08605989068746567
v 0.24167513847351074 0.6616666913032532 -0.08605989068746567
v 0.33567512035369873 0.6616666913032532 -0.08605989068746567
v 0.33567512035369873 0.6616666913032532 -0.08605989068746567
v 0.24167513847351074 0.6616666913032532 -0.08005989342927933
v 0.24167513847351074 0.6616666913032532 -0.08005989342927933
v 0.33567512035369873 0.6616666913032532 -0.08005989342927933
v 0.33567512035369873 0.6616666913032532 -0.08005989342927933
v 0.2356751412153244 0.6066666841506958 -0.08005989342927933
v 0.2356751412153244 0.6066666841506958 -0.08005989342927933
v 0.2356751412153244 0.6066666841506958 -0.08605989068746567
v 0.2356751412153244 0.6066666841506958 -0.08605989068746567
v 0.34167513251304626 0.6066666841506958 -0.08005989342927933
v 0.34167513251304626 0.6066666841506958 -0.08005989342927933
v 0.34167513251304626 0.6066666841506958 -0.08605989068746567
v 0.34167513251304626 0.6066666841506958 -0.08605989068746567
v 0.33567512035369873 0.6066666841506958 -0.08605989068746567
v 0.33567512035369873 0.6066666841506958 -0.08605989068746567
v 0.24167513847351074 0.6066666841506958 -0.08605989068746567
v 0.24167513847351074 0.6066666841506958 -0.08605989068746567
v 0.24167513847351074 0.6066666841506958 -0.08005989342927933
v 0.24167513847351074 0.6066666841506958 -0.08005989342927933
v 0.33567512035369873 0.6066666841506958 -0.08005989342927933
v 0.33567512035369873 0.6066666841506958 -0.08005989342927933
v 0.4586825668811798 0.4711281955242157 0.02500000037252903
v 0.4586825668811798 0.4711281955242157 0.02500000037252903
v 0.4110511839389801 0.4986281991004944 0.02500000037252903
v 0.4110511839389801 0.4986281991004944 0.02500000037252903
v 0.398682564496994 0.3672051429748535 0.02500000037252903
v 0.398682564496994 0.3672051429748535 0.02500000037252903
v 0.3510511815547943 0.3947051465511322 0.02500000037252903
v 0.3510511815547943 0.3947051465511322 0.02500000037252903
v 0.4586825668811798 0.4711281955242157 -0.09056001156568527
v 0.4586825668811798 0.4711281955242157 -0.09056001156568527
v 0.4110511839389801 0.4986281991004944 -0.09056001156568527
v 0.4110511839389801 0.4986281991004944 -0.09056001156568527
v 0.398682564496994 0.3672051429748535 -0.09056001156568527
v 0.398682564496994 0.3672051429748535 -0.09056001156568527
v 0.3510511815547943 0.3947051465511322 -0.09056001156568527
v 0.3510511815547943 0.3947051465511322 -0.09056001156568527
v 0.45518258213996887 0.46506601572036743 -0.08006001263856888
v 0.45518258213996887 0.46506601572036743 -0.08006001263856888
v 0.45518258213996887 0.46506601572036743 -0.08606001734733582
v 0.45518258213996887 0.46506601572036743 -0.08606001734733582
v 0.40218257904052734 0.3732673227787018 -0.08006001263856888
v 0.40218257904052734 0.3732673227787018 -0.08006001263856888
v 0.40218257904052734 0.3732673227787018 -0.08606001734733582
v 0.40218257904052734 0.3732673227787018 -0.08606001734733582
v 0.4521825611591339 0.4598698616027832 -0.08606001734733582
v 0.4521825611591339 0.4598698616027832 -0.08606001734733582
v 0.4051825702190399 0.378463476896286 -0.08606001734733582
v 0.4051825702190399 0.378463476896286 -0.08606001734733582
v 0.4521825611591339 0.4598698616027832 -0.08006001263856888
v 0.4521825611591339 0.4598698616027832 -0.08006001263856888
v 0.4051825702190399 0.378463476896286 -0.08006001263856888
v 0.4051825702190399 0.378463476896286 -0.08006001263856888
v 0.4075511693954468 0.4925660192966461 -0.08006001263856888
v 0.4075511693954468 0.4925660192966461 -0.08006001263856888
v 0.4075511693954468 0.4925660192966461 -0.08606001734733582
v 0.4075511693954468 0.4925660192966461 -0.08606001734733582
v 0.35455116629600525 0.40076732635498047 -0.08006001263856888
v 0.35455116629600525 0.40076732635498047 -0.08006001263856888
v 0.35455116629600525 0.40076732635498047 -0.08606001734733582
v 0.35455116629600525 0.40076732635498047 -0.08606001734733582
v 0.3575511872768402 0.4059634804725647 -0.08606001734733582
v 0.3575511872768402 0.4059634804725647 -0.08606001734733582
v 0.4045511782169342 0.4873698651790619 -0.08606001734733582
v 0.4045511782169342 0.4873698651790619 -0.08606001734733582
v 0.4045511782169342 0.4873698651790619 -0.08006001263856888
v 0.4045511782169342 0.4873698651790619 -0.08006001263856888
v 0.3575511872768402 0.4059634804725647 -0.08006001263856888
v 0.3575511872768402 0.4059634804725647 -0.08006001263856888
vn 0 0 -1
vn 0 0 -1
vn 0 0 -1
vn 0 0 -1
vn 0 0 1
vn 0 0 1
vn 0 0 1
vn 0 0 1
vn 0 0 1
vn 0 0 1
vn 0 0 1
vn 0 0 1
vn -0.5000000596046448 0.8660253882408142 0
vn -0.5000000596046448 0.8660253882408142 0
vn 0.5000000596046448 -0.8660253882408142 0
vn 0.5000000596046448 -0.8660253882408142 0
vn 0.8660253882408142 0.5000001192092896 1.9256026106972968e-8
vn 0.8660252690315247 0.5000002384185791 -7.169318791966361e-7
vn 0.8660253286361694 0.5000001192092896 1.8036945448329789e-7
vn 0.8660252690315247 0.5000002384185791 7.169318791966361e-7
vn 0.8660253286361694 0.5000001192092896 -3.250961526646279e-7
vn 0.8660253286361694 0.5000002384185791 1.8315924421585805e-7
vn 0.8660253286361694 0.5000002384185791 7.379192812351221e-9
vn 0.8660253286361694 0.5000001192092896 1.743702000567282e-7
vn -0.8660253286361694 -0.5000001192092896 1.8036945448329789e-7
vn -0.8660252690315247 -0.5000002384185791 7.169318791966361e-7
vn -0.8660253882408142 -0.5000001192092896 1.9256026106972968e-8
vn -0.8660252690315247 -0.5000002384185791 -7.169318791966361e-7
vn -0.8660253286361694 -0.5000001788139343 -4.0637019083078485e-7
vn -0.8660253286361694 -0.5000001192092896 1.3736942605646618e-7
vn -0.8660253286361694 -0.5000002384185791 2.324936190234439e-7
vn -0.8660253286361694 -0.5000001192092896 5.534394276196508e-9
vn 0 0 -1
vn 0 0 -1
vn 0 0 1
vn 0 0 1
vn 0 0 1
vn 0 0 1
vn 0 0 1
vn 0 0 1
vn 1 0 0
vn 1 0 0
vn -1 0 0
vn -1 0 0
vn 0 -1 0
vn 0 -1 0
vn 0 -1 0
vn 0 -1 0
vn 0 -1 0
vn 0 -1 0
vn 0 -1 0
vn 0 -1 0
vn 0 1 0
vn 0 1 0
vn 0 1 0
vn 0 1 0
vn 0 1 0
vn 0 1 0
vn 0 1 0
vn 0 1 0
vn 0 0 1
vn 0 0 1
vn 0 0 1
vn 0 0 1
vn -0.5000001788139343 -0.8660253286361694 0
vn -0.5000001788139343 -0.8660253286361694 0
vn 0.5000001788139343 0.8660253286361694 0
vn 0.5000001788139343 0.8660253286361694 0
vn -0.8660256266593933 0.49999967217445374 -1.0918426340822407e-7
vn -0.8660252094268799 0.5000003576278687 0.00000382363850803813
vn -0.8660251498222351 0.5000004172325134 3.2516004466742743e-7
vn -0.8660253286361694 0.5000001192092896 0.000002389779865552555
vn -0.8660250902175903 0.5000005960464478 0.000001690722342573281
vn -0.8660255670547485 0.4999997019767761 0.0000011469855962786824
vn -0.8660249710083008 0.5000007748603821 -9.655738608671527e-8
vn -0.8660256266593933 0.49999964237213135 3.622462827479467e-7
vn 0.8660251498222351 -0.5000004172325134 3.2516004466742743e-7
vn 0.8660253286361694 -0.5000001192092896 0.000002389779865552555
vn 0.8660256266593933 -0.49999967217445374 -1.0918426340822407e-7
vn 0.8660252094268799 -0.5000003576278687 0.00000382363850803813
vn 0.8660249710083008 -0.5000007748603821 0.0000022542965325555997
vn 0.8660255670547485 -0.4999997615814209 9.175884656542621e-7
vn 0.8660256862640381 -0.4999995529651642 4.829950626117352e-7
vn 0.8660250902175903 -0.5000005960464478 -7.241803956503645e-8
vn 0.866025447845459 0.5 1.521714665386753e-8
vn -0.866025447845459 0.5 6.313766842680479e-9
vn 0.866025447845459 0.4999999403953552 -4.1565197506088225e-8
vn 0 -1 0
vn -0.866025447845459 -0.4999999701976776 -1.0199344480099626e-8
vn 0 1 0
vn -0.866025447845459 -0.4999999701976776 -6.562175514090995e-8
vn 0.866025447845459 -0.4999999701976776 8.866162204412831e-8
vn 0.866025447845459 0.4999999701976776 0
vn -0.866025447845459 0.4999999701976776 0
vn -0.5000000596046448 0.8660253882408142 0
vn 0.8660253286361694 0.5000001788139343 1.246281868816368e-7
vn -0.5000000596046448 0.8660253882408142 0
vn -0.866025447845459 -0.4999999403953552 -4.7025007887668835e-8
vn -0.866025447845459 -0.4999999403953552 0
vn 0.8660253882408142 -0.5 0
vn 0.5000000596046448 -0.8660253882408142 0
vn 0.866025447845459 0.4999999403953552 6.803600349769567e-9
vn 0.866025447845459 0.4999999403953552 0
vn 0 -1 0
vn -0.8660253882408142 -0.4999999701976776 0
vn 0 1 0
vn 0.5000000596046448 -0.8660253882408142 0
vn -0.8660253286361694 -0.5000001192092896 6.834376620190596e-8
vn 0 0 1
vn 0.8660253882408142 0.5000001192092896 -1.8527369149978767e-7
vn 0 0 1
vn -0.8660253286361694 -0.5000001192092896 2.4844933932399726e-7
vn 0 0 1
vn 0.8660253286361694 0.5000001192092896 2.4844933932399726e-7
vn 0 0 1
vn -0.8660253882408142 -0.5000001192092896 -1.8527369149978767e-7
vn 0 0 1
vn 0.5000000596046448 -0.8660253882408142 0
vn 0.5000000596046448 -0.8660253882408142 0
vn 0 0 -1
vn 0 0 1
vn -0.5000000596046448 0.8660253882408142 0
vn -0.5000000596046448 0.8660253882408142 0
vn 0 0 -1
vn -0.5000000596046448 0.8660253882408142 0
vn 0 0 -1
vn 0.5000000596046448 -0.8660253882408142 0
vn 0 0 -1
vn -0.5000000596046448 0.8660253882408142 0
vn 0 0 1
vn 0.5000000596046448 -0.8660253882408142 0
vn 0 0 1
vn 0 0 1
vn 0.5000000596046448 -0.8660253882408142 0
vn 0.5000000596046448 -0.8660253882408142 0
vn 0 0 -1
vn 0 0 1
vn -0.5000000596046448 0.8660253882408142 0
vn -0.5000000596046448 0.8660253882408142 0
vn 0 0 -1
vn 0.5000000596046448 -0.8660253882408142 0
vn 0 0 -1
vn -0.5000000596046448 0.8660253882408142 0
vn 0 0 -1
vn -0.5000000596046448 0.8660253882408142 0
vn 0 0 1
vn 0.5000000596046448 -0.8660253882408142 0
vn 0 0 1
vn 0 -1 0
vn -0.866025447845459 0.4999999403953552 -5.4920267444913407e-8
vn 0 1 0
vn 0.866025447845459 -0.49999991059303284 1.9614076052221208e-7
vn 1 0 0
vn 0 -1 0
vn 1 0 0
vn 0 1 0
vn -1 0 0
vn 0 -1 0
vn 0 -1 0
vn -0.866025447845459 0.4999999403953552 0
vn 0 1 0
vn 0.8660255074501038 -0.49999985098838806 0
vn -1 0 0
vn 0 1 0
vn 0 0 1
vn 0 -1 0
vn 0 0 1
vn 0 1 0
vn 0 0 1
vn 0 -1 0
vn 0 0 1
vn 0 1 0
vn 0 0 1
vn -1 0 0
vn -1 0 0
vn 0 0 -1
vn 0 0 1
vn 1 0 0
vn 1 0 0
vn 0 0 -1
vn 1 0 0
vn 0 0 -1
vn -1 0 0
vn 0 0 -1
vn 1 0 0
vn 0 0 1
vn -1 0 0
vn 0 0 1
vn 0 0 1
vn -1 0 0
vn -1 0 0
vn 0 0 -1
vn 0 0 1
vn 1 0 0
vn 1 0 0
vn 0 0 -1
vn -1 0 0
vn 0 0 -1
vn 1 0 0
vn 0 0 -1
vn 1 0 0
vn 0 0 1
vn -1 0 0
vn 0 0 1
vn -0.5000001788139343 -0.8660253286361694 0
vn -0.866025447845459 0.49999991059303284 1.2873866239715426e-7
vn -0.5000001788139343 -0.8660253286361694 0
vn 0.8660252094268799 -0.5000003576278687 7.515865974028202e-8
vn 0.5000001788139343 0.8660253286361694 0
vn -0.8660252094268799 0.5000003576278687 4.579360890488715e-9
vn 0.5000001788139343 0.8660253286361694 0
vn 0.866025447845459 -0.49999991059303284 1.9992378952338186e-7
vn 0 0 1
vn -0.8660255670547485 0.4999998211860657 0.0000014911319112798083
vn 0 0 1
vn 0.8660251498222351 -0.5000004172325134 0.0000013680825077244663
vn 0 0 1
vn -0.8660251498222351 0.5000004172325134 0.0000013680825077244663
vn 0 0 1
vn 0.8660255670547485 -0.4999998211860657 0.0000014911319112798083
vn 0 0 1
vn 0.4999999403953552 0.866025447845459 0
vn 0.4999999403953552 0.866025447845459 0
vn 0 0 -1
vn 0 0 1
vn -0.4999999403953552 -0.866025447845459 0
vn -0.4999999403953552 -0.866025447845459 0
vn 0 0 -1
vn -0.5000001788139343 -0.8660253286361694 0
vn 0 0 -1
vn 0.5000001788139343 0.8660253286361694 0
vn 0 0 -1
vn -0.5000001788139343 -0.8660253286361694 0
vn 0 0 1
vn 0.5000001788139343 0.8660253286361694 0
vn 0 0 1
vn 0 0 1
vn 0.4999999403953552 0.866025447845459 0
vn 0.4999999403953552 0.866025447845459 0
vn 0 0 -1
vn 0 0 1
vn -0.4999999403953552 -0.866025447845459 0
vn -0.4999999403953552 -0.866025447845459 0
vn 0 0 -1
vn 0.5000001788139343 0.8660253286361694 0
vn 0 0 -1
vn -0.5000001788139343 -0.8660253286361694 0
vn 0 0 -1
vn -0.5000001788139343 -0.8660253286361694 0
vn 0 0 1
vn 0.5000001788139343 0.8660253286361694 0
vn 0 0 1

g grp5797
usemtl mtl5797
f 5798//5798 5799//5799 5797//5797 
f 5800//5800 5797//5797 5799//5799 
f 5802//5802 5804//5804 5803//5803 
f 5804//5804 5802//5802 5801//5801 
f 5807//5807 5805//5805 5808//5808 
f 5807//5807 5806//5806 5805//5805 
f 5893//5893 5809//5809 5891//5891 
f 5809//5809 5893//5893 5810//5810 
f 5897//5897 5811//5811 5903//5903 
f 5812//5812 5903//5903 5811//5811 
f 5907//5907 5909//5909 5905//5905 
f 5909//5909 5907//5907 5911//5911 
f 5813//5813 5906//5906 5814//5814 
f 5906//5906 5813//5813 5892//5892 
f 5816//5816 5910//5910 5815//5815 
f 5898//5898 5815//5815 5910//5910 
f 5906//5906 5817//5817 5814//5814 
f 5818//5818 5910//5910 5816//5816 
f 5910//5910 5817//5817 5906//5906 
f 5910//5910 5818//5818 5817//5817 
f 5817//5817 5820//5820 5819//5819 
f 5820//5820 5817//5817 5818//5818 
f 5892//5892 5881//5881 5889//5889 
f 5883//5883 5898//5898 5899//5899 
f 5881//5881 5898//5898 5883//5883 
f 5892//5892 5898//5898 5881//5881 
f 5892//5892 5815//5815 5898//5898 
f 5819//5819 5892//5892 5813//5813 
f 5820//5820 5892//5892 5819//5819 
f 5820//5820 5815//5815 5892//5892 
f 5822//5822 5908//5908 5821//5821 
f 5894//5894 5821//5821 5908//5908 
f 5823//5823 5912//5912 5824//5824 
f 5912//5912 5823//5823 5904//5904 
f 5912//5912 5825//5825 5824//5824 
f 5826//5826 5908//5908 5822//5822 
f 5908//5908 5825//5825 5912//5912 
f 5908//5908 5826//5826 5825//5825 
f 5827//5827 5828//5828 5826//5826 
f 5825//5825 5826//5826 5828//5828 
f 5887//5887 5894//5894 5895//5895 
f 5904//5904 5885//5885 5901//5901 
f 5904//5904 5887//5887 5885//5885 
f 5904//5904 5894//5894 5887//5887 
f 5904//5904 5821//5821 5894//5894 
f 5828//5828 5904//5904 5823//5823 
f 5827//5827 5904//5904 5828//5828 
f 5827//5827 5821//5821 5904//5904 
f 5925//5925 5941//5941 5921//5921 
f 5939//5939 5921//5921 5941//5941 
f 5926//5926 5913//5913 5942//5942 
f 5929//5929 5942//5942 5913//5913 
f 5915//5915 5930//5930 5914//5914 
f 5930//5930 5915//5915 5931//5931 
f 5922//5922 5940//5940 5916//5916 
f 5932//5932 5916//5916 5940//5940 
f 5923//5923 5943//5943 5927//5927 
f 5943//5943 5923//5923 5937//5937 
f 5928//5928 5933//5933 5917//5917 
f 5933//5933 5928//5928 5944//5944 
f 5918//5918 5934//5934 5919//5919 
f 5935//5935 5919//5919 5934//5934 
f 5920//5920 5936//5936 5924//5924 
f 5938//5938 5924//5924 5936//5936 
f 5829//5829 5830//5830 5798//5798 
f 5799//5799 5798//5798 5830//5830 
f 5831//5831 5807//5807 5832//5832 
f 5806//5806 5807//5807 5831//5831 
f 5835//5835 5833//5833 5836//5836 
f 5835//5835 5834//5834 5833//5833 
f 5951//5951 5837//5837 5949//5949 
f 5837//5837 5951//5951 5838//5838 
f 5953//5953 5839//5839 5959//5959 
f 5840//5840 5959//5959 5839//5839 
f 5963//5963 5965//5965 5961//5961 
f 5965//5965 5963//5963 5967//5967 
f 5841//5841 5962//5962 5842//5842 
f 5962//5962 5841//5841 5950//5950 
f 5844//5844 5966//5966 5843//5843 
f 5954//5954 5843//5843 5966//5966 
f 5846//5846 5966//5966 5844//5844 
f 5962//5962 5845//5845 5842//5842 
f 5846//5846 5962//5962 5966//5966 
f 5845//5845 5962//5962 5846//5846 
f 5845//5845 5848//5848 5847//5847 
f 5848//5848 5845//5845 5846//5846 
f 5945//5945 5954//5954 5955//5955 
f 5950//5950 5884//5884 5900//5900 
f 5950//5950 5945//5945 5884//5884 
f 5950//5950 5954//5954 5945//5945 
f 5841//5841 5954//5954 5950//5950 
f 5954//5954 5848//5848 5843//5843 
f 5954//5954 5847//5847 5848//5848 
f 5847//5847 5954//5954 5841//5841 
f 5850//5850 5964//5964 5849//5849 
f 5952//5952 5849//5849 5964//5964 
f 5851//5851 5968//5968 5852//5852 
f 5968//5968 5851//5851 5960//5960 
f 5968//5968 5853//5853 5852//5852 
f 5854//5854 5964//5964 5850//5850 
f 5964//5964 5853//5853 5968//5968 
f 5964//5964 5854//5854 5853//5853 
f 5855//5855 5856//5856 5854//5854 
f 5853//5853 5854//5854 5856//5856 
f 5960//5960 5947//5947 5957//5957 
f 5886//5886 5952//5952 5902//5902 
f 5947//5947 5952//5952 5886//5886 
f 5960//5960 5952//5952 5947//5947 
f 5851//5851 5952//5952 5960//5960 
f 5952//5952 5855//5855 5849//5849 
f 5952//5952 5856//5856 5855//5855 
f 5856//5856 5952//5952 5851//5851 
f 5981//5981 5997//5997 5977//5977 
f 5995//5995 5977//5977 5997//5997 
f 5982//5982 5969//5969 5998//5998 
f 5985//5985 5998//5998 5969//5969 
f 5971//5971 5986//5986 5970//5970 
f 5986//5986 5971//5971 5987//5987 
f 5972//5972 5978//5978 5988//5988 
f 5996//5996 5988//5988 5978//5978 
f 5979//5979 5999//5999 5983//5983 
f 5999//5999 5979//5979 5993//5993 
f 6000//6000 5973//5973 5984//5984 
f 5973//5973 6000//6000 5989//5989 
f 5974//5974 5990//5990 5975//5975 
f 5991//5991 5975//5975 5990//5990 
f 5980//5980 5976//5976 5994//5994 
f 5992//5992 5994//5994 5976//5976 
f 5829//5829 5797//5797 5830//5830 
f 5800//5800 5830//5830 5797//5797 
f 5857//5857 5835//5835 5858//5858 
f 5835//5835 5857//5857 5834//5834 
f 5804//5804 5859//5859 5860//5860 
f 5859//5859 5804//5804 5801//5801 
f 6003//6003 5861//5861 6001//6001 
f 5861//5861 6003//6003 5862//5862 
f 6005//6005 5863//5863 6007//6007 
f 5864//5864 6007//6007 5863//5863 
f 6009//6009 6015//6015 6013//6013 
f 6015//6015 6009//6009 6011//6011 
f 5865//5865 6010//6010 5866//5866 
f 6010//6010 5865//5865 6002//6002 
f 5868//5868 6014//6014 5867//5867 
f 6006//6006 5867//5867 6014//6014 
f 6010//6010 5869//5869 5866//5866 
f 5870//5870 6014//6014 5868//5868 
f 5870//5870 6010//6010 6014//6014 
f 5869//5869 6010//6010 5870//5870 
f 5869//5869 5872//5872 5871//5871 
f 5872//5872 5869//5869 5870//5870 
f 5882//5882 6006//6006 5890//5890 
f 6002//6002 5946//5946 5956//5956 
f 6002//6002 5882//5882 5946//5946 
f 6002//6002 6006//6006 5882//5882 
f 6002//6002 5867//5867 6006//6006 
f 5871//5871 6002//6002 5865//5865 
f 5872//5872 6002//6002 5871//5871 
f 6002//6002 5872//5872 5867//5867 
f 5874//5874 6012//6012 5873//5873 
f 6004//6004 5873//5873 6012//6012 
f 5875//5875 6016//6016 5876//5876 
f 6016//6016 5875//5875 6008//6008 
f 6016//6016 5877//5877 5876//5876 
f 5878//5878 6012//6012 5874//5874 
f 5878//5878 6016//6016 6012//6012 
f 5877//5877 6016//6016 5878//5878 
f 5879//5879 5880//5880 5878//5878 
f 5877//5877 5878//5878 5880//5880 
f 5948//5948 6004//6004 5958//5958 
f 6008//6008 5888//5888 5896//5896 
f 6008//6008 5948//5948 5888//5888 
f 6008//6008 6004//6004 5948//5948 
f 6008//6008 5873//5873 6004//6004 
f 5880//5880 6008//6008 5875//5875 
f 5879//5879 6008//6008 5880//5880 
f 6008//6008 5879//5879 5873//5873 
f 6029//6029 6045//6045 6025//6025 
f 6043//6043 6025//6025 6045//6045 
f 6017//6017 6033//6033 6030//6030 
f 6046//6046 6030//6030 6033//6033 
f 6019//6019 6034//6034 6018//6018 
f 6034//6034 6019//6019 6035//6035 
f 6020//6020 6026//6026 6036//6036 
f 6044//6044 6036//6036 6026//6026 
f 6027//6027 6047//6047 6031//6031 
f 6047//6047 6027//6027 6041//6041 
f 6021//6021 6048//6048 6037//6037 
f 6048//6048 6021//6021 6032//6032 
f 6022//6022 6038//6038 6023//6023 
f 6039//6039 6023//6023 6038//6038 
f 6040//6040 6042//6042 6024//6024 
f 6028//6028 6024//6024 6042//6042 
