0 2.883712606760059 0.43031413305466637
0 1.0437059082868878 0.4431733626377833
0 1.0860531442197314 1.1404032767463983
0 1.594080252938325 0.5681191935626022
0 1.1540617121502668 0.6718233166578407
0 1.1820397214166445 0.5564565266995828
0 1.1730634337200905 0.4156210668823394
0 0.9128394347675803 0.5245700294799731
0 0.9939593837862672 1.1236767174829327
0 1.7232407721065615 0.4535867009654523
0 0.9835897311935657 0.9294279102661015
0 1.4528829024237135 0.4155941486179831
0 0.9233765523954547 0.4707388725655999
0 0.9083130706371114 1.3571358773721824
0 1.925520394262493 0.4841746021725641
0 0.8853314936822403 1.1921760810482636
0 1.743227503453288 0.4577219951162075
0 0.9307882877530894 0.5831094191138999
0 1.0653643342679135 1.0563354945397838
0 1.4312930168501166 0.48009761121865563
0 0.8876555818402232 0.41441447673950366
0 0.8263796893518593 0.42206116454659404
0 0.8130442967916318 0.4158422640256251
0 0.8062254448278114 0.4164285794150816
0 0.8026769927904915 0.41596152749600457
0 0.801000685965474 0.4157335194581136
0 0.8001173937513476 0.4157481131164951
0 0.7997266828281739 0.4157420115529821
2 595.568772143662 590.8068615773686
2 591.2921783073836 574.7471271983095
2 575.2669456080793 556.4892485905815
2 557.0811017952062 536.7326278024165
2 537.4553359224603 515.861251320262
2 516.7739850918779 499.1646620004175
2 500.2405644454549 481.1904914144094
2 482.4382501418986 461.383044258239
2 462.9997527655784 446.24293113664004
2 448.0226460357578 426.0569904290534
2 427.99803896643436 406.1542940165563
2 408.3974404031706 389.7537593461698
2 392.15699665154426 374.8621736454338
2 377.52917754911147 354.8800339426772
2 357.9045668379874 336.4612788835042
2 340.2070165524675 320.69900792439654
2 324.5780451453608 310.27695488664574
2 314.3889760845532 289.2265492053325
2 293.5924659432493 269.7409450448429
2 274.5926854384606 257.12115136987455
2 262.3564432089933 241.06690111063142
2 246.9409072207485 222.63907630096338
2 229.04767341919805 203.44694861813784
2 210.33990083921438 188.41674380952298
2 194.84888543199023 166.77418328386204
2 173.95290401677033 129.8998364855508
2 137.38813930326594 88.70270066246817
2 96.27635092896105 50.150434120736854
2 58.06005633289161 34.87740930884821
2 43.48318032221561 23.996345001804393
2 32.631391238358525 13.888002051228263
2 23.13285861454189 8.20488582619728
2 18.03158053921296 4.396578551793732
2 13.780505448576351 1.6726754861474424
2 10.229669742828653 0.6626287685344204
2 8.360605931736725 0.5468640475687575
2 6.743312043252838 0.44074169130761587
2 5.69957788403561 0.49361487763841516
2 4.729007322192458 0.5260043311340149
2 3.8040339174595674 0.567212695155465
2 3.1171972688250147 0.4245950277556906
2 2.7678108341947367 0.5715577153292415
2 2.3695595349488086 0.7025473700490138
2 2.4501067448097333 0.42370626866126454
2 1.9409097028054014 0.5398420959361195
2 1.7031814732975015 0.5199647537164279
2 1.6225670449016043 0.8000317012669053
2 1.7046356158964069 0.556987366653681
2 1.5182425116217257 0.6610571030542168
2 1.4633773469273157 0.808271746180831
2 1.6848614510459308 0.7347646045200668
2 1.5744823223230862 0.508278377884121
2 1.351695019519555 1.0060814984228652
2 1.7595683548265793 0.46077018789333163
2 1.256464745324222 0.9748575997249396
2 1.6900061665425046 0.4867533903897666
2 1.2600391427167708 0.8644788602370325
2 1.5465695731691205 0.611014096689272
2 1.3575951569954428 1.0424993956296738
2 1.7307318354346508 0.4448780573995937
2 1.3003910840799668 1.014613351684654
2 1.705716132801847 0.6493245760937144
2 1.458545889279736 0.9013816817204989
2 1.5904882735534291 0.7344788940024055
2 1.4742170729670139 0.43334936974085597
2 1.1430357468900656 1.0862027971948507
2 1.7639733217569378 0.487174334305896
2 1.1624922161508886 0.4297269740040402
2 1.0765509168692975 0.41968989980132976
2 1.0368051054062433 0.417291933791859
2 1.0234226387901875 0.41594379515193747
2 1.0143051893638515 0.41604735840487517
2 1.0097541598603321 0.4160426839406574
2 1.0076717443370433 0.4160433052147206
2 1.0065761703982852 0.4160626733426216
2 1.0061088294326046 0.4160645485088146
4 606.6243718071847 584.0609485104808
4 584.7065196975248 563.6675048013174
4 564.3804853951692 544.8440156678358
4 545.6561692134853 525.544860942504
4 526.5282482246009 506.9943883858419
4 508.1969193098468 488.1309106494114
4 489.54521190937425 469.30045258621436
4 470.8860577137991 449.84318707447903
4 451.7140777180124 434.718179025777
4 436.651628083307 418.0111728026792
4 420.2844762271362 400.92606833828097
4 403.49391704860324 383.58047388673765
4 386.19615157021366 365.82469596169847
4 368.69982825114926 344.3911869309346
4 347.5303151725807 330.4268078671768
4 333.6888552827497 309.52800004287576
4 313.1845664039311 290.34144734487506
4 294.2341830931416 274.37356574629536
4 278.4519710114782 258.9814591083406
4 263.0486063855221 238.02955553859917
4 242.46320659872734 219.4598227921185
4 224.35877284928637 205.48300098722103
4 210.41538761049412 188.67783568271568
4 193.9491996612912 168.76846202167118
4 174.42280832674408 129.72943117073214
4 136.2193097266934 87.79391740224237
4 95.22054477975759 47.06417574685259
4 54.89900396422682 33.53930019248254
4 41.79237223926649 22.395079483128185
4 31.174372272817713 13.413125054025539
4 22.661414614738934 7.621288432577757
4 16.813217843831925 2.7948868123762605
4 12.15664786824829 0.5424112238312075
4 10.369089802637856 0.4556093136032147
4 9.121552487113414 0.5998646537554392
4 7.999502953324648 0.5090123372143431
4 6.9764219759612915 0.5065072445382747
4 6.321824834557328 0.49792774630622455
4 5.6162929698318065 0.4239234751455865
4 5.013053661642036 0.5021907649783902
4 4.499430523777895 0.6116294235818317
4 4.42385494812108 1.035992174180444
4 4.467229538658151 0.47552681545709924
4 4.019800994049404 0.6359013215329083
4 3.924646183295322 0.7792765909985799
4 4.269237185199175 0.5000547613268758
4 3.741709455505428 0.633957074170468
4 3.8878888427634455 0.6901327578960607
4 3.6708682292540504 0.8775457303165797
4 4.0166039164482505 0.46784219697055923
4 3.484713246761742 0.7386613820713939
4 3.73878632977899 0.49446853243244543
4 3.371974551434596 0.7587991610909164
4 3.6885104885537476 0.8842033500623535
4 3.6608862804385076 0.44582812550537976
4 3.301386357126318 0.7580521522260473
4 3.4535470342993015 0.6510661530905804
4 3.5971086443357243 0.6389896478564449
4 3.3671043290002736 0.5297872834054841
4 3.2619081792584246 0.5718912982698425
4 3.1605493833228455 0.7070388870263102
4 3.370162321535439 0.8745604489592926
4 3.4407059671982734 0.5218073842101216
4 3.201949631598467 0.4331171111652191
4 2.9939372265423203 0.4163548593416421
4 2.9455053467890955 0.4179926900342425
4 2.9204679463811125 0.41931942417866164
4 2.907884386984334 0.41942108132720346
4 2.9022939943575317 0.41919340680637796
4 2.8992369904111994 0.41922859031264875
4 2.89778957800438 0.4191852791544211
4 2.8970000031374794 0.41917332380688277
6 609.4906300068541 587.1606236161319
6 589.8623799340578 567.8044394178628
6 570.7858611396288 553.0932527410259
6 556.2957038961786 532.496865489891
6 535.8606637137243 514.8148356137106
6 518.448410509919 493.67765492827067
6 497.62931351957724 476.7699724615349
6 481.0767348498516 456.94821182243885
6 461.66432216339257 439.2014970290403
6 444.32805935441144 419.8633504067795
6 425.2787716271677 403.11889645486156
6 409.13537569596633 384.9778689721495
6 391.55668666266877 369.7670386873986
6 376.84083280122763 350.8601196930616
6 358.07512320303186 336.58679960659964
6 344.11088912267735 319.0359327633874
6 327.2558171978302 299.4493347608462
6 308.29248183854577 280.8189737790645
6 290.18818317147566 265.2103590986332
6 275.24317088417644 243.9234081424546
6 254.4981817715303 227.988949528517
6 238.60373039620737 207.72702220011485
6 219.65108725204234 188.04981003083032
6 200.64097941175595 167.54222219875547
6 181.28599568248285 100.58330877396513
6 115.34225030421229 57.44190248439053
6 72.55071618970213 46.56060472499887
6 61.88156016417707 32.57560866600662
6 48.605601584706974 24.33095098254521
6 40.64259712169758 15.832745914732515
6 32.12547767445413 8.858890000522472
6 25.188532031888464 5.462372316496022
6 21.577241865825727 2.4493228546438797
6 17.98097972648332 1.0367687729639365
6 15.775931090766846 0.863481912725218
6 14.31994709960893 0.4698924099090577
6 12.855244324284588 0.6875766025649571
6 12.067616850133978 0.46593576597280595
6 10.937381523631228 0.7351661432948988
6 10.210037423906394 0.46798407764711464
6 9.434929876296042 0.6236808708702853
6 8.703562619220945 0.5646749404781913
6 8.469265145855443 0.6292130732889688
6 8.161102460091811 0.45974687233858774
6 7.729790843669878 1.033697064938802
6 7.84575088204104 0.5110494288863521
6 7.516710293590138 1.231298675619808
6 7.81961317149103 0.493989102397508
6 7.3686273307912815 1.0667814688670367
6 7.645366623518349 0.524823393314688
6 7.205592052554941 0.9308329134869272
6 7.364526077776036 0.6279133006161212
6 7.2698090854914 0.6716420415441179
6 6.949523135874363 0.5882386806980048
6 7.054800475383092 0.7168008301711245
6 6.912103817645034 0.6450098430807705
6 7.025610745962873 0.8167960725174311
6 6.961796934545607 0.5438540819600401
6 6.849691334446337 0.7976183773401795
6 6.895753855141444 0.6285596202739846
6 6.847318581681005 0.6615631560367325
6 6.664123598768139 0.6290439564449466
6 6.746716767265456 0.8126056274841609
6 6.768099340647548 0.5880822377651457
6 6.681640946917619 0.7679153195436401
6 6.596610652291955 0.7963710924562014
6 6.757856841882216 0.5901796282466709
6 6.36093322715993 0.43331028651053255
6 6.249775171379437 0.440588406583566
6 6.183615511129226 0.4412865296832436
6 6.157380977066968 0.4359116567493229
6 6.141660912694086 0.4340742026438435
6 6.133723040088647 0.43485694123678553
6 6.129865198851842 0.434689171700202
6 6.127553681441694 0.4346177630801221
6 6.126410976919771 0.43464353645348947
8 613.1141117532435 593.0032776618788
8 598.9821845220798 574.6922471548843
8 580.914462911614 557.9653497141069
8 564.5537316405293 536.0509417108261
8 542.9691497777645 518.067358340093
8 525.24893879818 500.41332623715243
8 507.9329494642286 483.4791332328425
8 491.52994982918364 470.3414596954736
8 478.6891632310123 454.70017817578866
8 463.2153094387074 435.32022354826114
8 444.50815828156993 413.93331121386547
8 423.4445739732461 393.37268892132954
8 403.6843860585619 373.71752540712896
8 384.5230264837423 357.2039973540386
8 368.3370078903648 337.5183644324475
8 349.29349172423304 318.99054335103426
8 331.29847883848936 300.9772746943429
8 313.80744342092567 283.74150132260297
8 297.3033945980581 265.2555312916838
8 279.0891001099476 246.0063115476796
8 260.51432162119966 230.17765754256516
8 245.29867540744064 213.19828582732737
8 228.88842504924403 196.1552914734965
8 212.40622406264345 174.39147929406707
8 191.40941828680607 130.1828761145794
8 147.92652671156546 89.42314210596948
8 107.73574326357563 49.53846279322842
8 68.46575937909807 36.982452312569194
8 56.76331540542788 27.489629163704443
8 48.10755340106496 18.076830850816528
8 39.050412691606994 11.123592406110426
8 32.86615931982937 5.935628712627146
8 27.94860847452948 1.788669591103166
8 24.101852101749415 0.9676786338177412
8 22.2669477456526 0.5553576934381252
8 20.44755682546854 0.6535324874461929
8 18.80599989480178 0.45794564839417584
8 17.705524031555562 0.5100632366340455
8 16.564167988731832 0.6373683961065636
8 15.754646796129931 0.4975658790015911
8 15.149537368137707 0.6777227229964948
8 14.500010451751113 0.481318247878007
8 14.328647854422126 1.028411938889637
8 14.056765065152527 0.5436086283579893
8 13.714468493658968 0.8284396439132116
8 13.52446331267133 0.5025440322366168
8 13.273885024559709 0.9338010921008127
8 13.119148595754927 0.5159907819912624
8 12.87365060064214 0.5568802636132923
8 12.633382024053637 0.4335219075694717
8 12.35758442769114 0.6368515124810452
8 12.085241726665199 0.5945855573659834
8 12.07110053180183 0.929912204159761
8 11.971831506285687 0.5478074986614411
8 11.773280382293992 0.6944048792758578
8 11.517208593863192 0.7849850459135251
8 11.791132557208813 0.8036401261455726
8 11.466088790266019 0.5754954085364362
8 11.460305130035218 0.535435941042592
8 11.223138365827602 0.8641773973939193
8 11.57633808678029 0.5657721371629177
8 11.050578353868337 0.6346278760358306
8 11.11511785506821 0.8775596646411343
8 11.01639925957539 0.7022515983302831
8 11.027829925656958 0.6893415656211381
8 10.762859188358638 0.6259364814695442
8 10.804789912273847 0.7406203646336981
8 10.634366702434054 0.717213957303704
8 10.785644146447838 0.8019098941026219
8 10.616567078179507 0.829171012535382
8 10.84470581952726 0.6034613615353223
8 10.391601471914592 0.8349673636030084
8 10.767497416602136 0.5507419176531313
8 10.327273794510338 0.8085809568149576
8 10.619304622886283 0.5676625560208123
8 10.244514770680828 1.0712583503806388
8 10.840569150339403 0.5249392621878427
8 10.083626551445592 0.4400276435215435
8 9.97407244429832 0.4431138827485828
8 9.906887258445781 0.4493402895142743
8 9.871496789249457 0.4460735495235474
8 9.85430142336598 0.44499590481065787
8 9.844644169780521 0.44525627252963923
8 9.84101142919876 0.4453181176283686
8 9.839067180579733 0.44504874356863805
8 9.838087543090097 0.4449958242969977
10 617.431535067906 590.1733109809127
10 599.7062344607457 574.1652542832943
10 583.9701146158818 556.2746855558421
10 566.3664283290672 537.6005140382855
10 548.0947123716354 521.2213189576809
10 531.9873359610681 506.0503533172023
10 517.1098767016551 490.55418866607477
10 501.96421898603046 473.78379843491246
10 485.34822759127246 453.333306889685
10 465.18361194514176 434.6269837079775
10 446.8118033431401 415.8204130039222
10 428.2630095799925 402.0419857317803
10 414.91560519816153 383.5305752283236
10 396.5463833013562 361.2071953031792
10 374.92899184395344 337.9913006789348
10 352.3018060381727 318.37097859554575
10 333.0229480175922 300.787553580828
10 315.6687091200886 282.44347256848766
10 297.64418080643907 263.901645791349
10 279.86160812595523 244.22263454912274
10 260.61683184322766 223.90210538703934
10 241.18524662058314 205.5327374313598
10 223.31285097107545 186.77959154699943
10 205.3013656277091 168.4819555593142
10 187.5816478567619 97.57067279216909
10 117.40788701950157 55.11953716441006
10 75.66460262736132 45.99822126074
10 66.58742905704504 33.35641279110935
10 54.47376761740243 22.310610413607364
10 44.32481850920278 14.216631102574716
10 36.992722843865764 10.364460175060847
10 33.4361119633265 5.49596684475139
10 29.128409488794848 1.8119258328654675
10 25.96281145668133 0.4739941249555444
10 24.750722462843054 0.9558198022502453
10 23.541355302644725 0.4654299429344214
10 22.757878955910655 0.7381347492507591
10 21.71879612362989 0.4585444726376945
10 20.83422854421571 0.9212473642396668
10 20.383147229608976 0.44836575917317045
10 19.92688282051031 0.7526167761494325
10 19.137963992019415 0.48516288755389364
10 18.890408528603974 0.7047690190125098
10 18.38262195650937 0.6605366250955319
10 18.386959118981125 0.7461399842421628
10 17.94828752498613 0.47096843375581515
10 17.68550083721805 0.9920439929495526
10 17.766136170014462 0.4505572810606537
10 17.609876357182202 0.8491605486264138
10 17.35192513573188 0.5081323217773901
10 17.113305182442357 1.0534692366872698
10 17.35748187887093 0.608057851338564
10 17.20865840491613 0.6183777612503351
10 16.86509911919092 0.5069205461289609
10 16.633347071933365 1.1371619120596552
10 16.73518913858547 0.4448857734815888
10 16.322821299469734 0.7539182758465585
10 16.242934358737816 0.6856695046011201
10 16.44940576498266 0.6995878093568967
10 16.15075954287888 0.4380671901693874
10 15.842435149575756 1.0687397907296932
10 16.043393071397986 0.5927530962855232
10 15.896792254137837 0.7923610878460816
10 15.743785542857207 0.543133361436443
10 15.740857952461438 0.7977760311841248
10 15.76801412907918 0.6112270472347732
10 15.777268467468556 0.5086124421739426
10 15.336808767529437 0.5160342675225439
10 15.289367283348428 1.0225338336800633
10 15.43089779060629 0.4970644492026929
10 15.206426252641476 0.7253727815317811
10 15.149512477887171 0.5313686865232295
10 15.076224532397724 0.9149188678262576
10 15.161949432388656 0.4530950020982167
10 14.907794617393087 0.4413788709793209
10 14.69505525431457 0.44355468841185347
10 14.621662967182916 0.4111182832878325
10 14.577576126052 0.41193210309389694
10 14.553742503043766 0.41110821190893615
10 14.544103906875872 0.41066744534145927
10 14.539464964163347 0.41014998558777493
10 14.537309544869958 0.41011443987367613
10 14.535813142385367 0.4099617286102627
12 622.5826404770537 590.852258158181
12 605.3295212439536 579.4827893674359
12 594.1422046569145 557.2802738803161
12 572.3132411889167 535.3626908731624
12 550.8077075675195 516.7756451055361
12 532.5945776105476 495.57288265488666
12 511.7214322141368 478.5467759555661
12 495.02879411405604 457.56338418152745
12 474.62824351855124 440.79170363573223
12 458.1892102096709 427.57174457240365
12 445.41218003854954 408.6754653422209
12 426.7357116413883 391.6723106340547
12 410.260539370557 375.3447260946885
12 394.3954988746882 355.0576659498672
12 374.47182009475966 336.6039317521952
12 356.3214553868079 316.75597801990693
12 337.17995446364205 296.40583131169683
12 317.49946071372347 281.2476086337856
12 302.56620484253676 259.9339103332387
12 282.0148218173259 238.54185671844607
12 261.3112405700083 221.30992640964962
12 244.39078892686277 200.13473653340827
12 224.18311635696608 180.09102404124678
12 204.58437777962615 134.26556941451742
12 159.76827297477007 91.86432192102693
12 118.18732951130266 49.246299964881686
12 76.38076892439831 37.82973152538075
12 64.99711688352266 25.715600475319206
12 53.51058942047619 16.805224240123813
12 44.980597090649766 9.517571966275819
12 37.98035849174023 4.279824801977128
12 33.328618623477226 1.6744615000621732
12 30.336367830661036 0.4364094653569043
12 28.95637417480303 0.6261528436142264
12 27.862511210062024 0.7324782761222105
12 27.012090431164907 0.39515100243426277
12 26.13744634151943 1.006112607288171
12 25.73923086473423 0.43872770379098486
12 25.23785248467012 0.5200409209769463
12 24.667918736353116 0.43281155718525716
12 23.964951526984134 0.7407873853025094
12 23.569435927623342 0.4023207850651073
12 23.119067324105686 0.7300053517948041
12 22.865431230333144 0.45272062729267115
12 22.595161907300934 0.7145430539165138
12 22.325010727036947 0.4625950700892428
12 22.18655754481929 1.2632527916997702
12 22.356684939992046 0.4666200065434743
12 21.76616787193392 0.47998013842639864
12 21.721905868214016 0.7881357986873152
12 21.537622342347 0.5059375212765685
12 21.390729126784738 0.7156670651287882
12 21.26418707910926 0.5840106972577263
12 21.23350520644272 0.935618315990934
12 21.10566013849622 0.457508599162933
12 20.830832112171844 0.7506327078852668
12 20.76495915262442 0.6649280280712596
12 20.987516659444445 0.729642971863406
12 20.607609288045946 0.5380498786776009
12 20.46501838477887 0.6822173082222438
12 20.228809619499565 0.48280438876596915
12 20.145973465112057 1.0478981848306106
12 20.196649492804767 0.4450003681556453
12 19.869776862965427 0.6973714889605913
12 19.731785508081302 0.587096661333145
12 19.76781929133173 0.7714986268531151
12 19.58282708428518 0.4630055745414821
12 19.571996488490065 0.6547301043465845
12 19.3598549956299 0.429327221875692
12 19.177544384855327 1.0377609166038786
12 19.39605611291412 0.39243408289054316
12 19.122877594223343 1.0248847955112155
12 19.423925104065276 0.39034793684450403
12 18.904385479930667 0.9723916769909525
12 19.014148923295828 0.4251143465261552
12 18.651938219490354 1.082623004877385
12 18.80300773984559 0.4336541906681091
12 18.37551551199215 1.1221409626497387
12 18.688485810420975 0.3809979433189938
12 18.15376080025621 1.0686778894842028
12 18.337107162344207 0.3929653183063534
12 17.972793272589648 0.4367844085450058
12 17.806136397589324 0.36926088754137343
12 17.71729349339112 0.3723926617172364
12 17.67935317952169 0.3725729464625841
12 17.657288197360256 0.3697967229216174
12 17.64759565837124 0.3694833798364035
12 17.642937247995043 0.3696924657261656
12 17.640266924325687 0.3696049793277314
12 17.639021189532404 0.3696166016793624
14 625.4262653441291 588.6854144130349
14 606.3524905712235 568.4518499162983
14 586.598851510551 547.093519750137
14 565.6750633694941 526.0837860033552
14 544.9804820877082 507.30463375951774
14 526.7262430066202 488.68731222508234
14 508.4413284132256 467.75621420583667
14 488.047587112701 448.4445427260208
14 469.1597586993962 427.9629772157101
14 449.1457693294517 409.0771261417814
14 430.777823557307 390.9639534576171
14 413.3942013163325 376.35970154153097
14 399.28685104509526 354.5014195289675
14 377.90894642219604 335.9343624162592
14 359.774489566096 317.97860761473953
14 342.4743084265201 298.8396469990917
14 324.0537410862488 278.28371603906055
14 304.46397057066775 262.6970080363233
14 289.47075231418637 244.01316224891053
14 271.37408714671795 223.424412463733
14 251.1022589326468 203.74604946248542
14 231.93006196786916 188.04336211148967
14 216.44494900550634 169.46084281042494
14 198.55494223125731 125.7250426342294
14 155.40944707255042 57.21594409405955
14 87.52130818805448 39.083370564139514
14 69.93051303003665 26.698582178657553
14 58.23686552121802 17.13962884646635
14 49.17872300003712 8.868531911412253
14 41.56948307266882 4.220253446092993
14 37.18937057696439 1.5789698224656439
14 34.40486986321328 0.7611145428398229
14 32.668893246745654 0.402484469798969
14 31.457690194705222 0.5869310104256119
14 30.517527013388328 0.35412744116470884
14 29.751374390577187 1.0092503190238509
14 29.2465046498408 0.3466173477865903
14 28.591161330959793 0.4005333949579466
14 27.92958647315013 0.31745484577342775
14 27.355784962817868 0.6746029123921209
14 27.05418095298762 0.5448710551485142
14 27.223729175551593 0.3806089891203149
14 26.644239440903643 0.4283210359512899
14 26.53319702385997 0.4957805730305026
14 26.143572404772083 0.7643546044237017
14 26.630578819448022 0.2825075913628925
14 25.80438652595079 0.597434944357423
14 25.547889207886048 0.5949153853061191
14 25.826132430400055 0.44831385904700194
14 25.32656235929986 0.7694322838010441
14 25.825822422592154 0.36523834000513217
14 24.961321961456786 0.25464975933627776
14 24.651634654047246 0.5104880968531775
14 24.50187611157934 0.44208901916413823
14 24.520502995075514 0.6526713121711754
14 24.29781151318623 0.40328482595107484
14 24.2379321128429 0.5478000665143972
14 24.024743732956406 0.4613201285189047
14 24.0889666557125 0.3528251925822532
14 23.720648059024914 0.4437395312874634
14 23.862759793141862 0.7441776032435407
14 23.7014393194306 0.4264188498399748
14 23.696451402744948 0.6291487485250584
14 23.512733770567404 0.38034158080145036
14 23.47667484404896 0.8509658075031283
14 23.38528747044557 0.25468134020692706
14 22.95072708114254 0.9182349685350368
14 23.247950282301623 0.26883623584434924
14 22.711047177544863 0.2838176799167207
14 22.4048203854242 0.27938025194098315
14 22.09081690171395 0.3091680495948464
14 21.776518544128983 0.32389890529719007
14 21.637788342873925 0.8378106405040969
14 21.835323095370374 0.29644218400232514
14 21.50792547991709 0.6838625859740278
14 21.57593633540945 0.5934861740906329
14 21.773682643227524 0.2601315058527508
14 21.259914636020408 0.2648042303186704
14 21.16704760441509 0.26621722170731815
14 21.11906009650951 0.2723903282291609
14 21.097708429003127 0.2703031952020605
14 21.08376797691605 0.27048256032246565
14 21.078010314608157 0.27050317049387995
14 21.07524776121905 0.2705100524868818
14 21.07411479554595 0.27032870891287974
16 629.1666290859043 588.4864969865156
16 609.5771797310911 566.5779572303031
16 588.035073666319 549.3052953736121
16 571.0827584517899 533.6603588384526
16 555.7760274842834 515.0272581661496
16 537.5020777353769 500.35592259199063
16 523.12837088367 483.47770028913885
16 506.6536945181896 464.9230999078613
16 488.621915013767 443.9995765006355
16 468.20696560754334 424.5743806618884
16 449.18570420132784 404.2562003457606
16 429.3827939574295 387.93015997028226
16 413.5367168778388 368.1185171607293
16 394.0346949720495 352.5456302998009
16 378.74213380092385 334.9995331507016
16 361.7045315405581 315.534642964741
16 342.637757767583 293.8586790819064
16 321.51123401686493 274.57933322947656
16 303.0459460793592 253.001546317424
16 282.19945973893016 231.3566137380363
16 261.1196446789706 209.3907497442693
16 240.05733901242874 193.8768438017302
16 224.95499698417996 172.30062570197546
16 204.2014357200646 126.27279050252417
16 159.11312072494712 56.84899594897608
16 90.25685081864253 44.500286703830184
16 78.2354074971914 32.26274006799686
16 66.70423029762448 20.221838436689996
16 55.344648176756095 14.229945949171775
16 49.94972429336943 6.308521111674411
16 42.783422991748 3.1060820272017553
16 39.51167397027504 0.6772497076591404
16 37.10905682789302 0.3239677122300377
16 35.938196243176435 0.41575136481431313
16 34.890586415194235 0.27313588298170777
16 33.93690443118523 0.5831496541007086
16 33.439649222291784 0.2860088947495837
16 32.90005211357276 0.5478806363623272
16 32.33713601151045 0.33959791619291024
16 32.30353451095741 0.8259226170267217
16 32.14487393422105 0.26696490658657906
16 31.803712617738046 0.956049867170102
16 31.7408558470135 0.2373447428088931
16 31.20144050583073 0.5389793218554308
16 30.7618450713714 0.3499234865035051
16 30.698853895423497 0.9578989639083535
16 30.53921090000053 0.2183893840595676
16 30.019177797273883 0.7919369365549024
16 29.930413451344208 0.2588922057853707
16 29.765520479947966 0.8736438634293467
16 29.734108584436928 0.3504093975652202
16 29.56516883849259 0.671872948278707
16 29.398296353172707 0.34613806938008074
16 29.26959079369051 0.691965169883247
16 29.035231050767532 0.3485192267759275
16 28.946867380006026 0.5371797006021554
16 28.70413161310055 0.4996186301459765
16 29.048476380659505 0.46308365798773454
16 28.512404259734677 0.2988689829979029
16 28.49986587056245 0.3180848327455129
16 28.098971506032072 0.20452478436509808
16 27.827055104491365 0.5377719703416168
16 27.713777509920824 0.25276506073270477
16 27.455367962095593 0.5308131412904427
16 27.283588095588804 0.3623044435756111
16 27.246274274641873 0.4541509511138608
16 26.909461575547482 0.63445180974625
16 27.3105017480514 0.3052695657893909
16 26.58587077537371 0.2505933758068901
16 26.476566334677518 0.21117483455510436
16 26.041155355115244 0.21907053282125352
16 25.701676255658214 0.2047577790011059
16 25.436748629352277 0.8778040140753135
16 25.721231970693108 0.18738053908755123
16 25.35575867522647 0.9588530406661921
16 25.49964073672833 0.18674159918488342
16 24.799075892240165 0.3077415867878881
16 24.451261157524776 0.5478118263300586
16 24.871603862244058 0.574344884307407
16 24.468221689708955 0.5452018715305493
16 24.793273785159506 0.3845423527808731
16 24.222561848455623 0.33761326488021015
16 24.26105406014276 0.8100536299052782
16 24.200304743447255 0.2835427017791756
16 23.963469298508045 0.5323745781899597
16 23.870485165711642 0.3149771618213075
16 23.928521509512162 0.5394930648711196
16 23.694333456455713 0.3425978331805084
16 23.720014378865145 0.3224234122439039
16 23.478231104041328 0.2063895533165198
16 23.318034135705897 1.0260886079573706
16 23.704472390082667 0.1950353727586602
16 23.113129009210034 0.20328189388612394
16 22.932059146103448 0.15067452723617966
16 22.861662828740645 0.15275679959382202
16 22.816689990763035 0.1557370180063129
16 22.799013149421285 0.1561901560886784
16 22.789654545267688 0.1561129845022982
16 22.785190809647773 0.1564872662211409
16 22.782488167456933 0.15661216738866884
16 22.781492658320268 0.15665891129914383
18 630.4790531940553 587.2892269897445
18 610.2506104731214 571.6789344249729
18 594.8254648630505 554.9549368349083
18 578.4206386986236 536.2676909638342
18 559.9694680002333 517.8151019467215
18 542.0375019463694 496.9778085127086
18 521.5973868869122 475.7526916276
18 500.9366717431455 457.2300649189276
18 482.94705262106146 438.19096738539895
18 464.30705635774325 418.1566451147778
18 444.90625963367876 397.94086129695256
18 425.4203585541357 379.20397490796455
18 407.20903879786675 366.14536545179544
18 394.12887951729516 348.55727516572176
18 377.03381695107134 330.5808126842025
18 359.8783675124127 319.46366513647683
18 349.11371422178024 298.6880633240685
18 329.11104149064994 282.37234564015387
18 313.1255304421162 260.87263150793353
18 292.3829094179274 241.1096927770484
18 272.8335761694361 225.7455794954466
18 257.69925531447075 207.11299913189984
18 239.64365963866152 191.79141034318502
18 224.80666962269905 177.78554375310395
18 211.83142881300444 133.55392567851572
18 168.15653287089347 64.68099749462587
18 100.13573073967686 46.16799442167381
18 82.57965974660306 33.54084675418566
18 70.33506976128436 20.09904447370888
18 57.73867137231301 10.803151112702531
18 48.778110834686466 3.93625085497051
18 42.532202310305124 0.7327113885241185
18 39.55285569550986 0.12946350770589102
18 38.18026374137681 0.11751117204851522
18 36.90643977141761 0.37997500948852414
18 35.76729511268977 0.11029684692532178
18 34.671548351398975 0.3091722496493925
18 34.290985786479574 0.10762538554736642
18 33.60197305204196 0.1936574910472707
18 32.97103584367447 0.12324755635437096
18 32.55004048700118 0.3909031276875139
18 32.28260363737169 0.2281882047419834
18 32.179613766158916 0.6819072981038052
18 31.894176953195856 0.08709076582161027
18 31.383678787150334 0.9569538373293761
18 31.62269740980532 0.09356186848349464
18 30.985567167764376 0.5638703984005135
18 30.905925073988225 0.2748639948031724
18 30.94611139522412 0.6398372107731479
18 30.758629438275204 0.08251513408805118
18 30.46316797324321 0.4473627797314843
18 30.297975086706654 0.3756864976024655
18 30.551103564342142 0.23459648861370735
18 30.069808824271202 0.2877344859735086
18 30.178795057717938 0.37527210672976696
18 29.905360321901014 0.2492474836178939
18 30.022573484131502 0.47474920322899267
18 29.8255568359608 0.25887803340517224
18 29.91072973598529 0.6251837680318433
18 29.854420354132742 0.07582817020400395
18 29.360447391185534 0.28194964771866476
18 29.160580950992127 0.43667510083394184
18 29.536434508465927 0.26177592362958113
18 29.190502833213944 0.31906417440522183
18 29.30554082419782 0.4336461983559348
18 28.96471002135105 0.3711219390813558
18 29.115540872570723 0.6419068967303962
18 28.98972832192082 0.0998690472098218
18 28.51915464772779 0.9591619575333188
18 28.83759648151912 0.064209002489921
18 28.240163047765513 0.12189209711137913
18 27.99661587134837 0.08199279834294174
18 27.88979781670804 0.08927869578416411
18 27.855491817199667 0.08566841610345824
18 27.82850366773141 0.08553071528514763
18 27.81442413915724 0.08595979663870573
18 27.809488398422577 0.08631937379307532
18 27.8066121115824 0.08649727222443213
18 27.805173764858747 0.08636617675148467
20 636.3744879328727 588.4333101936434
20 616.4692767761401 571.9388050282759
20 600.3397430588602 552.2477623548183
20 580.9641593271316 531.3974712873493
20 560.5011860884986 513.5983019306022
20 543.2849357778132 496.79082422220415
20 526.869100807266 475.77326085782573
20 506.42238989836824 457.83863014623887
20 488.9234697597514 439.0231921539889
20 470.7245500631161 425.9473712428008
20 457.94276964567456 406.4408846449363
20 438.90710149707576 390.9635971395953
20 423.8182898306838 377.5729376956161
20 410.7128238484437 363.5183425518096
20 397.15488739766494 344.98496910137175
20 379.46995784654166 327.0567985753514
20 362.259588994462 305.4725662135316
20 341.3693722559869 283.79243440009196
20 320.145820224004 264.19219361140995
20 301.49821390704005 246.54482639341333
20 284.13056751301394 227.69640319003858
20 266.0274833242344 210.68902532531243
20 249.2202953482329 193.81857698754112
20 233.08826023779727 174.57249755995053
20 214.43639641568842 157.11345532166243
20 197.3290785305229 61.40500516630084
20 102.17032719940445 44.927927807016815
20 86.47384711713288 31.743842555794174
20 73.91791935599319 21.71646876788143
20 64.75618265764598 11.209803692375727
20 54.92890041185106 4.555292005878805
20 48.925167448760575 1.4625326903844749
20 46.25928349343398 0.11454581292700741
20 44.563609692038064 0.2228470698359436
20 43.206087916726965 0.1539204743435015
20 42.01727069460082 0.2211291979258164
20 41.11615873270454 0.16497621996980455
20 40.36373603604745 0.09037660007267648
20 39.79578940570232 0.4124946250034306
20 39.26103643114809 0.27394079692026896
20 39.34059657592053 0.3484663338092719
20 38.87765714063909 0.35455352280503094
20 39.01375351526614 0.4530294028505487
20 38.40140734170429 0.10908297329297162
20 38.18542370809082 0.5517355549109513
20 37.955287421501524 0.12637875655713995
20 37.65835053963177 0.5355279862269597
20 37.558815856553665 0.21392489379566637
20 37.551803318115766 0.7100827031550347
20 37.487730690324724 0.1614651754596901
20 37.242374954724205 0.49749144441390847
20 37.08725468409469 0.09944774278136806
20 36.889004812860605 0.5993073078289326
20 36.83071504260041 0.34701713382652805
20 36.9603050938215 0.21227313584693508
20 36.440223917100326 0.15066278700769647
20 36.312587105221475 1.0097109389136192
20 36.52221463347654 0.09113079122660767
20 35.750465067694385 0.06102407552260103
20 35.43437217991959 0.39351456218254427
20 35.255548154224755 0.21716326194964683
20 35.30354264507266 0.3538891092876538
20 35.01120163434787 0.14121696210492587
20 34.943440386410515 0.2100673197934174
20 34.617166237625455 0.09598748318947295
20 34.37334808689321 0.8238419936940293
20 34.5492546507602 0.04682767793384095
20 34.13511499608087 0.5453955869731042
20 34.17019471699063 0.04267778659479179
20 33.822434265929665 0.8845598290261101
20 34.02412840628728 0.04532727907412483
20 33.47614244642224 0.11298854260929779
20 33.193161461482646 0.16315042946251065
20 33.154514603843495 0.5201815645798396
20 33.013334265068394 0.06513997221216859
20 32.785363846087535 0.6931993340409832
20 32.91313014736704 0.030839890726067305
20 32.42176544259126 0.5190201725610978
20 32.458690255107726 0.044619798772772896
20 32.1491880629261 0.1956652616903497
20 32.033243209499076 0.05790756850725435
20 31.901734471060408 0.05549610608349788
20 31.84456168599956 0.05339772000030127
20 31.817910603276715 0.054401844427089174
20 31.806186355455523 0.05489655495704936
20 31.799394662287124 0.054117127172459686
20 31.795969354836565 0.05421908936356222
20 31.794428584632097 0.05406861816555718
22 640.8087033866926 593.4576419457783
22 625.6193771175444 571.4796742939332
22 604.0643663355922 547.1097718414985
22 580.2000662028938 528.4314188655226
22 561.9707854527237 509.8509151100439
22 543.8742213819694 486.9812860537692
22 521.5385965520217 465.1903659261203
22 500.2570996234178 443.9055893301736
22 479.6109302527877 428.088849434598
22 464.10220948309046 407.92950337420257
22 444.761828265991 387.0706123497514
22 424.4466463364629 367.6037262417542
22 405.9022716022109 351.7495400648962
22 390.73058335301414 331.20114025852354
22 371.0979342032751 315.4183665864041
22 355.56347398879984 292.663573330918
22 333.7310307352139 272.109472943427
22 314.1803692021638 252.7000830189041
22 295.4904295892569 230.60705625229218
22 274.3448262094613 212.55722452806714
22 256.9619866348319 189.3082023641668
22 234.59188538069247 168.2912952712412
22 214.2465787335808 96.19823243020606
22 142.7628402747695 52.00500286700084
22 99.38785079119637 35.23374028580979
22 83.44355141858343 27.274624574933412
22 76.06521677261208 19.41091646558887
22 68.85187063286722 12.670338273779755
22 62.24332389718129 6.530893169660811
22 56.56403663504403 2.719925651774837
22 52.811331847150186 1.109258138074749
22 50.830778184645126 0.1138062628493873
22 49.208530378023 0.20681649901842858
22 47.89217516536686 0.058589216036164335
22 46.920762543644614 0.07396764346961693
22 45.82161884628034 0.3597625207741153
22 45.028382637880284 0.04523795492067506
22 44.214901346603796 0.849517935701925
22 44.14242296537221 0.05628322491272901
22 43.72357990833597 0.9391527789994365
22 43.7349416725868 0.04177707940378184
22 43.17517215427091 0.8396540105229657
22 43.311994228435545 0.09063687787930813
22 42.8321074085728 1.1478097970519219
22 43.270935210264824 0.05395566356593274
22 42.54617392824748 0.691509330351401
22 42.53833203933734 0.1105023516650203
22 42.140068317907065 0.9264843685966422
22 42.26469358786153 0.1480825254871824
22 41.91991192073226 0.5297035100802855
22 41.75013268022164 0.09336970702811712
22 41.62320768024663 0.5974027844588407
22 41.49395047885371 0.19093341548965792
22 41.512957257062084 0.2381885963101975
22 41.11983550635216 0.2653933476137082
22 41.26218415493628 0.1681861734173657
22 40.73939063684806 0.11616896476610376
22 40.58273260236246 0.8495255970598627
22 40.797253231835626 0.17995518956971318
22 40.5427241220374 0.8623955020197238
22 40.57691233019131 0.10308575217621982
22 40.08174082380918 0.8756189476065744
22 40.34622313503255 0.1674276390543272
22 40.055091626428094 0.7371042334081832
22 40.09093373299549 0.13640220542229703
22 39.87005244294064 0.12686366309759012
22 39.50309910528375 0.08008188338058729
22 39.38358795429854 0.0686913777294483
22 39.338834131542896 0.06906197816227988
22 39.31015553819991 0.06970489226572754
22 39.29980581946113 0.0698917394214913
22 39.29397605208495 0.0696082917674673
22 39.28990979005885 0.06985951814171504
22 39.28804504715556 0.06983192287111126
24 648.691034800989 588.0955907978769
24 627.894379035454 568.4772922397485
24 608.6825710702894 548.0919644114391
24 589.0004655290835 530.9374042473536
24 572.1800720538499 513.2994729701767
24 555.0519233712889 494.23300448840246
24 536.6170875146411 477.28408526508616
24 520.2124395323946 457.0218931678105
24 500.6487731020393 437.017725540847
24 481.01090096929187 419.6273266235795
24 464.44300133145634 398.5196709492245
24 444.00119019310495 381.7901792211975
24 427.7988752168247 359.9903959890183
24 406.57554121760916 339.9813478574254
24 386.98186938103163 321.8884121232613
24 369.7451006486696 301.5009348897157
24 350.2239780419121 280.06074695051007
24 329.3704802324038 262.3143619851542
24 312.37326383985504 245.41999634386303
24 296.1716214140703 223.64151417114897
24 275.3848328469521 206.52666907917006
24 258.8170043983629 186.3044711777295
24 238.69826979803935 168.3354508004098
24 221.05645478034683 70.25806927292182
24 123.66675427872931 55.54518836557944
24 109.82501970312202 39.963330738057536
24 94.73662799720096 25.80388776331518
24 81.5516045529665 15.980099662510973
24 72.08785644926357 8.145928670126626
24 64.65486600011852 3.074771398420934
24 60.45659984630375 0.7000392742885276
24 58.283943543580904 0.10673549020033954
24 57.14898305133034 0.4381382316628852
24 56.24837062515263 0.07909933771455421
24 55.19855162647551 0.1289815754459955
24 54.35819042661505 0.33828448188543947
24 53.848404591278985 0.0442074685178471
24 53.416657711113636 0.1669437078375739
24 52.78053854325837 0.14325836485872032
24 52.28515987330439 0.04522932913154826
24 51.99700865148439 0.4941351974145552
24 51.7792588926065 0.1733641732811432
24 51.76601920956392 0.3629610997552447
24 51.36173788602678 0.10515823474257217
24 51.37292494231108 0.43057447602736904
24 51.0633733376446 0.2281583581789695
24 51.10131904978128 0.3345014604390091
24 50.71683300910901 0.25069648213737616
24 50.73207225864503 0.3956929840461717
24 50.31017277134643 0.07428662617322185
24 50.260001172117825 0.6487938546644217
24 50.18668189805344 0.17100924042773277
24 50.01750107356909 0.5059329180275872
24 49.846745386240514 0.2496324157500475
24 49.95765408189022 0.293075804235014
24 49.50674251089989 0.1884944556951584
24 49.660163037744276 0.4765623988537161
24 49.23741789653474 0.17930387596669006
24 49.33393950112973 0.03642776809043111
24 48.881937130682076 0.05604978675708041
24 48.436467174249124 0.014185971827089573
24 47.94506059482336 0.1372773909754042
24 47.53942506804968 0.06233762553886166
24 47.3394122959172 0.31578789616293423
24 47.02033510198266 0.15811649972153832
24 47.09755863518302 0.46777310181803966
24 46.90155864942135 0.22487956885831833
24 46.934205000410806 0.35741543999247705
24 46.57926637358145 0.20099653965377462
24 46.619592425698386 0.34554686020662406
24 46.245232966802185 0.1918766419795182
24 46.16177009951858 0.31256719664036436
24 45.74464803974921 0.30306206182914464
24 45.964907145602915 0.2904789669691326
24 45.50372716391701 0.057184695192357374
24 45.25260199445993 0.05870047674974911
24 45.13428804399166 0.054163831720928174
24 45.082239115684175 0.041286732998373134
24 45.062430820524206 0.03847409160870997
24 45.047495236924696 0.03856769841292399
24 45.04023706914412 0.03824727456116611
24 45.03717202035867 0.03798909098877857
24 45.03525672981419 0.03811770836489534
26 654.1126549321835 587.971271154124
26 633.5172920428005 566.470489086921
26 612.5082693715557 546.8923222540378
26 593.5365930176075 527.2888690621146
26 574.5004396241501 504.0076726780485
26 551.8801031058637 485.3071939461739
26 533.6054560675216 462.89421189319893
26 511.8626147367257 441.15366234130704
26 490.8823710732444 419.2731376861447
26 469.75191891546905 401.9582971746361
26 453.01481053349545 381.35666641469834
26 433.22495723227325 360.48229713606884
26 412.84361020542076 341.1019308795993
26 393.9830916290012 320.2879624652155
26 373.8867008866694 300.6864542915788
26 355.09810893444256 278.5942250472684
26 333.7761458698739 256.22586016528226
26 312.2222365061422 236.92815172768445
26 293.4828760188734 221.6179354185499
26 278.9078728203562 199.389411565154
26 257.67688709367775 179.22747505433767
26 238.34079527094556 159.71101729517878
26 219.67746059922067 64.47787946116941
26 125.2615892175627 49.54935002116831
26 111.36693121539327 32.60852303845504
26 95.12291115739276 19.42771582812141
26 82.6810186885528 11.429980777091139
26 74.95586450556203 5.535810203193379
26 69.74322954409652 1.76615800041012
26 66.5118266679861 0.3760187589195909
26 64.55946714549837 0.06059352143714868
26 63.25319851586062 0.46029126600257486
26 62.19275361293194 0.09573098347314546
26 61.11892822824807 0.21188547348819595
26 60.30108469748081 0.13324542794226207
26 59.393111564098284 0.09670576199185936
26 58.69924139941094 0.39363813202818243
26 58.202455138107666 0.05248615268401498
26 57.65081695279084 0.35500634761035815
26 57.14702382794942 0.24450421381791554
26 57.36896961035319 0.8098763945236952
26 57.05468483597837 0.0696503206669287
26 56.536464865542165 0.47803398865435665
26 56.21190482342986 0.1537795259214021
26 56.05667690956882 0.1995371154198394
26 55.54855060738835 0.2296792137673763
26 55.59273981524198 0.48729210980955284
26 55.34525142641662 0.27978293480123295
26 55.49450257061326 0.36622699930971736
26 55.09962975509171 0.10400107145856845
26 54.764042956714476 0.45457047767589875
26 54.58131243833277 0.26938374666800474
26 54.85127522870219 0.5331525747915431
26 54.63058639433959 0.04709972136875168
26 54.338559717596944 0.9365557765962269
26 54.62258395769121 0.060908958954840775
26 53.89870317239236 0.23935986849709612
26 53.4756665987409 0.0747219588754131
26 53.22180988006232 1.0826048588485138
26 53.4495044815387 0.01947075281558323
26 52.736504994030476 0.4151927106258221
26 52.44252037330573 0.13018023612749477
26 52.25974327187339 0.12293419760694282
26 51.79724788793896 0.09767227042946838
26 51.573408342007646 0.5204504877516999
26 51.415881505053775 0.13170180353089223
26 51.296353809803236 0.746281221085953
26 51.21523906666087 0.12231763543199611
26 51.05073588086014 0.40841985907244827
26 50.69475065872585 0.13957608101181562
26 50.71998654704018 0.5460293840235892
26 50.639477288235376 0.22368535354395075
26 50.507233349015166 0.05473102345050891
26 50.105146524579055 0.05034980570267202
26 49.658807254983515 0.005779767658995646
26 49.241194103959685 0.8831605625744032
26 49.6102491363398 0.003012407719016459
26 48.98733519310675 0.7536147762779705
26 49.00721262381642 0.0701460152320187
26 48.82888425817082 1.11538502109675
26 49.14947081398534 0.003769313028027297
26 48.3440740708226 0.16720132224193562
26 48.217735406390226 0.05937471287401996
26 48.09264654501595 0.03800237091847784
26 48.047461537714405 0.038244225353799455
26 48.017777334491434 0.03883459824850091
26 48.002881649889844 0.04003686394272527
26 47.995799372443805 0.040430146927478997
26 47.992559420048835 0.04034787203839863
26 47.99105064308337 0.04022914605804177
28 657.4436414271229 590.0205215565668
28 638.3873143661007 569.1060081212119
28 617.9713690753148 547.7317846385145
28 597.0707232611077 526.7987332309465
28 576.800891572724 509.34515746805744
28 559.6975158439379 495.5718894369432
28 546.492158340988 472.86242524424483
28 524.5135366263369 455.9434504667736
28 508.13736091038965 433.59827152716247
28 486.4467886283269 411.38720132168015
28 464.8771798592916 393.83481824721844
28 447.86041858933487 373.24434502119306
28 427.9022117994656 353.5238068384694
28 409.05267632383936 335.35483386149645
28 391.1699779996066 312.6985162624618
28 369.3117873645562 292.24735834469715
28 349.5578111510148 269.836915674615
28 327.84109679919226 250.8847723580976
28 309.4450921232311 228.94505807039997
28 288.727829661481 209.92737803489314
28 270.28974594956566 191.16590928487386
28 252.29306078194415 176.50244666800762
28 237.78972852062282 157.91165329333668
28 219.73873693300126 61.62848319329338
28 124.45267940131288 48.112940453274206
28 111.11590492148486 34.202561619942465
28 97.72769249311412 20.614669842517777
28 85.06200007472924 12.140217339128801
28 76.92978131975758 5.712447932197316
28 71.05269531654454 1.2968366145844725
28 67.27081206362894 0.38195369582261784
28 65.39660283473339 0.13410522712958006
28 64.26625367587273 0.06116045028321777
28 63.395903253355925 0.467367940319499
28 62.670050274705126 0.03968651232466475
28 62.01922771506909 0.35152259064852376
28 61.41556906184105 0.044289431900715895
28 60.80235621504419 0.5132043995541913
28 60.5927942597733 0.08387990132449234
28 60.27374064016305 1.1144444421471196
28 60.47440051837135 0.050161944091527716
28 59.86882927737661 0.10820027062309903
28 59.34084760495132 0.09884530045688827
28 58.89429891660146 0.019915755881970268
28 58.46419875955092 0.44404913600501167
28 58.22056337223094 0.35642502866036585
28 58.580440980271284 0.051206637269973265
28 57.9220599920595 0.14230057089797904
28 57.55029529918045 0.030432693386042594
28 57.2261889774797 1.0309708936722835
28 57.4937517447636 0.03557152254660964
28 56.84899185484384 0.7151570053804779
28 56.94196739310355 0.022850173831468958
28 56.370550197514966 0.12342090362387226
28 55.89482890445056 0.031725997980074375
28 55.639177209550844 0.5896240720473057
28 55.63901288816213 0.1690245370434802
28 55.55472173462114 0.765407051432077
28 55.58158524082263 0.019329868503263393
28 55.174411714931075 0.7291042421260966
28 55.18685259407956 0.02351254714880785
28 54.73955711916 0.394183305799559
28 54.46490768702698 0.023466412783807192
28 54.012586530682015 0.4300410793472855
28 53.79844401849363 0.4178291616250537
28 54.073926301029395 0.21009220051130192
28 53.39236358118651 0.30828694931351025
28 53.61312531898739 0.5639563815110704
28 53.363719077859436 0.1710942430604565
28 53.2897058305273 0.412199601032765
28 53.095937696447216 0.14845576469684957
28 52.968819390751 0.7823966102270585
28 53.050178368351226 0.035430062518092824
28 52.3520778504443 0.12590569130686363
28 51.80240903697715 0.2703829999933796
28 51.96552318355056 0.21013106310897345
28 51.55866440119262 0.035289636029882006
28 51.34052148529042 0.05350519815413412
28 51.258094659896955 0.07150658420397174
28 51.207320714084936 0.07256066256819761
28 51.1722625600927 0.07073652148696417
28 51.15973868361405 0.0693607140853859
28 51.154481643586585 0.06950542994377634
28 51.151091681341896 0.06900914181123255
28 51.14961518734459 0.06894345700119939
30 660.6629339534989 595.1610268471819
30 646.6390401673777 574.8788873090072
30 626.7752986403694 549.2334582565372
30 601.8591623903309 533.9292185220067
30 586.9485381710236 515.3081332528675
30 568.8407557077012 491.2031357111002
30 545.437446703627 468.0090411232851
30 523.0311132715278 448.34927195345875
30 503.87535988640326 424.16897588011705
30 480.5634496860625 400.72094445142926
30 457.7105018977655 381.8084019771306
30 439.31430111534854 362.05676794653476
30 420.1504681554899 350.15808577942397
30 408.6172604347379 330.67901640071227
30 389.67906742043243 318.12313684238313
30 377.57094687052637 294.40735328887246
30 354.87268230369574 273.6436465009851
30 335.1678709839324 255.85238888631733
30 318.0691231081008 237.12868878125627
30 300.0638280863866 219.25477152741735
30 283.0370117159165 200.75313897181866
30 265.30406022640875 182.41835308036912
30 247.80649410689733 166.27960346623283
30 232.21440079274345 73.86172643623905
30 140.33332271334672 54.805401460049
30 121.83518052680736 37.35080987758043
30 105.13419660154368 24.617297791616515
30 92.91887714833607 14.7521398564942
30 83.68838280208212 6.748099952827671
30 76.31158486406284 2.021449732594597
30 72.00658240778645 0.2133531832056767
30 70.25233696199176 0.11085421047146188
30 68.99837845058165 0.42277456021261073
30 67.89687463822557 0.0366247007854765
30 66.7205959511413 0.08201351653080492
30 65.8000158197354 0.16479557975869114
30 64.97556218422928 0.05659663885203817
30 64.36051012871859 0.3324231572396298
30 63.84910380523307 0.1195145393265372
30 63.73356655184181 0.5530446655647385
30 63.39679889210912 0.13949803869159458
30 63.254517472045265 0.7461053206079786
30 63.11379439047899 0.22855851019090473
30 62.926714333140346 0.5121686073433704
30 62.4813329770371 0.14546183205795676
30 62.28248283834015 0.16955342400640727
30 61.72765297463373 0.0853855733633362
30 61.709057427431866 1.0650135368463836
30 62.190191880489515 0.0813064420592095
30 61.627687576648476 0.5192677510188878
30 61.59629934696741 0.16734461014219632
30 61.476176875969834 0.4092653923873626
30 61.11370712327283 0.00887741507384832
30 60.75454265944062 0.39119590060536885
30 60.462490991248444 0.2590792843946731
30 60.55772049095331 0.37248861358881047
30 60.17816575135155 0.256403004406892
30 60.34103920419585 0.21905481983025724
30 59.823190746237415 0.15117152418443364
30 59.661651511732074 0.23345034384535124
30 59.273928946699776 0.4120897516397479
30 59.61302290196856 0.32982008313177497
30 59.040681259141806 0.39864497537650545
30 59.4817063242964 0.3792858865438625
30 58.93729640814481 0.15548053317907812
30 58.80801036399174 0.2938602450165035
30 58.36585795346361 0.14552143143164709
30 58.39385988876944 0.23480763175495004
30 58.06760742780243 0.5039591713268025
30 58.68917590475791 0.04392442082965567
30 57.667619522399896 0.15131652721798644
30 57.260810354479574 0.29460486376741457
30 57.50697217634601 0.29388347198225345
30 56.98642637507335 0.017616420221032998
30 56.86295883097562 0.5310458410505977
30 56.7667445429971 0.29801084782566456
30 56.88276647234556 0.13559813394324832
30 56.437638544025575 0.0707563558666805
30 56.22293106778476 0.5346510000162474
30 56.14564053430049 0.09768821436835831
30 55.911860807696904 0.4262209055650564
30 55.8595264174144 0.01265820467310693
30 55.440095039588236 0.2572067622811002
30 55.23742241314048 0.16176644567788578
30 55.24166388040889 0.2792175138461342
30 54.79139257742605 0.013952381870756632
30 54.59155007826252 0.1179583636938725
30 54.516654484949676 0.07071025759748648
30 54.46583237244109 0.05988917068792474
30 54.44009604125539 0.05515247133189336
30 54.423793135566136 0.0543324663523681
30 54.4164489344103 0.05388268075449226
30 54.41320067998502 0.05338821909700569
30 54.41150926618214 0.05334802920737203
32 664.3152862198694 588.0684919470447
32 642.8973415413003 567.3451449651145
32 622.7907838808495 544.7460257279624
32 600.8532541828594 527.3101024197579
32 584.0166887630576 506.8208293429732
32 564.3540453214318 485.38923054981757
32 543.5462583001818 470.5212755405274
32 528.8133316415854 450.7130428690531
32 509.59839674531815 433.39269870702253
32 492.57194613631515 416.20432063839144
32 475.9966422946281 398.238266926525
32 458.52668131498274 376.3353742492037
32 437.3027682036241 358.07292287407085
32 419.6911763035175 339.16987807014465
32 401.8243348190758 320.2866690334316
32 383.7175398929372 300.3809913365774
32 364.257118018649 283.324218687091
32 347.93062473274983 260.5809910888124
32 325.78710883829405 245.8881233014276
32 311.9517288796584 227.96083081285667
32 294.6682598796677 207.55310580358176
32 274.8515760954157 185.87898045219652
32 254.0838203712049 166.00070866456207
32 234.93661392974306 155.37622872917822
32 225.02676422009978 64.70403692850442
32 134.9749535024755 48.040230622089325
32 119.01146069302445 32.515134197494646
32 104.72691296118549 21.321908249460265
32 94.5884257500045 11.41097675115058
32 85.41920749188365 5.107105540051799
32 79.24705239111191 1.5244219574565747
32 75.6532464923506 0.06335027404752872
32 73.76144260741684 0.395187552056531
32 72.55054806545775 0.034226846255350385
32 71.22746443658465 0.29286066711017433
32 70.03270303640076 0.12358730476941567
32 69.25227932751993 0.033777143093723136
32 68.44988643666292 0.28303734196300023
32 67.79857121362615 0.2726771357891885
32 67.98320528272048 0.5131012366396851
32 67.43601512879118 0.14118032334430444
32 67.26601348136028 0.49889874263377687
32 67.02007389449095 0.019929341054550555
32 66.6153430568505 0.07510234347689115
32 65.94300743325199 0.04651785938182815
32 65.39526653675554 0.08570721474057989
32 64.9492055150673 0.037774513757368525
32 64.56396283242937 0.0860897294932357
32 64.02242402601594 0.0907148163875547
32 63.92675599375037 0.707199412967576
32 63.96357278553038 0.10724402081477372
32 63.743365951788654 0.5388529931663055
32 63.59619560077432 0.13561211929418743
32 63.53824488618386 0.41296443924114323
32 63.22515721950138 0.03185800685444411
32 62.95630692486074 0.8662042224068085
32 63.153724003840466 0.03722714108628262
32 62.72968302209026 0.7398254642850934
32 62.7853048538855 0.015708722884474096
32 62.27330461309451 0.4667058302078009
32 62.11874472471122 0.022752713791038458
32 61.930400048456434 0.10367808849633894
32 61.5528961792421 0.014467561688252912
32 61.17745459931554 0.40459435346354866
32 61.09704427137649 0.05047153111565094
32 60.98138491757201 0.6197947727957416
32 60.8529384112142 0.01666078385460104
32 60.41489639800922 1.0285630641020236
32 60.75072451750989 0.014087394964321973
32 59.938587888877656 1.0121314818337677
32 60.226380462827585 0.03268860758141223
32 59.49832285434146 0.878140369126353
32 59.79741023436438 0.03961168437968739
32 59.15709168717416 0.8196340519617192
32 59.284792059268085 0.04291237858879102
32 58.63860840042419 0.8761336024618691
32 58.80914709311682 0.10100195349351813
32 58.49140033955679 0.48974843775078986
32 58.433381063043825 0.14060720314755326
32 58.274179006258194 0.8164040198403723
32 58.29236530075032 0.07818945914898931
32 57.75696058033725 0.17986504511697565
32 57.55967545150566 0.08149837756680187
32 57.452266741422605 0.09499994556124446
32 57.39270456949613 0.08493030456726527
32 57.36166685530655 0.09132203368325949
32 57.35043794629481 0.08903265569283005
32 57.34176811078854 0.08912775265993743
32 57.338141038290615 0.08815280742268787
32 57.33614396380313 0.0881133120295516
34 667.2712898110244 593.0856837854792
34 650.6078551444112 575.2700454281822
34 633.1572936128927 556.3555218386696
34 614.7659168623936 537.8832027814085
34 596.7092067991914 516.8481947985226
34 576.2525701475757 495.82299072019833
34 555.6815427072529 481.47934297467555
34 541.6551507265688 461.6857569284383
34 522.3490587848199 440.9487841514626
34 502.0828849110464 418.4011538215304
34 479.9811715964312 396.93016510248924
34 459.14068964273196 375.9753284018608
34 438.7511261607047 354.58966847236707
34 417.992592469584 340.474434425313
34 404.2467060886696 322.51980144435646
34 386.87793481475956 302.9073100369595
34 367.6797356220265 282.50900611350266
34 348.00997398863444 261.7604873906654
34 327.67368722412925 240.50766385255386
34 307.05910728149354 224.844912297093
34 291.7839172766143 203.11239747639712
34 270.7379943658447 188.3635127411343
34 256.2377199148946 170.81110878511606
34 239.34966552142373 98.30559045798819
34 167.7405561416967 56.94311014579495
34 126.75736227209266 40.89179984857124
34 111.36243680641928 26.37673550844263
34 97.4313596866979 14.4582924622284
34 86.19727806460007 8.38619461068016
34 80.39511016737978 3.61131004520359
34 76.1629429476626 1.3345985487411043
34 73.58236853904293 0.12582798841008722
34 72.29337981356778 0.3935694387959989
34 71.44151422486257 0.19791768320389314
34 70.52974907017777 0.2693518778667143
34 69.87497488559846 0.10450635171845991
34 69.35595989590055 0.08530611652998073
34 68.86274197032478 0.09858884564177574
34 68.35710104307522 0.34411149008590874
34 67.90495598280842 0.5198981096746824
34 68.39517679377568 0.288236546378243
34 67.70545833529816 0.3046876374856851
34 67.786622626263 0.43821803132062737
34 67.26233019391935 0.0676512891138972
34 66.97749964522471 1.1077804818974077
34 67.37827987125276 0.09421760300089652
34 66.53128712477884 0.12788748977286146
34 66.0571634891217 0.11976474216165348
34 65.579842979804 0.18451015135889115
34 65.47699716865309 0.2015184944248047
34 65.11851059322885 0.22799517916715262
34 65.12693495570717 0.9168985064941293
34 65.20557892795898 0.07736477801209428
34 64.6274942898713 0.5524646655264376
34 64.43751746971871 0.3353606114020429
34 64.63554274392479 0.21459949006661685
34 64.16211224017489 0.4619087496974543
34 64.55101096369431 0.2020043153609299
34 63.73464053535822 0.1158563361040704
34 63.71772079666789 0.3682660910499286
34 63.528358729181775 0.08159814721673178
34 63.35553151369666 0.6771749889194666
34 63.45782417388286 0.0466083591446623
34 62.95695236885797 0.9632953304774658
34 63.18007038966573 0.06608086568038748
34 62.67467958511918 0.659519689723198
34 62.601746593831635 0.08626442807421494
34 62.22477087945453 0.8946903979932511
34 62.34886113945999 0.13776148491887724
34 62.00419029847869 0.14093612227249994
34 61.700379850906195 0.08750313937439451
34 61.580853668070226 0.09869141821027982
34 61.51902081556466 0.10293102527861195
34 61.48805574411791 0.10932971796147241
34 61.47577621620253 0.10934074976473836
34 61.47016275444576 0.10891260533134095
34 61.46749606778959 0.10870569146660593
34 61.465460830754935 0.10853167495184153
36 670.927003732307 592.2525522418009
36 653.94249436141 569.4309086738737
36 631.6792157215198 548.4640950343489
36 611.3087928231492 529.9997371271913
36 593.4259890701733 507.5663319033685
36 571.5926492276185 488.5517596672151
36 553.1385106078288 471.0300423314262
36 536.1835813978706 445.9974209774842
36 511.84566672518076 423.6926081013115
36 490.16768810237255 399.1860375888612
36 466.3104591988974 375.5871983226999
36 443.3983147869477 354.89370847781254
36 423.27573072435723 336.692305112114
36 405.5721786857659 317.2790441357032
36 387.00479648666607 305.5646889621566
36 375.7033386947403 285.8078737957581
36 356.7512543067054 269.36802429998295
36 341.04543898866314 245.7468263688378
36 318.3355311092158 227.1399373218541
36 300.71460763956486 206.4473483743745
36 280.43141330609933 185.02812744255027
36 259.45606479725217 166.20588095379364
36 241.06674836026986 99.01109998006974
36 174.7377769251258 55.86271669784258
36 132.36813925243086 41.75122842524057
36 118.66138111406661 29.305779986249437
36 106.59315381710232 18.203357476379427
36 96.37261216669928 9.527892657443886
36 88.62038894483942 3.75098455196519
36 82.96657116331093 0.5063144855893152
36 80.04424797673315 0.07078574461390204
36 78.8682020355524 0.4536184028075827
36 77.62613232808754 0.059873730002698515
36 76.88164157547428 0.4682678359134863
36 76.37774967930216 0.03533012848717529
36 75.84917378854871 0.7784411652809464
36 75.49955055438728 0.09008956414983846
36 74.98632643552723 0.6004939470244232
36 74.52864332497167 0.04937507275367823
36 73.93901252467379 0.6973480466147427
36 73.62574330693411 0.06460798260841044
36 73.18264679258739 0.9452405993337246
36 73.32231871065487 0.07891787430441213
36 72.84963945008677 0.5909169467713408
36 72.65064333430789 0.3022119123985184
36 72.74635302086735 0.20709511150060717
36 72.1625092742069 0.07212529258909002
36 71.95829257181278 0.9445319665537644
36 72.21040854669812 0.09692472312901462
36 71.7761229623372 0.6175568292094374
36 71.67876994996652 0.1817591437342421
36 71.48701691258927 0.30939889627493466
36 71.23213830414713 0.3112235866268467
36 71.42286766676058 0.543517351185411
36 71.0826581220097 0.06504188533551049
36 70.72310236818612 0.8457267328629916
36 70.97680655111009 0.14584382218898734
36 70.59832748557409 0.14810515950073566
36 70.14215208822127 0.12194093844266346
36 69.87293098230526 0.35353335015246634
36 69.54566351780652 0.4100608091831136
36 69.94854327840956 0.09048442128125471
36 69.17806238487647 0.12114104952948322
36 68.73230429527781 0.07555673417555162
36 68.2783605132727 0.6077918352141336
36 68.11174175402147 0.13869055819440426
36 67.9550958922999 0.7639001558021551
36 68.00587689100702 0.07058127136719713
36 67.60414726721332 0.42211054228952216
36 67.35577282765377 0.1972529556923803
36 67.36902130968758 0.7491091319192833
36 67.40373343171001 0.208030673278812
36 67.38545620988268 0.44235457522629684
36 67.11120339578868 0.1832534031777494
36 66.90818148947098 0.43033358381455544
36 66.71429815827928 0.4229312480626381
36 67.06498135272454 0.16021593374270948
36 66.32708370251245 0.09393440656300675
36 66.11168791419898 0.14515735048131195
36 65.98856878367374 0.1354547783936071
36 65.92404396676687 0.1289313130233179
36 65.89057760835132 0.129575415538477
36 65.87529426991887 0.12944422312449766
36 65.86817524367198 0.12964434370621836
36 65.86475489837768 0.129722969056946
36 65.8629436878326 0.12942950419608046
38 675.5139805103855 587.6744553431323
38 653.9416639192001 567.1353016645253
38 633.9764679668675 545.6715184805882
38 613.1781605038167 527.5533519465658
38 595.6182909510201 511.9125084425824
38 580.3318476542735 489.05188858514805
38 558.0217573644112 468.3457033136551
38 537.8055579154958 447.80768345355165
38 517.9401910396149 425.9093859073815
38 496.68847215916156 405.2341707453388
38 476.7290369725723 384.3872852016261
38 456.3867912348694 362.49605835449563
38 435.2631541472415 342.5932792318242
38 416.323534462835 319.23134732187555
38 393.80035138620997 300.2091353933145
38 375.3218354421288 279.70912079718465
38 355.4802701349895 260.3892823403853
38 336.9360404519293 238.7864700892006
38 315.96182394802565 218.871882498477
38 297.0010218985323 198.0667402018388
38 276.7564096265993 176.59040363050326
38 255.83954148300657 130.60902445187907
38 210.74339014424046 63.87363730235985
38 144.7241859735459 48.16374130577408
38 129.46970540166762 35.04291698951418
38 117.4588434657619 20.972357129360063
38 104.41492061279124 13.367600091048345
38 97.36864701268443 6.392121282932325
38 90.6262188292478 2.0651607176642637
38 86.37950134990638 0.7964130101378183
38 84.48950781860994 0.11178875290840135
38 83.31054996521111 0.5496024386026985
38 82.69618018060689 0.07686742943491054
38 82.30332671830634 0.7875411806689586
38 81.83179542159044 0.2214415397432056
38 80.76966051802009 0.1701193454295981
38 79.96121777673699 0.1747729820744856
38 79.25724567070259 0.08745574489735973
38 78.7047832917616 0.4464684884220995
38 78.48225742215057 0.10705173417622277
38 78.21603215020261 0.6766749282522708
38 78.15904833367303 0.08384319275725562
38 77.5453462193275 0.9625551087160513
38 77.56501544934906 0.06410323919224373
38 77.03180246242609 1.0525768584595185
38 77.19605448924437 0.1747104146593444
38 76.74115031075671 0.8823741722210316
38 76.80496061716684 0.07426478373351275
38 76.35887844306609 0.4223848859239657
38 76.34288636534913 0.538209457170798
38 76.7934596775835 0.19302906517241575
38 75.93710539351811 0.12415903328342873
38 75.76571455191811 0.4489655532765683
38 75.32572154823208 0.17177794609989355
38 75.21693743168687 0.39888689248241366
38 74.84762061689553 0.2391659219266274
38 74.91768330569089 0.22549609371759682
38 74.51003208387318 0.16335442872035028
38 74.56567833563984 0.2499695853402269
38 74.1088823677529 0.11813425329274618
38 73.88568079136184 0.22392410746988475
38 73.46261475941587 0.16528445954817816
38 73.29065279824349 0.9525751622697839
38 73.34966150725316 0.2624205848880313
38 73.18151209579719 0.22308331445080157
38 72.66942423585267 0.2183605062086566
38 72.81094367640007 0.36139312668355883
38 72.42726075545313 0.1908398766404333
38 72.54193776612466 0.41230573155590783
38 72.15079531430597 0.34707756175636484
38 72.46277159208711 0.3285161094969402
38 71.74077354363953 0.08470866414028992
38 71.47966115330009 0.10551180354445663
38 71.35226715496431 0.11215121534959277
38 71.29778562699127 0.1034860774966976
38 71.2629305935901 0.09730717722541873
38 71.24772846656172 0.096163920325234
38 71.23919161629792 0.09561898484837925
38 71.23541586723381 0.0949092441979696
38 71.23356160581407 0.09492807252208185
40 681.1589384375617 591.169825986928
40 662.76927291596 576.6520727725187
40 648.7808551258736 556.8361336837069
40 629.4529902673606 536.0402826688127
40 609.179660253655 520.2856781956866
40 593.7181917974344 501.1093804801203
40 575.2431242784022 479.7196725497322
40 554.4523516989312 457.96298967031737
40 533.2678033123585 440.862763375125
40 516.7394751155178 415.7068195866742
40 492.41289203429614 391.58788159775247
40 468.8862792566597 365.7006904324223
40 443.8136192115388 347.4989835133857
40 426.28715703902094 327.0807139481802
40 406.50462412121584 306.6778113091617
40 387.00404604264475 288.97648721988963
40 369.8286727034376 271.1427671424449
40 352.8644417802047 252.75570695907135
40 335.1607215960514 231.1555959618827
40 314.2536297241144 212.23240810091636
40 296.07432065668394 191.3221386532693
40 275.6332538869978 168.79959480223138
40 253.94205400187326 96.35652625222421
40 182.11629570356826 54.32413111140413
40 140.76565922219814 37.57262865516973
40 124.82077673434443 24.175596326864806
40 112.01048042668971 15.756554713514085
40 104.14837045401825 8.845572833223622
40 97.51352246081892 3.541968892027612
40 92.85808462156254 0.5365970546672024
40 90.19258768565628 0.04755979283822845
40 88.98102168217933 0.2023630359924663
40 87.67196344222796 0.05201630616279157
40 86.92572553079039 0.26748885128734723
40 86.36508632741722 0.1643109091551821
40 86.11843158468979 0.6038845029037712
40 85.7184300498757 0.045083152805992927
40 85.29334136278545 0.5717643174328428
40 85.00839300970253 0.07805442911654377
40 84.92023795624277 0.4899742959021466
40 84.40318686189995 0.03443775866649099
40 83.82327214498807 0.45778415494780544
40 83.52385143650478 0.3033571823926961
40 83.84695479472036 0.5686133594234022
40 83.40313670148501 0.06567989984794909
40 83.07061436722958 0.6428114154990132
40 83.00014132487496 0.1712984540658161
40 82.82754104200028 0.40721853635018945
40 82.40104414447889 0.10034775712763219
40 82.31627727127099 0.2570913611028068
40 81.77855026147235 0.2600818913705079
40 81.92956213780823 0.6771519585284117
40 81.71312156123915 0.046521276187822126
40 81.38156900157887 0.5246656338563814
40 81.05632134671701 0.37041140924621985
40 81.2786516592289 0.48423553437583144
40 80.78939441701725 0.14628995223796787
40 80.59322068930118 0.5834804044444776
40 80.53558676260698 0.3176895961922251
40 80.76756124541554 0.214181886876513
40 80.20609957893498 0.09812812270486038
40 79.94707111978796 1.360821653712567
40 80.48904552113694 0.10260701208037462
40 79.66795734422656 0.17818207175931505
40 79.26686415934346 0.0494386720780941
40 78.93267896744224 0.6969267047970787
40 78.88349643325594 0.09125251639899577
40 78.4693754247939 0.4630379625001238
40 78.27835102620675 0.25559768621514845
40 78.33263838340453 0.4084149360393492
40 77.96838489547646 0.4380080467321127
40 78.28654665171416 0.48954495724369396
40 77.76769778921334 0.22770639278554483
40 77.85142259671082 0.27862025721647876
40 77.28199363915351 0.10464013158520999
40 77.21979160081511 0.8126647226171946
40 77.18092833005464 0.12442078476714435
40 76.93294907513189 1.028066406345475
40 77.21129181887353 0.11354167306840215
40 76.6687309195613 0.904408130989129
40 76.66824522632409 0.1816692328260982
40 76.49035056082852 0.7415501375381465
40 76.38953062947215 0.11331051027144093
40 76.11491387313679 1.1928813805753968
40 76.51471674172234 0.03884421066241497
40 75.9238266080655 0.14946926465365537
40 75.73719014763495 0.04951976294938932
40 75.64487344977456 0.05521697690340698
40 75.58197579132303 0.05856901841433265
40 75.55100281754112 0.06280421803721056
40 75.53641646522874 0.06358685278499297
40 75.52751801995282 0.06360690665208497
40 75.52338700792997 0.0637764356396455
40 75.52158820732448 0.06399535676774518
42 684.8433690028386 590.4530135967723
42 666.4995815633979 571.1293255107819
42 647.6318223979431 555.5571159808048
42 632.3793701759568 534.7643944564418
42 612.2683833856508 514.4952203195419
42 592.4786276562895 496.26109029680117
42 574.6573369400683 478.69432124589605
42 557.6824617241214 460.05713038570707
42 539.5709927979394 436.39781682265567
42 516.6897824315715 418.3966168439746
42 499.1608582171428 398.5895229847536
42 480.1166061060178 380.39818075704
42 462.5907720897154 358.2883712969509
42 441.0353976838454 344.6074767798834
42 427.8273227298478 321.8174207224367
42 405.7363140526224 302.06836776847103
42 386.7198484236783 285.0692704519586
42 370.4889407882017 264.8850714410633
42 351.0606387771664 243.78609479631442
42 330.5245861435074 227.2877928539918
42 314.8841623945699 205.4165764964444
42 293.9411710072994 183.7410555536634
42 273.0704312097068 162.6711407138437
42 252.88621433292198 70.27728751356601
42 160.65530070087613 55.19113405019351
42 146.23015567616085 38.70027959973891
42 130.69152069302066 25.24989532783487
42 117.82846718219736 12.970368445635238
42 106.22206747436425 6.109269555352946
42 99.91017853878516 1.745961544628285
42 96.23723780876311 0.10152366729816592
42 94.37507768895887 0.18826380062190876
42 93.21098066872173 0.18948911956110717
42 92.24293706524784 0.14437458223528815
42 91.40315856020567 0.037906218977570474
42 90.63128458658862 1.2354634861848666
42 90.75486298916593 0.05258366950710104
42 90.21413925054817 0.40984604209480435
42 89.71963097452065 0.05909460592505965
42 89.13349040366667 0.34855055713385036
42 88.67250686439223 0.20798111582588097
42 88.77426900351232 0.3891456868977068
42 88.36299763996018 0.1865443282017598
42 88.31717954708455 0.5162593663284656
42 87.97425521268315 0.11309390770925876
42 87.88149853455246 0.6384788056180584
42 87.6611840744532 0.018561108422527728
42 87.32079685693287 0.4735954138886346
42 87.0922470738704 0.12655730939427018
42 86.98293819207812 0.44065140364816646
42 86.64580200733137 0.19874124249324393
42 86.65535102387098 0.45213760635797173
42 86.1998017566043 0.18859525128112678
42 86.13371315942737 0.6315505022189347
42 85.97169636888422 0.02676911401525118
42 85.50464717943241 0.569808514745456
42 85.34027084446598 0.024820089401365035
42 84.87427829839704 1.1306202786465995
42 85.35873736474457 0.009219107605736587
42 84.76867230538745 0.6173520118858371
42 84.68263519392924 0.18663318953975494
42 84.61667784979431 0.6338637155681288
42 84.39924044071086 0.14332727773326961
42 84.25694479261641 0.39398471213053
42 84.05256958186592 0.24294330395294023
42 84.21511574703665 0.7691379580104225
42 84.10540833784772 0.25434979660842866
42 84.06849119423006 0.33582560491454927
42 83.54684440033544 0.18697924014193223
42 83.4581264153239 0.2454205047734696
42 83.15974542015911 0.4421085041559756
42 83.70545940597619 0.21911188591375383
42 82.92429108448827 0.12121910532124779
42 82.79578373676853 0.5994436039873616
42 82.63630034055589 0.134384978052197
42 82.46115444697892 0.6064478951538586
42 82.2007730843759 0.11461380966435786
42 81.91320506000808 0.38309024578016426
42 81.58553043090447 0.23759586096083057
42 81.61340876691689 0.507617446371209
42 81.26669743854629 0.16419598790700388
42 81.1636318955602 0.5248771844204136
42 81.0198454475498 0.07257544309785555
42 80.64141751865368 0.6783310217497118
42 80.62341725418813 0.11573138640685046
42 80.32989383269388 0.8852678795066127
42 80.50473099656696 0.3198918298441673
42 80.43054116739731 0.3739590684545694
42 79.98435474136309 0.2533203788741216
42 79.96296626333734 0.43852806707933967
42 79.76573814571469 0.14255104890499956
42 79.58988507466576 0.8183582377511175
42 79.64238717534693 0.08107061940714583
42 79.13045999465798 0.7521386282936421
42 79.20067406448422 0.2525573129635098
42 79.15295774842464 0.08625908640748904
42 78.8583655809202 0.10581099997706062
42 78.70258769701778 0.12314009228609536
42 78.64912001566047 0.12723315161113538
42 78.61983515242112 0.12004321248392158
42 78.60838112053848 0.12249466821324641
42 78.60036072714556 0.12298077430807498
42 78.59643333575697 0.12261474575181935
42 78.5944983935491 0.12250085334689435
44 687.9140813029777 591.1463174497045
44 670.1055261797866 572.3828369329653
44 651.7495947596818 548.1905764133721
44 628.2981285428519 530.5008435398516
44 611.0787344040787 512.3065342144084
44 593.4848841453418 491.9444219700853
44 573.8827406067286 477.9533980439887
44 560.3660378393429 456.5431508329066
44 539.462916979111 444.1239552918952
44 527.2260616572229 421.8423965792373
44 505.646003752322 406.8283378153126
44 491.12970128721275 395.1087576056956
44 479.52862932627795 379.05833179480373
44 463.7838348518101 361.53470747771087
44 446.718910435099 340.01798088765906
44 425.9822176319234 322.4898873608617
44 408.7337084978782 299.3268191438236
44 386.3784553963501 278.72856110304986
44 366.3287631327384 259.4047124392862
44 347.5835748932047 239.28707305191034
44 328.26559283155285 219.40256448938823
44 309.106393006347 198.89307986787674
44 289.3498530639066 180.87702619425272
44 272.4052534846812 161.48020843686828
44 253.38353941412709 62.48577536379261
44 155.21132517948604 51.24363678616669
44 144.7684905118091 34.62018013961826
44 128.68616910832213 20.018675154316817
44 114.96296496947053 9.19034028375304
44 105.08325003406134 3.3007671336987756
44 99.61600527821328 0.38307767298036566
44 96.97770541135112 0.08506076881204326
44 96.12096719214821 0.676583834114702
44 95.40528828353716 0.09078948443568614
44 94.73617124507525 1.028613635511969
44 94.13186945874116 0.16565937370362377
44 93.6775252460958 0.5409030898916228
44 93.10655000546174 0.25293113552934704
44 93.0761243596281 0.5154294709246956
44 92.42125722539444 0.15756789313938055
44 92.37292486442973 0.5938313160513398
44 91.96988124879833 0.10223532090703093
44 91.17723571470692 0.21906387823805595
44 90.6141967933592 0.0786441399352784
44 90.16555551983767 0.7772122471683494
44 90.33001493245337 0.07338467851535771
44 89.92175808737504 0.6417203788522434
44 89.70422218127266 0.14606817200498115
44 89.58568638497519 0.28251010699591605
44 89.04918107084615 0.06000634966879306
44 88.60571240351322 0.7510512991179674
44 88.43837573120301 0.18952434014100433
44 88.3091875686299 0.9363310928115234
44 88.2842021050161 0.15705336115823848
44 87.54850345749533 0.24652617888804956
44 87.60012719179579 0.1643424016835794
44 86.86714659679066 0.04087985230940039
44 86.41036922747743 0.40384087574280636
44 86.15659230134337 0.1869293866524847
44 86.19437433349813 0.49929801447151967
44 85.90223665794737 0.04327327344847437
44 85.65283720154376 0.6944642466194431
44 85.82247387914066 0.13897032810427387
44 85.71179589455183 0.21077852540225067
44 85.10042697876659 0.37672140905836615
44 85.39841255298231 0.459461951254151
44 84.81267238243413 0.31424368321703067
44 84.97705941250864 0.5914888152108537
44 84.63254276813795 0.24993392347937726
44 84.80245162038918 0.498029885790119
44 84.47251691306916 0.03435206997073146
44 83.99306149447517 0.9545270065791147
44 84.22306464270419 0.11518482400898943
44 83.70710913136375 0.6093829787881146
44 83.6644759459797 0.43436053106395467
44 83.93425843432277 0.25890614181182686
44 83.30018707665083 0.05831256347654909
44 82.92638356875678 0.32412253040821
44 82.65662535448833 0.3366173506870146
44 82.92580798912333 0.6581627700514817
44 82.66092243433421 0.07771917736743089
44 82.24086139393519 0.08439150894141623
44 82.12601960688143 0.07372885987366072
44 82.06494092791414 0.07153281629741731
44 82.04047485915117 0.071695335404407
44 82.02514062148065 0.07300031683735661
44 82.01706525268759 0.07282109312372984
44 82.01307192668254 0.07334151230092406
44 82.01101205764331 0.07336662015546148
46 691.1714290692172 585.6104351989577
46 668.1031099563006 562.1358710844015
46 645.207735291097 537.1992713839369
46 621.0064919981099 515.9699400914764
46 600.3527826543033 500.1859407175879
46 584.9838643561743 481.58959413452834
46 566.8059198201644 463.85279197701084
46 549.5444342768142 442.1846582721978
46 528.3289270993744 422.90523009258726
46 509.7206481051462 400.8711360946182
46 488.18020190183006 381.09361061680056
46 469.0626001779965 359.3906131618629
46 448.06312425948715 339.03656897116275
46 428.9245881865695 322.2947787995412
46 412.63628403236487 302.615126690986
46 393.7343159826031 281.8921777617844
46 373.6565475259583 261.13066497473136
46 353.4735361704684 238.6428344850744
46 331.8002236155419 218.9778715721413
46 312.4217565169442 199.34449833098668
46 293.31229968622756 180.2162477356428
46 274.58205729271566 162.76079649623745
46 257.59990139353715 65.75322239184803
46 161.4167433866317 44.32160824063797
46 141.10554851353234 31.98884755245152
46 129.4062565600352 21.12521978893928
46 119.34315365635673 13.214434016069603
46 112.11593446526688 6.592513528105398
46 106.06878453329607 1.7001351649449137
46 101.82525590367713 0.5854675873360431
46 100.12427230185224 0.12250239119822925
46 98.98516326631822 0.19043054474377324
46 98.0358675643534 0.03881693715954065
46 97.29947801940536 0.5485719371797588
46 96.68151578274845 0.11446784244962122
46 96.38104661601771 0.9263770682309331
46 96.07011554830031 0.026256781779211952
46 95.51810924687467 1.0285809420008603
46 95.6555113698233 0.06459348560502617
46 95.23820337996274 0.37791305588924434
46 94.7711745673015 0.051155639659923244
46 94.32751797570182 0.5829324886750936
46 94.12832061407575 0.09258621038526954
46 93.92821668641326 0.9284469036733599
46 94.06770216667901 0.037546439152083125
46 93.53058241138044 1.0908029857129493
46 93.69825272152788 0.022854279574551453
46 93.08717429858005 0.8399374441371334
46 93.22445774736909 0.03701947605544925
46 92.91217543773303 0.3423181721459968
46 92.54059145681879 0.07241526770914762
46 92.32405068946666 0.769225228966223
46 92.27450588153806 0.2328644474923918
46 92.15211493026464 0.14591365338589382
46 91.45073403203325 0.1682441512189324
46 91.43185917903449 0.9290907758746486
46 91.4001513656848 0.08032078174200688
46 90.95306467268404 0.7211575051804995
46 90.901421649632 0.23384711006813563
46 90.90004843598076 0.6846219580173843
46 90.67107750572472 0.1256234561143277
46 90.39794339578766 0.5126348114524515
46 90.22302063602923 0.14332069958037658
46 90.07111900282975 0.25404157483545775
46 89.72161845537163 0.31218583236755854
46 90.19176207960317 0.5813065031729086
46 89.64943055370594 0.1885657726737356
46 89.54271246343487 0.5496468520757981
46 89.51110733636315 0.12892249049723767
46 89.39695411859363 0.7937972276681082
46 89.3810184393149 0.09630229777016908
46 88.9355286162341 0.97390411047644
46 89.18974048298078 0.07111480046992052
46 88.75251921504751 1.092284039563337
46 89.03974354067351 0.10365358540413394
46 88.5372344858973 0.8367488857317404
46 88.6631469862046 0.22575956480483544
46 88.65866296409109 0.49702273834848276
46 88.24246612259857 0.14268624878708114
46 88.1894682046093 0.43511478186886093
46 87.8881337512226 0.5497442145037055
46 88.35460238884674 0.16705757573447896
46 87.39479541178486 0.3579380262396004
46 87.6445335519327 0.5860124540903676
46 87.18830751535936 0.2014321380786242
46 86.82490790602795 0.0899003747754554
46 86.73970833279215 0.08036374652451082
46 86.67946682876845 0.0809712838764625
46 86.65389344323614 0.07698533453997453
46 86.63972223840632 0.07890662243677181
46 86.63352811665237 0.07978383414486359
46 86.63009691549212 0.07923681708662567
46 86.62855699642238 0.07947563352158181
48 696.123423825189 592.165081465168
48 679.203575415896 572.0544606978639
48 659.7609107651944 552.0702692155321
48 640.3998024642526 525.4324127646593
48 614.432051455567 507.0832012585713
48 596.7582066930765 485.95846863364045
48 576.1303444490709 471.57656160665476
48 562.080971421918 456.37211311205573
48 547.3272917139939 431.79064289270866
48 523.549840213003 408.4786742365054
48 500.84550096979274 385.86769731041585
48 479.0120613420106 367.40893287331437
48 461.39990519817127 344.3569484097897
48 438.99809480010185 325.97821141285175
48 421.5532752248687 308.6772741399413
48 404.48855146518 286.4421916788484
48 382.88634901765033 271.79793997815113
48 368.9575344558999 251.17755073784
48 349.18177139753186 228.75643217169727
48 327.43707762436475 210.5381351067104
48 309.83003983108887 187.82102065293407
48 287.89322605131406 165.96572330175752
48 266.817841252551 95.66542835496772
48 197.34719265392488 51.26858193977814
48 153.72660585276213 32.89700427634721
48 136.30797266164697 21.163547098088493
48 125.42498491329661 11.334923389754389
48 115.92311234519013 3.6231713882598116
48 109.16438047493415 0.8973372466968355
48 106.47567009901539 0.06579334659602402
48 105.36168944517645 0.4642678514517964
48 103.99746241647338 0.058555482460717574
48 103.13938508155269 0.9530787584223392
48 102.68495458210795 0.038956840636984576
48 101.91901632624523 0.38264493865264126
48 101.25144798452189 0.09782701469433075
48 100.42357429419482 0.10069378090075447
48 99.71235870645683 0.3657623993718437
48 99.17515564460429 0.08320368581487213
48 99.1310341238672 0.18368830906256187
48 98.49659308482607 0.04228001164372952
48 98.3068687295322 1.185622715987565
48 98.65968281710698 0.1234086872827278
48 98.02714166470051 0.36953047566277797
48 97.59338449617445 0.08884711011166323
48 97.24819184383344 0.707596153165357
48 97.32345115174081 0.2422963308733308
48 97.32388865477441 0.362977304100252
48 96.68358778415241 0.21969542650564416
48 96.7683390343189 0.1035928791908024
48 96.28559119354249 0.06372882829202188
48 95.78051210156059 0.03684624420857242
48 95.36948127657028 0.7165644666133024
48 95.35092451961988 0.19656816434475305
48 95.25898318610838 0.8033180573926243
48 95.35654410114466 0.028832967844074575
48 94.85171671717745 0.8701140941687021
48 94.90134912844923 0.1307733851149114
48 94.55272877923869 1.2518364308867926
48 94.87386999855319 0.04086868479972121
48 94.21040142160868 1.0144444352974737
48 94.38110385335246 0.0232847043323295
48 93.52159624114289 0.600468329243449
48 93.33734243240677 0.2679133217471972
48 93.493661649427 0.22516947875420426
48 92.94476435951054 0.19321506128994675
48 92.83389876793194 0.2783655043925334
48 92.41651350727656 0.23604398959508172
48 92.62619348934064 0.5551252673910481
48 92.28858530572913 0.094290461862634
48 91.91600355866032 0.08341753143280825
48 91.78884081656258 0.09995099760971576
48 91.73432938484456 0.10290085039046315
48 91.70483068854969 0.10198743333198017
48 91.68780275417767 0.10143264120974285
48 91.68136322752846 0.10110969645346003
48 91.67805316999151 0.10116970108110755
48 91.67634248249657 0.10123772565122104
50 700.9803042245977 588.9976433884802
50 680.9653827697065 574.3401508298218
50 666.788073254421 555.8252900062089
50 648.7971515210563 532.2161801739744
50 625.7738476357321 513.1170691427455
50 607.1351615860563 488.6543898780337
50 583.3359255816639 466.80349310132203
50 562.3490865768276 445.7545748444724
50 541.7354640744743 424.688491280607
50 521.3876497253875 406.08222502395154
50 503.3438267742057 386.33695560629457
50 484.28373896477854 369.6104216080198
50 467.85040863289134 346.7931896822307
50 445.648985747451 322.2281821938444
50 421.7999598793776 300.56614618475305
50 400.46805042500586 284.96290357394867
50 384.9359454115904 271.4598543860402
50 371.802718851039 252.3965711543874
50 353.2639276503025 233.0252183359027
50 334.2247257608014 217.45247310438253
50 318.9876885836269 197.36674368888708
50 299.4900321909156 176.85463293645842
50 279.4953785193182 130.49269798312454
50 233.8353572623109 60.085164340182374
50 164.2439834543427 43.148566399575074
50 148.22834372410802 28.30451221320174
50 133.92822699493692 18.01202092605569
50 124.30753338440505 10.05550176321434
50 116.81083820150114 4.3335836977875966
50 111.55750782072388 0.659625642454335
50 108.63463704595806 0.06433079699677433
50 107.73885975617056 0.6842175900984168
50 107.11124182644402 0.08532182058344824
50 106.09400524757102 0.5093152662489134
50 105.66435265143183 0.20193733153608212
50 105.51417911476928 0.8469540215927769
50 105.09395637696213 0.16245781690864075
50 104.62033733177378 0.5049498856883974
50 104.21391920407854 0.09828064164843402
50 103.79103518985669 0.6425633003837351
50 103.54596641674158 0.2684318880068607
50 103.51239556419449 0.4834543852908819
50 102.98042380950251 0.22089883838605287
50 103.13778846481956 0.48254598323906134
50 102.89670447798106 0.281643536882964
50 102.90127228542173 0.3143231851880486
50 102.3057596210346 0.3453001237580388
50 102.46190625789825 0.47597386394523267
50 101.92882048971747 0.472067697161783
50 102.23718976751756 0.3243368874388283
50 101.49241294642152 0.2574121618955108
50 101.46154475281735 0.5257028947262817
50 101.08614329770187 0.20077591752387242
50 100.99732371574704 0.31463820902334877
50 100.80337030126991 0.3690483429104924
50 100.97135116656852 0.340726444169698
50 100.49629623258814 0.3436618398818827
50 100.64532743833735 0.36919529344040725
50 100.29238861312439 0.33299962264400007
50 100.37754593162134 0.6171445524062458
50 100.18247440937412 0.28034694525761716
50 99.98248043672153 0.3361803118861317
50 99.37269033898359 0.7205689304229239
50 99.88930809586495 0.23876006190648064
50 99.09404172154737 0.2761770371809747
50 98.90207029388452 0.5217789472903941
50 98.68823974225917 0.3437310398384929
50 98.59286068073594 0.6790226701786025
50 98.30059375990324 0.3022120202071792
50 98.17878096970409 0.9309983969557393
50 98.12901604942516 0.19967165666757947
50 97.81510912465147 0.3555489774610721
50 97.5905834050127 0.15073520759993703
50 97.48452085122882 0.5663525789212336
50 97.34589349518255 0.37761031786970345
50 97.48388026842899 0.4461767015180974
50 97.04595903856097 0.21622745742740662
50 97.00297889005456 0.7310555154640209
50 97.04097515982689 0.10989787590749808
50 96.72279158829528 0.1753595898834892
50 96.5242153042654 0.11933300010632858
50 96.3847669534479 0.1428086920579315
50 96.30995091427202 0.14061220785702244
50 96.27846643525676 0.1406522050793053
50 96.26019056048263 0.14178229936918957
50 96.25243691809234 0.14179373439282997
50 96.24866978587022 0.1421846066788243
50 96.24685916654732 0.142254409338933
52 705.5388211334707 585.8164765466322
52 682.5095338306351 569.4141275519548
52 666.4367614260152 553.3782150402388
52 650.7581656697722 530.1963457999382
52 628.122083121362 509.4813930901565
52 608.0349089587418 490.4753905769743
52 589.5192026599141 467.0977338064985
52 566.6558433303943 447.0941047049526
52 547.2766685005577 427.50056915006996
52 528.0250289864383 406.42828241246093
52 507.4059414094874 384.93253705499166
52 486.5350367360336 360.73545760569425
52 463.0573503285897 341.71684975969674
52 444.4638002849739 324.27154850190874
52 427.62443766043754 306.7956491443291
52 410.6467119958513 289.23722006201746
52 393.5860354850195 266.30054674670055
52 371.3237261041308 249.06103137195544
52 354.3581631381144 227.68154312923448
52 333.7151983134279 208.64114486215834
52 315.41998163903446 188.19316162454356
52 295.94385222191136 168.37511372426394
52 276.82349263392064 95.88226258184861
52 204.9760712640823 53.77932463989446
52 163.37698225366015 37.80981393251666
52 148.17627104302534 24.2259197713531
52 135.49634455117817 13.864454254594264
52 125.89541591732286 6.21434746869318
52 118.772353771173 2.3722537846814156
52 115.51751203288765 0.42210414058078505
52 113.88005450291267 0.4426459991885859
52 112.77623403425643 0.3031440608715821
52 112.02080333983656 0.5619020279910731
52 111.34468631795612 0.2850753739874262
52 110.75106364086967 0.7229693811813298
52 110.20379681478128 0.3219131679915868
52 110.03234041234337 0.8354467477390356
52 109.59662101248415 0.2505984822086364
52 108.81711393760759 0.6138770789280479
52 108.41809152748388 0.39203002130929077
52 108.3850334579754 0.9515437163390837
52 108.29783347824419 0.3995219848835039
52 108.07576285260839 1.0050020340215406
52 107.91216376072686 0.4481275795834744
52 107.73994139274961 0.7420674240172441
52 107.56003247158732 0.4280241652914454
52 107.56231606167736 0.5307049783356255
52 107.12862946732866 0.31591713442806185
52 106.7535940357332 1.308984757993909
52 107.14995728627487 0.2944891965294071
52 106.48981723307813 0.888936486333165
52 106.30786765133207 0.2441247573016239
52 105.68266284004662 1.1217752358251305
52 105.74137572612149 0.23107537675830653
52 105.09322139507742 0.5410792679695429
52 104.89546503898562 0.5222494044889866
52 104.98792395296881 0.4966402808561526
52 104.31313831243918 0.5801674129431079
52 104.68676882968511 0.8875181106871796
52 104.29448709471201 0.43031139441176547
52 104.24045410934865 0.6654463976947962
52 103.948237011816 0.5954103340857
52 104.27282135293311 0.3853106128216305
52 103.48543122743884 0.27020254844020264
52 103.43697818126851 1.415722734418677
52 103.85197587701643 0.16905642411037394
52 103.03075295802074 1.2631060840313229
52 103.50367377321612 0.20832786967131325
52 102.94382975529797 0.9892017792471868
52 103.03276449829416 0.21274499849133716
52 102.48723589814603 0.9900375477311989
52 102.65543425829149 0.17624588207276193
52 102.16363393736329 0.14820174864173447
52 101.93425378289554 0.21682923614006472
52 101.81218880016705 0.20303798568705803
52 101.74382562068133 0.21012999077187727
52 101.71660863455914 0.20478160695200806
52 101.69736927253987 0.20119352345283703
52 101.68880905848172 0.19987100704896443
52 101.68440157555594 0.19973292061938597
52 101.68241823052595 0.1996454983656404
54 711.8785977095752 589.3885106548557
54 691.4615104854962 562.8866525544086
54 665.5655457650635 540.7514329883867
54 643.8835627232165 521.2559573806286
54 624.9529858927978 499.8112815870992
54 604.2123463817943 476.6378312075159
54 581.5522710710428 456.1557417574336
54 561.553195929585 432.7231731483661
54 538.804597150372 409.89644857472695
54 516.7211353930014 386.5315973532968
54 494.10163221812604 367.79113711780553
54 475.9700803981058 342.5738898674391
54 451.39809781682953 324.18839335217166
54 433.8480963157757 303.5011322528036
54 413.7851176334624 279.04213441233503
54 390.29958485961134 258.5865910183327
54 370.44493839238584 238.2846025592933
54 350.9649406909204 216.45252757370503
54 329.8277023948115 191.2589401143028
54 305.6237456742078 171.00464821592888
54 286.00851777793343 156.30188464446746
54 271.7620511525483 62.953233330625565
54 178.97686563997686 42.209990719832774
54 159.36988083440724 29.588683417452263
54 147.40096866196507 19.456968080860943
54 138.3483406580037 9.47320788873875
54 129.08180556820653 3.507939334193295
54 123.78977867817716 0.9399501777255994
54 121.26699323221409 0.12100626531676448
54 120.19417798539926 0.6295016987446979
54 119.23261148007337 0.267565149509731
54 118.85551005290212 0.2817998466543293
54 117.48933918800289 0.16893236574394163
54 117.02894227027085 0.6020764086531458
54 116.59740605663076 0.14036303255900906
54 116.31585007021266 0.5436540641770811
54 115.59138842628673 0.1531086495495973
54 115.27331903595942 0.9101063306788982
54 115.21165006623912 0.12489040726171466
54 114.79769897077868 0.4498724521773873
54 114.62074955401005 0.16291069623903492
54 114.48508134323241 0.6876481095530078
54 114.19643177809216 0.07540467451362251
54 113.67917158074928 0.8658025265513041
54 113.71882755067287 0.18563723850018032
54 113.43826135674901 0.5192665558848713
54 113.0188668501322 0.21211086484052816
54 112.86131990327571 0.507989940696394
54 112.54448308652336 0.27099814316212517
54 112.49611828579306 0.642026632281344
54 112.2009156491537 0.11756962573062102
54 111.86229292233388 0.7085222916529886
54 111.88239509050837 0.11882968988080844
54 111.47480402408513 0.9175160428699922
54 111.74579284064778 0.15182884723843043
54 111.29694278530195 1.0658083800561817
54 111.42571826133023 0.12591625850937088
54 110.95839363755442 0.7188471006109565
54 110.95253791266242 0.15911448326265706
54 110.50654117768467 0.6919423131521102
54 110.54660547198989 0.17810289120776118
54 110.17445224404487 0.44634800347287945
54 109.8487902963937 0.2704616902146326
54 109.94365596861768 0.7889084330848328
54 109.80925502257611 0.39749491338689813
54 109.67741472184454 0.3107881530979703
54 109.1553737020199 0.32040188328211455
54 109.14330954027189 1.1969015241970495
54 109.26660018486356 0.2720016992897485
54 108.89429615894538 0.3539697307039658
54 108.50150417307978 0.3692176086549794
54 108.69325153253142 0.6109605520220623
54 108.48146932378336 0.22577303820703387
54 108.31113319149834 0.40494161964925024
54 107.94047482648863 0.2669627328309925
54 108.00743974778015 0.5637720739980145
54 107.73912365816595 0.4153837016579684
54 108.130154916677 0.36658985119578386
54 107.6010412366136 0.06833741834222877
54 107.36116575326974 0.10047385378363716
54 107.23945925199843 0.07331676680853526
54 107.18322039514565 0.08408391251135174
54 107.15480758158606 0.08404912915878969
54 107.13969729098214 0.08350943958443147
54 107.13125219162961 0.08263523390991116
54 107.12814383997886 0.08210508065072138
54 107.1262759494858 0.08213195502824826
56 716.7941185194163 587.0907035116169
56 694.599513342261 564.2193935035156
56 672.3076323497858 543.498828729041
56 652.1262764863908 525.8907689087278
56 634.9180905521063 510.833439234224
56 620.1232342940043 496.5510959098451
56 606.1585412178117 477.5446685435769
56 587.7640384957075 458.45060038896656
56 569.0914478319895 433.7422760357357
56 545.1417701780649 411.5265040573912
56 523.5975318876174 392.87015989931894
56 505.4585891469468 369.73697693331474
56 483.03278165442305 353.7345574533557
56 467.5274713451927 328.37397416788815
56 442.9738667328535 305.6019955988121
56 421.1675444977865 283.2455562003844
56 399.6892943155847 261.9720002488246
56 379.0942219238353 239.34100959435378
56 357.2009688339838 218.2124764284321
56 336.9063367154363 196.64815820587654
56 316.0838937613603 175.93855185631614
56 295.9435583061619 128.52381197286405
56 249.36709522292273 59.2012668321534
56 180.23699937355443 43.90409514899741
56 165.35196560018812 28.23636795996049
56 150.4685279821981 20.258994291912487
56 143.29089654697876 12.445554860288944
56 135.7023172844219 4.449217756322209
56 128.58812886770312 0.7584918385454295
56 125.62446626741297 0.15041008702552763
56 124.1990991162487 0.033149739169010844
56 123.50883288824632 0.2876613485966556
56 122.69308469388426 0.1471380152059118
56 122.53157121072725 0.3272067818222608
56 121.59215012851205 0.08306607867292519
56 121.12049467567975 0.1606122125904808
56 120.67153451650415 0.10411232910281615
56 120.58058957247125 0.41186364119359825
56 120.38065087230294 0.11677171655476211
56 120.17572603445463 0.2981737358197454
56 119.64335074858269 0.12833040172057741
56 119.58366627113656 0.36750086634234413
56 119.10291291056407 0.33843338885232216
56 119.3613923575662 0.2694627658837279
56 118.68556926943133 0.3619454466028629
56 118.8858799964911 0.5070740680317937
56 118.24194751763305 0.1259106553634709
56 118.00783983270743 0.3569360400720083
56 117.60782321462341 0.23303439245287122
56 117.61409424507404 0.7924911425158524
56 117.50467879376114 0.11135728040605737
56 117.24596904431553 0.9615001667035404
56 117.44514653163469 0.09953285520552484
56 116.99239789162891 0.52156165364491
56 116.83227037272627 0.13418789927391406
56 116.5148238393198 0.39031800426149577
56 116.26737801454986 0.057542998368575266
56 115.97702588943775 0.5945862101199668
56 115.99075469287148 0.08390116438502629
56 115.60667796228151 0.4025212829460512
56 115.53640996566833 0.1840109028621818
56 115.40146628791655 0.2603568431444444
56 114.96297592913568 0.5078858055896815
56 115.35796748413108 0.03358170125623057
56 114.49089922851938 0.07425541362020097
56 114.00054776730107 0.06306772305336895
56 113.58682516628231 0.018114116208180573
56 113.11626677088968 0.761364564521634
56 113.11592010919891 0.1871959336795413
56 112.92024546972934 0.6429373890513086
56 112.70381992103435 0.15998890106361327
56 112.50835971074594 0.8264041616390181
56 112.4654205283867 0.01597929967022638
56 111.9354398415003 0.900795239007687
56 112.16543588515398 0.07749529330871682
56 111.52896418970391 0.7870096233271395
56 111.50150678131095 0.0818711478228762
56 111.10085617321648 0.9874419982805477
56 111.27207893340521 0.07226495887044136
56 110.80379347600262 1.1716093477708514
56 111.2186441553095 0.05375546080346078
56 110.31814389534128 0.2268986769353876
56 109.99714125689279 0.44420775636177495
56 110.38852467630862 0.40926799760838045
56 109.73829254736201 0.018596717648296065
56 109.48225944776408 0.03953044784011427
56 109.34188431848133 0.04634522000815628
56 109.29366911420358 0.050687599237920496
56 109.26289918204063 0.04909291362928484
56 109.24618223195091 0.04849071734317247
56 109.23859849161406 0.04909564968355211
56 109.23425407135858 0.049313521820730205
56 109.23224701629772 0.049268924559906065
58 718.457082841037 590.823118963546
58 700.4956699595473 574.7346017542543
58 684.8051249502589 550.9691825587737
58 661.5579446810438 528.5994524544058
58 639.8171197148665 510.6388833284958
58 622.4340313174038 494.94159109086945
58 607.2841800069554 470.92709449636277
58 584.0656812948193 446.6575869326328
58 560.3244592607863 426.4669116074015
58 540.6942414178338 403.33721806307346
58 518.1520843855828 379.5323965904762
58 494.76153351770256 355.3478304374269
58 471.35643353474745 333.59921349878084
58 450.3773138777923 309.3177521279511
58 426.84689037368094 288.4448009624863
58 406.71671769096474 268.49716965691385
58 387.5832796913835 246.58358791570745
58 366.27215070585 227.02450294471933
58 347.1802562870108 205.27180733235227
58 326.20044755923004 185.63598412577818
58 307.15592739839803 164.1125118603859
58 286.29595385429604 66.19410073475072
58 189.34243148153473 48.87830786669068
58 172.78540096421656 36.579343463021026
58 160.89349752996205 22.00753153935435
58 147.37483030107572 10.940533512761666
58 137.04776928871436 4.235178629643454
58 131.06262240749197 0.7380506684179123
58 128.30436412764388 0.3276714270737369
58 126.9593620726669 0.10380332351666854
58 126.00091414766025 0.5247635726782878
58 125.0038248656102 0.17831414556377354
58 124.68942033520283 1.2081787146756118
58 124.6031660221451 0.11579709672554062
58 123.82472365278815 0.8873613143630772
58 123.5429472981685 0.07084656619187489
58 122.88182355024306 0.5724462101968167
58 122.61391948656856 0.1453122055151982
58 122.43882591556836 0.5875150878226801
58 121.9793184830875 0.04979368981515006
58 121.6569742724662 0.9087476389885539
58 121.73779222666418 0.09727974737557704
58 121.4186800368599 0.9382127684221471
58 121.39287584462475 0.2176780701163508
58 121.36927492039929 0.7201398069149056
58 121.12136071836883 0.34867764125656076
58 121.22852237290138 0.29773164057125445
58 120.55704144259411 0.5082008363562347
58 120.89468374978837 0.4675731203142425
58 120.33671522984882 0.23101325935514927
58 120.27033644512487 0.6345002888828696
58 120.07417889358902 0.31671678281465254
58 120.30923848972363 0.3540993745304302
58 119.7595567751503 0.45948107503664853
58 120.18587783258316 0.25854155727020983
58 119.46044524446478 0.11525374398534902
58 119.1846582969476 0.455910779812456
58 118.85749073066502 0.35703940012474267
58 118.93870425747333 0.20320544032543075
58 118.31229611145696 0.16085745414933852
58 118.23684818547945 0.9835556006541692
58 118.35556329886273 0.27762131370575577
58 118.09824002425943 0.21087079021828883
58 117.4768285168118 0.20274287762670104
58 117.53025619820143 0.6933168395762712
58 117.50768728441311 0.23841412472488638
58 117.39632700382354 0.7312845205867952
58 117.28965654899791 0.30016124941944883
58 117.35071049537362 0.5476686203944305
58 117.21324212622442 0.1376421356122661
58 116.96144397313552 0.8242666075351215
58 117.09201281483074 0.06258849020049768
58 116.56200060852828 0.18317820027875134
58 116.31623840308174 0.13642036050136658
58 116.20539900547075 0.09919477533721273
58 116.13304762489554 0.09087176825975396
58 116.10604373291063 0.08827900433662116
58 116.09101674083311 0.08748223994340422
58 116.0824689003099 0.08731798491074835
58 116.0787066726395 0.08698113535622395
58 116.07667469912035 0.0872403912687738
60 725.292016335005 592.6497097704986
60 709.0908195394751 567.7963790969653
60 684.8573761730813 550.0806124206049
60 667.5411853541978 528.9231938125605
60 646.8138557805914 506.9655994218824
60 625.554742446237 483.4896912450226
60 602.7864306757563 459.5741572547607
60 579.591720245607 437.43488753005266
60 558.0821850390612 419.76539087080323
60 540.8338538764949 398.5324265267343
60 520.1865667254502 373.4776220732083
60 495.85803381598856 349.19547614895794
60 472.2293288401117 330.67850981863154
60 454.1473711458483 305.1753757831488
60 429.141893810386 280.6199341712956
60 405.09345543324673 259.7739339647087
60 384.58616335834813 247.53503555064117
60 372.39042845284314 226.0784058732246
60 351.38965301861435 206.0206515945073
60 332.10319831016227 187.46372819722578
60 314.0212814810169 162.93695536567787
60 290.1651694500366 65.56672499519567
60 193.24636468625377 46.33355041602567
60 174.82597503660958 32.23629633841652
60 161.26077476831324 21.22199436849721
60 150.984516169891 11.821685807432495
60 141.85471519057958 5.1001870646159375
60 135.73337652669088 0.7710804213133386
60 132.21369208905207 0.008765732820453913
60 131.14707478973057 0.3416389785218895
60 130.27876519406976 0.009769343955268095
60 129.58279380575522 0.9178699380782898
60 129.4078753205712 0.11023158537318414
60 129.0203748432362 0.4298034401242816
60 128.85361015339302 0.30364820760249506
60 128.93724014106988 0.5353633944457556
60 128.3530581055889 0.20836104830854085
60 128.44736033735077 0.3402578674547315
60 127.89402238866761 0.049896347631483436
60 127.5687688736997 0.48054744949751016
60 127.1792545148041 0.02200050394722576
60 126.80097053922236 1.0809078872534152
60 127.11868648339153 0.060291858730354086
60 126.60063509315174 0.40638591459127515
60 126.43025345337063 0.45813435054907103
60 126.7414043474047 0.4532067219476366
60 125.91380691420817 0.08604255213986665
60 125.36952038590721 0.02095885914234317
60 125.05655764168428 0.29197082833826427
60 124.68816647746266 0.04872756033481963
60 124.38754544024361 0.4255043849047606
60 124.21039670338207 0.16887018799399545
60 124.1245784741953 0.9120378891360352
60 124.08258188025559 0.11022598550719909
60 123.65455225298606 0.8311502510491815
60 123.69242463683739 0.0681579196964665
60 123.07685306018075 0.9287644902322196
60 123.17684343936007 0.08727416278389105
60 122.81092270031458 1.2221867147394603
60 123.342885987707 0.042221007534261695
60 122.6360558332804 0.45220281742254614
60 122.24062304458857 0.33235058833316405
60 122.40463402875461 0.3339785658593527
60 121.97298652194063 0.1464776083336844
60 121.78379507149164 0.4185089752007281
60 121.60447852439606 0.2555892932975163
60 121.67164677941624 0.2384101624493564
60 120.8960630026777 0.20544130483002196
60 120.87382165401156 0.3287269875916947
60 120.49712167068523 0.12557171992022967
60 120.45477088653365 0.9147833495469111
60 120.6352452095294 0.10694279354990796
60 120.29966565082842 0.10185233497908801
60 119.95088388568382 0.08281956102382673
60 119.82298972540764 0.08592573124253552
60 119.76192358871343 0.07393292191656108
60 119.72502696968779 0.07285698929211099
60 119.70913559413741 0.07274006245356229
60 119.70287525819779 0.07253902342547967
60 119.6995673165175 0.07235992576553377
60 119.69799302012758 0.07239069154355093
62 729.621648270764 589.7836634956909
62 709.9258460556164 571.9490697427009
62 692.3173918404925 550.5700910393819
62 671.5915591363472 527.323357447771
62 648.9517489163694 503.27691048998486
62 625.6945110134852 479.88642741365385
62 603.0858622593257 452.3788268861306
62 576.4262873141762 430.3036705788443
62 554.8960093319823 405.2865449679622
62 530.3833015212263 382.95697912528624
62 508.6060028269641 361.4060943014774
62 487.66756330611344 334.795516737465
62 461.8033262591081 314.36568815525146
62 442.0052670705355 288.6407063893803
62 416.887935947522 270.44966470559206
62 399.01899383907755 249.17327172060408
62 378.32268029702345 224.71364065063113
62 354.6940575894872 201.7686878223235
62 332.3036043326996 178.22607620499696
62 309.8265848208881 158.8963688455247
62 290.7811488203819 63.00468388663912
62 195.5991365411087 42.177274462787985
62 175.28060183134133 27.519215328611907
62 161.46785591080607 16.49684815029802
62 150.96484123950455 7.5922930399806425
62 142.5792867919172 2.595637704168941
62 138.03063687240652 0.32254849320396944
62 135.8259158106664 0.04971862447911101
62 134.99006736453748 0.3581245737967387
62 134.16726482911804 0.10329951309008904
62 133.7062564011378 0.6630189799325423
62 133.43984372751024 0.11601415210925238
62 133.00706281197023 0.8946650779992849
62 133.05525079919852 0.10553803707348196
62 132.56765828794798 0.5769338062408261
62 132.28989163554033 0.0872881711419634
62 131.78460841579235 0.5955152730347851
62 131.58313556848643 0.3003106319621421
62 131.84430744380643 0.6271950072345427
62 131.37729996359397 0.060994833741287696
62 130.92862362735724 0.6805780590957337
62 131.07793051137497 0.10712961992364564
62 130.7262800313629 1.1053564421288524
62 130.90001924511614 0.050139472171858934
62 130.28354230956447 0.47127410609689974
62 130.14026261509156 0.2541562950644918
62 130.0888954137873 0.8511202983377661
62 130.08096274045909 0.14778497131587573
62 129.7946617246196 0.5644933027977022
62 129.6448338289241 0.6066953712180322
62 130.1302441166482 0.3037221161333147
62 129.1715295466381 0.2918962030063189
62 129.30956441794072 0.4625682695098735
62 128.93822533119436 0.1460190239864672
62 128.83955824786352 0.46221281064427816
62 128.6683458733263 0.22728419884517334
62 128.65851183810358 0.6286197663229226
62 128.56069252251717 0.30646030043175804
62 128.59322124213304 0.8785240112478138
62 128.41681029063568 0.009871767972012162
62 127.80077716427243 0.8826189318461802
62 128.02748233737023 0.0283645345613852
62 127.27288585054151 0.9947731574331045
62 127.628938221063 0.09863948383333046
62 127.09519855511543 0.6122921651150635
62 127.03306270277959 0.06613254403289513
62 126.76738098844164 0.5525590903805928
62 126.72861686457249 0.6313792551224962
62 127.2232696123588 0.04806033262877335
62 126.2431429600992 0.1539915872578119
62 126.03069875188604 0.053888478897611565
62 125.94870780817381 0.05968407205818105
62 125.8930242072626 0.06191468933299087
62 125.86255522928379 0.06148432697351733
62 125.84321667689147 0.06175236800942474
62 125.83491832863166 0.061411694471203565
62 125.83101500156697 0.06189278512227085
62 125.82857381085664 0.06186295279353523
64 734.5365425154426 587.5334337171801
64 713.941938927157 564.9669125299916
64 692.0349587811593 542.0746125237863
64 669.6403346044481 522.1674913550168
64 650.2129171368782 500.97866002991157
64 629.4848487446197 481.97299865020193
64 611.0322379544195 460.85526380294175
64 590.5062084093854 443.741557982813
64 573.5614754660215 417.88650713987744
64 548.2838253124212 400.10811651459915
64 531.0418861176306 380.7067249281526
64 512.0031989735327 354.3742048631793
64 486.45985816456454 330.1217073960361
64 463.1465634586456 311.65942979883397
64 445.23523961957767 296.24532574963337
64 430.2689142472341 274.03604283612106
64 408.7767042573912 248.80339716043977
64 384.5422742015627 223.7938620066293
64 360.22266884311426 203.70861526425978
64 340.6858817851679 187.05232602524546
64 324.493838798907 168.82667700958586
64 307.0490268188811 96.27002980708426
64 235.17142606893165 55.33012598990139
64 194.50263015039673 36.37432218097108
64 176.27262682340574 22.219308012509593
64 162.6643002560422 12.357530079183555
64 153.15505108360028 4.795136181739386
64 146.34656323117147 0.8408418369299896
64 143.2210568927684 0.10442250023998192
64 142.63932124771537 0.3206068030016853
64 141.98901107420994 0.02221944649706772
64 141.3509427344522 1.0580420712240945
64 141.16874799989867 0.03118056982694025
64 140.43815113007622 0.6873159732753956
64 140.40627871311096 0.06493871532018484
64 139.83809740296007 1.012069369478786
64 139.9205364662131 0.01945918150355442
64 139.3252382347926 0.7071570899222324
64 139.1047147817871 0.1880584408480436
64 138.89636544396728 0.44482138294291107
64 138.34668530687247 0.14704217131379763
64 138.38904296927907 0.8747393430155207
64 138.3281213050309 0.06653639394419916
64 137.9780871465579 0.6153980432287357
64 137.91358204965593 0.009001943928128264
64 137.3561924567951 0.8759497481398257
64 137.57554195137598 0.1315836551660927
64 137.20142115543106 0.9527433453403157
64 137.29146687305058 0.023978334690012516
64 136.62923501378327 0.9987682200776398
64 136.87658679236247 0.03873394005766163
64 136.3451482364468 0.4785281963329876
64 136.10471698096862 0.2579303585553084
64 136.26486531931374 0.8781138107080853
64 136.1410355321828 0.012310945407842189
64 135.70283187072582 0.6684897375147963
64 135.77095144939125 0.12020836928871681
64 135.4900116145047 0.6398876601637773
64 135.3954925883227 0.14792974134000791
64 135.32319682635404 0.2952671125476234
64 134.87888047262575 0.31688628432636967
64 135.28257008807174 0.46342158222396035
64 134.8505660633612 0.28489575672695294
64 134.91890779522848 0.4592998918765641
64 134.62445441382076 0.21442990181775318
64 134.73085335420137 0.2741637988170896
64 134.15899886325667 0.027767137666027966
64 133.94513055928215 0.08617977494338554
64 133.79787931597994 0.08032603863560958
64 133.71640728389033 0.07228378356377241
64 133.68702511451613 0.07731332622103747
64 133.66849720041168 0.07928024935418057
64 133.6609991306336 0.0790335906530393
64 133.6561510008891 0.07893738905859454
64 133.65373490794238 0.07890258754584453
66 743.571471365085 583.0079076977989
66 717.2988226470172 565.7271756842297
66 700.3573908825633 540.9707590533186
66 676.1989277814935 524.14152054574
66 659.8248425832905 499.95381347575756
66 636.2874064887178 480.04269669516657
66 616.8583170228262 457.88875342042786
66 595.2779530223069 432.9262506368936
66 570.9600553008593 406.8543769169297
66 545.3678284793423 384.4996293016667
66 523.6327358692286 364.957034081006
66 504.6881767701965 343.1431297529097
66 483.5586575379464 322.5636660450193
66 463.8365164879067 305.48258120958405
66 447.3276404287893 281.7562714128119
66 424.38899913318835 254.75349871979745
66 398.14122737161887 233.79428329032947
66 377.55563745874355 211.15245848617678
66 355.5751254306335 188.19058878925875
66 333.2653544178106 172.77765897321774
66 318.2376951696997 127.53817825373743
66 273.6681092477879 61.321819361642916
66 208.38026473537235 47.926267937921274
66 195.54417713324418 31.939337708019224
66 180.1533439693089 19.735996279500895
66 168.9542122082974 9.533238331805613
66 159.6593828863353 2.8651898064553776
66 153.3905532239207 0.6083122667092777
66 151.2834567687367 0.22245095142523671
66 150.5238853697647 0.8529639526719239
66 149.8344017384959 0.24719614280835428
66 149.36792261829765 0.8591295908201178
66 148.80526880794585 0.194654220385132
66 148.3070391965646 0.3576575729341988
66 147.53520312081812 0.34351912949370156
66 147.56719275968214 0.3511289904750794
66 146.79419650426058 0.3757907483609043
66 147.06841450362776 0.3586253467885218
66 146.27341937296177 0.342219186113599
66 146.3316678106253 0.3879019226828049
66 145.69821816686408 0.4244686120193385
66 146.17781303510068 0.6195793970070731
66 145.6259848765983 0.12393942472662436
66 145.52359551763695 1.0247070381051266
66 145.58038112923916 0.019929482412926035
66 144.67769862274747 0.5397359443923275
66 144.62685404219613 0.21015073526505615
66 144.49782506386288 0.869692887973263
66 144.2699866564735 0.06635724456938215
66 143.9503668991025 0.3430222438623734
66 143.51531785961467 0.175697342088961
66 143.57040808795202 0.30357045023648377
66 143.11480557315213 0.2470608628318815
66 143.09960031591189 0.5343748349472949
66 142.5517057154626 0.3724239532098863
66 142.78129263959136 0.22884052297251595
66 142.1890607924058 0.30793668300499266
66 142.41091925989656 0.40613027147171754
66 141.8957009352333 0.14206685746413406
66 141.71610548054778 0.787150231179237
66 141.71269395662395 0.015427532237617917
66 141.11931724258048 0.5161418014089302
66 140.90701129092452 0.06365585213911912
66 140.67088526072004 0.4672749173161474
66 140.55682225637742 0.23890174146949716
66 140.57466947272192 0.25400243615912066
66 140.0001707920749 0.30080166437833133
66 140.2070499635994 0.45884160763799686
66 139.71483979067716 0.02753842321460144
66 139.38540987264804 0.11134677557429429
66 139.2709203874967 0.0762720411227515
66 139.18865724364338 0.06867461521323893
66 139.14929943048662 0.06609565302954931
66 139.13309290864416 0.06773854060199044
66 139.12499298898697 0.067706130422684
66 139.12090389509785 0.06816172632904031
66 139.11876487678666 0.06798598340650962
68 748.634923633351 586.9969610260584
68 726.5150378528735 565.4124427119945
68 705.4060833452463 544.2749009492998
68 684.8338728944489 521.0343678553043
68 662.0530192380202 501.3779184225964
68 642.7136320815019 481.4226245113362
68 623.1549452953896 458.9525951554241
68 601.2853083130472 441.78226082052686
68 584.7393344642181 422.54535135716196
68 565.9331838842918 401.95308181749436
68 546.0945283126783 381.05464829846227
68 525.8732675295589 354.91598007065585
68 500.4185377662896 336.18157817995933
68 482.2807741828527 313.86624306265486
68 460.64268305433404 291.294059532885
68 438.6326821000566 270.9109422326894
68 418.99234125787484 251.56780201566863
68 400.0725130865394 227.77085703210798
68 377.333729969572 203.30229359628584
68 353.4995618367537 183.12892277038804
68 333.9530170605967 161.2535183650121
68 312.8217825864633 63.26447148421693
68 215.48805178096103 50.316663635058205
68 203.05158376876628 31.998522367564053
68 185.55607690538463 22.318335216207355
68 176.4129668043877 12.113206841662862
68 167.00393818152992 4.16504626135668
68 159.8804778736633 0.3825724905621628
68 156.87673547495484 0.1088305956180651
68 156.03604038997497 0.378146255741613
68 155.30951040753433 0.07287398155960007
68 154.58207149701232 0.7931756425258762
68 154.4314713621638 0.20548215072289994
68 154.1269646488021 0.7948668057837017
68 153.73920167830354 0.12671047576587852
68 153.34323271608199 0.9636352426331409
68 153.31316264979716 0.07132057084318885
68 152.76626834796244 0.2719102508615846
68 152.09618691866788 0.08996161007107821
68 152.01565243573503 1.1145546920259293
68 152.2152524134586 0.06077642821206169
68 151.62661431175715 0.8028115379398182
68 151.64800731424836 0.28031640009475933
68 151.53213443047548 0.35397728570122344
68 151.00381916505611 0.6712326195005291
68 151.68613408715746 0.0587912126887557
68 150.44186805321235 0.017780542882718693
68 149.8285462321004 0.8759282389897537
68 149.88384241823124 0.03150482179395805
68 149.29916098208724 0.9389480589045422
68 149.22222835091196 0.009728411860726559
68 148.63385040273485 0.3834376887321557
68 148.4056595695749 0.059414582289887774
68 148.24128747842605 0.7962801076701619
68 148.21448306379037 0.13766201230198993
68 147.9776726102597 0.6241990237917331
68 147.756191329048 0.024480255597761406
68 147.04969032960858 0.3766411579538174
68 146.59717579462145 0.09317271988368905
68 146.63094419075824 0.5797541195935887
68 146.57965866833132 0.06664884898554274
68 146.4952637206781 1.0948334517741263
68 146.64541987352032 0.01241726329156021
68 145.80711831777862 0.06057454776618548
68 145.31766462581473 0.07910768053243687
68 144.770901884806 0.08722060149425653
68 144.48969281375 0.9407498974191639
68 144.60584253019277 0.03753522115563793
68 144.14388964990016 1.2997351486586968
68 144.64848966629967 0.006301799291697276
68 143.83164956356666 0.35333784425301074
68 143.59197342176174 0.18052755375414747
68 143.64984441102746 0.5834974568026937
68 143.4143333614038 0.13396041938739423
68 143.328672097284 0.6918576115450734
68 143.26408211094775 0.0926595267976067
68 142.85181256536606 1.3552838672043666
68 143.42246845545571 0.0353360648235398
68 142.55152803682898 0.19252973772825915
68 142.31806916290847 0.05869091486140742
68 142.1935376085348 0.06807671000222774
68 142.1246048360636 0.0776210254017875
68 142.08700622712564 0.0811228038001333
68 142.07105111776613 0.08010134768373262
68 142.0627722736312 0.0795478885798109
68 142.05838173011807 0.07956483643331487
68 142.05610721543215 0.07937034257213126
70 751.8386089255359 582.756099372046
70 725.385096056621 561.1685547837708
70 704.1940465509192 539.6532078899363
70 683.1800662560111 516.7184255568591
70 660.7126551751579 503.59863750946806
70 647.9274447646169 482.92835019273946
70 627.7265484521002 461.1018957383561
70 606.600995323664 435.5089442797632
70 581.8103120698584 413.7241687034243
70 560.8824630822404 391.3816217462873
70 539.1963165587845 370.40535615298074
70 518.8878841809825 350.6781288783256
70 499.5874863095486 328.3217952038009
70 478.0747850812817 308.6976189858093
70 459.09216643466516 291.2336636609325
70 442.59283018938527 271.64155257097144
70 423.3181608288845 251.84940611366892
70 404.20621103886305 229.6299236125199
70 382.8934358182512 210.19356263652256
70 364.01187402156825 187.66841024943304
70 342.1543612045781 161.79057622381697
70 316.9540838804317 65.19306865698618
70 221.56631810513855 44.30878559382929
70 201.26871255288924 32.029340453314305
70 189.36402319398644 20.060715535784933
70 177.732337758998 10.16448961902826
70 168.35210368451777 4.271862023485275
70 162.71411757928553 1.047802617959529
70 159.83368236164432 0.07955415460871779
70 158.75002291804418 0.4757763719415584
70 157.8668035710788 0.09787756258848086
70 157.0518140649305 0.9740602324018754
70 156.71187592999647 0.08775639826177364
70 156.0001888516603 0.953874403801684
70 155.92312654174003 0.17821919079966814
70 155.57824445727655 0.7088578050146235
70 155.08733497923737 0.2675584724364514
70 154.88827331995802 0.22792268151870906
70 154.19656131199565 0.08563313906675006
70 153.77947248557146 0.31186022859286794
70 153.4927767679751 0.41895494045224646
70 153.81955531359878 0.4884742719456535
70 153.14357445550263 0.1843402232493854
70 152.9741147776718 0.9426313694440457
70 153.00392246932049 0.23148492946494179
70 152.52584121381037 0.5149063224956288
70 152.1643605102719 0.17905073335019012
70 151.95622115256464 0.7802151432932009
70 151.86356396175896 0.33308233264185694
70 151.81880580422427 0.6250773433744594
70 151.47423470694886 0.2656235608852033
70 151.33589641786568 1.198524352968281
70 151.48152392224463 0.2529915541703067
70 151.06502940315048 1.0510604984643592
70 151.0543762567408 0.3654069666181089
70 150.75338452722787 0.5607635449451763
70 150.48876515575034 0.13782850229189186
70 150.28831109914842 1.3527339968304113
70 150.74238283063985 0.13316831516065322
70 149.94209979951958 1.4870822641853416
70 150.55269987058563 0.1310209337702089
70 149.49264165354916 0.8245198886613997
70 149.43913646080202 0.1801898736412317
70 149.15693864248266 0.7422093959878193
70 149.13428907887203 0.07934300001082115
70 148.7338584941599 0.8109013324310502
70 148.97951297475626 0.055608276870626486
70 148.3686554614351 0.34332826928665866
70 148.01093835691225 0.41281063030130605
70 148.2358039162172 0.17807639015644572
70 147.53773330046806 0.4403875918814846
70 148.0446398260588 0.44885636559922726
70 147.3362393371781 0.3549563889513056
70 147.36710613581008 0.5262404871644508
70 146.93265319922995 0.45113186617537593
70 147.1660899794629 0.2188445635216118
70 146.55214028107017 0.01977779426427576
70 146.450417949242 0.07086434301543411
70 146.3075603848669 0.07517733466750008
70 146.24310728257788 0.06958970440242787
70 146.21024568554225 0.06380770761425932
70 146.19169392573204 0.06122505312083201
70 146.18418333252652 0.06120215332248217
70 146.1798617186564 0.061069376454654135
70 146.17779463281195 0.06121440727780222
72 755.8329021827907 587.7743444853235
72 734.5289888137888 574.4386541627433
72 721.3262121011651 548.533086706402
72 696.1599694149488 524.6623418094521
72 672.9645560397548 505.20901434890186
72 653.8023487211508 482.0989262222919
72 631.2230644415336 462.3220004534834
72 612.1013565942822 440.512599401397
72 591.0218004049323 421.1051424239587
72 572.1646978800259 396.72313959871803
72 548.5206887688378 374.94929124081807
72 527.3203178658974 349.934695067815
72 502.89368272947934 328.14600845056054
72 481.83370348265817 307.0158691694447
72 461.0427253746685 281.5227470151416
72 436.221727001997 263.15727446388325
72 418.60979031476484 240.16988635274572
72 396.7312812139893 219.5488109835053
72 376.9710381894446 199.17649591080445
72 357.3715340093389 180.77572442129596
72 340.09359206215174 165.17510469281183
72 325.15713347943444 67.87834723240563
72 228.47710923176123 50.22663978037893
72 210.9350043720869 32.63513222517838
72 194.2386342964328 21.677480274807046
72 183.56884455674216 13.569685788925952
72 176.11852643984224 5.147858909480764
72 168.43227207344347 1.370495801563975
72 165.2146472073536 0.011377574476168682
72 163.5690846684872 0.30531819210928623
72 162.39790955997816 0.0071708123939699785
72 161.62846206578286 0.5789183217261847
72 161.25621520203742 0.09730754310772181
72 160.7182058064281 1.0235350908637373
72 160.50691523553067 0.039628679277885395
72 159.70083304741036 1.2580608412990129
72 159.95078790520654 0.054987394117698284
72 159.26052452467977 0.6795570275092748
72 158.9706301112792 0.3584128294165382
72 159.0290140127373 0.6466514871679429
72 158.4966019187053 0.5997409555599822
72 158.9290290742864 0.44312734086926164
72 158.1014890283821 0.22891799734687224
72 158.0488010884221 0.8752831490648576
72 158.0719180316559 0.1889241697965663
72 157.8850448250237 1.0701600120890113
72 157.98752151987267 0.21775229693319698
72 157.67305804732092 0.5001048445908388
72 157.31892721088957 0.26399778230387483
72 157.40697444010738 0.8707423673946403
72 157.35538260579688 0.1985784090841628
72 157.05233369216933 0.18853850376043166
72 156.59286718288158 0.22699617280668286
72 156.71705873709433 0.9651424796429162
72 156.69886270036744 0.07391453654671454
72 156.16858524825543 0.9678314140952515
72 156.305780829677 0.3623625770479758
72 156.35708995449943 0.4811711769878474
72 155.8543883561375 0.42175340014841656
72 156.1842392071172 0.2953221661634071
72 155.5649262179381 0.0182163475957334
72 155.31422572453482 0.0583248242630911
72 155.1670922163229 0.0598652822606293
72 155.0946843247402 0.0563162938590292
72 155.0576853691947 0.0567271448813464
72 155.0380877203576 0.05772734790232473
72 155.02940063486648 0.05688976341350241
72 155.02527533017866 0.05649469211733694
72 155.02305956531856 0.056262765317467295
74 764.8860424574509 584.7782685563118
74 740.3314097121856 566.843706938378
74 722.7138125940387 541.7654384814274
74 698.2889138904577 517.961872480861
74 675.1009060402107 496.8552826563455
74 654.671877692929 482.43695499142984
74 640.615206795432 456.4939224415765
74 615.4336618415922 441.79039693298176
74 601.2227251467426 416.172759370701
74 576.2390881494913 395.6685750739308
74 556.5199930665162 378.8182112519345
74 540.3155183246249 353.6256046566555
74 515.8812875327544 327.55650983258056
74 490.6602149287869 306.9386057287104
74 470.56381286261086 284.99808900360745
74 449.3295667777656 262.12948637260865
74 427.02214480333413 243.41865935694653
74 408.91954167490906 224.0296835343791
74 390.15734276639967 202.54390789035128
74 369.3437841564686 175.14879962371444
74 342.86349468464 126.07523608041885
74 294.6064504075048 54.13499189295804
74 223.5850780649384 37.674017756193024
74 207.71932873923794 24.01189854835085
74 194.71144542389357 12.481138115033731
74 184.19227501689915 5.091545483055114
74 177.35351889567144 1.4252227843131462
74 174.4194391793637 0.039459914583523326
74 172.9118717100615 0.16163661451713698
74 171.75336304870712 0.00787647836567359
74 170.65321528565238 0.3292434210707039
74 170.11844138073957 0.10741578461388585
74 169.60672685264473 1.284565763898738
74 170.02457105646315 0.027336431101305358
74 169.23224580586563 0.7788788674439577
74 169.04324194016854 0.020100949706279868
74 168.59727212115976 1.409531736877864
74 169.17470303483537 0.05747370611121044
74 168.04500158797012 0.2776352661991104
74 167.42079126753424 0.09503187030233934
74 167.21186990514093 0.48447344887186
74 166.96935161266637 0.4629556171852876
74 167.41466251116213 0.1585502533971333
74 166.44898575630015 0.33136740654976476
74 166.61899422038005 0.12729678699673735
74 165.87195559344843 0.2907480772733222
74 165.87776191318463 0.7904852569577545
74 165.6202758446761 0.08172212767445919
74 165.24590931473827 1.3619142961499762
74 165.90359836738662 0.04156850210338879
74 164.99385546128156 0.6234247371119912
74 164.84719863118917 0.10885648668958475
74 164.6967102399475 0.88915562747407
74 164.56288707051715 0.27464814505562885
74 164.43472197736017 0.48399987260359795
74 164.05937502296842 0.32516658151470357
74 164.13520806236855 0.7759071263145767
74 163.9387523641188 0.13294664691732394
74 163.5663439892155 0.428977222088339
74 163.15960459031447 0.32364253373558394
74 163.27704887443815 0.34197628345558895
74 162.67602452767144 0.09579488587657767
74 162.42801401716747 0.6234702213600238
74 162.36040659907746 0.2663987508347523
74 162.41754267343111 0.48452806704484186
74 161.9431805020085 0.33443278377374264
74 162.07959931119646 0.5467925700792715
74 161.63336571037502 0.11689810634174974
74 161.32188189469196 0.14549041830922754
74 161.20246558565896 0.13220251756492638
74 161.13033447927276 0.1235072159058879
74 161.08925473800502 0.12349925091294088
74 161.0714300745556 0.12090411468952136
74 161.06190621197229 0.11938650671337712
74 161.05699209577546 0.1191562136619729
74 161.05472988489458 0.11896535417657203
76 770.8695323297628 587.1591843424517
76 748.8708395773632 562.8942789878089
76 725.1982495195116 541.6715254588466
76 704.4602226583424 521.1457748243364
76 684.467820911862 499.31983669486476
76 663.0298153248771 480.2586674204634
76 644.3892904471682 457.5039702119187
76 621.9615935709737 433.8504972167367
76 599.0764310167067 409.2911425667256
76 575.0713807302068 390.151118652462
76 556.4007437964676 362.3446367971894
76 529.2242728767459 336.5417354618772
76 504.2182452087959 319.0742181033146
76 487.23079961301573 297.55632382923113
76 466.32292080897537 278.6823946545303
76 448.00424048148375 254.52750819490166
76 424.6570335621086 230.71703167252713
76 401.49777888714743 209.34253796582425
76 380.8673019706913 186.48251403539763
76 358.7207174752685 166.9753639906757
76 339.8824335307022 67.12029913413238
76 240.68777186425322 49.27470012793799
76 223.18656088606903 29.588061473186706
76 204.23704491403373 17.377955326003164
76 192.70632570890808 8.475287308024363
76 184.26809183591325 3.6550536345256806
76 179.96883684534217 0.35948078636414427
76 177.34041230792656 0.09312956561740436
76 176.77981427339301 0.24368084870398302
76 176.1015398234641 0.13023294959021825
76 175.38881153639147 0.8919874507599918
76 175.2187390503192 0.1812321029151087
76 174.70111466039273 0.5189640346998255
76 174.42230093937536 0.5705938678485598
76 174.7590065207921 0.25980198587019077
76 173.9833273695333 0.24501697640152573
76 174.00411125315304 0.9054851818308945
76 173.8450761644322 0.3060153723035378
76 173.68999978765896 0.6278206180312329
76 173.33031086235445 0.18197355747095756
76 173.26549599451266 1.059022751715623
76 173.36440505378917 0.24853457200355256
76 172.97702116334264 1.155773016825526
76 173.1543779954012 0.1569034374137875
76 172.50019312917632 0.9918102886870614
76 172.67954199830768 0.14705597470541848
76 172.2105030478069 0.7791798322008321
76 172.08149677862798 0.5216927114063075
76 172.15555426599272 0.1951464925328467
76 171.25125196630285 0.11907219016627602
76 170.86827414207613 0.8710795325626473
76 170.99225143525433 0.09050897571451305
76 170.32054635900712 0.41650123127789995
76 170.01225117697086 0.6667427830137527
76 170.4785254527493 0.36489179224552043
76 169.4415109249903 0.21834955654125926
76 169.36342836343454 1.2848952851478435
76 169.85251314462133 0.04934078188092361
76 168.9704439489955 0.6787348461076232
76 168.95179978005888 0.19165842390073876
76 168.8805944896022 0.5407891349555817
76 168.58045765956868 0.1027206821162916
76 168.05230993468314 0.018631517876701535
76 167.582603500998 1.008282535244546
76 167.9334253326149 0.026847073495153213
76 167.27321311131166 0.1312232509648521
76 167.07091593143974 0.0852624339451192
76 166.91697220255656 0.08237075841892186
76 166.84491679337805 0.06895369537102432
76 166.80719009032896 0.07285023344518951
76 166.79020747714944 0.07170745647448674
76 166.78161099270002 0.07082772664957009
76 166.77809772788532 0.07026653542773567
76 166.77600212014255 0.07013186732173818
78 777.0602506501124 590.3385260343508
78 757.4364352915842 565.9620468368298
78 733.6911655302267 549.9237913912069
78 718.0037993922381 532.0280367413121
78 700.337350678257 507.008223172527
78 676.0877860564281 485.20395485520004
78 654.7038286048864 462.05745403372856
78 632.3678656887146 437.37865935023603
78 608.2219799941411 416.5944140958966
78 587.9582202600328 392.88486870179713
78 564.8885656786928 370.1367967489566
78 542.7474040781901 349.5875482930999
78 522.7359625185094 327.37573211787605
78 501.34759710928677 308.0859415939541
78 482.63907605033194 285.430399534794
78 460.6103647221978 266.9697157702244
78 442.599122333245 242.2432614452563
78 418.6034003561489 216.83915659487684
78 393.8859554636235 197.6550617053885
78 375.2622906376795 173.61033863251495
78 351.8547582489208 127.54293197025315
78 306.5619506673788 52.14601416734464
78 232.04445369510506 33.2422420753076
78 213.880561467429 18.092308807884258
78 199.27082623815866 10.45613384927293
78 192.1678934543378 3.0621833252823896
78 185.65040575438672 0.2553573955353266
78 183.28487934260434 0.04123717193344247
78 182.122728913849 0.8571399205965835
78 181.74187585361048 0.04937213691896766
78 181.12656866053985 0.7957258916768588
78 180.8770584480823 0.15172580329157928
78 180.60740405055174 0.7926456417470837
78 180.39037863058763 0.5035348043446675
78 180.67864475158677 0.05625534093200693
78 179.5973294419575 0.6631842960202184
78 179.31501019550237 0.04396983791211997
78 178.8146197905962 0.5114939611778352
78 178.67515342498402 0.18934434930355382
78 178.64793935580894 0.796113672379824
78 178.72386783250371 0.09782074272025106
78 178.29190522310736 0.3691260928516519
78 177.7809449082204 0.2010372177242233
78 177.86867245003336 0.7839381819862851
78 177.65400188024486 0.2968931335764292
78 177.51114313181606 0.48101561785736285
78 176.87275592867587 0.30970848979895244
78 176.941582719348 0.44817393515327253
78 176.51580944440204 0.09236629155943699
78 176.19984393684544 0.5876656448083942
78 176.0533735709667 0.19406158740898716
78 175.8374830049826 0.4704300554933792
78 175.54936188216573 0.13023734221256417
78 175.19618652334438 1.0264003676148596
78 175.54988224560284 0.2817093187742304
78 175.1926752965123 0.7877790897335626
78 174.88420050413393 0.10222526623171169
78 174.25423794030377 0.9699275310726758
78 174.3868528817583 0.07195956044145858
78 173.79726313069938 0.8568643640685231
78 173.82600938514366 0.14527373112352515
78 173.26608884351083 1.558336110970898
78 173.81606035037103 0.13139846165772698
78 172.75455142160587 0.05827532268214315
78 172.34721144080507 0.8466303948111447
78 172.33962618303752 0.09827657347353719
78 172.05493975042216 1.560968188358324
78 172.74360084239828 0.05031616612642338
78 171.64670445925782 0.4395309320673113
78 171.35209132767977 0.16257861357886155
78 171.20115510288545 1.3061314764219367
78 171.53061103688205 0.03212356560785274
78 170.6467889941947 0.22574163057782418
78 170.44728365386834 0.0988859873372589
78 170.30692534789267 0.1035261244692784
78 170.2319165183312 0.08567542302737227
78 170.20318746492404 0.08596451098084092
78 170.18384012450466 0.08262429070035242
78 170.17608106133378 0.08160798957041801
78 170.17202221345516 0.08181620268912555
78 170.1693185038328 0.08148940251684948
80 779.9133072608275 587.8034886067485
80 758.294456579259 568.3265336347021
80 739.2496300002703 546.9312928336078
80 718.2400664277652 525.2755454097136
80 697.1370311145031 500.71661675746833
80 673.096204336437 474.8438611320282
80 647.7744494815705 456.32577975417644
80 629.7042978981483 433.20314041525256
80 607.229096516742 407.271330332919
80 581.9495923062418 383.7313640904649
80 559.0234258119373 360.94857655748933
80 536.6516179222629 339.5825454630197
80 515.980843355992 319.35936102967855
80 496.3397325157095 292.37877370672516
80 470.25692880833884 272.47944764388524
80 450.96452544646274 248.90675797880624
80 428.2778081397943 229.97187759757458
80 410.0656902133029 204.2541249142027
80 385.0002736460614 181.201077924531
80 362.68849643308243 155.99310212554894
80 338.1491994747636 63.19547059913816
80 245.70370663582588 44.792648395386024
80 227.81868835183838 26.82813739006812
80 210.75374258137313 13.170197119395644
80 197.85992964257497 5.556525990801242
80 190.58354011417146 1.0687801030084667
80 186.54801201664594 0.0924101136970821
80 185.56113860942514 0.30411582832887696
80 184.53932815607757 0.07429055096295675
80 184.0454322493086 0.82537458704262
80 184.07931098880306 0.2094502121281548
80 183.86392182511645 0.5131588399449042
80 183.4470901978771 0.4739527060138359
80 183.6778793579985 0.3808534793190179
80 182.74035133511373 0.03303224508612219
80 182.37528244217663 0.9544437875863525
80 182.33985728499846 0.050353543979921256
80 181.73865738101713 0.6328085167904995
80 181.71964454030274 0.37149991001933214
80 181.92587827325565 0.5523260595159575
80 181.5326458647643 0.1946480570094316
80 181.45458140616955 0.5768346859518558
80 180.98023184565338 0.3263607695559545
80 181.2147741904665 0.3918850793136965
80 180.45032409797645 0.36164270060720205
80 180.55218114294598 0.07913693290349147
80 179.49504272142775 0.06451781091135089
80 178.8811375411468 0.05476736897165848
80 178.39836436672354 0.21022714687453348
80 177.84563260618498 0.3383210995716126
80 177.9852578933624 1.1378572431702443
80 177.96625927325115 0.02901514927512886
80 177.25979077771157 0.8016164905756155
80 177.31424118773091 0.13465317618054054
80 177.0696760526093 0.9332834930958902
80 177.1554398307288 0.40809641680397124
80 177.19845044987693 0.3566195152815027
80 176.60350048877658 0.2401976212049407
80 176.62973950332858 0.4321363551815323
80 176.40415548226076 0.03421114728290317
80 176.05636639375402 0.09498501711728957
80 175.9237623106644 0.07556040318796481
80 175.84940479298427 0.06371133410629655
80 175.82255413398534 0.062353131527842005
80 175.80467543115853 0.06142092804103843
80 175.79619514180087 0.061922567982364285
80 175.7923861870026 0.06207978425817139
80 175.78996722749855 0.062095394345653664
82 785.1652321397842 592.5023663336848
82 768.6155461561548 572.7408137278678
82 749.2848025555139 552.5133981480224
82 729.5206152019045 525.6207506983657
82 703.2144890816811 506.21229959820107
82 684.3866242150893 483.89693918460046
82 662.7996843353744 462.32921381474057
82 641.7045498582411 436.1834742283977
82 616.3316311130914 414.2896892384473
82 594.9248032665704 394.6925162825421
82 575.7222139240164 374.79148915243064
82 556.5287912027809 363.15055128442134
82 545.1642678300509 342.24638090502026
82 524.6565090482544 327.46140183796956
82 510.1369000956266 307.1476092699421
82 490.4063438250204 282.82580552712045
82 466.57325560084985 262.2095404990121
82 446.5098939253321 240.7466846806128
82 425.7027033433877 213.54624132642107
82 399.111684200573 191.03782063465633
82 377.3968473632717 166.3300884235852
82 353.6013303997932 71.84419133073841
82 259.66926363272097 54.794703509299026
82 242.88739093303758 37.247879716083844
82 225.9582862585267 21.942006540487935
82 211.5693830507225 11.927646598072712
82 202.25232500502216 4.439182916977975
82 195.07332404802688 0.5636281069049816
82 191.8849574335114 0.11038666452688872
82 191.27187142822515 0.7549161949185103
82 190.61276468053194 0.08607358096825324
82 190.12369558071134 0.3694952969555083
82 189.29815053599503 0.17416707902396622
82 188.9568838118536 0.844519076836864
82 188.63354063418697 0.10431874544989461
82 187.90826727908058 0.8173403268006516
82 188.01721016862842 0.06512793489342436
82 187.2690134762463 1.1243253942405758
82 187.60804294624248 0.203225937124277
82 187.04784893149477 0.8510017213254983
82 186.90227213491713 0.1394685696665638
82 186.35008211352886 0.6871786693957221
82 186.14466078724982 0.35482071360706946
82 186.2470159650698 0.6241207144918633
82 185.6679814724524 0.2567922890482566
82 185.7741511300487 0.6103959060053508
82 185.59512235685781 0.46139846873075996
82 185.85125233748047 0.08307059126636031
82 184.77648194568354 0.10424550438038935
82 184.16261941205312 0.07806885602606384
82 183.83959153400681 1.1925173037466243
82 184.3056333146224 0.06933022051210308
82 183.61917770472613 0.8526279030283578
82 183.60845348242623 0.05423806138072141
82 183.14635114722464 1.293515331789235
82 183.54977492915066 0.024451577054912944
82 182.77780348580237 1.3885022989881695
82 183.3997655906167 0.10964970565708952
82 182.38113476681607 0.015186308073749431
82 181.80540430004152 0.5037737929534741
82 181.5791926105663 0.09969659853750062
82 181.3285478229658 0.608912774530978
82 181.26016948491878 0.33962950025746136
82 181.27123725031683 0.3495243729559938
82 180.7141221399218 0.43400053864117555
82 180.92289172563488 0.4013232529330853
82 180.40082151208696 0.07437754813278077
82 180.1421818748394 0.11082040845464541
82 180.01293806217174 0.12038947102822614
82 179.93752341417382 0.11789381925842789
82 179.90065027949842 0.12139306459270419
82 179.88153874726225 0.12181778925949353
82 179.87287876764603 0.12061675285106398
82 179.86847749474273 0.1200113547656993
82 179.8659853387529 0.11986352696538337
84 789.8163875414829 587.8928941793671
84 768.0741887014943 561.12066869201
84 741.9292130645306 535.6088142097093
84 717.1158045270665 511.0012550182197
84 693.1806198802838 490.5947576501246
84 673.3160823925688 465.68544462490365
84 649.022340872225 446.9823689394881
84 630.6510536026578 430.74306332208545
84 614.891309517273 406.92874083060326
84 591.652767134865 386.2482020178936
84 571.466012944439 365.2455168088098
84 550.6901835565211 342.20582281607733
84 528.19925651833 313.11226270361647
84 499.93189385652363 292.54914629841534
84 479.96950611358875 273.42484383883425
84 461.043929918814 246.1408603891946
84 434.4391811904686 220.39434365835
84 409.39223622100263 198.0554378883559
84 387.5162236825904 171.93558468101776
84 362.22368063323404 96.62262072541937
84 287.66678251036865 51.21792704718777
84 242.98320418843713 33.09910838013567
84 225.5914459763912 21.84116669725699
84 214.86161603406646 12.312682933399607
84 205.63798059234404 5.483849461252475
84 199.41449526634486 0.6346890483232378
84 195.32609615274683 0.25105829787729156
84 194.74910718529446 0.37857212169525384
84 193.99033290331025 0.1466337116457501
84 193.4401050695981 0.7845681317477539
84 193.11684143394987 0.25454139823116145
84 193.02996499392535 1.0272981631052827
84 192.86619199686953 0.07150259674445142
84 192.21595862383148 0.88074831715643
84 192.2169285450061 0.07944672615497061
84 191.6770927155739 1.120318957074015
84 191.68972816946885 0.015571642468363312
84 190.93091613282638 0.46670106357248475
84 190.72823942009666 0.0665548792855897
84 190.4709780664595 0.7464873188150489
84 190.24351199949422 0.06732339602570864
84 189.374242081102 0.35119248981882023
84 188.90985227046158 0.3843773280508286
84 188.93875732384495 0.3579930444351697
84 188.36692555440573 0.5960729331738528
84 188.91684619927165 0.3459948822269534
84 187.9625981500069 0.04276225236148561
84 187.47114850883509 1.7734542588632767
84 188.5366358912187 0.10765522389015954
84 187.06823496096106 0.14463685161134954
84 186.48448598624634 0.06509212537548276
84 186.29930493546408 0.6936627113228381
84 186.38718578023034 0.39676707289263125
84 186.57858138547797 0.5513105437715287
84 186.0758883903028 0.4370772856994553
84 186.45218834801045 0.3202848458624409
84 185.6938316886965 0.2356317825810173
84 185.61723440187455 0.850203927552352
84 185.43855295094363 0.13336678160726534
84 184.87999995997805 1.0670031061792562
84 185.10250644748035 0.16955402896179989
84 184.48072921834125 0.5275680555689743
84 184.2811622347401 0.2518338228291378
84 184.24435884206497 0.7390738581577098
84 184.21092043894805 0.16070455581374787
84 184.10117169248642 0.6640973394831489
84 184.04123724552906 0.21667669324774208
84 183.81753271636742 0.9976998616520776
84 183.78327467904845 0.12243400086180736
84 183.35173949636035 1.6406032852615042
84 184.12699502574816 0.08176085206517439
84 182.90013063066496 0.07050832838785855
84 182.639537402186 0.13233238803211447
84 182.55680235274997 0.10318833231034506
84 182.4895207474762 0.11127349230518652
84 182.4612431449452 0.10907369996350164
84 182.44644306271599 0.10781683242557873
84 182.43952737679584 0.10714081296233456
84 182.4347262138737 0.10759633997749297
84 182.43247666753277 0.1074227102843067
86 792.1746349546349 582.2041418637891
86 765.1630010282165 559.9392143951021
86 743.4154198388003 537.9260898566862
86 722.0478327172265 510.20299668648846
86 695.0100385355818 484.64494194911947
86 670.0219851447594 459.50957844199
86 645.4390547581796 433.615574165207
86 620.0025205077582 415.29317857986524
86 602.3108595297217 392.3401214364342
86 579.84813447311 366.24294116258
86 554.5837851111661 340.85718905657814
86 529.7964612760311 318.3709653700562
86 507.9229488716705 291.6303533181108
86 482.0089992487755 272.0885799464057
86 463.2173643516666 248.28543514746173
86 439.9911896710838 229.85421744591724
86 422.0997468625442 212.459701445622
86 405.18534453922405 187.46892496755098
86 380.4628323019091 163.89997786101063
86 357.7291425406288 97.31101691406282
86 291.92407323192805 48.68180841095763
86 243.97106012525524 32.22257348040756
86 228.24176147233095 20.45821260050861
86 217.16686225095137 10.449877162320236
86 207.79927005673122 3.789889006325474
86 201.94558730307745 0.6096842096866906
86 199.0379883963605 0.2728762145819942
86 197.89326714449246 0.4395564633926903
86 196.98970258267624 0.2762350611733183
86 196.324430758872 1.2146589766354612
86 196.1832531850027 0.4390819586091272
86 195.90521912280508 0.4706841586102256
86 195.2107989070148 0.49340575043997076
86 195.27010101149756 0.2126192363796061
86 194.2721787671481 0.14339927290256568
86 193.80643458882133 0.6766391766268792
86 193.76333057724057 0.2551931616641528
86 193.54003245600808 0.6222172708853027
86 193.24163190597298 0.49118199947018304
86 193.48376484034384 0.5055746803867176
86 193.03010581115777 0.2950992111614561
86 192.85019614238826 0.4157098115605118
86 192.5803324020998 0.17631573820216107
86 192.3756591050664 1.1090035658513873
86 192.57140943150105 0.10395978153557894
86 191.75197625690797 0.07506711317671592
86 191.2278093426175 0.27347030390589416
86 190.83115037800178 0.5380459115286202
86 191.43317890777925 0.5313199784355167
86 190.82046489994417 0.5895479115442225
86 191.1738888020436 0.26971694257387224
86 190.31633144731597 0.6731923771424375
86 190.91877875511364 0.15504900604942096
86 189.7782709185377 0.13119965280462484
86 189.5224151580035 1.6104175637292393
86 190.2066555488413 0.07486561660348252
86 188.95666410694423 0.8533426861207811
86 189.02758518306823 0.1453883367256111
86 188.5312559116629 0.554596056629294
86 188.52832254748543 0.1193561801718796
86 188.2527638943086 1.3264732757727844
86 188.75902865597902 0.02340222739675661
86 187.6768864121366 0.42389759567755303
86 187.30210034033414 0.6591233763774513
86 187.95260374100394 0.47339195192367806
86 187.05110002932116 0.05319097295721611
86 186.7516749806952 0.0998561818867059
86 186.6186549430676 0.06778693509124606
86 186.54231161546184 0.06479278583072026
86 186.50334795263572 0.06459762955074522
86 186.4840096359529 0.06359344323128849
86 186.47667670838686 0.06287172412111142
86 186.47320334289566 0.06271282830029745
86 186.4708398268637 0.0629749764651354
88 795.559485010969 583.2519457387608
88 770.2105630920651 557.1241890870438
88 744.797739603905 534.3614610767711
88 722.59425027557 509.35628901452424
88 698.289169287305 485.39942761067994
88 674.9792640767564 466.17521186792743
88 656.3660645326568 442.4268189921521
88 633.1640139128097 418.18484838821666
88 609.5189451323565 392.18001789283807
88 584.3303036713353 368.67938598841965
88 561.138806726805 346.351955905031
88 539.3064711451491 323.82480186021746
88 517.3108292579625 300.02424382119756
88 493.86138119028635 273.5857237431083
88 468.18914491404615 248.7409732660395
88 444.16787902791316 229.41598268646945
88 425.3109091777961 205.50624824038576
88 402.1860815344349 178.0249142281254
88 375.3550670893727 154.6799208811911
88 352.97171499921205 62.43726009342633
88 260.9109908611257 44.309855596794634
88 243.40227385631113 27.746466385440236
88 227.3738894996782 17.52884557292071
88 217.58158985921114 8.209417539178649
88 208.8062316925159 3.4619448609914882
88 204.01636295327293 0.593165369525068
88 201.53700312004023 0.1935878120500052
88 201.29623156092651 0.6878685175213995
88 200.6804322736845 0.028604265323636684
88 199.95009490506544 0.2455810408230164
88 199.50866502302821 0.14733433485283753
88 199.24279098020554 1.1501246790232815
88 199.4637643619192 0.24127399623923187
88 199.29206293148124 0.4483799991245626
88 198.91607793438348 0.3595459861896869
88 199.08402575488876 0.35133895815893496
88 198.60769371722782 0.15028626148144691
88 198.4981873345743 0.5698160664491004
88 198.22956273634895 0.10556334007132197
88 197.92449901558476 0.8626410558139733
88 197.85213601079678 0.04326248921853062
88 197.19991468303968 0.2387882557508297
88 196.6910446284649 0.127584225467768
88 196.444057283559 1.0118518685082187
88 196.52057596938667 0.039770787061107316
88 196.17067597689783 1.3334745821187668
88 196.63399389737287 0.02042463584636053
88 195.76122196641236 0.5131281401896582
88 195.64238551519233 0.47528033002202236
88 195.94611324100802 0.20540726197434198
88 195.1579071007302 0.39510961481778967
88 195.20813167580098 0.454198504344027
88 194.6100600979341 0.6085191723250694
88 195.1191538332665 0.27005107731441574
88 194.1201404575063 0.28743436646767484
88 194.14094163213753 0.30320419420138034
88 193.66837954690314 0.3637846627752903
88 193.95237856858716 0.6610270274786684
88 193.7168486572422 0.3008757515151148
88 193.65313706441455 0.7268924018412373
88 193.5128373172941 0.05681522318048615
88 192.96460480040042 1.3584254942079086
88 193.4700147842153 0.08554600039354668
88 192.5675118812228 0.11842853894852037
88 192.23815987660515 0.05557726620686157
88 192.10391417382516 0.07283554350787562
88 192.02846211900797 0.06440173221701694
88 191.99347055676853 0.06324166424536573
88 191.97582290469254 0.060767508176383316
88 191.9674975445058 0.06079843965804376
88 191.96359649134806 0.06120684113691457
88 191.96108190323574 0.06121377492578937
90 800.7913859922505 585.2645636240994
90 777.7204041098753 562.7670863854605
90 755.6286436451253 543.04719079306
90 736.1528139738931 517.8603319042829
90 711.4902460851288 497.0162183103289
90 691.0111570269107 475.9130022965108
90 670.461418172435 454.7683954477777
90 649.9056136893557 428.7092406353365
90 624.3785941730135 408.0556617089548
90 604.1659689139483 383.35587585696106
90 579.9968176257589 360.7958572575609
90 558.2049012473374 336.5386004790349
90 534.781486717123 319.07802535962037
90 517.696219199569 293.3751922667205
90 492.7637393269265 274.0166273155986
90 473.8833081926774 254.7961682584754
90 455.20156459982104 233.4269803257372
90 434.13060333832544 206.5111342945314
90 408.0718995628438 180.0826708701453
90 382.48532588775777 131.55834016303714
90 334.2424229544429 63.851035254542026
90 267.1431272243517 41.82001916670755
90 245.98137408681276 28.92834756244524
90 233.68740261429326 18.452386708601512
90 223.94313838455335 9.208018152734407
90 214.92878366715658 3.2582975541685864
90 208.96381349792702 0.37038670824280157
90 206.44405858959385 0.16861099045340552
90 205.74554992972557 1.2776367777495958
90 205.93013263005497 0.14757835424972168
90 204.8086293330875 0.5208403771825961
90 204.14090584749852 0.17750391787414352
90 203.71179238474647 1.7460769635614308
90 204.3050783614424 0.16819264287155775
90 203.15228940083693 0.17894585384470132
90 202.55754291363553 0.33772246245212767
90 202.0101766651035 0.13332768897552974
90 201.78176268317588 0.7990463780950536
90 201.74360053746975 0.34814072453421097
90 201.70278447221392 0.5277072785171676
90 201.27525209251547 0.5855220776987784
90 201.66564534448827 0.8318788698395951
90 201.04143404696978 0.3845579705719938
90 201.01850312851394 0.9053979408714817
90 200.96054296605112 0.3124822178168288
90 200.66644924136443 0.3880479494441169
90 200.1449585103894 0.49907527257291984
90 200.3520642161656 0.8145312972338539
90 199.77053951659497 0.13504617305752936
90 199.24674121340402 1.3172349880028777
90 199.63679202062872 0.07658486766058123
90 198.71152119580094 1.1688349196540935
90 199.13417012570844 0.15222859767263242
90 198.31241164366583 1.4684691595166177
90 199.0171506114617 0.20509319749212027
90 198.2084100501369 1.091518987042981
90 198.4766487919422 0.22440990912203904
90 198.04146761003213 0.45967273577677503
90 197.7942267212735 0.23912788382183225
90 197.75292131496767 0.75348236390835
90 197.6762307588683 0.34202888533017545
90 197.48768393408793 0.7286624098217847
90 197.33219131035756 0.3548605413104147
90 197.41304753376 0.5129704610688147
90 197.10456232569516 0.4194152645550916
90 197.39631470494052 0.6851489585177024
90 196.9551541363594 0.06720557206302225
90 196.44531161039933 0.11739642930884116
90 196.31926994496456 0.09260466623915715
90 196.23600551349944 0.08636139248473583
90 196.2091111966294 0.08015578405294628
90 196.19391678745848 0.07884484736364339
90 196.18501018517236 0.07927062097377854
90 196.1803892249668 0.07981457252169538
90 196.1781373281054 0.08003360455141023
92 805.29484790921 586.3851408377774
92 782.8352294852866 564.0897552573865
92 760.9959659557082 536.4312637360835
92 733.8825627350436 509.5806633261435
92 707.7388171023698 488.60586891823044
92 687.3131699146888 467.0079944184025
92 666.1136235221036 444.1810501365495
92 643.6646842941391 418.3044994835594
92 618.2749771323587 394.53590812498663
92 595.0760180077356 370.6977792595611
92 571.8610480152096 350.5165325286397
92 551.927663207984 335.8699220839734
92 537.8470745256247 314.0934429156772
92 516.6455968744439 292.9868752448139
92 495.9245948486377 271.4913046881451
92 474.872243155964 253.5911209898223
92 457.5145992642167 228.84142517119344
92 433.36433001511807 208.72936990866452
92 413.7118530293839 189.22863893711337
92 394.83671704686594 160.18316460234104
92 366.54038523445774 63.09316959480189
92 270.30117452438975 46.3050693169462
92 254.09956200630631 29.383775116248444
92 237.9726151608486 13.84683670295431
92 223.4621981617525 4.5071809502272835
92 214.69447493245704 1.110453971376605
92 211.2430227959851 0.14238549710750814
92 210.30580018343014 0.8813099615394784
92 209.76622984473107 0.11261588132348627
92 209.01446524847705 0.5762038216871253
92 208.4495152676495 0.21053051074564552
92 208.17919526981726 1.1017477229754948
92 208.10203547492003 0.3211293476454302
92 207.68375501836468 0.9422303647929012
92 207.51538306419195 0.3107400332095618
92 207.11291467844924 0.7845371736662221
92 206.90745398080355 0.1563207652549587
92 206.46010912645616 1.0506448688122574
92 206.44999066919448 0.35523211265452986
92 206.26202332209203 1.20013988722186
92 206.3302306942806 0.1838327147326066
92 205.63427584574572 1.0941478879473059
92 205.80661945530943 0.20050454733113562
92 205.11484072987722 0.9074675619605361
92 204.97307589679488 0.18293519235125644
92 204.37778930503356 1.3607026998237244
92 204.81756975137472 0.37262408800384095
92 204.37419490630376 1.2898147438611092
92 204.6088793707491 0.30311159094530177
92 203.73097507337957 0.26021718846679776
92 203.3272767135016 1.3672406164877329
92 203.62365104525864 0.27051267396419354
92 203.03074514618274 1.3223672584196717
92 203.3545775888827 0.2981735445938272
92 202.64351772582106 1.4241112934911013
92 202.89596285168705 0.292512742028767
92 202.10924911464676 1.3580735005117628
92 202.53935539129668 0.20845599687314226
92 201.69973889452783 0.8909466726779186
92 201.76027015595992 0.31739054260194266
92 201.43206424563104 0.8364772881621538
92 201.31971748893358 0.3315258356170505
92 201.07591082005194 0.45449264709551435
92 200.6528483356843 0.3668377938431699
92 200.82974219382987 0.6137075580859579
92 200.435599384754 0.13872224971982763
92 200.03602568065207 0.155153797913488
92 199.87325072432745 0.1813978808834285
92 199.807808749769 0.16842019077637882
92 199.7704182299925 0.16308994138423308
92 199.75574081054495 0.16470683117672147
92 199.74774747085758 0.16524461057571685
92 199.74348897489227 0.16531796128410145
92 199.74140826312095 0.16542251655911777
94 809.1316470225743 587.539099646872
94 787.5780079687312 560.414187596323
94 760.8780968610475 533.9415688380388
94 735.0043534004833 508.84034518158705
94 710.4803153057306 486.6932803694434
94 688.925432693791 464.4065555783139
94 667.1297899149101 440.6451795210287
94 643.9547121186365 413.15959586157857
94 617.0928921485989 385.7418660874079
94 590.2641324449559 365.1279943221253
94 569.8819259120396 343.0076025355411
94 548.4802487517686 318.01766204778255
94 524.3527603254383 297.4472358473679
94 504.18988865248264 277.63599848583675
94 484.93562262485216 252.59589987750354
94 460.58468765000475 226.91534974968783
94 435.6147098813525 209.24765723822736
94 418.64898060225096 182.5713725687139
94 392.61696725870803 162.99209286109397
94 373.9558889607422 62.6463212352589
94 274.4223743774243 39.922577301632764
94 252.57239807330237 24.093978652186046
94 237.28735690976237 15.381772282552369
94 228.77352705168263 6.427688507012839
94 220.52534687300735 1.7329339509337571
94 216.20673519438705 0.02262687442827937
94 214.63434832569757 0.3769194396029027
94 213.52878835421382 0.330481339726354
94 213.4751742010453 0.3809444815799846
94 212.62652698387274 0.2088302067164909
94 212.803553697918 0.1924261208655721
94 212.05980200338178 0.030692234524183952
94 211.6502817848458 0.406699269092615
94 211.27459617538076 0.11589712270206809
94 211.03163359558926 0.9772151430762993
94 211.29365289569137 0.15780814429899198
94 211.04653319904907 1.0740648664040515
94 211.19611144227005 0.03299766041505619
94 210.413631721652 1.3651662290693656
94 211.00055422968586 0.13288585208330753
94 210.19126949637348 0.12352917142223967
94 209.53588402436668 0.3046170005715585
94 209.69211080977976 0.521826765839236
94 209.2596178628871 0.04190859193092291
94 208.61230248891067 0.6168204821979948
94 208.45663638660866 0.14194535273375747
94 208.15685276468304 0.9448304022090879
94 208.55463264675586 0.19218185607201177
94 208.03146475510263 0.9267836655571632
94 207.92156959727416 0.2858981280281926
94 207.53291977007092 0.31770087234213684
94 206.99834160424254 0.8174595728011779
94 207.72708204090694 0.20202123593071739
94 206.6398469246178 0.17175346204452613
94 206.41806925648032 0.6978630502853751
94 206.38417050253904 0.3055878126682115
94 206.38052634328506 0.8967671677472716
94 206.39176826539136 0.07514020574691901
94 205.64257708971527 0.8701924960019701
94 205.59054951073796 0.10729507689222433
94 204.93655153806577 0.5737215025306455
94 204.67763099200454 0.4044403536680108
94 204.72710966897745 0.4997502194708739
94 204.1656813765653 0.28417558129089804
94 204.28321917151408 0.565829419336273
94 204.03307485375234 0.06621948942821158
94 203.70665124483392 0.10065817230647438
94 203.5609289172182 0.0980540743775664
94 203.4953336230562 0.09071490752061659
94 203.45763324455967 0.08830501391000718
94 203.43837506865572 0.0857465260550813
94 203.42969020461314 0.08513544659608742
94 203.42617301155104 0.08498319791961584
94 203.4238502227009 0.08506345982799635
96 812.7641563053635 587.4150613100393
96 791.0653417118131 562.7213479694503
96 766.8713124674572 541.2703209333092
96 745.8822563717038 518.9948688933166
96 724.1147476365861 496.1444482855293
96 701.7746244215492 471.68820000574874
96 677.8256302611453 444.7900199349841
96 651.4890899312784 425.01488253940954
96 632.1074902955188 401.5780580954153
96 609.2341062232647 377.10756535277665
96 585.2426271461133 358.20528996112876
96 566.9943818676578 334.4956709282476
96 544.0551787058627 314.70895653172846
96 524.7988060608085 295.94979958445623
96 506.5637969649333 275.50624458194227
96 486.8307273372235 253.96153319756644
96 465.68209575227644 228.1186606860519
96 440.55328377867846 202.53021434720964
96 415.70149306958456 176.83000436632622
96 390.4640817093481 130.11187762509746
96 344.30841229972845 54.75144240329049
96 269.6222878157363 36.307060256509104
96 251.7258239963814 21.82735661220596
96 237.69182308174626 11.388761339672726
96 227.84317638805004 3.8680543303279116
96 221.00447009615922 0.7827661777789526
96 218.12853791404817 0.26398896480590633
96 217.28988663490566 0.6511875965603666
96 216.6283463752663 0.5692296976869586
96 216.72468245425569 0.16120870202654594
96 215.7550084803483 0.35002920374307384
96 215.1133569594578 0.41929311094520966
96 215.1269630988746 0.16560454522894938
96 214.35289845266354 0.14810064504836679
96 214.06943623789348 1.4404504809937941
96 214.69284069608747 0.11774230590258049
96 213.93304857649647 0.7449215319575369
96 213.8578018263618 0.5790437305127485
96 213.94328483648374 0.38835453276474785
96 213.1329070344852 0.1322484003799549
96 212.7976676954277 0.796703490661203
96 212.6054032900949 0.21748359719541244
96 212.20756415840884 1.0358645079318207
96 212.36483399620633 0.03913742937547731
96 211.669803276636 0.7212045010045125
96 211.47928110377464 0.11774812221531185
96 211.0914010012334 0.7619136767064852
96 211.32112582887544 0.14503073880049977
96 210.8588936483416 0.7212436187944845
96 210.68550591253992 0.08431595125813614
96 210.2309115435187 0.20398726221607663
96 209.83409470067764 0.3979283817628857
96 209.90453329718272 0.46087347722030636
96 209.34159170654902 0.3407567945632468
96 209.24195659216437 0.710189890402749
96 209.0138933316491 0.1472419833498632
96 208.83197496329342 1.0272234257916522
96 209.05348907011097 0.07015840105092182
96 208.34502949031602 1.440376239161988
96 209.02827373831067 0.020461486229650223
96 207.93135467219506 0.44446671116612146
96 207.71207645454652 0.2533775653402122
96 207.70833459483873 0.227660354872383
96 207.13216120455178 0.32524713657898097
96 207.32758180714762 0.48195953029165906
96 206.89732490240715 0.03082455372679788
96 206.4719572115979 0.025451223598469373
96 206.38760218519369 0.025397462487813337
96 206.31613717821674 0.03649951273430294
96 206.28222056008067 0.03686165386694954
96 206.26494664704006 0.03739440157389784
96 206.25620863788055 0.03663690203974967
96 206.25272180973428 0.036399618835150624
96 206.2507104629657 0.03624355187651665
98 815.2195128281115 583.0109925491622
98 789.7432592670838 558.745743922453
98 765.8923377888161 534.4925252014776
98 742.1335576275839 508.72276835148386
98 717.0443188770491 481.94810659109686
98 690.9478640094832 460.85963994784373
98 670.4873433156301 438.06035269385427
98 648.3319212734359 416.667523132872
98 627.534345531174 391.5931900825931
98 603.3092107857719 369.45907519371656
98 581.7809860771927 344.1370281605938
98 556.9729422680982 319.0353273917768
98 532.4471116827606 300.20970654499604
98 514.0439956342013 278.76015742579693
98 493.34618863724916 253.24414088629732
98 468.30460678578766 224.71754516967923
98 440.5226076137619 199.1800046612591
98 415.8308101583068 174.71457654372415
98 391.71979284005306 127.5256180112103
98 345.2715832160983 57.69751639288615
98 275.41641970859655 41.151331670274885
98 259.29690189293035 25.706729690552322
98 244.27471393059392 13.519817124894235
98 232.98207360592136 5.8526715142988825
98 226.0641170707895 0.8905839677890944
98 221.4639784862486 0.03301108973641472
98 220.19831210891667 0.26962243263544866
98 219.50341475969984 0.0077454126186885285
98 218.69257400656133 0.6752236568914726
98 218.47869588972424 0.2409510025707569
98 218.31073938554687 0.32885221401302267
98 217.7888855611664 0.15898835247923376
98 217.504581243507 1.1899960357327495
98 217.86234297715754 0.05350711743692916
98 217.20586758050126 1.0094544703874813
98 217.417781892366 0.10885314854653692
98 216.97984116152418 1.79638657637746
98 217.91858572615797 0.04929494481411613
98 216.73321280262718 0.8291473083205454
98 216.66870989209437 0.05797306077642475
98 216.02739801080418 1.251152177473141
98 216.34147540141598 0.05297597829708533
98 215.52153803804137 1.2078587089556572
98 216.04167944316328 0.08520807822303866
98 215.33100935618882 0.4270208553490246
98 215.00212409984073 0.2697958284254836
98 215.04268977234182 0.940675370509374
98 214.97086829315313 0.27589160907529486
98 214.58720714034885 1.2383252694316842
98 214.8275478225099 0.07952504459355927
98 213.86401234217556 0.7726873607027573
98 213.92866587876946 0.07192697012592082
98 213.27294477699346 0.6511067773419112
98 213.24851995310786 0.24112315764599268
98 212.96705536717374 0.9367541540552414
98 213.05869010034752 0.17859629700655633
98 212.55923511342885 0.9256103872224681
98 212.7044615896578 0.35055936489884043
98 212.3743774763456 0.23834783060524384
98 211.92707356765493 0.17264278495295537
98 211.7944277600704 0.15244944126673896
98 211.70508736056354 0.15522287643188568
98 211.6643127586234 0.14970047887524507
98 211.64620287597015 0.14932950880946874
98 211.6381720468351 0.14847305638653122
98 211.63317359009153 0.14862429287204015
98 211.63098059842173 0.14845975123994964
100 820.5287435609874 591.4102408507449
100 803.2437940227071 566.8301155804301
100 779.1902208959104 541.3735892201798
100 754.2102242151897 520.5900906821514
100 733.8773656190958 495.9255051779476
100 709.6279679763484 474.95964118368096
100 689.2673560700173 452.89461448231316
100 667.6209456270501 426.5638320205789
100 641.9535944277045 403.75212818802413
100 619.6056271246675 383.8072451005625
100 600.1301982825564 358.26399691196275
100 575.2917468759317 332.8693011413253
100 550.3957311618788 311.87512301834806
100 529.7097862349909 290.93836752279276
100 509.1768458915217 271.8364482675795
100 490.46916284503067 250.49621870794735
100 469.80119804935475 227.31818249845713
100 447.3311822097593 207.85952151175957
100 428.26554648401645 185.24432340127015
100 406.28209992277266 160.9225022623728
100 382.45775116049816 61.347300878239174
100 283.34333917913506 43.92802681021742
100 266.1560211950378 26.985483254945695
100 249.76310358183161 15.478177363733565
100 239.1379826152408 6.251023716001814
100 230.35194505409447 1.721460758961033
100 226.28322080408256 0.227371603998602
100 224.5435826114819 0.3689187917490779
100 223.92799274595234 0.38135739641443567
100 223.68770788291033 0.5746624851082186
100 223.00732062451993 0.6093502065455214
100 223.32668149512642 0.27141719235183626
100 222.17278235679711 0.2126272340751727
100 221.69011805855249 1.4442129052869943
100 222.1967686511669 0.06937441163875688
100 221.44211204624415 0.7766344566866862
100 221.43283736482365 0.3396669706998983
100 221.3041167282792 0.6629310174351349
100 220.8921477280818 0.6074735116054124
100 221.24846866546923 0.5140673859724384
100 220.58851778035512 0.4797986100351415
100 220.7596778927516 0.08946784042947992
100 219.80559664137718 0.05624925003189358
100 219.34655433322058 0.7244822851527487
100 219.23984644095182 0.2461341289434575
100 219.01439022389098 0.32720190909367525
100 218.63338424715096 0.030392284449945572
100 218.28990833124905 0.9300246262010581
100 218.52161393412374 0.1131683251515144
100 218.08927694504285 0.3234568982441962
100 217.9367940082287 0.3437121695059619
100 218.12406007196398 0.33689618284188055
100 217.5663978185167 0.6596328586515221
100 218.14433762351808 0.31753994291836274
100 217.18941716479958 0.6743257032406174
100 217.7730391584788 0.29671582498843235
100 216.74695079123904 0.47412146618862044
100 217.1173197857064 0.5320212776246684
100 216.64851268320604 0.17845801589444527
100 216.44322856694777 0.3184326690084869
100 216.0224902943756 0.37487484084641387
100 216.2799651169965 0.756561731444602
100 216.1051356801887 0.13739794636484345
100 215.48416516087835 0.06414547224443294
100 215.33931244858462 0.07118186906209584
100 215.28258463041968 0.06611066717603399
100 215.24864716632868 0.06710276877488223
100 215.23263846682792 0.0695984706755408
100 215.22316413893316 0.07082119890535693
100 215.21927597148024 0.07132683161270702
100 215.21691013368064 0.07130714069127131
102 824.0876883274432 585.722012094514
102 801.3521240942375 563.1243744025683
102 779.3269121832797 540.7915898607251
102 757.3212322678828 516.842418486525
102 734.1534132088304 496.7867355986533
102 714.7244592558509 469.82255788624366
102 688.4967735617754 448.23096954419657
102 667.5091807956964 426.7191125783199
102 646.347110376748 399.5779997990145
102 620.0539587372481 375.60725192840704
102 596.3322901069162 353.2330723817023
102 574.3753223782951 332.7949674803077
102 554.6220842134256 304.4271109930152
102 526.8484594376264 281.49884206431165
102 504.4239216139576 258.81307583643706
102 482.34707697420794 233.69430590773678
102 457.6838674060391 212.55836483368597
102 436.9788107534443 188.15499407722535
102 413.1117899812315 164.7201220284744
102 390.5752004815183 69.68126237325981
102 295.7502051308894 53.29085220042099
102 279.655607010891 37.75648181305673
102 264.4717542223779 22.641342829901696
102 249.58727594903826 11.919722504375255
102 239.5215786801488 4.372814909238715
102 232.23965665801828 0.5708355107177698
102 228.68629506963194 0.13847009420145728
102 228.16062785483615 0.5927596532128782
102 227.83087382037812 0.41944551515965145
102 227.82230342446974 0.3313579686696321
102 227.12186504469307 0.06757275627468497
102 226.67324472728308 0.6846562266560716
102 226.6542402025204 0.2220580806906194
102 226.49609780277893 0.6528174222353148
102 226.26890668690208 0.08051149242145034
102 225.97699149812712 1.4443710417531954
102 226.40968679138302 0.02197660203965728
102 225.34095553536875 0.9401302670333173
102 225.7063806773736 0.23750534652140798
102 225.2810918572849 0.8903673061668032
102 225.26202596359664 0.0316370286003662
102 224.56954284841188 0.916163236913456
102 224.80407232238363 0.03177281820975011
102 224.38102871042847 1.0063044316792036
102 224.74805310741692 0.023481629277880157
102 224.02607423807052 0.9146435177045894
102 224.25079389050575 0.2583736427836548
102 223.89422047221674 0.6748606274969213
102 223.65234340899192 0.1557931491999603
102 223.30298140884028 0.9825820338740165
102 223.4194964663022 0.232546267949854
102 222.99832459485017 0.8385874329093564
102 223.05440045180802 0.1863852777058564
102 222.7618797845257 1.2384757632415024
102 223.04351572345124 0.2094165284764129
102 222.36672209413177 0.9534942886217268
102 222.52460317679913 0.2572020578913997
102 222.15552874854976 0.8206675415892031
102 222.20609218435789 0.2799199442310468
102 221.9583649655635 0.11737114374584047
102 221.48886267398925 0.07091199698579131
102 221.3515187633574 0.06309411461681037
102 221.2799390606848 0.0647853519305973
102 221.24219195503107 0.06339596080913368
102 221.22493698289412 0.06386067626475421
102 221.21532490535643 0.06437675387899877
102 221.21043715467223 0.06474436332495162
102 221.20800297278484 0.06484166338308112
104 829.7280568518515 587.4213586823785
104 809.0803784904789 560.6515068179507
104 782.8241291015215 536.2456876022992
104 758.968026252863 513.5832815923491
104 736.6138684404069 491.823210992417
104 715.2737475989023 468.4788074035673
104 692.3037080377273 443.60350615430866
104 667.6825366649325 420.66952289563585
104 645.4187972989027 393.480369251431
104 618.7914887036694 370.5321370699744
104 596.4064038151304 341.6715585255226
104 568.2422387722698 322.3963758205639
104 549.5230914028162 304.3250439671907
104 531.9044371729848 284.7395497817296
104 512.6430115206313 261.5523309602308
104 489.8346936206132 234.10285312198687
104 462.9430927018091 219.18167580199153
104 448.23599762392433 196.66137594485767
104 426.36466310910714 169.7542420039544
104 399.89512278348764 97.21850358265803
104 328.27796040470525 50.435670714690815
104 281.8156291777158 36.10151815797908
104 268.12399909799865 20.247228555415745
104 252.815415095766 9.816294794837045
104 242.7926284189707 3.2430463441000272
104 236.86784726048705 0.7095886428949963
104 234.1934378031524 0.06494459551433525
104 233.58007154574133 0.49629278971495505
104 233.10929080001802 0.7491526474284278
104 233.7494667421222 0.286430871960073
104 232.83120208036638 0.19275999630696317
104 232.71059976661587 0.586038758374799
104 232.34285447302625 0.28554347284767223
104 232.2378012892159 0.5970038441767131
104 231.81179048336574 0.21387026522403535
104 231.73309646247745 0.2443573643931906
104 231.23365806576732 0.49643589306929936
104 231.60105982258344 0.334164941938187
104 231.03058392313204 0.9051973367437633
104 231.82354404072245 0.3095452032430812
104 230.70945463199476 0.3554565507458392
104 230.91401590604 0.6692940132444589
104 230.52662478427922 0.11511315759592235
104 230.11302671901765 0.8354984317717039
104 230.34131505206125 0.08668865718173527
104 229.95431640372726 1.114565667849016
104 230.37480209558285 0.07825890700920261
104 229.76569773525526 1.3000604506821913
104 230.27069390527805 0.04741420766247927
104 229.28160996215644 0.42061246687462417
104 228.95723167684292 0.3472003551320534
104 229.0099978060808 1.0016587109604573
104 229.0244870271402 0.24722549513937137
104 228.43727092019165 1.2136300580825523
104 228.6600238485242 0.37324974907050645
104 228.17016740071662 0.11148541649599228
104 227.70702616389414 0.1217283025807176
104 227.57029222684716 0.1358726117151249
104 227.50582878171707 0.13827297040948625
104 227.4702121999836 0.13640837392707741
104 227.45127363442322 0.13461535868138913
104 227.44247036146987 0.1345337550107007
104 227.4369189065398 0.13466893232504562
104 227.4344826403815 0.13440625257293987
106 835.9145395832377 587.020979706303
106 814.6765923438785 564.6987143579163
106 792.8174255912643 548.0993943602308
106 776.4205524729648 520.1162798437475
106 748.9579633143748 496.6846163340932
106 726.0341637057506 471.3172446577629
106 701.076727861526 445.0709722943924
106 675.4859834459426 423.42317408888607
106 654.3264136136803 402.37920209700076
106 633.7449757279895 384.4050826216328
106 615.9941567649156 360.2369891121304
106 592.5272694499661 331.1874399210568
106 564.0909238377869 308.12548535351647
106 541.4816968144362 287.9346217546996
106 521.805629614836 274.05574326858414
106 508.05979360288484 247.2256442134202
106 482.04413845908016 225.6586775796321
106 460.86390941965396 200.5305718403938
106 436.2896694285686 177.1672139940539
106 413.34675464505193 130.75918960057643
106 367.35968639103044 56.0723176435085
106 293.2102976017255 39.319458633515886
106 277.2630505407416 25.329648950901294
106 263.72571167595106 13.281973601417327
106 252.26461480495587 3.643009391988981
106 243.37784393649574 0.7744074253928428
106 240.7138637324636 0.4841136294196
106 240.48506396912063 0.8972481506577619
106 239.9997304951644 0.18540087200461206
106 239.15323541724533 0.312492839577751
106 238.56002699478447 0.12949029419114041
106 238.1874648242807 1.1209824698494093
106 238.40667972260385 0.1609364354117059
106 237.91562015852801 0.5609446330060075
106 237.7583565844192 0.1445535666567227
106 237.32822230474548 0.7846282760853787
106 237.49050342997603 0.22652052412988788
106 237.17336714005916 0.3390820453266855
106 236.78641594390606 0.8958724894449259
106 237.46920750799762 0.10598928899339223
106 236.03508153327306 0.1864031372982287
106 235.8812078981658 0.8632186745657981
106 235.97735686706574 0.07896801779693352
106 235.34889118118298 0.8327543796194167
106 235.47579997979645 0.13945956596024167
106 234.9934254953503 0.6073584480250896
106 234.92352705551394 0.248680911669365
106 234.75436711347197 0.3895476736220207
106 234.34922106459572 0.32396576895564055
106 234.47607357836836 0.33376844351256624
106 233.90750327923274 0.25746360559496867
106 233.81623769249939 1.0614564692862662
106 233.94269513876296 0.13522875549761165
106 233.57348534478382 0.6800386597520118
106 233.39864383634108 0.17598345605872695
106 233.25497649173258 1.0321559580575508
106 233.33342273157706 0.17099589441662388
106 232.91974897854908 0.6706025416320494
106 232.86275460801576 0.14706627943548325
106 232.53355694171742 0.400925651529506
106 232.28457929402637 0.21898626969258567
106 232.21155663658482 0.8835754906529345
106 232.28170636625518 0.32351603657727945
106 232.16247155306644 0.8026566172755641
106 231.85987041983873 0.11180044110861764
106 231.29734264574685 1.4507039601992422
106 231.87908208884735 0.22072274731062683
106 231.10150274357989 0.03802538984180114
106 230.64298700504187 0.08638126557506823
106 230.52114492653175 0.07653456291804782
106 230.46018008214767 0.070823268202897
106 230.43056678994537 0.07105819707451375
106 230.4119584364295 0.06838362181061883
106 230.40287184274717 0.0689634237412916
106 230.39914004881192 0.06891248985780364
106 230.39671533462737 0.06871124787091923
108 839.4559490260174 587.8337966572288
108 818.4923826462575 563.357131291804
108 794.2755645853588 538.8982580736989
108 770.379134994728 510.7169365745179
108 742.7703195790793 486.76777164628373
108 719.4074700435538 462.6544488844719
108 696.0017074249605 437.20076619522047
108 671.150227940359 409.7801344132889
108 644.392416174017 386.0879911583748
108 621.109799854961 363.86145465957975
108 599.3143167035753 341.08662240244007
108 577.0548550214528 316.0895391808083
108 552.5298166420611 291.1753895169999
108 528.1275578087884 269.74095399696864
108 507.1609098034749 247.2473412469367
108 485.30658026021206 218.37836375161237
108 457.0355502308578 195.7491718929694
108 435.01264946707073 173.61684781907138
108 413.56299032175286 72.88968229430549
108 313.4064903093 49.48190950191058
108 290.4654639774085 32.04737155539156
108 273.5098366138105 20.45848988973603
108 262.2544515837776 8.818327445243712
108 250.98232914801346 1.9027635583133535
108 244.57513080989628 0.13680409076287608
108 242.72693607886697 0.08846557318311032
108 242.21859517022781 0.9352280439277353
108 242.42645902956204 0.17592244865790369
108 241.83421719280958 0.45574737496019424
108 241.43462361018936 0.6861621974284052
108 241.80496074962718 0.3598181272937704
108 241.08650527651272 0.2808766912544718
108 241.06967905924017 0.5569555702855625
108 240.64242973309203 0.46671634935620926
108 240.78129850779652 0.702557558137933
108 240.4375817357969 0.12328367996382493
108 240.0041092726093 0.7841290424118087
108 239.9131903179159 0.3469550154173852
108 239.8607418917498 0.2537933490271758
108 239.45719029881496 0.7222655016735738
108 240.1022520806129 0.5330038350637043
108 239.25819930849846 0.3987795829132649
108 239.41303507575427 0.3546418669768547
108 238.92698553400945 0.7025374537922253
108 239.5889023668289 0.4848546303236613
108 238.8862945058698 0.6701143618057126
108 239.43144367622597 0.4293539480267803
108 238.383529093166 0.1058011525955566
108 238.09869978296427 0.4138997046381
108 237.72630567008997 0.13306707841161736
108 237.41680243782884 1.1723468338076946
108 237.80035049213933 0.25237212105108225
108 237.27165435004304 1.1482923442525568
108 237.46432938270982 0.049342820277578366
108 236.46957870845486 0.32442758331470933
108 236.13084318629987 0.46613362012730675
108 236.43570655000323 0.5238234612145314
108 235.843859027672 0.025998743153676146
108 235.45932572261148 0.059277834460592135
108 235.3452592166661 0.045911755500492396
108 235.26179251069414 0.04227058113509005
108 235.2248695109226 0.04256298035862874
108 235.2042679801796 0.04165955716576371
108 235.19742172047447 0.041865645699755
108 235.1928213822135 0.04118000260470556
108 235.1906977186064 0.04107990023852684
110 844.094551457563 586.9123022471956
110 822.5274045707581 561.278374608356
110 797.4595642003956 533.3545998071165
110 770.0643275911182 510.1249232234273
110 747.2621566879086 484.65652932795365
110 722.3004783177572 458.976047969033
110 697.2344546341451 435.4854922622509
110 674.1030538385306 409.5260800049072
110 648.5107396914468 387.9919436722212
110 627.3913839021932 365.1093982947584
110 605.1890705253513 348.35663689356534
110 588.8726154264771 327.5612199720235
110 568.5314146956737 304.85734619937864
110 546.2818426906872 281.64627600144155
110 523.4702921955732 256.5465534225453
110 498.9950083477956 239.39024694787705
110 482.1414059633024 220.25576443021944
110 463.1735059227303 197.18033360417218
110 440.6259564589833 172.71285199573992
110 416.7268504775498 153.68356351568303
110 398.21629505448186 56.66763295417194
110 301.7328022801317 37.98864163845004
110 283.70555441848893 23.057377318372207
110 269.461784210577 14.782285723124732
110 261.6830536063347 5.852595355238252
110 253.17311003196937 1.1695285766610768
110 249.04836265070728 0.23583111568767323
110 248.3245258507385 0.3472938914193235
110 247.24380190271236 0.07624572632833018
110 246.35862513392502 0.5000261747557561
110 245.91620039438945 0.08412277033549799
110 245.52729982891378 0.5310647869980762
110 245.37720306627395 0.12756589166025825
110 245.00323947844012 0.8199105831850986
110 244.98590726707448 0.25514305173050983
110 244.73884902064174 0.9756643832399714
110 244.87617071870403 0.09087563892119035
110 244.37060964768608 0.13497974618099637
110 243.89354450139118 0.14499893045016504
110 243.64285731661317 1.2340977628774064
110 244.04847994611745 0.05907678494839029
110 243.08637281714334 1.1307412573541222
110 243.5142601584461 0.06763019238151392
110 242.9647277000751 1.1791730387474235
110 243.49523361751275 0.26986285593621817
110 243.14762861372597 0.7933023843259542
110 242.89257719058958 0.5692368537468963
110 242.96296739721106 1.0565077536853629
110 242.62899579101446 0.24254584526690698
110 242.1201297300006 0.5160984999005935
110 241.84873712331728 0.16928214038033518
110 241.53020604229832 0.7536240801308285
110 241.45903452157577 0.26379038731577514
110 241.06990882186858 0.6903085551899218
110 241.07966833917712 0.19006400596026468
110 240.81284352716466 1.3559835588091218
110 241.383513216632 0.07654672219486518
110 240.33130023327533 0.13081695321533793
110 239.8751580998618 0.1091599578229813
110 239.45748681529838 1.49811392547188
110 240.24231416722256 0.05854324127007111
110 238.7910431286726 0.04447170069072937
110 238.23540722395586 0.13485975316659088
110 237.64502561090927 0.3483550264843754
110 237.8534992809421 0.5088648771869128
110 237.66692489809665 0.39849755642911744
110 237.75125672541927 0.24486099147457993
110 237.28088164380983 0.12401958107812011
110 237.2189435680882 0.055463596240885565
110 236.96196789934714 0.0541892998704229
110 236.88313041410333 0.0566573877790131
110 236.8430299236541 0.05702542702256998
110 236.82386542963454 0.059260780936999546
110 236.814466969357 0.059550585105426705
110 236.80903226729527 0.05953697639949589
110 236.80685621128964 0.05957652749094328
112 844.2882695072914 586.7545079803293
112 823.9731759827429 565.9111045875775
112 803.4227141947321 538.6022726052354
112 776.6168005382913 513.125148558673
112 751.5147286623048 488.9624450283803
112 727.6927298114122 469.9917694602917
112 709.0717686887044 442.85857873353154
112 682.4190468204248 415.91142631343337
112 655.9437308074914 390.0409426051077
112 630.6013333269698 362.6922370290986
112 603.8991229233272 342.0174582128466
112 583.6538490517362 321.79650678524797
112 563.7469967122338 295.42888365257977
112 537.9813027461305 274.4760348004305
112 517.3919023661717 250.59484496844365
112 494.0201832616842 228.07109047600085
112 471.8991190736977 206.68240225382385
112 450.9143894605011 186.10309284818214
112 430.7913213901363 138.92762371742276
112 383.94873297866286 63.72003265787704
112 309.1223653038666 48.62114336508651
112 294.64674063426577 35.55356405585545
112 281.7902383138369 21.43059196648457
112 268.1478416876412 11.549215190932859
112 258.70119440569454 4.247624158976193
112 251.78843785659026 0.6362065444991132
112 248.60267702219645 0.579559362397725
112 248.59209533017182 0.912753438065186
112 248.0678977797962 0.6151226718441917
112 247.98688794038043 0.6313695234279094
112 247.52481068627242 0.45507646052381284
112 247.46909239571593 0.9374371593444518
112 247.27181605178842 0.1756190030446003
112 246.9002504929715 0.6846635030130752
112 246.61635635763142 0.37389585446789464
112 246.5275793478163 0.3930653732777268
112 245.80183811347493 0.3559137519170702
112 245.89141365744172 0.3953644766138061
112 245.60498808187415 0.6958926340807192
112 246.20166073131736 0.3165242717127597
112 245.48060389344417 0.2897754674040439
112 245.47880686496512 0.6758755305185065
112 245.3051576717404 0.3792769832703382
112 245.44054711138006 0.7187964779973479
112 245.04626649511275 0.119990794037241
112 244.73452051565198 0.6970293216025784
112 244.69969184103547 0.13858493857865328
112 244.35591836887465 0.4099689434049839
112 244.1522160271278 0.4384234407296439
112 244.57489015517237 0.5678356830639263
112 244.2119039491617 0.3126520773786038
112 243.97454333383487 0.8375723132350582
112 244.0422210188204 0.1286810232602584
112 243.58179996771545 0.8554648591779602
112 243.63660406642387 0.14570581902240953
112 242.98838379411484 1.024638299011559
112 243.27163982456452 0.08597450819035385
112 242.73711076977844 1.0573984936118175
112 242.99610893714146 0.163448056901209
112 242.56170525931773 0.36625537951563714
112 242.26011524371825 0.7543522781640835
112 242.86602246478216 0.1282019630687226
112 241.79909729385733 0.36390387015031417
112 241.704277251687 0.5995760750675176
112 241.43203047001953 0.23758814596138458
112 241.24631383524124 0.3202809775623916
112 240.67247500333684 0.49993752590696233
112 240.97426500572942 0.4238367022224361
112 240.46228399527382 0.050557603588323494
112 240.16201821180616 0.08615405365239712
112 240.02686836557515 0.055406563920196335
112 239.97207876726947 0.05833104640035441
112 239.93328459167597 0.05920553156596562
112 239.91489079137648 0.06068840534121614
112 239.90596138752178 0.06058087550633889
112 239.90008406581893 0.06066053869619387
112 239.89817840831955 0.060541837024481626
114 848.7098544896797 591.147150072655
114 831.3845024073166 565.0238987287271
114 805.7785893087658 546.1855969731033
114 786.9605848361607 521.8091156056714
114 763.1113908125369 498.0873429296828
114 739.8784990961057 474.78085633012586
114 716.7762924160164 455.9806865914107
114 698.3274672689943 432.13147350580795
114 674.9160306171253 407.11577270317485
114 650.3590424846456 384.9487961907161
114 628.6529447594121 362.1822934720287
114 606.1801949662541 340.75120496304345
114 585.1060743465657 313.50870225150373
114 558.3357641333259 287.86355077919933
114 533.3069830273988 263.00713483703663
114 508.9734547489527 243.2044068900874
114 489.4487466394993 214.6837753530684
114 461.6162802544304 190.20871338193635
114 437.44184028443186 137.9807757085297
114 385.7929406785044 66.8928983823361
114 314.9955712583201 43.34613031372493
114 291.87355101310726 27.620368791161113
114 276.4259008989074 15.110234434510348
114 264.24263164363146 5.710325491039564
114 255.37627050531458 1.4918204609617254
114 251.44685918851224 0.42773741218009986
114 250.4107584443444 1.2630509176172515
114 250.42238094932048 0.5490315096856797
114 250.03672349138466 0.6714694204309906
114 249.6273036967133 0.9535691658019092
114 250.38659648167564 0.30863763002896055
114 249.28396385385207 0.25526262482014067
114 248.89641805376309 0.7850387254998618
114 248.83869134891435 0.1913857068353691
114 248.33971635134395 1.3243362223888053
114 249.02397673379568 0.14526451313499852
114 248.23240060989158 0.5222833336600347
114 247.933835748028 0.7060149615755469
114 248.24522231626193 0.45139420403556063
114 247.58962387802828 0.3460501207651252
114 247.53922077974175 0.6155681079190114
114 247.1860624411109 0.6234757802190894
114 247.5163451883319 0.39206872447588265
114 246.8263400719455 0.12618765159492823
114 246.36261852121044 1.2748255111567954
114 246.88366173228357 0.2857086085483693
114 246.2789550122601 0.8673306375157294
114 246.33557318211072 0.4500012137015795
114 246.29750419989642 0.9483852371942593
114 246.12419201569273 0.2750488106146702
114 245.70507272807635 0.35492228060359193
114 245.18029174423722 0.18130222914449431
114 244.91937714682624 1.7847084256520687
114 245.89475590178353 0.09112917681211352
114 244.5098648601148 0.5370036000830474
114 244.40259455651247 0.5658884060383061
114 244.80616843607373 0.7330061824748129
114 244.30439210756202 0.7766996552491312
114 244.5874886379163 0.26204400192339544
114 243.6271435926824 0.0890673798843709
114 243.37340872611216 0.12427097800214253
114 243.27609513690024 0.09935928567745
114 243.20643180323572 0.09318807365815258
114 243.1715628859119 0.09284355742024912
114 243.1542574247754 0.09255563042337998
114 243.1444720675052 0.09216099044056109
114 243.13987428460027 0.09212862019485327
114 243.13774406161352 0.09247026268629405
116 851.7812100486447 586.0216086470849
116 829.6953213471957 562.2460545690977
116 806.2331343131482 542.2402813498773
116 786.3971033675572 518.7292653857778
116 763.5936922629662 497.6800763079314
116 743.074826137707 475.34138755558786
116 721.1175395279275 453.34738114566346
116 699.4441590780351 427.83778249379174
116 674.5148985004334 403.01991483384427
116 650.3489686615342 378.41970912341424
116 626.0827400097601 352.71712079493864
116 600.849438091672 324.74537702264826
116 573.3204848337823 298.262664531257
116 547.4826367045225 279.40576707496945
116 528.6379464837821 255.3166878688251
116 505.05132508225415 229.26113348122
116 479.642920385887 208.09942214243148
116 459.2255122179813 185.35246784525006
116 437.0744131614223 163.28819260212236
116 415.3836719603012 63.403554015873766
116 316.2492108789425 46.1820864199974
116 299.5800100355168 28.252796167929247
116 282.4716902476207 14.874288268933974
116 269.6406418890477 7.02319278575289
116 262.32431802034847 1.456929612559503
116 256.80657839236636 0.16191192798195408
116 255.37559518509138 0.594408211987363
116 254.95872039983232 0.09368789491081228
116 253.92383229403805 0.8535993730177526
116 253.67223151565307 0.46684737403384163
116 253.4858856578352 0.9531447207839325
116 253.31559835720492 0.20197497472826043
116 252.63171617344508 1.460593271188145
116 252.9834100371316 0.26199174292569194
116 252.1935940034593 1.1354948644762535
116 252.34842667193618 0.18220533912531534
116 251.51241703278174 0.6140461104476725
116 251.24048052888304 0.15797929576414305
116 250.90240388016306 0.9602361267595323
116 251.08808514780802 0.1357230913631303
116 250.51170452005337 0.6684121531251698
116 250.56964529547426 0.17630004366070598
116 250.13567669228922 0.6736489229133107
116 250.00365293203737 0.0903121217547527
116 249.68663499846213 1.2097637663410372
116 250.22727579584682 0.12056884317516665
116 249.27598320077954 0.6214418613387376
116 249.15871939674656 0.9526710449007609
116 249.9801138237776 0.5459256679609652
116 248.98727368964003 0.38933947333687446
116 249.07017435690815 0.7560614925703979
116 248.9915121623271 0.28559268710035063
116 248.67994426650733 0.8921548456099735
116 248.67046076939698 0.22205702305134736
116 248.30880849161304 0.6703135374193778
116 248.12354961301423 0.1559296215175287
116 247.70475976179333 1.236707233170823
116 248.13444546982134 0.11219267810885217
116 247.1469114990853 1.128884112136237
116 247.62287484703583 0.25274050027218936
116 246.97180617843486 1.462233739258283
116 247.53963345378997 0.16397705040841107
116 246.35543023770032 0.06832339514328799
116 246.0405733447286 0.061727788523875976
116 245.90256555771379 0.0715351275022552
116 245.82382063398566 0.07210567829199994
116 245.78932157621065 0.07511778543265299
116 245.77149713116972 0.07410517458540447
116 245.76348457822206 0.07445650846854963
116 245.75859707052516 0.0749878846138797
116 245.75678792627204 0.07505376060228341
118 853.9838105751514 588.2858088222687
118 834.5039142375549 567.1648554747754
118 813.9416661239425 544.853364443254
118 791.931241780023 522.2360547159855
118 769.707781348167 500.91618239328284
118 748.7716639181428 478.9623600036541
118 727.1733160192082 462.1883173739616
118 710.7574788882338 436.1411983563168
118 685.2868043104662 414.71971982114826
118 664.4023657899941 388.2929920974032
118 638.4805712917525 365.68184482208113
118 616.5189358356608 336.36893440092575
118 587.6810765610721 308.323676397102
118 560.3011937568369 285.57028847928655
118 537.7018800389716 257.7211528371737
118 510.5225746419136 230.94152473256415
118 484.0666822433619 211.83792793644017
118 465.5181992082794 183.3238901238654
118 437.7059675901171 158.84935124759858
118 413.93113054613946 59.363706200337006
118 314.96916834542554 39.24156718879035
118 295.2367974598962 26.669974719635604
118 282.9956491213566 12.193484249586998
118 268.7264160628747 4.493312845125531
118 261.5032184915281 0.807675933794757
118 257.8068456045236 0.28587558482743614
118 257.33546459434024 0.5329926925334896
118 256.68919399463965 0.6115685738112245
118 257.09383929522266 0.44789945505168166
118 256.4074387479876 0.32052939646332057
118 256.04290349065826 0.32856698998127304
118 255.40585057884795 0.18998920989566903
118 255.0471681698724 0.852148604331926
118 254.9450489846662 0.6158683478699551
118 255.11437043528858 0.3284005286127725
118 254.46093453057227 0.1555351837978014
118 254.28285381622845 0.9751778123906386
118 254.53953345638416 0.20631182077680232
118 253.94616322842677 0.6583424615232856
118 253.78757914487824 0.22511708033495348
118 253.45259817746788 0.5996568467280294
118 253.3066128297538 0.5794073571772851
118 253.37943780423635 0.44375895038636226
118 252.7597831342165 0.7545774058755155
118 253.26672305257762 0.15290037566707432
118 252.32397377906992 0.18130071878962972
118 251.97235638458986 0.5760288973904237
118 251.67698196617258 0.43910351842272827
118 251.81615843263475 0.4528984933382644
118 251.47206357747805 0.6739595257455155
118 251.9652307149256 0.09943521479738768
118 250.95227951651708 0.04148682722406642
118 250.3436212585044 1.1246620153756106
118 250.62054009405824 0.04952411630573389
118 249.76219840986718 0.32653357277625056
118 249.33453127338927 0.2945362548890269
118 249.3905808350878 0.8499938048138574
118 249.54796174588378 0.2782739236155475
118 249.17182342435424 0.13463943416252364
118 248.7700273633592 0.11991790161881025
118 248.58359706892935 0.10273405806253391
118 248.5209931198889 0.10525678173620223
118 248.48507268217347 0.10731478384663379
118 248.46646014148112 0.1084197385754459
118 248.45631220740066 0.10906312311365891
118 248.45187447435322 0.10905937277512345
118 248.44960818165342 0.10926469063467814
120 856.3364925661601 581.7095182419107
120 830.5463145196541 558.5266130054146
120 807.5444263376296 535.3241502205219
120 784.6732435845488 517.651252357032
120 767.4459998170696 493.5434125018312
120 743.8643963428863 468.6674789760681
120 719.514546708225 447.3742218395316
120 698.6357032544493 425.55528861200287
120 677.2299147456505 412.90342638245164
120 664.9241564441265 384.7669025411826
120 637.2932248803277 367.5481378083733
120 620.3036092965383 346.47641765423344
120 599.6979074334828 325.9161905158869
120 579.75201075711 300.7433104687518
120 555.0419914011775 275.95513432445705
120 530.6691227378063 253.226297321425
120 508.6081268233156 232.44388752068576
120 488.29280740191086 206.88446379473868
120 463.60558629664916 177.36761056698526
120 434.8537368011856 129.02729206849475
120 387.3195820394519 57.70534403728405
120 316.0957526890968 41.81185565189002
120 300.6700335748502 25.935546407062212
120 285.63864405933344 12.364167766604275
120 272.74258197592997 5.439192245068579
120 266.09417040947 1.3839308280504063
120 261.9530527937943 0.352211827281231
120 260.42384761757484 0.3288075974834762
120 259.76883344188025 0.7004188483480823
120 259.31614752463304 0.5514445859725455
120 259.2820496182318 0.2526188476645804
120 258.42085662446243 0.350761112214802
120 258.1400002926747 0.6086185497700115
120 257.68388568993896 0.27349387752818494
120 257.4405124873735 0.5042934695315094
120 256.9886325226617 0.4074216818933901
120 257.0465652464811 0.7446438209421624
120 256.78039275796203 0.2613341122184152
120 256.5667771803562 0.8342115558281662
120 256.4347652788456 0.6216944556819486
120 256.5645626456634 0.8067248553725708
120 256.13576569000077 0.10967926418383497
120 255.8430599377144 0.43712260632055144
120 255.55691034472835 0.44879716082548576
120 255.7263465505561 0.32175866760330424
120 254.9564849652508 0.5680403573223596
120 255.32212215568765 0.6411386362304325
120 254.84520264151507 0.35939601029200174
120 254.7502239685603 1.027482000577359
120 254.83124412291338 0.20343498279922945
120 254.30237577856175 0.7097112245920543
120 254.18406251553125 0.7920072679247019
120 254.62615253960732 0.312192056472911
120 253.5328026003019 0.4602768863525259
120 253.69741021948101 0.42967195694473204
120 253.05197022196225 1.1261073021109098
120 254.01752743088562 0.12032715658718145
120 252.4969204175867 0.2746831245238022
120 252.5144367174012 0.6390907647001411
120 252.37850574841963 0.21110048774364737
120 252.38522728072803 0.8547995638264135
120 252.43397960948317 0.17950160093693593
120 251.85847354387317 0.061404065003298904
120 251.7023959234757 0.0655873796699505
120 251.6198063055013 0.07059315906724148
120 251.58757200547865 0.0725460873434877
120 251.5719761631434 0.07234980632401868
120 251.5623944104137 0.07243377031121649
120 251.55808848895455 0.07216801619973018
120 251.5556269886623 0.07203392289391915
122 859.9926861587437 580.0321145474263
122 832.1160833471852 559.9273749527533
122 812.1451031130854 533.2395344826435
122 785.9782660111296 513.2156938215071
122 766.3681682124331 494.53587416552034
122 748.0624304850031 471.82356762279994
122 725.7409678984377 446.19387955862953
122 700.8038285659488 418.2972034343613
122 673.4250200049606 397.5781576378612
122 653.2349616922555 377.2554944895523
122 633.099199609128 350.9803990139715
122 607.2147258366153 327.1175244587798
122 583.782259907133 299.64365068987365
122 556.7906127522646 274.5206180576054
122 532.001252254097 253.59793194886348
122 511.2821712581708 228.58581047271454
122 486.6740551987732 206.3553735612711
122 464.9707407176161 188.86522853350795
122 447.95984688934846 163.6939800561965
122 423.3379438344775 91.20518673857971
122 351.3979997877645 44.65222637835096
122 305.5138685663186 30.348673694864907
122 291.37319794581623 16.571876660875063
122 277.9191246761827 9.061013644801283
122 270.4592912414337 2.6884567431209816
122 264.73350012809846 0.5323043709781052
122 262.61007884628845 0.45217154565270573
122 262.1493402845441 0.7792993157699077
122 261.6611226873966 0.5477873945532898
122 261.4158922789699 0.48010641666777687
122 260.8224870132266 0.9316942024626542
122 261.2071586262802 0.6546833205310006
122 260.3886065826929 0.433434513146416
122 260.07927240788064 1.0688561200256492
122 260.04619564118195 0.23740989171028143
122 259.43772578199776 0.6273902206536358
122 259.18739846490485 0.42250042924070125
122 259.0153088175898 1.049605414745221
122 259.0074633474007 0.23673551772918847
122 258.41334307901076 0.6720136489488819
122 258.3855237611207 0.4621438842557125
122 258.50544894534033 0.6389859105570191
122 258.1906276099714 0.2840763702726392
122 257.8983750258373 0.7700260910648375
122 257.78506557214223 0.5878851723964009
122 257.79993699980713 0.41214525581974487
122 257.1070014195384 0.1509053641960303
122 256.61995332726667 0.3593218075220724
122 256.2992953475243 0.7119009476470985
122 256.76484942438003 0.3305879461469278
122 255.95756382185112 0.45532081712724815
122 256.01925355176905 0.2547147577506815
122 255.4711227598912 0.37073153216485494
122 255.38652410207177 0.47595804859180296
122 254.8483740087951 0.3118846933228195
122 254.88029768665032 0.9947016460256064
122 255.04478006596065 0.377355808801648
122 254.74044503951347 0.38881508254510816
122 254.26441887710885 0.10044205826240328
122 254.06127707453817 1.1055714111557369
122 254.51181811237547 0.3111081680440861
122 254.03307183417888 0.36122673252408466
122 253.61351617514595 0.2940412057926317
122 253.77925460432957 1.2689539951687656
122 254.27327956013409 0.047485212173780364
122 253.10054179218565 0.06953530119137045
122 252.77155994418138 0.0435660481373127
122 252.64501157354943 0.0588184054244365
122 252.58159713148092 0.06605824352621191
122 252.53937917793417 0.06815802301989816
122 252.52395306876176 0.07030259804195357
122 252.51538768762236 0.07034331476006336
122 252.51017213313276 0.06955602174466297
122 252.50828795068105 0.06947825786795975
124 861.338230301296 582.1325428862823
124 835.1974533790446 559.4330361707489
124 812.8443796192811 538.9005321280661
124 792.7759425680894 510.40375624621163
124 764.7365734166053 488.3250791143379
124 742.931835850643 457.5282551289251
124 712.7811677411966 430.45762486143775
124 686.2107310551219 402.9122610580327
124 658.8894552876416 378.78268562426155
124 635.2289731384581 360.876417720597
124 617.4756106808908 336.74763893944527
124 593.9605994305643 310.534440270287
124 568.1085900433527 281.9862221386349
124 540.0019417284839 257.50380334217834
124 515.8135768073023 231.73042721258864
124 490.4677235240524 209.60645138783156
124 468.65148551991973 184.02626535880316
124 443.6852701245225 160.15228465030785
124 420.2786810992533 61.216302606927925
124 321.55622336641943 40.83944515089388
124 301.65279403492866 25.45119791029779
124 286.69103135400576 12.2879374137903
124 274.2188300957561 5.068000821506303
124 267.0760497815345 0.6535980685743834
124 263.2760121868611 0.3442292320931336
124 262.68084132183697 1.0950045193662206
124 262.40044004608285 0.2589434826166481
124 261.681727184361 0.3761092546464598
124 260.870755226007 0.4594420620998273
124 260.8160313620319 0.6576800925848953
124 260.5060718723338 0.8031643706407032
124 260.9334416991686 0.4331346143975691
124 260.1377550943866 0.20490490217388024
124 259.80024752894764 0.8098759878882228
124 259.6659822764758 0.2793855007530781
124 259.2530982315965 1.4301584026192422
124 259.83209705612444 0.13846782114124037
124 258.80956920661527 0.777753147479632
124 258.80171828150577 0.2367147033457377
124 258.51257052572316 0.4844103190144878
124 258.4067713312265 0.3754962926480171
124 258.3236712515381 0.4584906257576557
124 257.92457420534356 0.27330658472116776
124 257.783140480295 0.6651743400805417
124 257.6743767057085 0.2723757535530314
124 257.55484763039857 0.803252782984818
124 257.47022118813527 0.06848871544717702
124 256.8038865615966 0.4807782024622722
124 256.6126472600706 0.5020054166045648
124 256.81422986541094 0.4729827047328604
124 256.3221504202526 0.2281547947021624
124 256.2729030795382 0.9180724656707805
124 256.4894297175344 0.3392606098873912
124 256.2066019141294 0.2833312911239762
124 255.85582488096742 0.8969036044339567
124 256.5678727497257 0.13491954867931644
124 255.30970391967526 0.24295099112627444
124 255.22463326303065 0.6892732537600208
124 255.07066578760922 0.48509107204999835
124 255.0539172803549 0.2509563988492943
124 254.39333030612215 0.3291102093862822
124 254.30839738089512 0.7348947343253824
124 254.1500646364983 0.7978042263624108
124 254.60629622248442 0.40158151283977506
124 253.66228864528358 0.1505452468894745
124 253.3690129835033 0.5133810322448857
124 253.28889276144878 0.4976058731116031
124 253.52130968244148 0.3663705690665437
124 253.04857611349 0.5024846138751347
124 253.22430181119853 0.1987677073783808
124 252.58624033192282 0.4834003666936249
124 252.8548644521178 0.5515217638317502
124 252.55026171211173 0.6803093961589239
124 252.98596005841156 0.37665572164876426
124 252.3937558839926 0.034206359233992956
124 252.0018767120822 0.040141267295713226
124 251.8682084922721 0.0327206149209799
124 251.79293973277427 0.029603610535682973
124 251.75824605571947 0.03193608149245313
124 251.74000898594673 0.031796834809456366
124 251.73141149889264 0.03220806214137065
124 251.72740743208308 0.032069611605657966
124 251.72497744055588 0.03213969532629862
126 860.0277801719277 590.7010099101218
126 842.6365328668568 563.5476788265526
126 815.9732797615729 538.0202847228155
126 790.9124980704489 512.3324685070818
126 765.6800480714658 490.8448625016781
126 744.574850219277 471.2747837101805
126 725.0762428310247 451.1041965202889
126 705.168292368034 431.1079309888188
126 685.5444392209516 405.257928935927
126 660.0537344846523 381.0441843062939
126 636.2216262812408 362.70417169705024
126 618.3349450023971 341.798392227215
126 597.8898155598406 319.4932340210777
126 575.8803294242773 298.2520101842079
126 555.0806789527999 277.1476138305395
126 534.1491845663295 253.970127856733
126 511.4208145976479 234.97804141655587
126 492.631538210266 212.1139509058323
126 470.06260695525066 182.74021452108659
126 441.2428826878494 129.21949431646522
126 388.19532205499223 54.70682337082437
126 314.14261098306247 35.19859600081321
126 294.95033823226714 21.80008770019368
126 281.8564217476634 9.651154088458556
126 270.1842134372497 2.4586493006399426
126 263.4423884761335 0.15855845974480567
126 261.3529631211048 0.034051163469373986
126 260.24046476456846 0.24384157108370574
126 259.4791053935753 0.42577181197634634
126 259.40792079290304 0.6875166784703173
126 259.1725015536883 0.4750916174655611
126 259.3297903057696 0.273028175619771
126 258.7664833650852 0.7753861735090442
126 259.4027563897566 0.38021120560500554
126 258.73554972985903 0.6947593364920577
126 259.1504542562583 0.204960699182002
126 258.18244667834006 0.5315617471546521
126 258.37446282851005 0.3361624264019196
126 257.9004944496717 0.5264944223345043
126 257.95588758683385 0.42864503572905416
126 257.5605409435922 0.2749794676470368
126 257.42366504239567 0.9905021154237398
126 257.5167386506694 0.13459874882031492
126 256.6906394536983 0.6227547230861163
126 256.699722695782 0.2739770181345819
126 256.59159288018645 0.7974389862684037
126 256.52631730570715 0.27314374934342844
126 256.2656994428058 0.4332078972257204
126 255.9131177898106 0.2797200258512208
126 255.6952907478266 1.1295569254081603
126 256.0788619378106 0.18002215368824398
126 255.3672373486173 1.1558659164992386
126 255.66767443357895 0.16870826089717345
126 254.86410226143485 0.7203716929486311
126 254.76205797833148 0.4445772623731461
126 254.53006973236492 1.0148117299093231
126 254.57584783786592 0.15408788071585275
126 253.94561669026157 0.3030791216133858
126 253.70722913971287 0.13137177960590152
126 253.5531256601649 0.10293778827742449
126 253.49386824227125 0.1010765582369881
126 253.4545289460895 0.09724341662108468
126 253.43731735434062 0.09782424682074266
126 253.427332840926 0.09759015729538453
126 253.42299041256706 0.0976406825103184
126 253.42041352339646 0.09749491141470273
128 861.2817506519747 581.1147250114911
128 834.9095665819082 555.0076443054696
128 809.281042134984 528.4995680557936
128 783.1321214047315 504.16093320690084
128 759.1069160142853 478.1797045513181
128 733.3917153821171 452.13546532170574
128 707.8070151330224 427.97352730842726
128 684.0021966155538 402.0011918844757
128 658.5608161720943 381.51781705283884
128 638.3125066514351 360.26171020044467
128 617.5424175679593 335.67308620460426
128 593.149345984047 312.6869540054744
128 570.7460174963026 288.0532727265406
128 546.7277563765632 270.07411969751206
128 529.1545262449872 246.8519010458814
128 506.2448749695702 220.70804711861405
128 480.63763221435494 194.58580251090262
128 455.11329202287743 170.54951521588313
128 431.49890861458084 126.94126435901626
128 388.09995711516814 58.676940363869996
128 320.1312088268328 38.183986318352005
128 299.9008313289665 22.36248676816328
128 284.48187572272104 11.078403468620449
128 273.7804087208429 3.4918554389677583
128 266.6514713419248 0.6556148345807424
128 264.08686363750405 0.10015155040227192
128 262.75554734836624 0.2502688042958575
128 261.9249750454748 0.7572813109362899
128 262.4184420858004 0.19044881687350607
128 261.32669807850027 0.3498653508831746
128 261.35267376203774 0.7006328497455966
128 261.1488332434906 0.26944208505167455
128 261.0748310051633 0.5286284687575011
128 260.9267703601698 0.24968522031731274
128 260.769722702752 0.654069921621282
128 260.6259819284307 0.27053756445164817
128 260.4286818230299 0.7157128211051204
128 260.361527413762 0.6953889330403653
128 260.73039779890087 0.2950476517198677
128 259.69895085587893 0.29674181475766115
128 259.82772512582784 0.6566426915824525
128 259.711842745316 0.17455085040210602
128 259.2154215361107 0.5428873352187122
128 259.06405399870465 0.38980150661116725
128 259.1341455533309 0.6106863340830153
128 258.86500148010856 0.3829359462482592
128 258.669669494319 0.26674560545874176
128 258.2447811245286 0.14803028580666727
128 258.03276946722207 0.7231173266475398
128 258.2121013053129 0.048775073842288255
128 257.6304216357982 0.5406104190547795
128 257.63464593715395 0.3078312469909583
128 257.56466816472255 0.24431999721427647
128 257.1992216634889 0.900821432175383
128 257.9529400585271 0.16494983251681655
128 256.99847147334765 0.8671251766104694
128 257.69959081583323 0.38587806362431315
128 256.78290478404017 0.32337294767244085
128 256.679934411819 0.8061236323081562
128 256.70667370249066 0.21557653989615377
128 256.37607490011635 0.1982908479339327
128 256.1088234392572 0.0828799827126255
128 255.94789015355533 0.08023645125497923
128 255.86885244115717 0.07740824489982526
128 255.8298655131207 0.07893869183281658
128 255.80959287161735 0.07914952832974269
128 255.79856071519853 0.07935089170948473
128 255.79463266641238 0.07939881978741205
128 255.79204164888813 0.07936061832402962
130 863.7502838345749 581.7553636357187
130 837.7361930905121 560.6430744668178
130 816.9738703518112 535.4275774522055
130 791.9298172386987 510.75936293556225
130 767.734662005101 485.8326447868433
130 743.1045747338234 460.24566671182936
130 717.9912592065255 433.512701042873
130 691.6732797515625 408.0210412892105
130 666.5843682154764 381.37557531350956
130 640.3611163197351 358.68957853265823
130 617.9747974249958 333.71924922954486
130 593.5257347370969 308.42540952613626
130 568.5915383734539 286.83788988809187
130 547.2818003593746 265.099980391088
130 525.7087494780312 240.43290862739042
130 501.56244201376484 215.86982260365153
130 477.31740903610637 192.27392745851057
130 453.81564170980374 164.10877564829508
130 426.04675930313664 66.94546118138648
130 329.5203072491771 42.30265661284493
130 305.14731086109924 26.552651872809196
130 289.4474134761643 14.022534444714177
130 277.1941514875313 6.291092094902772
130 269.71074578114343 1.0180337430104112
130 264.9869910986876 0.3390642278307406
130 264.4259529797136 0.6196874021129033
130 263.9920649082751 0.37558505329303293
130 263.79158364838656 0.8744469777824937
130 263.78897679274957 0.1196402763412319
130 263.2482841527319 1.0220970147024482
130 263.58034799722776 0.20007840179312852
130 262.7885261122687 0.9682543229842571
130 262.8851205546853 0.1501891192645008
130 262.13373629141864 0.9788660048321882
130 262.2767373972997 0.45668987439384096
130 262.01870760400794 0.682795103293041
130 261.7353694051775 0.502013920105461
130 261.6963815129313 0.6998524748969721
130 261.53371196246104 0.4510195837509529
130 261.46788478989515 0.9348431533181139
130 261.52601060313015 0.45796896364231177
130 261.4943427286339 1.0593457083650168
130 261.69649650326664 0.12405064474801425
130 260.59841182300795 0.2638981816641078
130 260.12128064228574 0.6956125073818379
130 260.6870287288899 0.07646087394590292
130 259.8561456471678 0.11198170061836824
130 259.43244492640747 0.15049574174045036
130 259.17015758962856 0.6463103089870651
130 259.14740976629633 0.08583487857924382
130 258.7236227382729 1.2295032299076367
130 259.21727106594517 0.030433641387020906
130 258.2792440916957 0.7578562663342742
130 258.41014223208316 0.3477021675779204
130 258.34634180710765 0.4056663534310347
130 258.12722537108937 0.28434216495451914
130 257.98017391316716 0.581911620359297
130 258.01929521713333 0.2998904209366325
130 257.95199995183094 0.34486241090021014
130 257.565746885771 0.8100783605110864
130 258.087090891078 0.3508684188253203
130 257.1338058764323 0.0611076582773908
130 256.8911628439028 0.04319359394592185
130 256.7089531693126 0.05264167493471998
130 256.6384044524042 0.05609646699339636
130 256.6024042273598 0.05651782664098921
130 256.5842099784884 0.05669979474305676
130 256.5748894798429 0.056410040375404494
130 256.5706219994638 0.05652888750782032
130 256.5684767821709 0.056481642710899005
132 864.5096756908816 585.1291635152811
132 842.0277079140642 561.0105852386815
132 818.4330770663476 537.1091087549895
132 794.9167262624911 514.748338441744
132 772.9046842655872 491.14588932328337
132 749.6689923464132 464.31198373510847
132 723.2954928271008 438.936206981908
132 698.4007036499389 409.8189800808316
132 669.8794725101044 383.68975656581483
132 644.0025762953986 360.91940629750405
132 621.541790903128 332.588330382988
132 593.7604893033983 307.909680173486
132 569.410374442789 283.6829562565457
132 545.763392728268 258.282333495059
132 520.7875377752339 230.159882255343
132 492.82659482329956 202.56919097787485
132 465.83441224063495 177.93426710195791
132 441.98537070308754 129.71614082191024
132 394.7422592116768 55.634924848846616
132 321.04750087376993 41.02867846300739
132 306.79219567830546 25.752598604082795
132 292.0734330350166 13.738267350136637
132 280.7003259603714 6.11401178245424
132 273.3745270619649 1.0537743274421698
132 268.59186303617196 0.22251511331912857
132 267.4916114678198 0.40481512224225774
132 266.2902190694934 0.15701976852781216
132 265.2267852359033 0.5473635538412499
132 264.83050776986704 0.4107025775162782
132 264.62804569310305 0.43269901392166754
132 264.2397276930261 0.8081063783759546
132 264.78188672933186 0.2813041436192807
132 263.7715828162353 0.14998514538381047
132 263.3867024596029 0.6498602948306024
132 263.5514238974653 0.18324411887321018
132 263.173496892698 0.42642531703776493
132 262.94066823286875 0.1663021522784248
132 262.77281707649985 0.14982793236514638
132 262.4334938151765 0.7422608735108964
132 262.9707688621494 0.40120396597735714
132 262.2277357796252 0.6831571321260337
132 262.7176231089371 0.2920679269233152
132 261.87657258333036 0.3398050340753035
132 261.83863477543287 0.5786720383557404
132 261.60938076979403 0.5905271150535423
132 261.77014928162964 0.6650494334634466
132 261.40344827108976 0.7923218349510495
132 261.8110508500137 0.17069700237986302
132 260.8622257777691 0.3541088336951936
132 261.00711419475016 0.5658347567689967
132 260.67996760117165 0.586801307238004
132 260.92604737699395 0.09154313699908416
132 260.09169228468556 0.2696970936917191
132 260.020932604218 0.7673584674989165
132 260.20466362117855 0.8417451988616895
132 260.417955490908 0.19877842178104682
132 259.4692609490279 0.12984262161233426
132 259.35235636345334 0.07389282397681925
132 259.1393950359159 0.07835386252630962
132 259.05971981614994 0.07523687372065829
132 259.02854321851737 0.07487463951560477
132 259.017493643281 0.07469039831525026
132 259.00884498706745 0.0749355997493122
132 259.00426154739296 0.07488338197110583
132 259.00207212315485 0.07481572097086814
134 866.2446938289434 581.004542188519
134 840.2160759256808 556.7741392614533
134 816.3743987813574 533.0835414136792
134 792.9477167760006 510.42836053094345
134 770.6731552992654 485.939776945643
134 746.5427578117319 462.995608596224
134 724.0035690508164 436.27214390803863
134 697.7834009200947 414.28312130291636
134 676.1485230617043 389.8088543633227
134 652.1199303102227 366.52474961301306
134 629.1266035389664 341.78530860301316
134 604.6532452990522 319.1629338316204
134 582.4680695266898 295.3246839886736
134 559.0805193245151 268.74909240452104
134 532.9646542927255 244.96018525490996
134 509.85887963893765 216.1277686935903
134 481.2998732712407 193.44697378570254
134 458.9453424896512 172.86116633844495
134 438.72829107300925 95.13540095838775
134 361.535326466023 47.89010663378036
134 315.03312454738125 29.792686123772782
134 297.44800261723753 17.029163973153437
134 284.9832778280157 8.479711066835966
134 276.44799964151434 2.9221961395035265
134 270.92582157515227 0.3941713642035406
134 268.57085912094 0.09163049233978199
134 267.6737323852643 0.303401252239323
134 266.8912519536945 0.5045561894819347
134 267.0222724895762 0.5591497169223938
134 266.3452790788012 0.3955039393982557
134 266.2662463664298 0.2425061619085012
134 265.4783631685168 0.10605244986697476
134 265.05384013292775 0.5335238017328896
134 264.95141009154617 0.5806239272333871
134 265.19040578109855 0.6646671620321747
134 264.75855911176336 0.7976384273415302
134 265.08888146129755 0.290080291251216
134 264.04685663431746 0.6354891630668962
134 264.4210336064207 0.42623741428571144
134 263.74418958148425 0.23031792317532052
134 263.5633901757704 0.5650121803569703
134 263.5193201456993 0.3465074998570541
134 263.4016741736538 0.3451283297757999
134 263.007374619809 0.4883801299092645
134 263.29023103487344 0.21944499281873425
134 262.5447627402927 0.36056058756204545
134 262.55327324646606 0.6466545375898526
134 262.5699003274121 0.10401025716616852
134 262.0611289321857 1.2061835014723732
134 262.80757189274243 0.055035190405687336
134 261.72658583358134 0.1416032090711239
134 261.24432198937 0.8820923551688158
134 261.9859220956369 0.21423655415388942
134 260.9583376108388 0.8566982129080085
134 261.51565090501083 0.18033649697369183
134 260.4811774549432 0.18491835691854835
134 260.36816396882955 0.0831642314670101
134 260.1563910974544 0.0787162244829127
134 260.07146329989916 0.07490662182877376
134 260.04169756223985 0.07489481288973512
134 260.02305373455175 0.0754314223358173
134 260.01518788650196 0.07510968927529002
134 260.0099466566772 0.07515557067316693
134 260.0075967787247 0.07504666777140143
136 867.7273631612106 585.1699206100781
136 845.3757232098917 555.9568676941251
136 816.6026617149987 530.9082826639644
136 791.9256074551158 504.66117352510946
136 766.1196362612961 478.86687604072665
136 740.6351894494139 456.73958925226407
136 718.8723443016677 432.64822891275753
136 695.1189117227837 412.7310901044723
136 675.3986617185301 397.36154597159293
136 660.2652108333427 371.5160072467794
136 634.9697863465512 349.61726079598907
136 613.4390163360735 328.2951985405247
136 592.4741952922623 300.50751207151285
136 565.1046941190527 273.25603015769804
136 538.3184089971062 254.43150239129687
136 519.7946876324472 225.65304273379994
136 491.5472793020821 200.11136291227638
136 466.56059008851906 177.25223640919552
136 443.783895493784 154.14714459403012
136 421.45254256544087 57.56998457852275
136 325.4291733002843 35.63930591293521
136 303.87341733131353 18.876258302286683
136 287.5011632102174 7.844507176266294
136 276.8250989623872 2.184200826642675
136 271.5981886380943 0.024392999633143907
136 269.54940703573095 0.14244396504722162
136 268.15379574827693 0.1292580584230836
136 267.518898904734 0.5018802716116431
136 267.1551420728088 0.4714719389642631
136 267.3635346192991 0.09043270311713608
136 266.4455752379639 0.9480538247654553
136 267.1854799925629 0.059602783992543096
136 265.92662174982655 0.15350131594217742
136 265.3911420375636 0.14656143896719115
136 265.2247267320697 0.9949313128057559
136 265.5406503853636 0.08508340209259063
136 264.84701143306387 0.31063256373876
136 264.6281296303421 0.43778591205245854
136 264.86050263940746 0.27239125078443466
136 264.5291893229119 1.1450959718259193
136 265.51729297916444 0.32727143086440613
136 264.42539942684624 0.5074260959047193
136 264.58734733613113 0.9716620474337627
136 264.5420260353546 0.5047797398962043
136 264.0922885300135 0.7316352482162547
136 264.25561194599254 0.6864296657639195
136 264.442893712571 0.35278218410483786
136 263.875161286925 0.6559975886414133
136 264.11603384733667 0.5816623355689267
136 263.5929540538756 0.8171453852340592
136 264.0868472992338 0.29378910121139457
136 263.26616349179085 0.15307207318513116
136 263.0984313130165 0.11026726876015908
136 262.9545713481379 0.10225692707514696
136 262.8718870902143 0.10230967384577373
136 262.8335085394365 0.10222500191447537
136 262.8116989406343 0.1028755499901133
136 262.8015496553261 0.10245099112970205
136 262.7970383329963 0.10207196456043645
136 262.79519004165354 0.1019116697772271
138 870.217664081679 586.2410342006986
138 849.1820086924563 560.1144996864305
138 823.2905094364753 540.3701194815369
138 803.9219839170066 510.9267697585418
138 774.8636631242318 492.9262292148806
138 756.8500789102461 470.4240265756643
138 734.5631112202375 445.36203834748545
138 709.6463838322227 417.1104330764463
138 681.6764441802945 395.6678156807225
138 660.3621421904188 372.0521743799332
138 637.2481512515667 348.0452552613711
138 613.5099488294702 327.01468743639106
138 592.7973124483882 304.60011886025427
138 570.7342320612092 280.0557735631326
138 546.4989741625993 252.20195556815648
138 519.0079570515549 228.50916021603717
138 495.62825384908854 200.47958752829277
138 467.8038526871277 176.8086539798297
138 444.5047153653268 131.15093497825492
138 399.2339169639346 58.517153058537566
138 327.25418868979585 38.48535773668737
138 307.6872177216591 26.012844973964707
138 295.97936974781487 13.65286368986239
138 283.9688575503629 5.94819417519386
138 276.81922148895245 2.3041105018986934
138 273.3066120828815 0.6305416479620233
138 271.35387595884873 0.8063333661755537
138 270.26126961833376 0.4344149143573325
138 269.9592677447459 0.3100145689061912
138 269.1701767707291 0.3779250836037218
138 268.91363843098117 0.4493227648708197
138 268.5320505823524 0.6488457546167998
138 268.66009890442746 0.7708951197624296
138 268.33908183817533 0.24733158250819343
138 267.9920865216412 0.9732634116853219
138 268.1277296870179 0.6551318768860667
138 268.0493002191807 0.8447651807206408
138 267.8308908654018 0.23066193709595165
138 267.3280237063637 0.8926076804121162
138 267.5452948292139 0.1124999518287956
138 266.9225208001115 1.0793972299243857
138 267.14190818186705 0.20689876439599145
138 266.42733506853784 1.1908343687424767
138 266.9544929303017 0.06550506148272588
138 266.1470049917847 0.3141467275024744
138 265.8302351487463 0.8265092229733628
138 266.3479918714125 0.538704168498689
138 265.5450646411554 0.4030857684611139
138 265.34036110678784 0.7714509213715743
138 265.347573711649 0.3427185965771921
138 265.0742445979531 1.081399557421279
138 265.31464433136216 0.16029505871876304
138 264.58427848717406 0.4782346619875966
138 264.5817793181192 0.14424352174461053
138 264.186402669796 0.5600982606097542
138 264.0637510918566 0.516545392429671
138 264.2637468193164 0.6267497504957007
138 263.94440991505604 0.3747195626364344
138 263.8240287391329 0.9236505922997342
138 264.11270786849326 0.11220159467145999
138 263.71535422873393 0.1139214454458789
138 263.50835173513775 0.016813737528802566
138 263.3252677756672 0.019947333134327134
138 263.25438196278566 0.019723088914573174
138 263.21837685741747 0.01842001944314682
138 263.20033140320015 0.01879575979214871
138 263.1920557385418 0.018231347602494917
138 263.1881837908646 0.018173505092066795
138 263.1864802419067 0.018285746272269216
140 870.2711296378318 577.468523392275
140 840.9324442077836 548.3086004375815
140 812.0189898206311 520.6650257211497
140 784.6804181027935 495.0840009980162
140 759.3150449731457 471.98825404619174
140 736.445864441921 449.26350145252593
140 713.8917906319261 427.8660423308778
140 692.7841991049158 403.7162784074843
140 668.8714226322649 378.2388502777611
140 643.8783476186452 352.7040596986142
140 618.7826539700231 325.79660510899
140 592.1178417821804 306.0623325049794
140 572.6552305639129 278.002898348757
140 544.7598465143417 254.27726606119583
140 521.4824551032685 235.33241757816904
140 502.8705345667112 211.72857226682495
140 479.57023980848453 186.29575769993022
140 454.3460386789767 160.85586207297496
140 429.4690891591818 59.666280634386524
140 328.7479014807671 39.45215769882204
140 308.7888501167675 27.997245680522447
140 297.44928156704907 13.608861307376038
140 283.54156240482786 6.22670988524397
140 276.57739407032636 1.3125413609221905
140 271.7590311627276 0.10094079810749029
140 270.72879945758876 1.02277201851836
140 271.107529551191 0.312737623367802
140 270.6981911177474 0.9263879913343658
140 270.717816770434 0.5229990311253631
140 270.31309019055186 0.40994147432253825
140 269.6666593052207 0.6583093964094111
140 269.9903133595669 0.6561944159866285
140 269.3923378885798 0.1335164925579616
140 269.05513260397066 0.7159393889689201
140 269.20766504694444 0.24212461809307
140 268.9293165957944 0.9584630343920459
140 269.06844786927394 0.5299292450927768
140 268.9169605932946 0.22853495928851064
140 268.2251251621228 0.3833433373797206
140 268.3135550721664 0.42252137781684057
140 267.90269341497066 0.20848719281832873
140 267.7139510817274 0.3329988184695245
140 267.3935697657555 0.7668630980661979
140 267.8398383851709 0.5849344532095723
140 267.4093688257239 0.37046699068794453
140 267.1579990867471 0.6819789382366164
140 267.13886932193793 0.38747788625038515
140 267.0170666923314 0.24223767927080622
140 266.53583993667195 1.0674748953441209
140 267.4995736087447 0.3872309851533096
140 266.493891423923 0.43994074617356327
140 266.7146704831101 0.8039189335315252
140 266.60588956533456 0.14306246051961521
140 266.0023948985759 0.9012683481674347
140 266.5503082077009 0.36870935655174614
140 266.2807458462545 0.05355227726713851
140 265.7884602565481 0.060726339018033995
140 265.6545929661232 0.03901531278554238
140 265.5917607977148 0.040878206291837284
140 265.5558824591063 0.04189083965701405
140 265.53776877505305 0.04173760940499149
140 265.52990413057074 0.04171165714541959
140 265.5247096603922 0.04200005147814755
140 265.5221400348886 0.0419923254819788
142 872.9813281281236 581.2917633594727
142 847.0423770863708 556.1481673120472
142 822.1721082005865 536.9301454415565
142 803.3758685640255 515.6246026884626
142 782.3684379783172 489.51712226477093
142 756.6649797335198 458.02371403867556
142 725.4718838618094 430.4776080796313
142 698.2184026752062 407.09946922339975
142 674.8988871937668 380.7498103615625
142 649.00446153321 360.1737930734128
142 628.5007825336158 335.3085230342434
142 604.1843506057055 309.8637402877324
142 579.2981762492932 283.768556603865
142 553.5465362750685 256.817264918443
142 527.0283695573717 230.0432740090641
142 500.40590559733846 202.22072106040878
142 472.96291401537036 176.83495959878837
142 448.05259704194236 103.58716882089139
142 375.21547731483383 59.86891075290623
142 331.51146249965797 42.894166971793375
142 314.7748938456902 26.942924950793415
142 299.1595239395372 13.106013473343877
142 285.80071285442506 5.452966091231742
142 278.49443743905726 1.154667022549736
142 274.65497911848735 0.12905280090528268
142 273.37112671709616 0.8471728424393876
142 272.9249625665112 0.5175122732414263
142 272.62422931138747 0.271967389851009
142 272.08235908109083 0.4430579732261086
142 271.9938120279858 0.7107114685429367
142 271.75839065919405 0.1144118957820042
142 270.9285740549466 0.5487142796836776
142 270.8555299062638 0.4261163465404314
142 270.7660714784024 0.9468255396699881
142 270.80893190682247 0.34792699793756643
142 270.48239035753784 0.3221538664802873
142 270.0826113871625 0.691463960851861
142 270.36115040540756 0.43346507394474565
142 269.6741143408411 0.49006207372574334
142 269.91867588270253 0.931365489725689
142 269.9856061337253 0.4880664501568459
142 269.66246853535375 0.34203902100182515
142 269.3299902544828 0.5176233374218268
142 269.37201737684614 0.659491421319595
142 269.1355864976168 0.5157448624313951
142 269.18336758111286 0.6167975813353452
142 268.94863692789824 0.39741929267610937
142 268.88432129078933 0.5738598071718787
142 268.6464307610038 0.16548006028547002
142 268.52282510510383 0.6063135174087765
142 268.4864197233858 0.3739045284406604
142 268.35310442818434 0.31349279732502533
142 267.9992796048198 0.4691382818703167
142 268.1492898937665 0.09214333113133376
142 267.49342425881593 0.42234999288041575
142 267.43026880978954 0.6050983779545527
142 267.21956636054205 0.5771814299056348
142 267.23866403023897 0.5201591020205878
142 266.79250708240636 0.7110044115361165
142 267.0437216314019 0.5903600462440923
142 266.630175712124 0.4577442475718778
142 266.6998703432799 0.5878517271175749
142 266.5602705583253 0.07149747853945057
142 266.0810369014115 0.08151667824977324
142 265.9196502352445 0.06727275807942067
142 265.8515640660325 0.06641942015573629
142 265.808458633334 0.06673644321787998
142 265.7929732609561 0.06612838378067736
142 265.7850289941253 0.06633094306935332
142 265.7805606285577 0.06650894653857435
142 265.7785348277657 0.06654479346102678
144 873.3255387468848 580.914364900611
144 846.930766827847 560.0774365142124
144 826.218204519729 534.6755668645931
144 801.2414081733491 508.19655911934046
144 775.0656939962803 489.6343077768051
144 756.79291888074 473.4753870892861
144 741.025031964631 447.71818104245796
144 715.5776272053179 421.74011475362147
144 689.6906817865829 400.8432900831327
144 668.9474117413029 375.3521422644468
144 644.0818136236693 354.78093605822545
144 623.543754085802 330.0953191547618
144 599.2365103620043 305.03277856518184
144 574.3342540671199 286.3225466413044
144 555.7290070980575 266.74858928402267
144 536.6697679010613 247.68287803362819
144 517.9500323838799 229.49476942834667
144 499.5495236507063 208.60343223560784
144 479.0103464672187 187.52017618823612
144 457.91598821859407 166.49546951333028
144 437.44767469231533 62.46864744486984
144 333.95750067147634 43.4481199144992
144 315.27870402219924 25.55295799846768
144 297.75689929163315 12.856050669378991
144 285.1446756459611 4.392952642595385
144 276.64433988001343 0.926439966480851
144 272.9084831778909 0.37075493158666906
144 272.1900138256644 0.6692342907328634
144 271.7742392864538 0.5815527199000077
144 271.9767525741418 0.8343672548507697
144 271.56287478786845 0.32156073257229817
144 270.9609741581925 0.8434378167273101
144 271.01057814991685 0.293003351606529
144 270.40333297108003 0.7877799347833442
144 270.45029497531544 0.18821313587732325
144 269.8200969041901 1.1599505514366004
144 270.4373797663473 0.22421401308841193
144 269.5844887861034 0.13652309251773956
144 269.20231794712294 0.7737162852539212
144 269.7592044451917 0.43542479853716753
144 269.18668023922316 0.3156818883228234
144 268.9161596121582 0.15641561831164527
144 268.569217447812 0.5231521792441415
144 268.9580984004048 0.4358025026850314
144 268.5715609994992 0.189440685768141
144 268.4624532581228 1.278797342621023
144 269.0302782376244 0.14185856289490123
144 267.90223527973177 0.5402312754653745
144 267.8396220534844 0.21966717697965865
144 267.6103032785784 0.5609903630134188
144 267.49823558371577 0.4177171332061076
144 267.3333192801053 0.7927578820372346
144 267.3642226216684 0.1861618745943508
144 266.73061641527937 0.7568256057901991
144 266.84811300455885 0.10356308843486532
144 266.3525676760076 0.9671641029844883
144 266.68643290969203 0.11668850984369235
144 265.9163600443021 0.0516174916346307
144 265.6272591555033 0.03267705809529833
144 265.4692413406911 0.029569033357026195
144 265.4121969878482 0.03518864423707798
144 265.38195290545275 0.03409144723761909
144 265.36043080993795 0.03337224365674712
144 265.3524425631298 0.03376493057691762
144 265.34834894915684 0.033360929658251624
144 265.3464800753825 0.03336877281160578
146 873.2596609500306 580.4484001715871
146 846.1196418954473 550.6994359786654
146 816.7255768608611 526.618391164262
146 793.1748683078126 506.58717001510695
146 773.3782764592809 486.6441268552446
146 753.766933389812 457.91807353822156
146 725.3839726238266 436.5008250572755
146 704.1464272545984 414.3606853130177
146 682.0092848946385 388.80680129494306
146 656.5817192056837 367.4078150457594
146 635.4040643436279 339.56304048182506
146 607.915696059702 313.8796826276935
146 582.5105325782845 288.1902872253761
146 557.160979152389 264.1346045423542
146 533.4910792478771 240.64054845365445
146 510.47006231298593 218.78792875213327
146 488.60180342462843 196.31771273162403
146 466.41550975566963 180.93999038378382
146 451.53591486968236 160.13405760380684
146 430.96380733478895 61.36128908740219
146 332.5044399149595 46.167319437207944
146 317.9411012653355 27.687248104720712
146 299.8176555857218 14.516287991682052
146 286.96936901904104 5.8954465017099595
146 278.6219267807841 1.6512981546623309
146 274.3989509696357 0.14833930350073515
146 272.44360418830587 0.162666449607287
146 271.5201056982466 0.21152892683191324
146 271.16405794222266 0.7701739802080653
146 271.15111934442245 0.5684557458429707
146 271.1321633354397 0.2596011743450347
146 270.5040392982768 0.8493335842283015
146 271.08327092847327 0.21242899493778086
146 270.0840904062752 0.5438444999120005
146 270.2376080451289 0.3168324050407281
146 269.5443465997865 0.846351731441779
146 270.1070621112426 0.12805191197881716
146 269.0776575312115 0.783687322628963
146 269.7060149294643 0.5217465115602812
146 269.1280702121354 0.3665363395698188
146 269.014106776177 0.9621348928163302
146 269.2034296920208 0.20253357767742747
146 268.43070801258256 0.9975210546347886
146 268.97960173419 0.43623194698730305
146 268.52683108294053 1.0548986013457198
146 268.67698916997955 0.37155641670778805
146 268.14829611903843 0.4132725451849957
146 267.89353219233874 0.6719163140134803
146 268.2609312995545 0.12700640076073
146 267.2718666878065 0.46086742133692826
146 267.3911647694846 1.0138069250826136
146 267.56279345664126 0.08920131560856091
146 266.694502132916 0.27847446457954733
146 266.6114792594246 0.09159511787294805
146 266.4314745934108 0.07525667267582686
146 266.35416160416924 0.0702490421153453
146 266.3196245792622 0.06899613226013307
146 266.30102975731523 0.06828405452126478
146 266.29366553776384 0.06885061908418809
146 266.28931007557617 0.06896159644240626
146 266.2873278206919 0.0688475876822966
148 873.3079858616672 581.3372455629806
148 847.8198983470883 555.7790535432949
148 822.6084626110696 529.5751431943452
148 796.621590203081 508.68146848442206
148 776.0095226974134 480.7316105581228
148 748.5100205977059 457.5737057573326
148 725.7600563529684 432.5698119421295
148 701.3161296865552 413.3901722337741
148 682.4701034724706 389.58649589151185
148 659.2030555318086 361.7812720625846
148 631.5444418046451 333.9194884121355
148 604.0748483786268 312.36104298369315
148 583.3307338368913 287.8296477649256
148 559.1672087648958 269.14604881964175
148 540.9705951489061 240.73015069839389
148 512.971906553313 221.93663361474546
148 494.46127442014466 201.26074298357776
148 474.1461331074197 177.3408830764578
148 450.5125392128697 130.00443565465116
148 403.3153152573813 60.65098257652201
148 334.0452136656842 43.79175106600063
148 317.26661820150235 25.28862473693275
148 299.14100817794343 13.391185927106783
148 287.8148081956033 5.622056949536848
148 280.1973970812916 2.07693699919803
148 277.14090356284396 0.34760592240748667
148 275.3673629386293 0.9297616109789747
148 274.2686343977798 0.4565386412001493
148 273.37890991238663 0.35864150035582276
148 272.06367983438065 0.19112616425049453
148 271.4871722932694 0.6936523039789965
148 271.1716832906708 0.4406528935010978
148 270.83775969638737 0.62098052292177
148 270.65091367008796 0.43379919631794994
148 270.40253255549914 0.5543906730862888
148 270.1547845578406 0.5320010099449617
148 270.24419759562414 0.14325189345558084
148 269.4697271172 0.9962587878269749
148 270.27090883610947 0.21620607709169443
148 269.04376960449497 0.960288616720135
148 269.81130524265586 0.11363554881364808
148 268.6457439860507 0.795810742016459
148 269.08030958338503 0.152359713692
148 268.12197395565477 0.9391211704647389
148 268.80161964295485 0.11056178112145992
148 267.7035074037572 0.33133161164036135
148 267.7040178264002 0.721021308652303
148 267.6515669183377 0.31550884624167425
148 267.3153897437923 0.9184226378770028
148 267.4212306495868 0.3255410985694235
148 266.9692340047188 0.5361180858110448
148 266.79160250584545 0.7593180989212931
148 267.2504584579991 0.4192348326303267
148 266.578143668037 0.7701470235010447
148 266.98305208898717 0.9658144519754182
148 266.8064332335417 0.2256763562324669
148 266.1322565642266 0.7376081545846145
148 266.1771927784453 0.11049095297866712
148 265.61591306731475 0.5446195855845052
148 265.82035244104947 0.2113799912756757
148 265.51989938468665 0.12443855026944388
148 265.42371794490464 0.10932983870747616
148 265.39252647455766 0.10562165739380558
148 265.376480012382 0.10367522188930577
148 265.36794320466225 0.10276027642599311
148 265.3631233199214 0.10217005322892715
148 265.3605837749099 0.10199917297892448
150 873.3581955510299 583.2640077455187
150 848.7650650919034 561.3107576346611
150 826.8962252685661 543.5883883865533
150 809.522648706075 517.4061258550621
150 783.6276747560553 491.9754652253294
150 758.5662104869201 471.194662096599
150 738.1131168719021 445.4738930634261
150 712.8395060380708 420.6025241227152
150 688.4826418974033 393.150906225932
150 661.2159026148624 366.3546520615313
150 634.5750871923649 344.0050215441115
150 612.4823256414119 319.5664004862575
150 588.4779474925218 292.4056068811143
150 561.6942026253985 265.36142704405745
150 535.4205965804376 242.03100254675422
150 512.3433924315093 215.25104484872548
150 485.9106278412953 191.5887406156025
150 462.8948221579691 166.90737606183114
150 438.63662406993376 98.73331936083596
150 370.21383743731667 49.93866752382677
150 321.61814565913477 32.26506555686744
150 304.4573662741231 18.944554465739618
150 291.7817617104159 8.802958732411748
150 281.87696631783297 3.601551048285452
150 276.35516603007494 1.0038295808366053
150 273.9377445291555 0.5979753075625173
150 272.65970797314293 0.7318541137673575
150 271.9798170267142 0.3929634719603998
150 271.15834179676096 1.0530463279559448
150 270.9230054408104 0.2849778537815967
150 270.2099653062311 0.5609940521248359
150 269.96055551659276 0.44878439166405515
150 269.6254318082191 0.5611519450242826
150 269.43244727087085 0.6802748022072608
150 269.50472882730645 0.3602676373015285
150 268.8008974650762 0.5641242269759386
150 268.87291959800825 0.1594955029061281
150 268.09389355588536 0.7555191643778222
150 268.83545976184865 0.06896200986628018
150 267.92861333118543 0.3691183724802372
150 267.94769965835167 0.4833153274521655
150 267.6076193680791 0.09882219616391545
150 267.0321258058712 0.3770015410503166
150 266.8495792688119 0.20598083119742056
150 266.6265637086402 0.6811265951668442
150 267.11964582901106 0.3702593749037043
150 266.8738103946079 0.4706894191150733
150 266.6496418756365 0.5273861590765268
150 266.69936288208305 0.6804940666827731
150 266.6598063005112 0.35341978535088187
150 266.2324706156922 0.5702689134731979
150 266.0963563624227 0.20329548423665153
150 265.84867173642465 0.4980967432998151
150 265.9173185425242 0.6226021194322505
150 266.0889274756731 0.6045696373099256
150 265.72559377397516 0.5210780604573739
150 265.78292139010097 0.7108643904692705
150 265.7659221055789 0.19639668290654191
150 265.2177590602741 0.9240889326448203
150 265.53524749266705 0.31273116974393234
150 264.98590921815617 0.04620829851518769
150 264.54127013087685 0.026462957250376513
150 264.3964668065198 0.03120195764205087
150 264.3162469162394 0.031066719836302232
150 264.29143197073773 0.031493380091878756
150 264.2743153011067 0.031585934557705496
150 264.2663489300111 0.03132273885502235
150 264.2627195029166 0.031487333880190316
150 264.2605594384626 0.03158833023882594
152 871.1534636268434 585.3100433923842
152 849.7913940071019 554.5609700413578
152 819.3110589176495 526.6485910681795
152 791.605136223006 503.7246334244538
152 769.0478805681579 480.0108285343186
152 745.5532892835304 463.4191690567935
152 729.141160971795 434.7812146650543
152 700.7764422258945 407.39775525915786
152 673.5850056720121 377.49348511365133
152 644.0708166190058 354.86793078159496
152 621.6272779045927 331.6357215688326
152 598.4938626150972 311.990006487477
152 579.1406212325205 284.0586394741695
152 551.6840851131956 257.6076470093236
152 525.585198520552 229.28457090998
152 497.5235139550076 205.5884816305742
152 474.30753372170534 178.40760219070884
152 447.2517584061309 128.02537978541207
152 397.21911826041674 61.41578706674626
152 331.13624806451736 41.68961730981402
152 311.8851739284062 27.973837436350546
152 298.7785863330703 16.13233494544626
152 286.95009080419686 7.080218342863684
152 278.23981294845004 1.3035517904338283
152 272.6923506705872 0.20582578374627397
152 271.24532288830164 0.6443195936094379
152 270.2825936766104 0.2981541820886203
152 269.18051060404184 0.25373760635269277
152 268.15320984476733 0.4659931655301537
152 268.15175673031956 1.0275343960683403
152 268.2944728423829 0.17101292413324398
152 267.5366566190182 1.3995461548462103
152 268.2105742120477 0.09881572751851815
152 267.13284147994904 1.4717813782743558
152 268.02924289673336 0.20130482911323458
152 266.80555582972687 0.8222014686280655
152 266.98983524302025 0.261304453952341
152 266.4977085583453 0.7385119522655338
152 266.50843422278416 0.39134866892883424
152 266.3404958729993 0.9391130472814877
152 266.6916969631459 0.18953764011806362
152 265.8933191485601 0.7543031573123733
152 266.1205922803551 0.5064740038439023
152 265.94084102136725 0.8446277110360844
152 266.0254410629648 0.34881664316609384
152 265.5929535101997 0.9738700844112473
152 265.861661543663 0.20109716024462315
152 265.3413974181953 0.3554137628536934
152 265.28095954720675 0.6976627785986766
152 265.7260889870782 0.3938029488464283
152 265.1706578238844 0.11138892450234927
152 264.7880951722165 0.11946184004127448
152 264.65010645146896 0.09792595113550015
152 264.58862157553267 0.09346024529845759
152 264.55763814561516 0.09295819332620127
152 264.54353164709846 0.09222019972612867
152 264.533933613566 0.09220212039235198
152 264.5298054530712 0.09188458754930943
152 264.52769148211996 0.09180223874590841
154 871.5132309000444 579.8322798877242
154 844.4023973760009 557.4037535182551
154 822.037028361322 532.2393724409812
154 797.1129004157099 507.2757240567771
154 772.3764770913382 486.5963481957447
154 751.8897432217834 457.6155309615793
154 723.2494372581334 437.91484208946406
154 703.8435099660492 410.60829473992476
154 676.8415003679509 383.0607115363516
154 649.4883410681447 361.1917787822283
154 628.1898530423077 338.89091351020363
154 606.0074535933508 313.114391211764
154 580.7591896465783 290.5623759937903
154 558.9112181245688 269.29814000464125
154 537.9068366255613 243.89198580030416
154 512.9556158682144 218.21675678384668
154 487.5444910927419 190.63941111009618
154 460.5624268331188 166.34322497253828
154 436.3003753625914 90.97373403489544
154 361.4286078203671 43.09249161137618
154 313.8170019319935 26.869117812893446
154 297.8435467582651 14.998062752040147
154 286.28103280362535 7.166162428984483
154 278.77333585037746 2.4179899513888388
154 273.53623681000204 0.45253836191327634
154 271.43857892393686 0.4050108785393034
154 270.2286850472248 0.2668532662093468
154 269.32933698294545 0.5216326109363706
154 268.8097489030355 0.4162859153006645
154 268.36032056678135 0.6448777297077086
154 268.13158889256374 0.37960535316954563
154 267.9805591707009 1.287284301722868
154 268.53159524814777 0.47792329559520375
154 267.8058587750805 0.7658590984146738
154 267.7377117989314 0.25074476504987375
154 267.2610652191773 0.4721179741738494
154 267.3467967612439 0.295864279746343
154 267.0071707577843 0.741755634781867
154 267.1695957442373 0.26720100249630563
154 266.77829563390003 1.154102636462814
154 267.4546334069576 0.11690797332479574
154 266.5265985487788 1.0468735315198634
154 266.99049111705136 0.11171037782227429
154 266.2581330365781 1.35942524537331
154 267.0092803174378 0.14082770064515537
154 265.862881161464 1.0366180128099387
154 266.3357713487901 0.17815456384330294
154 265.61674805020203 1.6012091692387538
154 266.7888307697845 0.14518525479846334
154 265.51406097616007 1.542613774867259
154 266.49947575212457 0.10214825682561177
154 265.1365290735715 1.084245654913131
154 265.81219588683814 0.17730072404453268
154 264.9979953478837 0.14131840879809426
154 264.8268103426118 0.045273097150511435
154 264.7278968786169 0.04772344688097053
154 264.6600830842107 0.046562958490004636
154 264.6304246788567 0.0465103648984773
154 264.61091196352476 0.04692260133038543
154 264.60262247265456 0.0467014144906421
154 264.5987864555854 0.046855482795355285
154 264.5967592306633 0.04682512260595784
156 871.4600328018666 583.8475122616549
156 848.6042119939068 557.2815931825281
156 822.3203227428253 531.944190601521
156 797.147083489052 510.8374289824113
156 776.255885118409 487.39372944357706
156 753.0929812589595 460.60408214589893
156 726.4215249628919 434.13685685919745
156 700.2910414128 412.89610577826875
156 679.2305408108531 390.4725831686129
156 657.0704155806561 366.3647009688975
156 633.3732069572038 343.0141084580751
156 610.1510037755218 318.85407405425116
156 586.4039506536128 289.4681592776483
156 557.4095030868392 261.35453573715495
156 529.7906631882361 234.00735753110746
156 502.6874850981473 209.25521956197232
156 478.1833310466592 184.05710374955086
156 453.12297667423525 161.88850389279088
156 431.28082882466117 65.3189545125954
156 334.782862726311 44.29103075029681
156 314.1773788595343 25.432362870007744
156 295.5461788913885 13.107877703614431
156 283.7951555726672 5.097351510349403
156 276.5218313441487 0.66629851100206
156 272.6482454733207 0.03442705559541579
156 271.20312199147423 0.13015615087555532
156 269.7584394203955 0.08320038197276243
156 268.7634925994984 0.7148595499869229
156 268.6750171571122 0.4530074007154252
156 268.58536299637075 0.3695206689057432
156 268.09850373692615 0.2804855952025736
156 267.94783054211126 0.6242341466474102
156 267.82486726823447 0.4024591028874029
156 267.543254760704 0.21202375650736502
156 267.07579835557306 0.4939238724572206
156 267.38584629817643 0.986956125648802
156 267.4759096054759 0.12737642463531457
156 266.67923479145975 0.7918776763716487
156 266.8099007117642 0.0652954812012664
156 266.1151100087729 1.0145066301619576
156 266.6247734671631 0.10023112345510642
156 265.6727988790814 0.671184947681429
156 265.97643533377243 0.5023840812341417
156 265.96411894939934 0.8790929960362392
156 266.08798155275065 0.12823239231062064
156 265.38426474150555 1.247121358814419
156 266.0697328342295 0.04213850548465439
156 264.97488055805746 0.4009350988539506
156 264.93884025717716 0.5151799952249342
156 265.120463508599 0.461511102594622
156 264.80398848694233 0.6976761707688567
156 265.13438267797494 0.20856541122430305
156 264.3883844638813 1.0789948224745733
156 265.3602221169919 0.19852446146279876
156 264.1851796869519 0.021256774859906655
156 263.9139151853372 0.03550572133546659
156 263.80355969900046 0.01826908737418146
156 263.7274060433133 0.013368223805535484
156 263.6990951602963 0.01278033044376184
156 263.6849584321746 0.012856169846934997
156 263.67778912149805 0.012969695961385334
156 263.67308916859974 0.012874681951570734
156 263.67130990643324 0.012876032366889348
158 870.5924113462087 579.1240811178743
158 842.9493207481 549.054366523658
158 813.1140166620535 521.3275311131871
158 785.5822955105367 494.81911750854704
158 759.3313353201781 472.4119334153509
158 736.9443456875172 446.22688717635754
158 711.0605116383925 418.8083664097331
158 684.0050134160792 391.37853218831344
158 656.8561450763052 366.8735953267354
158 632.3929076159765 345.5326267516701
158 611.0842184460223 318.3008965002099
158 584.237363840418 294.31185409689806
158 560.6331079916008 274.80618129091636
158 541.4857750742333 251.60026932109724
158 518.7922516759313 228.31017402690668
158 495.53048077849405 201.1858918054421
158 468.60616696708564 177.5014516915374
158 445.3256434237068 129.36816016639096
158 397.3133783476688 57.984464613305434
158 326.24150064578214 39.74379779729548
158 307.92422854594423 27.614943120484828
158 296.10248453173097 13.891486304398516
158 282.31012664551554 4.888239181977846
158 273.60047437589634 0.7103304600804641
158 269.92282211936924 0.1038364813386168
158 268.3108921187903 0.3199807037103088
158 267.3237071584689 0.34492167574862936
158 266.89351683343335 0.6673962124995043
158 266.6390968380066 0.2331010082339418
158 266.09758205336493 0.8176787080945859
158 266.1210042704757 0.06758825768461828
158 265.4255758419205 0.22248410186395154
158 265.21773534313746 0.8827885864991838
158 265.8461698372664 0.00930908287574974
158 264.7249792573843 0.3734710934134993
158 264.5746789973779 0.47871937645192797
158 264.50463036122454 0.8318167284164516
158 264.73003748322816 0.197166153342128
158 264.2435686795847 0.623773153727548
158 264.5176492540696 0.2959807700444149
158 264.148397884985 0.7837445819946897
158 264.40687791132376 0.5796721717050279
158 264.23711852994956 0.5793820358075674
158 264.07995977881006 0.07584337910184094
158 263.46751077289855 1.0813352981942081
158 264.14364154210995 0.08897699269080622
158 263.11773482375696 1.491403940454801
158 264.235417118835 0.20193772530169887
158 263.0768456083305 1.2885273072159857
158 263.74177132596014 0.0920555887559473
158 262.5166952495179 1.1925654568110655
158 263.2098231711293 0.11166420904861582
158 262.1639201789335 0.9064650896810273
158 262.68087670185224 0.22880699369412325
158 262.13698694484356 0.09062922353955004
158 261.8489813846731 0.024917886861907726
158 261.73854872828304 0.0234833269225643
158 261.678171663271 0.025256425993023992
158 261.6445409176781 0.024041394229277497
158 261.6319638642349 0.02459314624270899
158 261.62530152166653 0.024838715712949995
158 261.62185691137955 0.02485739794349752
158 261.6199086699687 0.024839789274577067
160 868.5768211942607 581.5872653357701
160 843.2761155132945 552.1918649860091
160 814.0187587177603 529.4621117681908
160 791.4607103716062 503.5917727036576
160 765.74100598765 476.7252157933566
160 739.0647919804526 456.257621683529
160 718.7535974823938 428.76854148051535
160 691.2108880162514 406.5018765775542
160 669.0432131101321 381.60499017270143
160 644.3096262084429 360.4938430117644
160 623.5472681074182 338.1040602898544
160 601.31391042018 313.6572050542963
160 576.9854580389439 295.6596935519951
160 559.0806571701562 273.3020713097445
160 536.910729997281 251.10303417644752
160 515.0036821332859 226.4152992621904
160 490.6139038539139 201.97299907851908
160 466.4403222143119 176.5512677770431
160 441.26368068573925 125.59346918309281
160 390.58555880326816 53.1602349063333
160 318.5612333209006 37.060077573399155
160 302.59779971155234 21.332540964888683
160 287.26860042244425 9.504465131686224
160 275.6844155135849 3.0807611605588825
160 269.53164295817425 0.456381886194607
160 267.211957875132 0.2404291870158414
160 265.92316287190715 0.18518491508219298
160 265.0710424476856 0.19049344373002602
160 264.5954893667828 0.3281010354214373
160 264.36119405641887 0.5601411209160156
160 264.60504475532304 0.5125799725246927
160 264.2546143326359 0.3160048151685686
160 264.0570913653909 0.650709112012466
160 264.0903060412171 0.6693809154408319
160 264.12716229019674 0.6187784262033976
160 263.7489397791491 0.8290723715295016
160 263.97509365743207 0.27835862662892086
160 263.23640298511503 1.0538683433801972
160 263.92025073622915 0.17411537819519188
160 262.9346502264155 0.695771820677632
160 263.1840331233711 0.2742897736779243
160 262.61195007752735 0.4142682798638737
160 262.7500725518448 0.5613345099476154
160 262.57729835888034 0.32842898489245875
160 262.3895967041661 0.5808175743490105
160 262.4760349631749 0.45823314842105567
160 262.3792477637184 0.3919485685421632
160 262.1409303934791 0.17232086238813438
160 261.6876531726511 0.34112954585691574
160 261.4934177639998 0.6486435980116543
160 261.72136670965 0.5198955070237979
160 261.2278613631514 0.349597419803237
160 261.0599962331718 0.6482924049409359
160 261.08516883513556 0.5174252225215057
160 261.0479316835575 0.09096449068067237
160 260.5065405894196 0.09390121558754688
160 260.3761243754216 0.08192902336577047
160 260.30742244592756 0.07710808565819437
160 260.26943044047846 0.0773011152561437
160 260.25809048131515 0.07652899859985807
160 260.2485973664138 0.075744296018732
160 260.24469669809304 0.07541455205037921
160 260.2430083798818 0.07529240257487016
162 867.3183463841567 579.5725969303
162 839.8018191043004 558.6626968562358
162 819.1213229322481 531.5086404435253
162 792.1290367852522 507.80818010410565
162 768.5644145787642 482.43682795316766
162 743.3064830146386 455.8442283927078
162 716.8982078717133 427.15389998658094
162 688.3261172449734 398.7101207938904
162 659.9530533635984 373.250464869328
162 634.9119300895195 348.43148330795157
162 610.3629606019518 326.1509859119349
162 588.2221945807071 301.4528621785284
162 563.9621326191808 273.18860411036815
162 535.8122382773406 249.10715910418045
162 511.93633565814594 222.3165079785905
162 485.2197219979564 196.49455202419566
162 459.85456071494696 173.7676879995953
162 437.3758551452545 127.6152414654769
162 391.3862451004243 55.23526269203815
162 319.4749636205276 37.21076692627691
162 301.63473311679036 22.315668195176876
162 286.6980279427054 11.622896478817523
162 276.3815706096153 3.9016112759906316
162 269.07291580705026 0.780874567285957
162 265.8372355626508 0.529787154885445
162 265.0568102118748 0.6071939871041545
162 264.25592240340524 0.7388459870703885
162 264.0803159179196 0.3927940970163353
162 263.4879059446654 0.6801760956360792
162 263.4846833880857 0.1677259870801903
162 262.7106784534205 0.5758952032560678
162 262.79274680971673 0.7519446771969762
162 262.7012924571758 0.6901009806861145
162 262.72974242556774 0.15267098932043066
162 262.0708438726682 1.0046750167498533
162 262.87173397264536 0.27071281512306344
162 261.8864687550348 0.8214517606045922
162 262.4244076166056 0.41976547914389045
162 262.0939266263478 0.757208098628196
162 262.4103146156713 0.7561215934850316
162 262.35285010115416 0.573118951778453
162 262.1681370678914 0.3404212782708167
162 261.7653386534267 0.15676445792719446
162 261.4755279731272 1.0287044400206904
162 262.13183628249 0.3503076261689065
162 261.51582330718986 0.8648755935356887
162 261.8959073861254 0.4611435573830053
162 261.4864042107822 0.3138382564170923
162 261.1637416913167 0.4032385662271136
162 261.1862087716174 0.6056619137081292
162 261.30962846054695 0.37544420165997233
162 261.12805950753113 0.9554009555264039
162 261.4477278265015 0.13589598726307486
162 260.67603514360377 0.09764690021590633
162 260.49014244906 0.07022710003680438
162 260.3471535650966 0.06394561757886173
162 260.295732997824 0.06503826010239572
162 260.26247613363455 0.06270391584891828
162 260.2437986969497 0.06218510506312763
162 260.23572865284433 0.06194009694397182
162 260.2316196084584 0.06161148139944131
162 260.22901750267647 0.06139485076256507
164 867.5184716005286 588.3798199674817
164 848.7154491859999 562.4950936776818
164 822.9576947483445 536.0593611530895
164 796.6357442498529 513.7033538675695
164 774.3823886530259 490.835063805437
164 751.7750882947485 465.21185524444945
164 726.3809586893497 440.0023990350221
164 701.3164408933824 417.008992204686
164 678.5053673658072 389.2213930694011
164 650.8914596786839 359.24824205998186
164 621.3111345520883 333.98947878465754
164 596.0403308471555 311.5356361577581
164 573.947860083774 284.7194454603308
164 547.4873273429182 261.0373136912658
164 524.0381313347605 236.73304687255703
164 500.23660766922546 216.0018570546751
164 479.86806424180094 191.19708053906504
164 455.4665969701871 137.12025020440336
164 401.8028084584621 121.18481592707525
164 386.22096726518197 44.9781995162691
164 310.5009466599143 31.225910598708793
164 296.6483403799889 18.453531018532512
164 283.9737302919911 8.813364803021008
164 274.822466868998 3.0880931362611252
164 269.2128111727651 0.7569922485460429
164 266.42106870041243 0.7292204672207627
164 265.20543470963383 0.44674678703796056
164 264.0050400509492 0.28159909212103273
164 263.2723801255889 0.443204145375164
164 263.05272099581305 0.7929380804384711
164 263.38051632218594 0.15992361162675575
164 262.4709377436171 0.17624451547238773
164 262.1208356064498 0.4394984421716294
164 262.19285844354357 0.5029497341115092
164 262.170018188711 0.3660099312481196
164 261.7703598726507 0.8952641618741225
164 262.12361703169466 0.1568846054893539
164 261.19286411623466 0.7661088361450672
164 261.5836573157744 0.3183792844346775
164 261.038129888017 1.001998898608425
164 261.6518679430143 0.1941976308033949
164 260.710296834797 0.32824168359940786
164 260.75567244258906 0.6630327726303918
164 260.93662699271454 0.3520969491780284
164 260.63551878673127 0.38144614759981177
164 260.4906376892046 0.8598192605323288
164 260.93489502799065 0.14526443667645592
164 259.98391522970206 1.1564145419462273
164 260.99263945431795 0.08687292293321164
164 259.7623723240808 0.3108980207369003
164 259.68749771953316 0.41185470424474147
164 259.6549962369672 0.4104103083275603
164 259.73759904638393 0.5943467255017534
164 259.7589394232189 0.03710970429935065
164 259.16408994057866 0.042421240100518974
164 259.03966777885915 0.03953804366514243
164 258.9678376322736 0.03830674632607472
164 258.93230483187614 0.03756387695691013
164 258.91650282845336 0.037005170082510495
164 258.91049411099516 0.03703854464804361
164 258.9068457406484 0.0371505956023091
164 258.90452837423067 0.037171460954008986
166 865.1672089883227 582.3850698422527
166 841.3016512345401 555.3714901288598
166 814.4070023800418 534.7437243510922
166 793.9448602214918 507.2686659244363
166 766.7493028133645 484.7109189208187
166 744.2932380866941 460.61582193037464
166 720.4108933943633 437.6707337107089
166 697.7280496008691 414.8932674570727
166 675.2535143341253 393.9603583343643
166 654.5962484913889 372.77914031008
166 633.6067799008911 351.39530632576356
166 612.6119937678525 328.49993797824607
166 589.9129016326415 303.7851649318801
166 565.3330258756931 275.07337675249045
166 536.7559153091697 248.00471533681812
166 509.98871503116754 223.83464279216668
166 486.25242191645003 203.4869079670143
166 466.3450782543597 176.62751476286155
166 439.6504631014495 130.94450356053662
166 394.10228502261066 87.84294943839001
166 351.2822577043047 41.791593727671426
166 305.61255577039003 27.42926276802403
166 291.2331344856233 14.924109829329193
166 278.5859518101555 5.579154540304248
166 269.379567722646 1.8028409101625962
166 265.5367203309294 0.17046600339790124
166 263.77227089937935 0.2351027687461466
166 262.4681477514831 0.5168494860278788
166 261.95708825721107 0.3168634676562319
166 261.33867795410197 0.6273029108855818
166 261.445585444438 0.2713219086378824
166 260.8048027435209 0.4721084683820511
166 260.8179020978712 0.17698517777488432
166 260.2137908221606 1.0174529849822902
166 261.00793942637256 0.13968916403076148
166 259.9964809070721 1.2756766462978684
166 261.1069259163707 0.1272836155435654
166 259.7925243491398 1.2772762018813388
166 260.9186360630979 0.06427797768547756
166 259.59044852834256 0.3562013072772158
166 259.51486173374605 0.6978588919248596
166 259.63824374592684 0.7691366811867969
166 259.8321468078999 0.48796069553916244
166 259.405038607952 0.1609621111396362
166 259.0061304024553 0.9865786579458051
166 259.5043493671679 0.32901878734732093
166 258.79951303309656 0.4557390117947579
166 258.68825444069347 0.924438551633407
166 259.14749000377907 0.26809781192162346
166 258.54815174734864 0.9406826140015478
166 259.0867653807627 0.3006358781115117
166 258.4430812327742 0.033633623743353824
166 258.1206237791933 0.030522330249145496
166 257.97065997438335 0.031436064112042805
166 257.9056326291582 0.03228968251368193
166 257.8747649082126 0.030515583965817952
166 257.8574663490853 0.030385287979297973
166 257.8498503554165 0.03049081954085213
166 257.8457752721247 0.03045052374851779
166 257.8438500757808 0.030432925642091622
168 864.1101282540551 582.7770905713426
168 840.6725299208824 563.1973562814841
168 821.2024578542434 536.6517168791552
168 794.843923904142 521.4813287751886
168 779.7210438267567 495.70440326606627
168 754.0509995415035 477.1790267599796
168 735.9268757606753 453.4197070155343
168 712.3563956091209 430.1826448510271
168 689.2418057555487 406.20926924278547
168 665.6364929293761 384.0754574871852
168 643.5053693163036 354.92809022979134
168 614.5033113361957 326.15715731192597
168 585.8545890701565 298.5796502581794
168 558.4830142129911 275.42967397418573
168 535.5950236798845 248.32696805428878
168 509.0100456740775 223.33575289775754
168 484.1359519690793 200.00238546324266
168 461.4217311449897 172.77295397239544
168 434.6798272924977 98.02968908090095
168 360.46287182918155 54.79741588232642
168 316.9439856721591 34.518743904505705
168 297.1731213222663 19.06506210355697
168 282.32469884721155 8.622591601900746
168 271.81747979689436 3.173660047890714
168 266.11861436147194 0.6261665645258918
168 263.47234835460375 0.5661078641894608
168 262.16734939925857 0.44190420594218105
168 261.04378802335754 0.29628653049627407
168 260.1163661533353 0.4892802208349962
168 259.67368540184015 0.922824989585455
168 259.9748576358558 0.3276531056583643
168 259.17209250185664 0.9983906364529764
168 259.77210624947213 0.18360255174631485
168 258.78065033590764 0.3539467902620771
168 258.6341484246504 0.8199113125958586
168 258.96475178504255 0.2871349466732109
168 258.39864576592663 1.0922181488548892
168 258.9892704762722 0.33378336671791486
168 258.3885256677129 0.757853723084478
168 258.8148925224697 0.30492111275141737
168 258.4871026173013 0.7833927777326553
168 258.8786493671558 0.3698163745828992
168 258.5039628842089 0.7533384321746058
168 258.7001317727325 0.1363450225077129
168 258.0589263806181 0.8504529040749504
168 258.5307869397181 0.4665514980806203
168 258.2803644799399 0.3256553992448467
168 257.92801946382656 0.4951250402377183
168 258.08130317869643 0.26057386892357853
168 257.77191408783347 0.6424019335720843
168 257.87899871461656 0.1471205782852732
168 257.243223416218 0.026344455416791243
168 257.0331463822404 0.027324554558720543
168 256.93338131005623 0.031516987037321455
168 256.885256323599 0.0322833576868071
168 256.86025827186444 0.03257385615459438
168 256.84983000231887 0.0327721469226191
168 256.84231476567635 0.03277334275445532
168 256.8388595972781 0.03259732350028119
168 256.83747248699115 0.032559050775752024
170 862.9117650559363 580.641809996616
170 837.4302066093487 551.5392702725275
170 808.3696550912796 525.5873390778354
170 782.4649784142662 507.93541990339145
170 764.9601102162449 486.20493879637957
170 743.4253725336217 467.7360626366766
170 725.0482572210668 437.95782680613684
170 695.4845466382094 411.8186382161726
170 669.6633715669055 387.32282581894094
170 645.5785340963943 367.57645638095585
170 626.0895977502703 345.2602031261076
170 603.8146611596842 320.8221079357609
170 579.743282424427 300.4407534247333
170 560.0899837070892 276.0371532041739
170 535.9924118432742 248.38010204025983
170 508.5384805352249 224.6001123601893
170 485.0036422794846 203.16771303157344
170 463.55192802534515 181.33213442142804
170 441.5555864351302 136.19776927549967
170 396.8066915358239 92.73820427538536
170 353.1703130796001 49.60084537992142
170 310.21822589851837 35.45916181293089
170 296.5860263282419 23.138644127119424
170 284.13668223783606 11.73167883549255
170 272.3327622383282 3.7116770132478183
170 264.5535600307871 0.7591656309884004
170 261.4547276556127 0.3318681277266039
170 260.4692573572326 0.714629222909199
170 259.8935452132867 0.3364575260101373
170 259.14275341522875 0.7451461479736492
170 258.9586801598175 0.5144567698838121
170 258.7168007629482 0.7406283277878699
170 258.60425435420217 0.22409415187230053
170 258.102869623132 0.597845482485637
170 258.08828577207333 0.40119700297253974
170 257.853826201925 0.10941371638996229
170 257.3394720927177 0.28463461610464
170 257.2450027462407 0.47190116234397583
170 257.17814497309763 0.12282287239255606
170 256.69939073988246 1.19635929422926
170 257.5694745606853 0.13713714976662922
170 256.4803224079607 0.8920728339565949
170 256.98306827327656 0.307523595515569
170 256.37383919366636 0.5984639332397355
170 256.52797517025056 0.2032716777885467
170 255.9943133189959 0.978228639829809
170 256.67643978543583 0.056111817815107
170 255.86914516848793 0.932942030960912
170 256.4101007249517 0.45602868401432817
170 255.8482387497502 0.2975434253762326
170 255.76769503294662 0.4049036754257859
170 256.13624399812267 0.4692868197353419
170 256.086689992574 0.6525567897933893
170 256.1353272492276 0.3091099432123152
170 255.6148799407248 0.22724428554452447
170 255.41914203142412 1.0970451423126475
170 256.02691325670037 0.16704858206658513
170 255.13606435306815 0.7574351014356764
170 255.52752126714816 0.46287176761406057
170 255.13585382598717 0.7012794139811143
170 255.3011262859151 0.3579924128228775
170 254.9970349063476 0.013411464519316884
170 254.61802366474592 0.01290771877943827
170 254.51262833152322 0.004350591541940835
170 254.45923601701983 0.0037528502963519008
170 254.43069288126372 0.004198964908667696
170 254.41647070171538 0.004143445851054436
170 254.41021595430976 0.0041974458258604635
170 254.40591651385492 0.004206401307574002
170 254.40421854096957 0.004221034634100567
172 860.2919756620867 581.3732948564755
172 835.916504779285 555.1688588440462
172 809.8927987900843 526.9194711511948
172 781.7414987838098 501.40372063363304
172 756.4793751544355 476.9453804489499
172 732.1021321212365 448.45102718101157
172 703.8620823055388 427.20564990175626
172 682.8204027110943 405.4896326086266
172 661.320433612469 383.4097228068711
172 639.2101634286842 357.32996856223224
172 613.0883217831879 333.62343297904
172 589.4171354245392 316.08651503025385
172 572.3050139387794 287.3652948431537
172 543.9389125956143 263.72941639766447
172 520.823940788965 244.2781252514825
172 501.23642123430466 221.53425891564768
172 478.93724671193894 195.44007930319296
172 453.2122566782748 173.10898209152103
172 431.1160787017584 129.17752064320143
172 387.5467745097631 55.058427441729684
172 313.45514856795387 35.767004795964986
172 294.57756743437875 22.141485981327467
172 281.25794049527434 9.848734463689285
172 269.17991394332796 3.188480928251638
172 262.91838029905296 1.0329923105859131
172 260.01013206209143 0.5194053864256393
172 258.36767689576646 0.8855988882714708
172 257.72930480107 0.5792388837033198
172 256.95034447097555 0.4361973820912053
172 256.07746048846894 0.24118352620615208
172 255.25275586712795 0.7080451824339471
172 255.11321347512995 0.3794298268978581
172 254.86922168321914 0.5074216817844953
172 254.7395754130662 0.3544723630329133
172 254.45473815292831 0.5958703708176535
172 254.6215741366774 0.9503006463337442
172 254.9442739049236 0.22786578985709627
172 254.24811612883718 1.3022480537538306
172 255.19362986317972 0.03737537253380999
172 253.74779744504806 0.05714383242775408
172 253.49797966804866 0.48218744176855066
172 253.7085791171986 0.8455173606372205
172 254.02261353890978 0.4398855182091046
172 253.7648601178644 0.5723560847937078
172 253.76604802448338 0.30932313906114506
172 253.3860731919271 1.2180777341370947
172 254.1460610498728 0.26304642595757766
172 253.1442828984072 0.9466954729422121
172 253.7150697062774 0.21083447523439797
172 252.78367092554058 1.44151685346818
172 253.91118352541017 0.04639575632057673
172 252.54388050031727 0.06431503564903646
172 252.1476310425124 1.412688337892989
172 253.23621935162706 0.16090610264320182
172 252.0298668326247 0.058899551051241394
172 251.8613094827008 0.05102364851992979
172 251.80225287234762 0.03441793419007376
172 251.74388103582683 0.032245474109902736
172 251.71899710289884 0.030344844647417688
172 251.70607754635375 0.030407891541763828
172 251.69956141406269 0.03010087900239726
172 251.69627542504105 0.03007843594257717
172 251.6943985597176 0.030037283292764255
174 857.4677682856707 583.5064957908131
174 835.3174306599251 560.2004726608411
174 812.0517632479389 537.4885939795715
174 789.2817257981242 512.5140652139693
174 764.4292847220564 487.3054217251282
174 739.3141476450082 460.6882661716205
174 712.7475449043479 437.22019778133836
174 689.4634386258952 413.4843622656948
174 665.7216418076487 388.61612320245655
174 640.9395361411621 364.1302253101197
174 616.6691553557207 340.15012594965424
174 592.7659833197398 315.6172212401853
174 568.5056966777692 290.63099544381464
174 543.4585510288299 267.04990889313996
174 520.0744440936144 245.70852043219293
174 498.84623282896916 218.11918182274903
174 471.52448004953834 192.71307806578267
174 446.62491535679123 172.12713150996484
174 426.583443786756 99.12440445586063
174 353.8909402707916 50.377302017687
174 305.28033486179015 31.387278840131373
174 286.7757830015727 17.497938455018925
174 273.0282015672535 6.562597519128341
174 262.53527366999685 1.7399010468713547
174 257.8586432112338 0.41992984638392183
174 256.51999768599177 0.38687119224306055
174 254.94145708698133 0.2744539546639683
174 253.96919560732877 0.2605521675466106
174 253.26572874882672 1.5190572271138332
174 254.02227217450908 0.15935981725327897
174 252.54222955975266 0.28241011554457507
174 252.25389421998904 0.8181375155745029
174 252.81643165230312 0.8103589415152344
174 252.57173297489433 0.47400765404367873
174 252.29624507097085 0.4072711267053065
174 252.03812193547043 1.045330413429907
174 252.6056494459121 0.15872205434423597
174 251.65964409190505 0.7332730501138927
174 252.02823513991783 0.6808675838775222
174 251.87047908152837 0.265938020753287
174 251.45511663509345 0.8580419926044521
174 251.9391767205883 0.08319104960618458
174 251.04696163275798 0.9942418040562868
174 251.62907961413734 0.1731860330834867
174 250.62626236114133 1.0316922891391196
174 251.1467643095424 0.34466852520647057
174 250.57507002284 1.3524397766677623
174 251.54674044327533 0.13661013514231596
174 250.21119028798003 0.7582627718201524
174 250.54716046678735 0.35703084108648797
174 250.16685325784675 1.0898675003804819
174 250.77290855634035 0.08712197944357654
174 249.66467685616288 0.08421699457082456
174 249.47814607711308 0.07207730429614773
174 249.38967324262615 0.05271082659631868
174 249.33535828477085 0.05163935995657995
174 249.3118551518934 0.04957365776855305
174 249.29821049596345 0.04894346114584888
174 249.29223710104236 0.04846084795315815
174 249.28960917326467 0.0483887214016165
174 249.28801150974925 0.048394692820760796
176 855.2559906621658 580.627236173481
176 829.9399801181883 559.3734017154062
176 808.8044942733737 540.6936204434464
176 790.198251114356 522.0568746503762
176 771.7439971593585 495.9573248411764
176 745.8749451751842 471.50459022236026
176 721.5548260516007 450.68236210308083
176 700.9920000434846 422.11180114841704
176 672.5406454390483 400.06340118184266
176 650.5809875997713 376.2427453375783
176 626.8069919330239 352.925988276187
176 603.5647781203194 332.4085897180895
176 582.9497823286549 303.79979676178334
176 554.6764059612974 282.27550307814874
176 533.2946068098707 257.06077001864446
176 508.33036864193826 236.1741146827745
176 487.5377423354589 212.47291516714785
176 464.448795610429 188.97360757560654
176 441.3375329705335 136.9776987988817
176 390.01628480733825 86.82540597935086
176 339.994697573885 40.55244698260089
176 294.03252427768524 28.278997422707008
176 281.82196247599006 14.49234872520263
176 268.38494332818664 6.421963176717465
176 260.0257059728716 1.2656787982600246
176 254.7872763548513 0.5228423397586989
176 253.26532230424553 0.35717330354453874
176 251.92314004047822 0.35775939181593686
176 251.1855590929765 0.15513170220349948
176 250.29128307870207 0.12914406513822255
176 249.63066752061053 0.47976031247895845
176 249.66148541954507 0.35348312768154366
176 249.49890677275627 0.7030664325175922
176 249.65596814063676 0.45612874420457167
176 249.34108241883303 0.6609819076417626
176 249.45188093099142 0.6155485173046407
176 249.2710300873654 0.5277433663681794
176 249.14091980230359 0.4884697465973333
176 248.96172831404763 0.1340842886056867
176 248.44024790567482 0.5657909712010869
176 248.85439650487135 0.333305032999567
176 248.44724944813197 0.7218467107573364
176 248.6651739406688 0.596479711333666
176 248.414018480001 0.3853497840168095
176 248.1355806570081 0.47456629260481853
176 248.05061672316305 0.3401717535819171
176 247.88055696849935 0.6879306231373075
176 248.09118672533126 0.4113131736062728
176 247.72889524115513 0.6378693309592129
176 247.80254262598766 0.2442266840627776
176 247.2209409030553 0.7142871953338408
176 247.43184368103485 0.3032241412530694
176 247.0423282543566 0.2674230997975961
176 247.0239079019726 1.165844535696612
176 247.89673211259677 0.35343553684173784
176 247.01612010491627 0.2645341509989433
176 246.79847586665628 0.48457895868375866
176 246.90628474854 0.6316723943912331
176 246.91759582697046 0.07391946059727472
176 246.4203586125964 0.04408680903933747
176 246.32375387123966 0.037486165124677964
176 246.27648250860304 0.03362827521252007
176 246.2494837603722 0.03172404086336279
176 246.23666538075028 0.03154128249995887
176 246.22956804926355 0.03145506515564961
176 246.22638144629173 0.03133020698583459
176 246.22495788764905 0.03130477388156211
178 852.4325568272654 587.3866851279641
178 833.6159901959406 564.1761974109128
178 810.4806373557178 538.1855122530355
178 784.5500156360539 512.5061732117086
178 758.9672828711881 486.0409687211753
178 732.6047461388631 462.33269855202377
178 709.1579424753118 437.99610261124
178 684.9861021720066 418.79797406743296
178 666.1462044260585 394.37346733338205
178 642.084213774923 373.43818399733
178 621.1611020507886 348.20032780593647
178 595.7946101067256 321.0579664261637
178 568.7713592667558 301.0695862538903
178 549.1558633185549 281.7001693604637
178 529.9027010684722 259.2257362317696
178 507.6045537196199 232.10511553025896
178 480.95013415645883 207.06470715238675
178 455.95405456051543 186.31029931157616
178 435.36391361908954 164.3418670945529
178 413.5009431689732 88.55362648360915
178 337.511783287252 47.27899596715361
178 296.57793056514333 33.02666858679152
178 282.5596000353755 16.871400959579876
178 266.5302471152902 8.694823298526382
178 258.18191017643585 3.119207355084734
178 252.6572801088611 0.8233316648653479
178 250.05468197985104 0.5330865707582189
178 248.62241542291684 0.34645439031925107
178 247.73699052125767 0.2952198989139224
178 247.05762967724706 0.189972039780538
178 246.5165655022672 0.19903050020545487
178 246.02068479459692 1.1092746399161915
178 246.8242312265845 0.49601864020798053
178 246.16717013209197 0.688563989991764
178 246.34447008098132 0.17420738413514764
178 245.71495098432936 0.36093192346157993
178 245.63622351288066 0.43293307707739187
178 245.5783536322463 0.8189722982640603
178 245.874530902455 0.12470914547846047
178 245.0399729866109 0.2653698710020333
178 244.82303491152095 1.4215901910052662
178 245.84890310508106 0.13487051205819964
178 244.52970316366233 0.33199813216197377
178 244.37793295573738 0.5042926589381668
178 244.5973369547811 0.7836316335558093
178 244.7551660168342 0.48842139379130434
178 244.34636642174738 0.49530930330651946
178 244.32448193260208 0.34416919371196375
178 243.98188327623822 0.6188438510371087
178 244.28838447930414 0.2953996822682612
178 243.80577556426127 0.8863026904738757
178 244.3770281852611 0.2196553974770786
178 243.56328352731484 0.9235507053470322
178 244.28341556106534 0.2718101524291937
178 243.57212747562505 1.072975427403585
178 244.24757687487212 0.05630888825887891
178 243.1258464052322 0.06040674875021425
178 242.93606140230258 0.0315556712572079
178 242.84539915945018 0.03415238258915313
178 242.79537975412555 0.03309989171063549
178 242.76625440885647 0.0315587559658461
178 242.75398342307975 0.03236157421723518
178 242.74832866128006 0.03218078969559536
178 242.74543793020504 0.032101250362738906
178 242.7437503265231 0.03210704659060573
180 848.6790314830207 582.0960775408613
180 824.864161249169 559.5403458439118
180 802.4302685222926 536.0900566556359
180 779.1256104074705 511.1265445058954
180 754.2237996003558 484.8120237161568
180 727.9714543803977 459.9503930936311
180 703.1607215647854 432.4729122862392
180 675.9430336747174 408.46884437658605
180 652.3052084471025 382.4731706891616
180 626.533520827977 361.81580333301656
180 606.1934187053935 340.2346406543133
180 584.6820617021294 311.50097983167814
180 556.1074132286469 288.57810764259193
180 533.8679101986348 264.2440877013486
180 509.75214291528937 241.21543695683422
180 486.9368420867761 217.27095205739568
180 463.2146534739047 190.27656082000632
180 436.3571974140706 165.0062072957503
180 411.5164231543435 124.96492950199206
180 371.69195924393244 53.5935514657812
180 300.42395123663255 32.02861241318863
180 279.19719073358135 17.7724490087534
180 265.236528223549 6.758281557409392
180 254.57431893712445 1.7858032049507286
180 249.71564178532898 0.3219370999519666
180 247.61442299126566 0.3933176547396746
180 245.86569829434993 0.24694571707974108
180 244.4640306651464 0.15182645550502188
180 243.52176678454688 0.11525088610877651
180 242.89770921856726 0.13631536548076964
180 242.5825267360379 1.0556485074485782
180 243.34172174427624 0.2598408783660029
180 242.42883652377776 0.8800408770968758
180 243.07444861382749 0.22410453820788107
180 242.34705803022985 0.7921258299616918
180 242.80212494220933 0.3982759732235486
180 242.33106138734487 0.5879730930352549
180 242.51136434155333 0.6644579932019876
180 242.50504317995617 0.3589461735643257
180 242.241341465055 0.6854576673874297
180 242.34837306699606 0.2794854613987524
180 241.92469188320783 0.38461487215393114
180 241.8980667711599 0.45718689201970986
180 241.9531664022964 0.3297325344643234
180 241.66214664627245 0.43472767106472654
180 241.75028515740277 0.8185483100053668
180 242.1622927525204 0.39986739866010856
180 241.58414810050098 0.4782521486123461
180 241.5928037250968 0.7147437619275036
180 241.7470601538928 0.44591246800435125
180 241.42162791134353 0.01270311112023556
180 240.97099301575383 0.00043455912638915863
180 240.86112387072762 0.0010619376138382482
180 240.80820596631796 0.00024527573034073953
180 240.78833368022583 0.0006554244892872222
180 240.7777348599165 0.0006226219558203636
180 240.77205336264876 0.0005453318804084804
180 240.76899043445965 0.00045981751184957906
180 240.767447403858 0.0004397058774698024
182 846.4283816724477 582.7004470203989
182 823.4112607415285 561.3885762092984
182 802.2316841839747 533.7833342887977
182 774.6552248541668 508.92157008124445
182 749.8488332430552 487.69340084283687
182 728.6779640310035 459.7291644923373
182 700.7638081663872 433.4974910734424
182 674.6120459286174 407.160069396264
182 648.4261483049878 383.03037164613585
182 624.5065506965117 357.8890814805291
182 599.6251459732769 335.80351505435146
182 577.8678594521634 310.61330881415824
182 552.8533613981618 292.96372304695285
182 535.3049274007441 273.7753156244538
182 516.3476930090737 248.4376416086409
182 491.17568922226314 225.93590221348546
182 468.970221188957 203.26580690285257
182 446.9964503266604 179.80792870928352
182 424.0765135928535 102.39238205349277
182 346.894530283034 56.43130343746816
182 301.27004394161133 37.650795253473234
182 282.3901411971638 25.4229769496136
182 270.4676238097195 13.777675001512529
182 258.89347955222127 6.133374733961261
182 251.28100173865076 1.764047469178831
182 246.94536616184962 0.7822406320269399
182 244.71159814349613 0.4937878426293113
182 243.2441676253663 0.6111818126410984
182 242.45255755909227 0.1323324291097806
182 241.35642639724705 0.19189380391922545
182 240.62172174090256 0.4081393059471926
182 240.6343072519293 0.1301539839234223
182 240.16954433327095 1.0763232611687157
182 240.85825238780544 0.15626413254993973
182 240.03267900745803 0.1769638133885997
182 239.8567217446812 1.0789287887545895
182 240.46201338772968 0.231918962154731
182 239.50382819443496 0.5476117188547025
182 239.6954121350564 0.9020349188009359
182 239.97247892936096 0.12817612070417786
182 239.16480736010453 1.1163981943091972
182 240.091561791774 0.14549721503289478
182 239.07505058553872 1.1481912832547154
182 239.89034722096181 0.09350855178354184
182 238.9550882843158 0.8663934789675033
182 239.61828129849883 0.2353285912951532
182 238.93066043881473 0.38451140370392217
182 238.98804024067005 1.1363489806336746
182 239.69844518152178 0.07613734564257131
182 238.74904558285482 0.07428276752035523
182 238.55078958506755 0.036383716494942236
182 238.46537072320777 0.034801525719815936
182 238.41506820881662 0.03321815002607992
182 238.38751426110608 0.03309143872191828
182 238.3748148209132 0.032364253805291066
182 238.36880281078666 0.03220709734903342
182 238.36564183018857 0.03215597768517406
182 238.3637440360186 0.03208721785375752
184 844.3276305166604 580.9149848411321
184 819.1635227598067 552.4730852032134
184 790.7449896063649 524.8633730670904
184 763.2329785949896 502.0702162267088
184 740.5519791375655 478.50592886685035
184 717.0978900996229 453.36444552327214
184 691.9286299670821 429.9003404740764
184 668.6323756354153 405.1738009903705
184 644.1919448292106 384.6155613465218
184 623.6589095772074 360.90333715706356
184 599.998259966994 333.78517876973655
184 573.1030801936163 305.9899670421173
184 545.3712017578521 287.54931420349465
184 527.1069986413935 266.04282017608006
184 505.9234520514407 237.09101890911467
184 477.18292122298226 213.74512964413617
184 453.94889795969084 189.18396491674815
184 429.7507382532285 169.53973891675298
184 410.2606595338573 69.21712314639419
184 310.17606340236006 49.13218104360832
184 290.00746493779286 36.82935375314436
184 278.17511983009973 21.992461408626948
184 263.431331224163 10.948320510334163
184 252.64310720494478 4.2528876766894514
184 246.13816803999308 0.4676932111311801
184 242.17387758293256 0.19988693262501867
184 241.2623316266248 0.9153204868944324
184 241.07446033995043 0.21824759032620106
184 239.9892831878506 0.32192399085502377
184 239.2963234021422 0.5475640696190519
184 239.13673713920545 0.3776940976961966
184 238.80329578856956 0.39571581345335416
184 238.51331626979447 0.28254917784958633
184 238.0354447934856 0.3972240767589604
184 238.06446802530957 0.48226073663764213
184 238.02415170052197 0.2837521785318615
184 237.79775214945428 0.9280389972965722
184 238.3426558707124 0.03641473737151714
184 237.38488293116183 1.0288655085439078
184 238.07572570941593 0.18638685772354918
184 237.31397924912017 0.5186633922317021
184 237.48793360505996 0.3530836878276782
184 237.34361476176784 0.7034894428566391
184 237.59045950083186 0.2031478295745177
184 237.04047579668128 0.2883084451252773
184 236.96429634375906 1.1775970548482084
184 237.81470159189064 0.03844083685295632
184 236.75533592007326 0.6314707547856162
184 237.06143088589866 0.1950265934877078
184 236.48137057158343 0.592263874898685
184 236.94493554182955 0.48390524274374547
184 236.78895355007052 0.6646019788174529
184 236.94719899073343 0.07795557861870162
184 236.27017625468403 0.864521025215838
184 236.81369018819282 0.3879721691219544
184 236.310771543094 0.05287387388509971
184 235.9754837193158 0.04781700196170308
184 235.92679093631986 0.03203573693364242
184 235.86895805608668 0.029079550174736686
184 235.84501067245438 0.029164402657563877
184 235.83184979942882 0.029468865412294556
184 235.82520597782417 0.02933306756407985
184 235.82261066878638 0.02922361540978142
184 235.8211019674996 0.029136658914916343
186 841.4919891248047 585.009937164207
186 820.7513503212238 559.5882657877294
186 795.4317553016197 535.462035713481
186 771.5232982978009 511.44368984526125
186 747.7540142526676 493.7150699813308
186 730.1118211031385 470.9478809350198
186 707.5349729802588 443.95779797131496
186 680.6015111107292 419.6781469777022
186 656.5450167948055 399.30283367593637
186 636.3468644137847 375.1457789518642
186 612.3645774238692 350.98304002406655
186 588.3665242931871 326.3316991728149
186 564.2514821786875 304.551984112742
186 542.8985821907768 283.3780057868762
186 521.7233540202366 260.88580046188076
186 499.3619944953192 233.73236949927545
186 472.83348128260275 209.62698632550848
186 449.0455914217351 185.9428343869518
186 425.8329642383059 136.27495158583127
186 376.75009356001533 60.71470002517819
186 301.1569573065151 42.48564503775235
186 283.2160250012553 24.543911743903536
186 265.50757389788737 11.967332284885913
186 253.17291334488152 5.15242478475465
186 246.17813255975025 1.3689935359914704
186 242.0487565485984 0.2766389620424801
186 240.7118300162783 0.28718767945796153
186 238.80077249011114 0.334771126827474
186 237.44606048213504 0.13934164837010857
186 236.17112246959837 0.22504941715561272
186 235.4103776912863 0.4754884711859767
186 235.08107377898938 1.0079284142239844
186 235.34605105816885 0.5760448222326515
186 235.11065574294673 0.9036195705621093
186 235.3237042861071 0.35974657987139674
186 234.80744710869132 0.8761637868485121
186 235.25059040496348 0.2713179748964543
186 234.5078531108992 1.0609664832239452
186 235.1204292900713 0.5473133171355119
186 234.49373347082135 0.4849726732549391
186 234.3357818372813 0.7827852494888604
186 234.65783521866192 0.33428891588175996
186 234.29556920563215 1.6964825605706437
186 235.54874204134964 0.16508534025235116
186 233.9022896396055 0.9214551689660747
186 234.42070675524684 0.2741644144771166
186 233.58508561564852 0.8527722305788323
186 234.04474274486464 0.20344059253059663
186 233.4378192065988 0.9343451070245221
186 234.08538504924772 0.17467082804661757
186 233.25496949648345 0.7871279462222084
186 233.92803963050184 0.46593545128932207
186 233.41950253261962 0.043208971623686365
186 232.96981166996855 0.025573051033409396
186 232.85603293271726 0.017543749103642765
186 232.81000689449903 0.016419669889370738
186 232.7839601720689 0.01679388540363182
186 232.77237813834506 0.01641654899332074
186 232.76534513929582 0.016312452937949126
186 232.76171162504306 0.016273955536156647
186 232.75984389480857 0.016221813872220978
188 839.0157970338436 579.0923317384933
188 811.8365968593924 555.4103346257233
188 788.1795096219221 531.2640086074794
188 763.9273709437773 506.59178885088755
188 739.2552168594166 481.8307940113775
188 714.5047245754855 460.34220341872657
188 693.1462117945908 437.65620639381723
188 670.4406092163472 411.5082080462229
188 644.2358861670107 387.6508646362486
188 620.3526558830144 367.2440833089041
188 600.0629952153295 341.4102425365084
188 574.5098128741427 317.88265425820805
188 550.9004763251089 299.0611343492477
188 531.868703618827 277.7948589424084
188 511.0364778500432 253.01368603121819
188 486.7790035518718 231.20490043244456
188 465.231382088343 205.46135350125505
188 439.857905227899 182.67783826675375
188 417.5110684067065 138.20453245103096
188 373.4298772062699 88.89584350756738
188 324.7360488548289 45.95067485137626
188 282.0770772632444 28.188453409635684
188 264.7750471048099 16.698450197311118
188 253.54991127017632 7.786132722283262
188 244.79561177219963 2.2528263634419
188 238.87530662900883 0.4018683753818427
188 236.62452934009156 0.6132397148441554
188 234.7013881782755 0.7073876455523431
188 234.03111025853426 0.6126752751200321
188 233.21609746487113 0.20802967157723168
188 232.2259906171724 0.484398772416158
188 231.959191232347 0.7917447918941407
188 232.2674680110332 0.26982111242868034
188 231.45532498258882 0.49962643314558114
188 231.50211210713667 0.6802270608267159
188 231.6565241951533 0.050960990472955936
188 231.070575831185 0.7703638701475569
188 231.44554347756784 0.21861413701855448
188 230.85494806209047 1.319935933569046
188 231.88429422390254 0.08044949716732894
188 230.71023564141274 0.8783954179481425
188 231.33437875374352 0.14896054476898565
188 230.52981455077912 0.6925539700229784
188 230.95664615993022 0.04424466774267387
188 230.2811392108481 0.43496417270677046
188 230.5195418924032 0.6900829489456906
188 230.7214179985473 0.30367414197570036
188 230.46449818493747 0.15267966328009228
188 230.17072623823907 0.9332765049599943
188 230.8900381032047 0.17334924890492076
188 230.0839202417541 0.031224950374173048
188 229.84439921727255 0.023957272085613796
188 229.75878648249127 0.009919172004392528
188 229.71557001068504 0.009509591599282462
188 229.6912032576625 0.009213944891425184
188 229.67650435395046 0.009358943493667714
188 229.6703970365972 0.00934871437912067
188 229.66715289316753 0.009359067936484059
188 229.66572031653666 0.009341606766865393
190 835.341021978023 580.6925555972153
190 810.3168621976032 556.8396123331709
190 786.4150830113842 536.7092910617499
190 766.3004409789876 512.877008221413
190 742.6575818396145 491.6326183786324
190 721.4286401249882 466.1225891858734
190 695.8342127358213 443.81922085211295
190 673.4350957788288 419.04455701069264
190 648.7488364406838 392.95546713883357
190 622.7390059176943 367.3386890708863
190 597.3875049111006 340.2394325847147
190 570.5741901932511 318.49303361936256
190 548.9762131175694 291.57454806371777
190 522.4876338340661 266.6451465865549
190 498.1043632719784 243.23354600365388
190 475.065801236649 224.7672490613062
190 457.54856231687063 200.79348883821348
190 433.41568781216574 174.3640072851349
190 407.3551290526446 99.44741637261981
190 332.9590564513893 53.00354944612406
190 287.5903063146966 37.29437031000502
190 271.80392011607046 24.96495506320182
190 259.3781539810612 11.524418636582393
190 246.4130013066266 4.244919629354027
190 238.83546827352308 0.7334223080316247
190 235.05433096204635 0.17254948497874245
190 233.6488816592457 0.14889457660037353
190 232.104210239135 0.08098284151818842
190 230.7717367877013 0.2237751196789698
190 230.02026918745187 0.35036879302097246
190 229.65190628121914 0.24427792123007605
190 229.3358802953374 0.11187830448518507
190 228.8062111742118 0.5209380494056247
190 228.95933817522004 0.38688739477346645
190 228.72121053286725 0.5511301179606182
190 228.67440709812635 0.7161613002457544
190 228.81589545660142 0.3561492139270942
190 228.34452216124672 1.0204488297595122
190 228.8783670752231 0.05644725410946834
190 227.93543501035995 0.6212113831019703
190 228.28247953686864 0.04130978003370258
190 227.65908660056772 0.6532292965868944
190 227.9905904392924 0.47389160828722954
190 227.80136287280845 0.6927062616202644
190 227.8518756242778 0.27013020957010236
190 227.60065047087082 1.3007657518452835
190 228.54837968298898 0.1285363052602414
190 227.40708394780273 0.8402504677139269
190 227.96889105934505 0.23552069380637372
190 227.4301941949418 0.950330365558828
190 228.00808026591972 0.16083664715362544
190 227.11909656846544 0.705391575137601
190 227.596779389134 0.2723190313081615
190 227.2010160127231 0.1514495781620626
190 226.93417954336147 0.09399810642693372
190 226.84286000511426 0.08135083551867867
190 226.7864753985828 0.07524915523367856
190 226.76054829109947 0.07382289200161243
190 226.74834180685 0.07266393542218985
190 226.74284662127323 0.0721453092264874
190 226.7399027009509 0.07186337986149104
190 226.7382384599886 0.07186299289307468
192 832.3681217341119 578.2580524098812
192 804.8628922928457 552.1333145102747
192 778.6896084825509 529.2828715137365
192 755.9599899227414 505.16870727039816
192 731.9382028589828 480.13312347074066
192 706.9981710068306 456.8740894361567
192 683.7628677841595 436.58576486348187
192 663.7895392654666 409.81995240058296
192 637.0283734823331 386.85613899469115
192 614.413880194134 366.27455740717573
192 594.516830253739 341.61623064333793
192 570.1624607944358 322.4834189908221
192 551.2686161217196 295.83173758138685
192 524.8673387538333 272.2107236771909
192 501.018377145793 251.1697468196794
192 480.493683449757 226.9859028222809
192 456.93104840378 200.44420731061717
192 430.62318193489136 177.03125433264466
192 407.88105114302414 129.65991807786955
192 360.73119146324234 86.52281094895147
192 317.8712993284837 44.427958310474764
192 275.65751541316604 26.060722531365045
192 257.59619405012097 15.313157151209635
192 247.59333873450663 7.100548635729049
192 239.19907295822154 2.8616110590586348
192 235.0255388210908 0.8364972796576553
192 232.26018997668362 0.5241746972010383
192 230.4076426403333 0.34001800975309887
192 228.80689844254997 0.19324653421954607
192 227.21908297133012 0.2417686307034624
192 226.47297803321018 0.3998106183928652
192 226.44324616101633 0.7444020458149162
192 226.4265677766032 0.17152544320217777
192 225.7618647008728 0.5804001600663405
192 225.9344309508855 0.26296864177843593
192 225.5221323188448 0.3292063278232669
192 225.44111895987658 0.37704732014503944
192 225.52998507871857 0.3814933660913347
192 225.52873031138736 0.6821716968839855
192 225.6163739977885 0.19815787839203713
192 225.1761469809611 0.9013418384814078
192 225.72136025787367 0.0159841949432522
192 224.9080815268487 0.910781778743657
192 225.4869557852864 0.41291320203732057
192 224.98077344984708 0.6666837924074069
192 225.28172380638458 0.19279617521571749
192 224.88841082913933 1.0676690562522502
192 225.61384111362366 0.033118192094424855
192 224.6820463678064 0.6033040101713093
192 224.91710138296312 0.10715985857218945
192 224.4729124578789 1.4422490781488282
192 225.59682705302234 0.13715884151202828
192 224.54876449798752 1.109334600339013
192 225.27626276396424 0.06878882813941276
192 224.2983405886023 0.18584804799000043
192 224.32666435524658 0.039872421136247366
192 224.15613420377522 0.012234390552268146
192 224.11052055142605 0.010910936272505816
192 224.08399570114528 0.009925095119791597
192 224.07179876087258 0.009390002966427053
192 224.06499044761736 0.009142972619655663
192 224.06231788914664 0.009061126070703631
192 224.06058895532638 0.008963251304091138
194 829.5656987702924 580.1162989417819
194 803.9842286827151 554.7970251555579
194 778.5828156250122 530.7367718814194
194 754.5450386228941 505.21421067142967
194 728.9204608826769 479.7376377979923
194 703.6306763307873 451.33213055234654
194 675.1765402009794 428.2669721484189
194 652.3802499787025 404.21795034555566
194 628.297245557593 380.70643480875964
194 605.0662935108337 355.1733194123718
194 579.826597631647 328.00835807190066
194 552.8042464368293 306.2064079711413
194 531.4968914685803 283.97173345501074
194 509.4838787960689 263.7834821332796
194 489.7402229023744 243.85046440909662
194 470.3210626024493 226.64037611680453
194 453.37342017844816 203.5488225872384
194 430.7385125495831 184.56663495640237
194 412.2362233969186 132.48670123727422
194 360.5992142307033 57.74793450815638
194 285.65995065386824 43.06675811496219
194 271.35809561673307 25.662241377240605
194 254.50059184236184 16.935051018441197
194 245.84961481328358 8.024415748930283
194 237.01388485515338 2.643772849303282
194 231.008378983367 0.5005113892216784
194 228.6017580959752 0.3836535339753995
194 226.92581272784633 0.2782730775507705
194 225.48909718423963 0.39842153567150607
194 224.66503048021903 0.19936621594280518
194 223.68907551959182 0.6976746774765029
194 223.33150198628405 0.2928741948185855
194 222.76105854776338 0.5654872616532706
194 222.86788343382352 0.34186233304855185
194 222.49547310563835 0.35223597524773226
194 222.37421502998197 0.48240037607246217
194 222.47068547904016 0.24743037139832452
194 222.04088379492384 0.7181200618379835
194 222.4185645058474 0.1600789976466532
194 221.7332455433468 0.6943079695477641
194 221.9955351831042 0.42308986273635285
194 221.74519242763316 0.22191633026409124
194 221.30559910974966 1.0084125853073596
194 222.01719558138825 0.15292184386286
194 221.05416968679452 0.3964259900504378
194 221.17913747169703 0.7940393129165949
194 221.5735957317143 0.3186348788670786
194 221.13980154983506 1.3166664149030223
194 221.97614689316845 0.19935916487485406
194 220.87671737597032 1.1082726907791791
194 221.6587984698444 0.18935699380240456
194 220.81208336156075 0.7722271862731482
194 221.25086984053368 0.1774256933778547
194 220.71930876014545 0.11332413744145603
194 220.58083753112865 0.01711264422870198
194 220.45548230229056 0.011593952179604674
194 220.41291809884 0.011649055511001028
194 220.38704820224007 0.01120185191432256
194 220.37474774355215 0.011290640267485991
194 220.36806348586504 0.011023906354937139
194 220.36513354402587 0.010850259686733787
194 220.36362633446507 0.010833075735433307
196 825.6417923187776 589.1388232940598
196 809.3652755290367 567.6830207324923
196 787.8325829973132 542.9610897036441
196 763.1435194196582 520.200113448006
196 740.3706767208232 494.09937162560703
196 714.2017302901612 469.7747809412611
196 690.0614424210289 448.0307655965055
196 668.5812976748712 422.7997650941395
196 643.3943983018426 399.8176834385503
196 620.6144706872487 374.6901335362685
196 595.6193825266645 348.52071828192607
196 569.3412637385796 332.7088370148079
196 553.8478417984692 311.55481350916284
196 533.0131160516744 283.0477572321466
196 504.6740104795212 259.1851637171416
196 480.8614683298998 236.01025607868252
196 457.9962596306264 208.5598398869637
196 430.8686531808033 184.80156552182382
196 407.49254500043673 159.01950347399827
196 382.07262103496015 59.999597456844924
196 283.3320964069344 41.572446015341846
196 265.49345940002974 24.849377041608157
196 249.32111072632378 13.258386990252188
196 238.1562610443027 5.60838511945805
196 230.84361892121547 1.696660383769749
196 225.90528352967743 0.9282534863323505
196 224.089502237888 0.4826067887981985
196 223.05081769344392 0.5775886535789663
196 221.77786565206154 0.17526695957922073
196 220.12625081766367 0.3681378920717862
196 219.4475110669286 0.6840058778275062
196 219.4272967076638 0.2541844403794538
196 218.60170104331718 0.7633948895001152
196 218.74046272926742 0.19310908234126395
196 217.97017701449198 0.7409938078836005
196 218.34052858624202 0.3552226998284705
196 217.86514067596025 0.5497778736248364
196 217.93757326327392 0.3915367087985472
196 217.68340560826041 0.24010385505359277
196 217.4218839992669 1.0403312877093212
196 218.21168249663526 0.21540891004420223
196 217.17956043165 0.40875287579006464
196 217.38406831692888 0.33893251676251807
196 217.22464472629449 0.2903231535024011
196 217.19014188605638 0.3829042302620457
196 217.326021082415 0.49413810797013646
196 217.29842831060085 0.6821472217712499
196 217.3218603223237 0.08587780675801215
196 216.71060310325154 0.699813854443774
196 217.0438281197122 0.5292994987056
196 216.93345695453607 0.6250003379411522
196 216.782558101808 0.7276783496005594
196 217.06834374480374 0.3925381723648851
196 216.64867137268214 0.8260167738419419
196 217.11563319397408 0.12966870285643517
196 216.33550499990227 0.0709268758560297
196 216.205755944038 0.039689096745355576
196 216.10218637409974 0.02795428643092329
196 216.06009553146137 0.026848706991147206
196 216.03653571351654 0.027115481156082876
196 216.0257443257671 0.026843432737386392
196 216.02110809224095 0.02674845249232778
196 216.01841357738422 0.026632435500400425
196 216.01685759749873 0.026491651611408658
198 821.3518024733643 580.2058730542603
198 796.1689854975622 550.4501160865583
198 766.3773382762521 527.1787205163148
198 743.1052029439862 500.94112392797155
198 717.0941308760268 475.42596412587955
198 691.6341595497438 452.5590825658376
198 668.73618402697 431.0511774379445
198 647.1640744667313 405.34251293647736
198 621.3433683767014 379.49522297958003
198 595.6951515104194 355.17062387729004
198 571.3815071571362 334.2792688824403
198 550.6595781850648 307.9647762959037
198 524.6885984775163 284.7063136316797
198 501.78310879845765 259.4460194535353
198 476.5452138673599 233.60464668962464
198 451.03371143282163 207.79008803283097
198 425.78685280661796 180.85253327092545
198 399.1815694539751 108.18066991261037
198 326.45850100675585 83.45240517561217
198 302.2528066555215 40.867492584406136
198 259.4961242412978 25.85862581697814
198 244.55364429600584 13.86105482178412
198 233.1279395112968 4.752928785129889
198 224.42790194099436 1.2794187589197974
198 220.84034775681076 0.769418393809021
198 218.75906737556792 0.7543905221222134
198 217.36189284302728 0.5415774238303193
198 216.15243634258542 0.23796523709670317
198 214.8242726912484 0.4524441177382765
198 214.46662824282532 0.5613495551909047
198 214.02866095519755 0.48489679016803244
198 213.6948694623869 0.22048722280926528
198 213.19295587353824 0.9848168285232656
198 213.8501098694372 0.11910137568021457
198 212.96596562729584 0.6078592111730579
198 213.2352344899046 0.4986094482687245
198 213.1539652907193 0.47586993264169075
198 213.00527615918742 0.6452516059384646
198 213.2214028258959 0.11393313386479884
198 212.61418082154415 1.0821074339257013
198 213.558918073043 0.06875942664306625
198 212.4265699926211 0.9821238393504981
198 213.3295654912865 0.3604548985514645
198 212.53374554195275 0.585346932037063
198 212.82938034573385 0.2659320916944306
198 212.44037630351033 0.9553737310788715
198 213.13253927145448 0.23318215140723103
198 212.3908735047357 0.8335957626505771
198 212.98848177658334 0.28795244918974333
198 212.3037101743889 1.1162124017320538
198 213.29490244933513 0.210918398863116
198 212.2824195937364 1.140670145700859
198 213.1841612872617 0.058196715929279594
198 212.06582794205977 0.10886669407497593
198 212.0384790200328 0.012719580130553737
198 211.90034382291805 0.01477626308958822
198 211.85233600948078 0.01130831195947956
198 211.82998985192125 0.011587763332157835
198 211.81897130819456 0.011626943762396931
198 211.81322750689625 0.01181957168644352
198 211.81058747792304 0.011729079308407645
198 211.8093996061872 0.011708504369966127
200 817.0459046308906 581.7133318411005
200 793.5537871672487 557.1760251493085
200 769.013769754479 530.3805595737488
200 742.1522897935986 509.06003944933167
200 720.8601142293587 483.0802878195217
200 694.8635712325373 459.3490897154418
200 671.1818445386182 435.04671836395835
200 646.8344237525138 412.2394972169929
200 623.9302284853991 392.5452131303375
200 604.1978756675898 369.33005126913883
200 581.0427201393447 344.6554507109667
200 556.5604251480441 321.6247636948988
200 533.6565692236757 298.92922514593636
200 511.1603547762377 271.33544043812077
200 483.71566172526474 245.73578785984205
200 458.4639590708474 223.8735317942764
200 436.3858047780916 205.44182509931952
200 417.766400926895 178.28838174936078
200 390.85817585502036 133.50111695290508
200 346.4499684688248 91.15572931195811
200 303.9548474668282 46.60391962166087
200 259.1185545098766 27.770040274803634
200 240.6844037309296 15.849658914498892
200 228.9341875612353 7.365748034109574
200 220.87314242189993 2.0194500600401795
200 215.3336660816924 0.19914369100995183
200 213.43508273759429 0.12161343608567153
200 212.14265150574838 0.20566824133200218
200 211.29292038229866 0.3063987483986992
200 210.78010632171106 0.1294206762891494
200 210.07946647261764 0.21836569909230436
200 209.81933456171024 0.3641101533980026
200 209.56239452553555 0.4860590191392708
200 209.53143581218305 0.4406442809060646
200 209.30231093736654 0.5284418621525729
200 209.21970385366907 0.3495200682975525
200 208.98201449838078 0.989787906401896
200 209.3978925491844 0.22773442964962
200 208.77823125750803 0.5135359290326845
200 208.8258900725174 0.36476704302062907
200 208.72926497394104 0.5782970077397103
200 208.76191428157853 0.463380133277583
200 208.71328250703704 0.480797462548481
200 208.63648685852834 0.49615240352049195
200 208.67911496496555 0.9527614002948295
200 209.0244929293407 0.30653477565377263
200 208.4713634236182 0.6789763208303703
200 208.69126321092875 0.24965587123323965
200 208.34205581441637 0.9166018608542692
200 208.8864395538218 0.04382015010250911
200 208.0900580693179 1.3394557923366852
200 209.08854935494543 0.09705692524009477
200 207.96726186047064 1.857513581977221
200 209.52586596796505 0.18426221374420063
200 208.04946047243627 1.3626202135756817
200 209.03395316009755 0.13309461326455482
200 207.8961402599841 0.1491151521179075
200 207.75488933696116 0.06069343597114541
200 207.63787469554725 0.055785239571200435
200 207.59054766921514 0.051171028781031996
200 207.5748276326145 0.05127039748911205
200 207.56404046607807 0.049978690306371996
200 207.5591287671666 0.049489797612865635
200 207.55645391401742 0.04931556089099018
200 207.55495704238191 0.04915928722008002
202 812.91258962716 579.2160564489568
202 786.6336165656879 561.0769962055783
202 768.4669009248562 540.1295459624044
202 747.5903101023955 517.3924003654973
202 724.9023097018124 492.33802756561084
202 699.9306299909722 462.6844247492112
202 670.3007916872727 437.13968534936146
202 644.7894681057622 416.11484598670586
202 623.7919792150901 390.6861691043617
202 598.658950125897 367.55350516319396
202 575.8144573401618 341.90438439153814
202 550.2350205739225 316.9427198333552
202 525.0971533865942 295.44543817949796
202 503.82805169871244 267.57811282940526
202 476.3377009640517 242.0717115023785
202 450.9873232604825 216.48644562359155
202 425.2512756361829 192.35333185078974
202 401.60511393203694 166.03902776126222
202 375.483127252123 91.72333130745118
202 301.4691269828228 47.13022606050572
202 257.64768516570973 31.830599068348125
202 242.5224845048773 17.746944101823736
202 228.97164943767797 11.416018295421487
202 221.895484407583 4.552077938788068
202 215.03352723275705 1.4904122002564082
202 211.79582887580725 0.6698576494077387
202 209.8917687288606 0.39882938282466707
202 208.1110279477429 0.2640185704308643
202 206.63563425299043 1.1317625684874248
202 206.84067167844876 0.15474713186843594
202 205.67949682289645 0.49881290525207733
202 205.34310190976612 0.8284286050790935
202 205.49210471461697 0.5721719181271897
202 205.14719439191103 0.22459375601675285
202 204.6463430375881 0.9293622174018185
202 205.347005996965 0.137605472027459
202 204.49425842988302 0.6218888126868423
202 204.94241137373922 0.260661010081648
202 204.40595212783657 0.2683295736329053
202 204.44143065313654 0.949917921057216
202 205.06199526930715 0.12244610286914992
202 204.41684428149682 1.109688035467584
202 205.16833885617163 0.020846654680137747
202 204.11904502553057 0.1612384753217438
202 204.039735203563 1.2453981126452471
202 205.08233147798484 0.18289120878537463
202 203.92909749511935 0.8346735598458639
202 204.65923618669228 0.20851364619490328
202 203.91617656626457 0.4872430468581034
202 204.26883252289764 0.8068254188841828
202 204.45760812959338 0.03660317722562385
202 203.73858415904604 0.02111544290316955
202 203.67714055748917 0.00978684752071375
202 203.63588462331725 0.009244648680165871
202 203.61414134534337 0.009576341940699357
202 203.60461448791233 0.009053577134076871
202 203.60015589177354 0.008473797187210705
202 203.5975674814496 0.008515531953900706
202 203.59636264652517 0.008447991443632728
204 808.9076930314483 579.59388837316
204 783.1303578785208 556.045729707597
204 759.4715534198103 530.2371178991373
204 733.6822784359042 513.1241858550362
204 716.4258826084554 486.9026582422431
204 690.2007796979415 459.7690135181831
204 663.0965737082358 432.9396294575849
204 636.3167879666001 409.4932967763865
204 613.1785532895918 384.6084450677356
204 588.4099706399154 360.49371611144744
204 564.3928610060904 333.62291110004884
204 537.6618825121293 306.87311871002044
204 511.03828806829847 280.6054027590421
204 484.7976560663336 261.4794349566107
204 465.56755368132497 235.74890333238898
204 440.04671611290325 215.3761607617799
204 419.76029373027706 190.60403400414484
204 395.4726290361349 139.8224823482114
204 345.0035172297214 90.62713888190275
204 296.49753686219276 48.25425193287998
204 254.31396023587484 31.314935743681716
204 237.59459985989366 20.065467206185424
204 226.3776301438486 10.560612612107901
204 216.93798061522418 4.402568147083908
204 210.4641810196195 1.3608223796331151
204 206.91319327827864 0.8139077931353211
204 205.43417334203744 0.4575788482772839
204 203.81059889401206 0.4746590144006201
204 202.99436100086172 0.19346512859509765
204 201.92639875119914 0.4806350172156696
204 201.59174956341408 0.3650701573005546
204 201.2103908596201 0.6452579982374032
204 201.28368305637682 0.20751829823291168
204 200.8491799319952 0.4996624380966469
204 201.046513335573 0.3671799165473393
204 200.98673382431994 0.736810693835239
204 201.18758960065549 0.3501819621018196
204 200.85400144665275 1.0168861605678803
204 201.30115907198808 0.12188410328626437
204 200.45340175038584 0.7402522016838575
204 200.96337177373343 0.2422824482862444
204 200.54216659969512 0.5992371384078647
204 200.89786225585007 0.5635569830399718
204 200.77715578356546 0.24378329046128308
204 200.45645300725968 0.9143602963737218
204 201.12023864259228 0.38333644076046763
204 200.4845339111648 0.13193552603582717
204 200.13223138734847 0.9408266432152348
204 200.66447380556875 0.10615921823711887
204 200.01094971766122 0.7334113884283621
204 200.51426400407198 0.42522721175947814
204 200.28225544101002 0.5271693066690188
204 200.2733387005563 0.4470754157365657
204 200.23656422370829 0.4405969061446497
204 200.23337440128043 0.4621323394388117
204 200.34714258886072 0.5380047873149202
204 200.1454859003506 0.033717309156479934
204 199.6044879052988 0.012700241662568435
204 199.56247387240248 0.004317512511433284
204 199.51664707209682 0.003578615348214292
204 199.4959496698504 0.0038198458351191063
204 199.48886757937987 0.0037669724027002503
204 199.48355401411925 0.003637593650404834
204 199.48130391937184 0.003638747969509303
204 199.48031525468207 0.003621836718923335
206 805.087185437739 583.6425775118714
206 783.0497860598441 557.2293426691322
206 756.5481112284805 534.4063760989659
206 733.7680738609786 512.3518454938813
206 711.7163206056107 489.0826695216921
206 688.3377289182985 461.8397158230358
206 661.0970351886101 441.04128590131575
206 640.3711589064525 415.72223306193257
206 615.2062428488629 388.40639865199694
206 588.0753093938841 366.46981856110375
206 566.0070385998822 341.6180145615888
206 541.2552225609961 323.93898481640315
206 523.8244401312747 300.68826167393814
206 500.56162003791474 274.15918191153963
206 474.40483383671017 250.20038792952448
206 450.40418974632144 221.78781742743013
206 422.4325917856703 198.26435336857793
206 398.907843938673 179.143514154545
206 379.4942325516621 164.47105502155114
206 364.42793319760995 91.61759946408144
206 291.9691476271124 48.33129701003423
206 248.9950082177727 29.841414602045738
206 230.74766463095332 17.03850148548117
206 218.31492687910523 7.738222567778836
206 209.03938401904884 2.412913608855297
206 203.99036834510304 0.953710516354725
206 201.6905098458548 0.7204069442183294
206 200.48385293002573 0.35264406016799377
206 199.12064131649979 0.29888438997524924
206 198.0398920404289 0.2674947451638318
206 197.6170817444005 0.6813851136538986
206 197.6082984667222 0.4940313270465938
206 197.24458108854077 0.33141440489971696
206 197.0604633443579 0.9647197055950671
206 197.55089381027113 0.2897418319752546
206 196.95370596022326 0.7998030745679073
206 197.24429367138578 0.19265560997259185
206 196.71323784548818 0.40885451207024337
206 196.89313966660404 0.6559753973726422
206 197.22627135102638 0.08030022016146475
206 196.4810704513003 0.18328491582720385
206 196.4604297949448 0.8072520838104488
206 197.00393981515288 0.14847988687169472
206 196.5052400509648 0.48769615707387215
206 196.60905347269826 0.8059681182146102
206 197.07579942860883 0.16928843270504815
206 196.29824454547406 0.9803841310507445
206 197.12578733725596 0.23079963363202854
206 196.3046420356733 0.32120055269042747
206 196.40507433641295 0.4403436091303319
206 196.38401154615318 0.4736632995809462
206 196.45761488099356 0.39341743162058596
206 196.20632622661327 0.027072195099893722
206 195.9000146907512 0.04286160707606741
206 195.83685213990924 0.017785325354112157
206 195.78157308357396 0.014872092517061591
206 195.7593933764217 0.013859953524491594
206 195.74856898359724 0.013822618649659162
206 195.74355115682968 0.013868284496632298
206 195.74109517329748 0.013714100100805197
206 195.7397808669243 0.013703164259521382
208 801.1295052461523 587.1315058022963
208 782.8867722750656 562.3331739890269
208 758.1266033957564 539.4920755369204
208 735.2611388749497 517.7421598402888
208 713.3897980449022 493.5400922643507
208 689.2779014102956 469.6016684608995
208 665.392102741845 446.3800284032282
208 642.4323049461165 423.0017987598078
208 619.1281680115135 398.18867301400826
208 594.4591433879231 371.10159951213586
208 567.4078214823744 351.0270380324676
208 547.5603458332002 327.0748051070727
208 523.8107436429744 303.50288531449723
208 500.9519433935697 282.3732438316151
208 480.0607564915884 258.8916966061161
208 456.7901235045072 233.46989649070338
208 432.0164926360415 206.4938725140841
208 405.49615764675013 182.93923408772451
208 381.9734826311424 130.8799789830419
208 329.9887384327823 57.775957316190436
208 257.29856226752617 35.31307468680634
208 235.55597184683774 22.67994724412982
208 222.53813671016064 12.62840368589589
208 212.96453482772432 6.977090570446621
208 207.71474417284892 1.546200298339046
208 202.34829003894274 0.4985834063469433
208 200.25123481445928 0.47837777960821837
208 198.45481491209546 0.5264944534553263
208 196.68903421434172 0.6376426587846858
208 195.98525374451538 0.34491957510843047
208 194.83356586007963 0.14974923730057177
208 193.94346207309945 0.4624881878487457
208 193.60138553244315 0.5794806954333371
208 193.5853370241087 0.36416703974478987
208 193.45694860243032 0.5403429168331783
208 193.606269554405 0.22518662566085762
208 193.1480323454812 0.5562767369504942
208 193.43479107361182 0.21138409804114103
208 193.0863675723927 1.0070317244132962
208 193.71606537668168 0.2417317673613028
208 192.9621487545138 0.42917467482177885
208 192.97364827484748 0.2295861598260784
208 192.71850005541512 0.9133797690147086
208 193.29246293924447 0.17236553639883748
208 192.59404289999088 0.25056091426162563
208 192.50305370476212 0.687962615334587
208 193.02024808849205 0.15807032641002908
208 192.38348700282052 0.7070767340427727
208 192.89887507243182 0.2133617569482793
208 192.39552960422228 0.8165780560978718
208 192.98082983530114 0.09295538992436622
208 192.22441738982778 0.3369290890425155
208 192.3319010758337 0.5760378893141339
208 192.4634018106763 0.5211200135288659
208 192.49628543682445 0.027913386838487785
208 191.9615319469954 0.02457376487885974
208 191.8692303490777 0.0021771947429786525
208 191.82165029266127 0.000611199862996516
208 191.8063548562022 0.0011038375718070462
208 191.79575095517825 0.0011684464079134258
208 191.7907644581704 0.001138680365130722
208 191.78846779814742 0.0011802206682038222
208 191.78727586248345 0.0011964241915770326
210 797.3391003008601 581.9608198201664
210 773.7861404454932 555.5289232825467
210 747.3247418420076 527.3257326396075
210 719.0157072090216 507.01665875589663
210 698.8244951296014 483.93551025699867
210 675.9081916695521 463.206893917758
210 655.1675802054342 435.3145170547257
210 627.540043918388 407.9343930498336
210 600.2655813479533 384.2283750888775
210 576.6339286906615 359.937073033243
210 552.6804671819469 337.20736362460093
210 530.213458202652 314.6075893781353
210 508.0119868159007 289.2520943010557
210 482.57226450062245 264.9091078153742
210 458.46759558046534 239.37329715491228
210 433.61653007799674 220.11779096544615
210 414.1938440620929 197.10893667172604
210 391.3114722594346 176.0326956933023
210 370.89842696076914 128.3334864437083
210 322.7717970486891 84.89932043030184
210 279.52127507977195 40.28914493069141
210 235.42573430720043 25.703623573234424
210 221.177450490909 12.885279347318386
210 208.3162261591808 4.443710678257717
210 200.66427548591574 1.2862996426990254
210 197.16304261661836 0.6900697418266829
210 194.79923697169824 0.6817316762455088
210 193.61489808210806 0.4988128318843472
210 192.1003326057515 0.4297240189264262
210 191.0326557853516 0.23584115875424194
210 189.92498551020051 0.4755368584082517
210 189.63351496357708 0.7786111751824314
210 189.78668282159526 0.07404331338064188
210 188.86708528384798 0.30985090017320704
210 188.58755318031683 0.7144032514039834
210 188.90774861233 0.20165392100782145
210 188.39442886507905 0.8132113583045015
210 188.93417172683183 0.4316207954869691
210 188.4088307794484 0.5757960327275957
210 188.68160912608636 0.2702492293278507
210 188.25646367885943 0.9442046436799976
210 189.11962819773242 0.13409658813931868
210 188.11026567962506 0.8383209595897474
210 188.85976674727507 0.1672156664167097
210 188.089768642976 0.8109853251063366
210 188.81031459876604 0.15943545981860852
210 188.00391099133464 0.527167623290092
210 188.40061262137917 0.5185366200240267
210 188.177254573815 0.4135809600878691
210 188.22198146144663 0.12495525837514625
210 187.69475678783948 0.6542984212729724
210 188.37310893928725 0.23173523942225466
210 187.83566750619096 0.04531478370286101
210 187.66820078689182 0.019700656089049542
210 187.57876173759436 0.020543855570794033
210 187.54602532626683 0.014101737541024166
210 187.52995658139264 0.012982878265513711
210 187.52197012992374 0.013209376715209635
210 187.5174393965513 0.013288728022501937
210 187.51541783172578 0.01326169556189773
210 187.51433217377124 0.013169602488521634
212 792.5273614997636 580.825465918815
212 768.2085826913376 552.1339400430891
212 739.401906087533 530.9294968127376
212 718.2414754074126 506.6517602015774
212 693.9715488292965 480.0611443872849
212 667.3181181838091 460.60026098622143
212 647.9302234432125 440.84393128117404
212 628.091032686248 417.84779118979156
212 605.0349918137722 392.26400125553783
212 579.4621601093745 363.5179536274924
212 550.7443438167036 343.4090696079917
212 530.7824169766903 316.49313890868666
212 504.103544392858 295.52452084288916
212 483.550968953392 272.90589737590795
212 461.24783796575923 249.60287564611104
212 438.42473591388 223.97451601675613
212 412.82615602417104 201.55978230424142
212 390.70865659781697 180.2505521245523
212 369.6500233917043 130.47191523088492
212 320.1680718438914 59.51277006737253
212 248.93864048068104 39.72822502830328
212 229.26402511048107 23.36509690713647
212 213.12982892881934 12.436546180889755
212 202.01225510041414 4.907410638818238
212 194.57138354822945 1.2331920074355887
212 190.37376583908664 0.3616346589155743
212 189.1140627503581 0.6606042696078315
212 188.20319403335475 0.17188169369507184
212 187.33408628089876 0.4073880828827246
212 186.4437975713504 0.06044598374405223
212 185.51930812028667 0.5291068724620005
212 185.46855919507877 0.10743431345112167
212 184.9286678150603 0.5118164290578975
212 184.93259564136355 0.5127113952185
212 184.73137130780745 0.38907998028697843
212 184.63863767684703 0.4910540574021592
212 184.5660889937294 0.4313679624235497
212 184.62457068070472 0.2269591825293118
212 184.1861273483711 0.42515004034258974
212 184.393669163205 0.46269256351503385
212 184.3243877779734 0.4908285399521553
212 184.4593168214088 0.4076939296210891
212 184.23770546811002 0.3818667451673532
212 184.19649852873795 0.7914214441418892
212 184.54629506342113 0.33649126291799974
212 184.20258987085867 0.5459559208195315
212 184.20097004989944 0.1365613395996152
212 183.81887174873208 0.6735016674632568
212 184.25626578284155 0.2133800984881004
212 183.9378211406567 0.4036672303834213
212 184.14692361776608 0.5255984883191369
212 184.22361733666926 0.4913567451452739
212 184.11595336628142 0.6567185758753077
212 184.3104590250051 0.5933873276780788
212 184.12065603741843 0.8451055390169754
212 184.53131888123752 0.6365519488815585
212 184.18845702807053 0.09914706439959084
212 183.68213119474495 0.09668221203527254
212 183.60814003771964 0.07419016903607158
212 183.56587913529984 0.06530735249578702
212 183.54313485172636 0.06253255282661047
212 183.5332346838338 0.06002420633213842
212 183.52807503326082 0.05936489832616697
212 183.52572236926176 0.0592797392470221
212 183.5244519179438 0.05917819514587373
214 788.8779769444038 582.5523543414656
214 765.9964148074006 560.026725857703
214 743.5196784142157 534.9292423603913
214 718.4272280975065 506.77312900980985
214 690.194295908389 481.47748594582265
214 664.935731721777 453.9477368405298
214 637.5113442391005 431.05962461142735
214 614.6378244349005 405.7747680462387
214 589.6118050936752 383.78661884176154
214 567.9209187747741 359.4848588084765
214 543.6287450596691 335.3896653526656
214 519.9457177114544 311.2537920780834
214 495.8895789400833 287.3332133149464
214 472.2558438177864 264.9193893226553
214 449.73405174751974 240.41650950967107
214 425.8099696308032 223.6345563857589
214 409.2623486666276 200.62328286801323
214 386.06688269883267 151.07565108040976
214 337.07002730207523 127.28447828345874
214 313.93006547047423 54.02466743355721
214 241.1068546873327 36.13735338932973
214 223.1127710188818 21.293638098264264
214 208.10094937905492 10.851951317377743
214 197.3111302737131 4.544929358600798
214 191.1144308037735 1.6402171246280997
214 187.7215713656449 1.1611604249195815
214 185.843310674835 1.0288262617160246
214 184.46564307217213 0.3903807407742244
214 182.82752619052286 0.3465529344257258
214 181.78023189339476 0.2541846648969703
214 181.10584743994335 0.5528860002380196
214 181.1959677407273 0.45861297583602223
214 180.8246662185654 0.24398130135564525
214 180.42862712418705 0.6243721305216318
214 180.74133675838462 0.5373597619057902
214 180.54155067746424 0.6152634948423353
214 180.66344309148928 0.1638262760100025
214 180.04148738212896 0.6003702005730297
214 180.51605982587353 0.28619912753952315
214 180.17244285532786 0.8459672575275798
214 180.79745921681015 0.15991285774971437
214 179.9630069501724 0.8259066002514504
214 180.64263484646256 0.46598249579656115
214 180.11150242944706 0.13721010804080924
214 179.75059349519148 1.1774073548144934
214 180.65572015877112 0.030156396793293926
214 179.61257165456104 0.26535264332540653
214 179.74373137481916 0.5248489450607153
214 179.90812405182524 0.5842502071935087
214 180.17684233662055 0.3980670932814424
214 179.86115352920612 0.00233883590383088
214 179.47115575336892 0.04001959631050346
214 179.41950485230825 0.008621723370764885
214 179.3740402579185 0.004286733114525638
214 179.3569259133034 0.005769841506568826
214 179.3490333511001 0.0060171536358017835
214 179.345411012699 0.005571173751171355
214 179.3434490509319 0.005513039713357988
214 179.3425465341816 0.005452783369731444
216 784.25599830715 578.0706511209521
216 757.3063673107487 550.3404484837304
216 729.4988263221534 526.4924062593534
216 705.580452716184 502.5224407156825
216 681.5219861981249 476.590122388798
216 655.5755179218884 452.39143342888036
216 631.3915871718066 434.60875046891
216 613.7365506867469 408.59131558222964
216 587.9224345342087 388.77625165665734
216 568.5263733289817 364.16494294969846
216 543.9747023023726 343.4257641045213
216 523.4518016706088 323.88437002502934
216 504.1034373821119 298.62381117264914
216 478.75540220858295 274.7968258891964
216 455.39860251343976 254.1192581601548
216 434.80562671155224 231.10891367002398
216 411.75841497035003 209.23702649818352
216 389.75851752003916 184.49666165360145
216 365.4131695341864 135.73186719118803
216 316.6840371575353 84.35978239580564
216 265.46208611657636 42.07356996492647
216 223.51513742348604 25.59027849552227
216 206.8953987225894 15.369476836964534
216 196.58746581174407 7.227416609782528
216 189.1880118837994 2.981729548694777
216 184.58425570402076 1.2647272890059684
216 182.1843395479341 0.8168498844261958
216 180.5259699847137 1.1369191855366112
216 180.01944695350784 0.6186177184837498
216 179.24274312017758 0.7145745124522346
216 178.35321199773114 0.2544201944678014
216 177.51602789050307 0.3693131968625691
216 177.00312978014082 1.0887357779528184
216 177.59862065065886 0.23963936093336227
216 176.61411612605247 0.6063018617260537
216 176.9384917141305 0.24366080183818045
216 176.57404979454765 0.3810330435905569
216 176.50557600573862 0.7837351321449145
216 176.76057421726827 0.18047300796011861
216 176.19096581428775 1.0141328431077727
216 176.88830201837067 0.0224871124098083
216 175.7926552387808 0.3871086035549602
216 176.04681036249764 0.4409379006313555
216 175.94808668020787 0.5740928182750131
216 176.24648497649613 0.23676329114038755
216 175.6664868251453 1.3325463569558642
216 176.89510119204576 0.049566381850935426
216 175.52612119640207 0.8569212796323529
216 176.38480286624448 0.4940228547085182
216 175.8031339805624 0.3002429438854156
216 175.69784298432666 1.0115299910384723
216 176.18182005520433 0.0630627244938047
216 175.41431082228877 1.2178487182095623
216 176.3653958543716 0.15899425847265974
216 175.46126174021492 0.07438333072729157
216 175.2675555628309 0.010149333698622243
216 175.18319120656093 0.009230168956253077
216 175.13838428448534 0.0091961045945762
216 175.1176257996365 0.007985631960709415
216 175.10816454407043 0.007772532648793197
216 175.10316195912344 0.007902031074143688
216 175.10080517822558 0.007950905917983638
216 175.09962571205116 0.00795994195871896
218 780.1593670231422 580.0354928097385
218 755.0291933540163 556.779626971593
218 731.7062608784495 533.5148017211244
218 708.2974782784659 510.45858251081324
218 685.2495971184245 487.0810586112029
218 661.9034885347074 462.22172631908313
218 637.1851386598383 443.6828879403088
218 618.7655020489908 418.8144312760644
218 594.1923277294528 401.31019985382153
218 577.131134678817 384.02900409008737
218 559.9464442091452 359.3251898798333
218 535.6669121846917 337.44713553262915
218 513.9099174729519 315.7751568877076
218 492.8131216263703 292.9820576086772
218 470.22737026640175 267.5552812505777
218 444.6411444169753 251.2742230929943
218 428.55628997254223 233.71232838541144
218 410.89313554910484 211.37228283796938
218 388.64588441219826 188.7764657357116
218 366.14451325821113 164.10496988793489
218 342.0289937212514 64.50112299852444
218 242.6625333311527 43.509531631125235
218 222.16957603742327 28.343369936759125
218 207.34054996947532 18.31065750266934
218 196.90135920193734 9.505785266908077
218 188.16515133162326 3.6848064484802214
218 182.47013147002116 0.28615777313679125
218 178.72608166547343 0.17634114719731794
218 176.82268551968383 0.1651608765548124
218 175.0713285215808 0.07455734973882212
218 173.88278241377034 0.01082510771838556
218 172.74489166206934 0.05962509102065882
218 172.06008193813327 0.22382936513136137
218 171.82781512907977 1.01315464298653
218 172.53887948044334 0.21166201576949753
218 171.65693467214297 1.0113320529112366
218 172.4720291644937 0.2595742195410645
218 171.55402485958513 0.7583835270299082
218 172.04527405371346 0.32066809306154337
218 171.59630837496266 0.31236095843401945
218 171.60144560453674 0.562493943882813
218 171.68917572808232 0.3684024003567413
218 171.63211590439684 0.6242560590001238
218 171.86857350513 0.3047481807323017
218 171.51026154822034 0.7800468510710566
218 171.91449638161652 0.2779102478051989
218 171.5633311759321 0.8283569114706524
218 171.9799214781394 0.2904017089888591
218 171.64580343884515 0.7601080646192298
218 171.9069078378128 0.1575700974279989
218 171.4980243718345 1.311997927955722
218 172.40762765219975 0.15835445241227514
218 171.4250025107731 0.2419383715925037
218 171.3548710427897 0.06680837096047698
218 171.1648413781776 0.03430422417527899
218 171.1125872252725 0.02962233886670107
218 171.0877235952682 0.0283128024605879
218 171.07618760940525 0.027290336554780338
218 171.07034043639732 0.026604977879450584
218 171.0676096457046 0.026235838605993916
218 171.0662615527737 0.02606536055181859
220 776.2558866021355 579.6380918744792
220 750.5836236953405 555.0648523917689
220 726.0922318185821 532.2361844638568
220 703.2412666403233 511.93300656416034
220 682.9588318401915 489.92533791578865
220 661.0441264092728 463.96796935104237
220 635.2581804370213 442.2032638131634
220 613.3282197063606 417.8540425900068
220 588.8825757763582 388.58728274558723
220 559.8614147690952 364.0042979702329
220 535.4641896130228 343.8153035037828
220 515.1460273617479 319.143374907418
220 490.7485163684871 297.7676038592514
220 469.38366652180423 272.62665296430066
220 444.6326660306237 250.82569419359493
220 423.4143838798467 226.42001735876383
220 399.09235485240526 207.99698716474245
220 380.89280995873935 184.48004934976672
220 358.1195481329827 159.10860225399006
220 333.49333115966397 64.16072853064347
220 238.5377300526063 43.79755207518282
220 218.85178177648692 31.018447072811213
220 206.10485411687796 17.704950329482816
220 193.33226863414754 9.649438642446333
220 185.31979055259018 2.944287699695757
220 177.68833881261668 0.4759675076274446
220 174.59999026224233 0.09389161471668728
220 172.7060652017161 0.4298867723153758
220 171.52034271912657 0.2597787184297423
220 170.6358221912489 0.3296868238595772
220 169.45929556987983 0.02902085857798484
220 168.39715247366036 0.5393498592351808
220 168.3008855261998 0.4455917820889426
220 168.3696999087177 0.5505712469585526
220 168.33644895686072 0.48821527293366823
220 168.25664687858557 0.22913551017296463
220 167.73788883965352 0.6869100905509296
220 168.00987661497743 0.3692516154066474
220 167.7629479076106 0.5157713795596923
220 167.75005984073763 0.8066181249352264
220 168.12116695109225 0.26370277202435843
220 167.44546171764316 0.7626927828215424
220 168.00441853758224 0.5108577787434068
220 167.5918914235294 0.4089787475711999
220 167.61201340017442 0.43254637766719517
220 167.57774217550644 0.04851837075870538
220 167.13415928140805 0.9658230593746986
220 167.88345913779136 0.12726894296978494
220 167.21036028817846 1.3061632097287528
220 168.2007898038069 0.08336618424667772
220 167.07491957154897 1.0767899692200804
220 167.87425812012125 0.2540569846362654
220 167.17749363479027 0.7012258625939589
220 167.47712889629966 0.41102034767220136
220 167.32889926787664 0.8465537065594952
220 167.6118687646294 0.3692015498558694
220 167.29711551412316 0.006008202998844996
220 166.85401777749067 0.010989200184295193
220 166.80397487777 0.0027322060979334674
220 166.77249698669527 0.0028413971037757764
220 166.757272625114 0.004267084502645075
220 166.74949220922102 0.003984161470149655
220 166.74534647649327 0.0037538292431746755
220 166.74323680345077 0.0037645041741297697
220 166.74242067958681 0.003758889499613711
222 771.8422349050686 584.781366154865
222 751.4658694598721 558.3276226265509
222 725.0044299775957 534.2317240839091
222 700.8826081716144 504.7272357200105
222 671.3259692245236 486.68743690194026
222 653.5578698817174 462.2829989726074
222 629.1343488637895 443.19421258569355
222 610.2052989432873 418.68865486660803
222 585.9885393977431 392.66247180410386
222 560.2207822739753 366.3641978642307
222 534.222992293186 344.3947165047234
222 512.4022492703609 316.8793458970276
222 485.2812097104043 288.29506614666656
222 456.7106893154361 268.20017230928084
222 437.2114364745495 243.62220073481654
222 412.6913182861581 220.73443068216127
222 389.3930431539861 193.671607151511
222 362.762424385773 167.8926961732552
222 337.40864413481637 97.40653804921807
222 266.76880347013736 79.85703795694926
222 250.0070376135095 39.56812560162515
222 210.37621799691237 24.182874235622172
222 195.03684347471227 12.590622777255868
222 183.97520227766506 4.490389064427776
222 176.48909840774496 1.5040543016228078
222 172.8599424833779 0.6272530922037902
222 170.56275681888158 0.3779860742771963
222 168.58299994388196 0.4063002873983592
222 167.48303326569132 0.5017620467248088
222 166.32329219471816 0.12099741014511418
222 165.27469801517174 0.10595931213125447
222 164.43891812821903 0.771998272372665
222 164.54016353635225 0.28555135831687173
222 163.8792549402425 0.5656099457811438
222 164.10225026200334 0.5068746679684767
222 164.10764592719156 0.597926035810161
222 164.11310190287634 0.2745159805968105
222 163.76873808662316 0.4466549648718382
222 163.76378386414817 0.5538600806548568
222 163.88174017226308 0.5700397861592608
222 163.7945766095188 0.19066013680949034
222 163.5515241350254 1.031745653100139
222 164.14675878471115 0.1706898204738713
222 163.6173318689254 0.5307266102737059
222 163.61706438276119 0.8202076250958128
222 164.0010929246534 0.2695845831131987
222 163.38463613631976 0.5428628077925604
222 163.77995874408228 0.5373050286602693
222 163.56651285847184 0.868338286253787
222 164.12930628124562 0.6081341441427132
222 163.76363722076675 0.4217031541536992
222 163.6179814945342 0.7430877541194579
222 163.7735924524024 0.39450557763018346
222 163.55743536259433 0.10918150181903566
222 163.15618547028768 0.06385760842127576
222 163.0822214049152 0.049184081143023084
222 163.03560020089404 0.04725844110198365
222 163.01191469227768 0.04303523756635458
222 163.00163069181897 0.04164498269843622
222 162.9958406871443 0.04119654010838644
222 162.99305352640505 0.041127085912123294
222 162.99150434576467 0.041082304425562044
224 768.1686963570776 581.011653082022
224 743.8699387442668 562.6774455272421
224 725.5327855077778 540.6428339438052
224 703.3177040246081 518.1708596401547
224 680.6490534859728 496.30970797204907
224 658.7672243608096 472.7456939779473
224 635.2424290175006 447.86365072397643
224 610.4196174143259 425.2435147999467
224 587.7458638150945 405.85269719042304
224 568.5063593358068 382.24033381585093
224 544.9030425272549 353.2774992531129
224 516.1921263747893 328.6375373472539
224 491.93624308268915 303.45214216884074
224 467.1660213521673 278.34698538697245
224 442.6603725149614 253.19861601152513
224 417.7223283422412 229.02626929276028
224 393.6507806883926 202.30529831180456
224 367.27842627542043 179.43124640457108
224 344.8796456158474 130.2834179080761
224 295.62686037348305 57.81414474187515
224 224.01587440336903 37.316977690086446
224 204.03481915366453 20.830549480451168
224 187.84460448170785 9.5350308458409
224 177.67951873505163 3.45888948394124
224 171.75726369975933 0.816572660062069
224 168.25399533518117 0.34737821591934404
224 166.2815679111466 0.3906460155545521
224 164.252811493477 0.4380483018903199
224 163.4539512191897 0.43606371219621315
224 162.28630241679724 0.27257489375941135
224 161.81446563096463 0.07035557441273108
224 160.99201837627933 0.041224863177751696
224 160.2452534450486 0.7937128851685726
224 160.4852124627011 0.3038438775441394
224 159.99160145477356 0.8364891901823773
224 160.36671723626844 0.19717832155308712
224 159.60119853335232 0.4375551291755714
224 159.78915942518003 0.5196506860542713
224 159.7691289864476 0.9022814699022643
224 160.2703160561884 0.3572070255317987
224 159.61060785008686 0.7899627953594528
224 160.022381391093 0.255607444551835
224 159.47536991918196 0.9864349329458908
224 160.25752237408153 0.46534824126528224
224 159.55314246662226 0.7944202133428675
224 160.10733642800366 0.46770273186697425
224 159.6801175400412 0.35410767084152145
224 159.60159118193346 0.5241540561168211
224 159.66946147477654 0.797547155043453
224 160.07930346655706 0.20705455717870072
224 159.38946533600705 0.6961906350354257
224 159.94487657671908 0.21302679882822168
224 159.4647761797776 0.036001250209451684
224 159.23840930491144 0.03275628373487978
224 159.17949528197806 0.013667541201541577
224 159.1365543462876 0.015064911518513526
224 159.1151912934154 0.014387906695717781
224 159.1041945007414 0.014497584520798086
224 159.09996648898655 0.014218836444332444
224 159.0973144431289 0.014176519614873838
224 159.09603313237827 0.014175419515896376
226 764.4022581576025 580.3303024424955
226 739.338269418908 556.6113449614884
226 715.47617030862 533.453415468934
226 692.2943577452959 510.0022587779396
226 668.8739052855303 486.26320608033734
226 645.1660252670838 462.4915493857706
226 621.3438946879907 437.60554003159814
226 596.365552226386 413.31198206035367
226 572.4201679287556 392.70533043131104
226 551.8889331352749 369.52042018147506
226 528.6674765077379 348.69834550848464
226 508.05853030298266 328.5078686742038
226 488.1383568876196 300.52613528715574
226 460.4138272872573 274.1462965010144
226 434.04596588990063 252.46420168595571
226 412.79435834226797 229.75625339433316
226 390.13448425064564 208.85927650149182
226 369.0274587810327 185.44466661158054
226 346.2142006065722 135.68026019510356
226 296.83194080497435 90.03947695893152
226 251.45904182449024 43.73482816651214
226 205.2950330855881 27.20086184153091
226 188.97057427618938 17.872769908618118
226 179.83555628511138 10.02826868480252
226 172.08002541012345 4.219210582422202
226 166.02448660729877 1.3094575968572553
226 162.8126799303466 0.5620652164373203
226 160.84651545108142 0.41634372785894225
226 159.06334143867753 0.1520449407490637
226 157.84841476913982 0.23157006497417384
226 157.1666759648739 0.14531941516231886
226 156.51545001752484 0.5552533462809013
226 156.66036770300897 0.6083746330386643
226 156.65585125933978 0.28999933328113986
226 156.27437445591067 0.6332832817370064
226 156.4975104161574 0.05843721309450104
226 155.91755941511238 0.8966881650400449
226 156.47572869419156 0.1480721169903346
226 155.85453321605644 1.113537787359205
226 156.70117192732047 0.17176206208676867
226 155.83135234815663 0.4575164234263219
226 156.13671648614172 0.1436259257708083
226 155.8769107729266 1.0065242496357187
226 156.46773264339825 0.16109564367380425
226 155.7787950044383 0.42161716556705375
226 155.99864826088444 0.5814149104369672
226 156.19802535193512 0.5337973582717093
226 156.02068571065686 0.3832498148561865
226 155.9057091616295 0.3548351633542327
226 155.79977990217466 0.6919145255484572
226 156.25228361580267 0.29148893491748384
226 155.69955589853046 0.6746014752750027
226 156.26572969573317 0.38919320371758914
226 155.81350439970848 0.009420319135309172
226 155.46646806484927 0.04533635143292077
226 155.40260967480728 0.005412571685953794
226 155.36312697589622 0.006660288724919552
226 155.34672144746855 0.007205859161993559
226 155.3365570452677 0.0070390877465431835
226 155.33207802218055 0.00676485298762736
226 155.3295092503232 0.006906252062101919
226 155.32822239449925 0.006900087836535447
228 760.3481865109615 580.9963434635979
228 736.2716548334092 557.4790260490059
228 712.683696250067 536.6978520841603
228 691.7831914869935 512.6857584201261
228 667.7704049450015 491.3136893060388
228 646.2050381159023 468.329866484225
228 623.2287063592395 444.12774736572567
228 598.9364360432953 425.9771422165337
228 580.7965103168151 407.1360686201508
228 562.0880641539625 380.2648824104482
228 535.1588578648192 361.72774279369156
228 516.8780529466376 334.73426705906473
228 489.7672510933022 312.28829929948574
228 467.4280401153857 292.10273720583046
228 447.31376469278206 269.16059073586405
228 424.7089771768169 246.1787475982691
228 402.1473462945146 225.85144973173323
228 382.1384293651936 202.079853729471
228 358.6411155380649 177.98798822038276
228 335.1928810624437 132.63347171011452
228 290.49631968596 87.5734346185191
228 245.457666373415 45.51302226111364
228 203.5097828701246 29.236446818872015
228 187.86296423892065 17.76200202428225
228 175.94266417132314 8.174424338599474
228 166.80459533252082 3.148674380752826
228 161.32079395605822 0.5507612526660932
228 158.32681582150667 0.3641564935824866
228 156.67643239742853 0.3005403764618253
228 155.13186546632943 0.2516260899146357
228 154.16585341376447 0.16010182461847758
228 153.05445716481586 0.20214272937663544
228 152.6677892616229 0.7321843189395169
228 152.94653884234464 0.26157193065488904
228 152.44248791724982 0.38332197175336336
228 152.41859158686927 0.5065193059853627
228 152.27628635133343 0.4500625007256829
228 152.26274925964998 0.6922482423000393
228 152.4681314373846 0.1917017898524778
228 152.02611786620355 0.6565693003078894
228 152.30711588094417 0.3926268732299897
228 152.08146925677383 0.6440578649407839
228 152.26096080167332 0.017992042390229744
228 151.76437262406682 0.6155591731783453
228 152.04132842342295 0.11500883573819443
228 151.65261596314855 0.8654660865934167
228 152.23910308156192 0.1986803092109018
228 151.74368648267352 0.8231797195514703
228 152.20330907497979 0.46756463237613377
228 151.97919253923024 0.7373478526547308
228 152.09880974777087 0.20951800535591752
228 151.75800207360663 0.42013924846288864
228 151.90804069934634 0.5023862812892863
228 152.07506386384395 0.5063218068307735
228 152.01836585328817 0.018069074964583702
228 151.53351816014268 0.03704685674888727
228 151.4761152912692 0.01171964998254362
228 151.43676019283365 0.009290049143113334
228 151.41393737712085 0.00897836871780312
228 151.4053887679632 0.008792038949418964
228 151.39948423807914 0.009018092895961647
228 151.39740046167884 0.009106567187400973
228 151.39621185768166 0.009167315490039024
230 756.689808465267 579.2980098335598
230 730.7492867834028 557.417315351556
230 709.0464899045621 537.432696735749
230 689.1756290454884 512.1631861896558
230 664.099637298293 490.3494724644864
230 642.4325548723325 466.34580527801893
230 618.5043196270328 448.1063565911646
230 600.3126177486706 425.24606133419906
230 577.7293724591684 399.06649133756525
230 551.9781941954794 373.8055495553572
230 526.7439035996606 347.8985880618435
230 501.27800101153144 323.0639664299506
230 476.28783228134046 299.79003201462854
230 453.05347035492827 273.7658109047181
230 427.3829847600242 247.44676089228923
230 401.57219773154094 223.68984724364884
230 378.40026536591574 200.5355755045568
230 355.11300544178624 176.83598808330368
230 332.1177212340664 129.6267703046915
230 285.1949166237812 61.94420761180904
230 217.48342563459977 43.37370906559967
230 199.63629348279449 24.735353876728148
230 181.90002839436602 13.5009350566509
230 170.42628830296746 6.049556029353911
230 162.78135149445458 0.982297536527263
230 157.9839389331537 0.1508430498394318
230 155.7226290387328 0.16256021443809468
230 154.05176246399404 0.08435581189606577
230 152.36189423452814 0.02308711618306918
230 150.92783784175418 0.44243829484687147
230 150.28062018829766 0.20332707828558777
230 149.70780167350713 0.22706958037640723
230 149.22977908284201 0.40070501699276767
230 149.17375769444038 0.31518903012408866
230 148.8448308797092 0.557224439997945
230 149.18385551398342 0.43521419739479605
230 148.8237300234973 0.620283432384894
230 148.89086917056275 0.5094318654379854
230 148.69832559825718 0.2525763614903219
230 148.50381067013615 0.7095292863803919
230 148.92285435041566 0.31075923705549596
230 148.44860854991268 0.7854096859816028
230 148.9243620942606 0.4077561477061932
230 148.4379437607083 0.5311389521994144
230 148.75489312372576 0.7396073312748512
230 148.82996338045166 0.31429795305375297
230 148.4193995346285 1.0353829187423937
230 148.91606160221036 0.3484789017716467
230 148.28849709975412 1.0012810228464342
230 148.81631120592704 0.29549721622997943
230 148.21164417436069 0.4564317278239155
230 148.22678471918007 0.3685973161112467
230 148.1903860999626 0.8624302136518595
230 148.51507485982384 0.2853622146411581
230 148.06464941765668 0.12307403912353838
230 147.854238020091 0.04032686643310462
230 147.75450773711444 0.02984067311347353
230 147.70232716857208 0.02912590892809531
230 147.68439698947014 0.02754258560096661
230 147.670833734664 0.026369184652449317
230 147.665940384356 0.02639127439992593
230 147.66349558690234 0.026157317347345634
230 147.662186530777 0.026136682555063413
232 752.6415252963124 577.214250715148
232 724.8167460292572 553.9557399888184
232 701.5969137315469 529.7487901086506
232 677.5108756193159 505.6077482424137
232 653.4422439499389 483.11404947769756
232 631.1177421235983 459.64783253733765
232 607.8305232174589 433.5500565947759
232 581.8564028773786 408.73974357586997
232 557.2558635673889 381.1330339280672
232 529.8169391584022 358.2634912277016
232 507.09922010042135 333.3893028988677
232 482.40251672010874 307.05544400587036
232 456.4890336472882 278.8156588569435
232 428.59777554840787 257.3426764433373
232 407.4696720294395 235.517144842996
232 386.02933290142767 212.7166687244664
232 363.6606271767183 192.85117838355737
232 343.97033182159726 169.17982667009835
232 320.3355877463007 93.08934588053965
232 244.62644233226905 49.029762521312385
232 201.2577593124033 32.68906101354281
232 185.31922710237043 19.759275045862097
232 172.25499987007086 9.631600159854885
232 162.21411411532262 3.0432692216923884
232 155.3842373050543 0.6537128430119818
232 152.11114342990803 0.3594313342115859
232 150.10544532895636 0.3405868289795163
232 148.4053047069421 0.1391881781534195
232 146.8446486149212 0.07477814597843822
232 145.7983096859543 0.24076175566855018
232 145.2838728405316 1.3420260684718164
232 146.3016014051001 0.012957810737225526
232 144.76240207117283 0.012629439409830658
232 144.48049336966534 0.21495208774497204
232 144.5148654741167 0.8586671608550303
232 145.06425412165834 0.504778772293888
232 144.76920981190148 0.25959661013766455
232 144.44420791117727 0.6409943024001716
232 144.92825672253932 0.10242726124929732
232 144.40593991696005 0.8850554094995032
232 145.19615648996256 0.2952904624081421
232 144.52068757910402 0.5206748441541053
232 144.86256221249138 0.7195576566593133
232 144.94382997751964 0.127441368644193
232 144.40896146125826 0.9057963301948506
232 144.99480852934497 0.14352240311098538
232 144.41071767044218 0.6824101738934197
232 144.788899298761 0.209334408821984
232 144.40223686018024 0.5217621287027001
232 144.61692285922385 0.6507519823537902
232 144.77085648910722 0.02673559495610294
232 144.05285986023014 0.07336757443766687
232 144.01986185682813 0.034094169080945765
232 143.96753719754076 0.02103843887281851
232 143.94689528474865 0.019025593275871482
232 143.93523187688297 0.01824452249702411
232 143.93146093039238 0.01777320854669523
232 143.92914297823373 0.01740326409865673
232 143.92776875925273 0.01734878736337939
234 748.8685214019866 578.949431358824
234 722.6998372689175 554.3722153783337
234 698.0744501880001 533.2605197812957
234 676.9007940284089 511.98687151565946
234 655.5920419114655 490.4732353092323
234 634.1280882210879 471.0871178978615
234 614.8251689313951 446.3153677988263
234 590.0592158784261 425.2817669729669
234 568.9987986284277 400.68824347639696
234 544.5109735909223 375.9603001668777
234 519.9007558312549 352.83312137112773
234 496.78629661291404 336.85185672132525
234 480.70269741869146 312.6733754055366
234 456.6456342406343 290.1542395185586
234 434.40945761169735 261.4348169344005
234 405.8445780178962 243.14545513586472
234 388.17365603384826 223.63927490460787
234 368.9741836443368 199.6841665523075
234 344.8677269314131 180.60167062896147
234 326.65965596261606 130.4299447861956
234 277.0415530583093 86.56751383993017
234 234.0833315350779 42.756829226295494
234 191.05138320906377 27.48924199496813
234 176.45166526994058 14.623710279854116
234 163.90234146731356 8.122634329626283
234 156.9711842189896 3.6787264121474528
234 152.4140453405265 2.0087853632940496
234 150.24592886425907 1.5756417533208127
234 147.91873678227282 1.1813703348220033
234 146.23775401851003 1.0464392170301862
234 145.30852774198544 0.3400417786531378
234 143.79874964212559 0.6961593847905674
234 143.13209531017645 0.12357331835277978
234 142.19719024498983 0.5187818791201582
234 141.92594400367366 0.3521057189625526
234 141.7792100465063 0.6306857143802287
234 141.8595761103168 0.6079341461294768
234 141.83810277570268 0.6388666824077452
234 141.69564721722142 0.22450584045040317
234 141.12347790424602 1.0335087058939227
234 141.98732657524414 0.04825443971622677
234 141.03088366577177 0.7309617899935321
234 141.47750718516568 0.5512468115433018
234 141.25235067043525 0.39484022295676435
234 141.06761572473445 0.8103009243208807
234 141.4324838415933 0.3716680032836177
234 140.9933126051851 0.48985266416741935
234 141.03547751534916 0.6487663144160416
234 141.1899432717435 0.4388610362625105
234 140.8990978808471 0.525636003505223
234 140.99204867020558 0.3208539406499684
234 140.75536983291113 0.9752905516640558
234 141.38015538443483 0.21715383925932483
234 140.5441383119546 1.041934378848468
234 141.42318046544705 0.06648418801134559
234 140.44498444103317 0.7498881381971536
234 141.04295105127008 0.44158473734033954
234 140.55813107835172 0.1990795858032127
234 140.25330395936146 0.14697269081190473
234 140.1607302097957 0.11361732189925836
234 140.10440451458004 0.10016122815302785
234 140.07751383290383 0.09678941374328147
234 140.06857111846818 0.09287259896321474
234 140.06220958243958 0.0915571784574026
234 140.05975370847784 0.0907361139806574
234 140.05818115337402 0.09035648329627802
236 745.3578612758698 580.5425313155022
236 720.5751268480909 555.5780830094715
236 695.6925567899873 529.351612272555
236 669.5787549811004 509.427483179401
236 649.8233428761695 486.03981516452063
236 626.4695459437589 466.58248531413096
236 607.085930549789 446.1192317057572
236 586.8038449841742 419.5372329386694
236 560.4802893139358 390.9275578019611
236 532.0097397416512 368.0594256694158
236 509.41226841359895 342.13454166265757
236 483.68244984175305 314.26800235414777
236 456.1852820490787 293.34156404748904
236 435.76372022628084 267.344793989992
236 410.654647649103 242.59261099324414
236 386.0229639107438 219.72694529079905
236 363.7522634018278 192.83750320729044
236 337.52782352033717 169.52241831730052
236 314.3146095707469 95.44876487472484
236 240.7855017340524 49.05333814036506
236 195.02772331298883 36.057480504186096
236 182.66119713569233 23.779172042052295
236 171.03691118852947 14.179271924131426
236 161.7839142293935 7.400979685862176
236 154.9254438867131 2.612744494810458
236 149.94078535384486 1.775004242200969
236 148.2921941951136 1.3577594431584137
236 146.24685189299987 0.7001314756510384
236 143.77404013959372 0.533045469429496
236 142.05004530241354 0.18962813775617554
236 140.52118277375467 0.32537093268075945
236 139.6184278186874 0.5093197333452334
236 139.40802160794868 0.2079075426680812
236 138.63621711886475 0.37337137642041635
236 138.48188579466117 0.9844972250287669
236 138.8765511101754 0.17292067231234926
236 138.00017763041353 0.4261468386221663
236 138.131904568939 0.4249351967889376
236 138.00110188849132 0.48139446390856533
236 138.0695246556243 0.31280027494379764
236 137.88642005032872 0.7272634423341333
236 138.1796293156735 0.38003382765700966
236 137.68623124491126 0.21709257822569566
236 137.5512857157761 1.2644860548634034
236 138.42500210034254 0.1018438038866642
236 137.36155724143498 0.7265658927772782
236 137.86921032794322 0.22004554163554463
236 137.47020855452425 0.7277712728586181
236 137.83018237344078 0.15758380732341531
236 137.28002684003994 0.40875793962586243
236 137.4280606838762 0.2666510708512347
236 137.46377216171436 0.7895090291584301
236 137.7152470862311 0.15184248375187664
236 137.10999146562213 0.11183110334412434
236 136.9325047665379 0.023559013894252273
236 136.82753951940126 0.03197292262021118
236 136.79839569290863 0.027230261007524063
236 136.77620901141697 0.02717072204692309
236 136.76947549014534 0.02687923557858183
236 136.76451348605252 0.02672381914162399
236 136.76207598959306 0.026739520117382586
236 136.76082654078132 0.02661105454464017
238 742.1189977191514 579.9738264405252
238 716.615529761823 558.2826705739951
238 694.9671439485057 540.11138482285
238 677.0092752137999 513.6282781508772
238 650.7066828511608 488.0979428629395
238 625.4237335046192 461.809498600354
238 599.2596052330591 437.5738341602253
238 575.4152582857802 415.6228419906704
238 553.6056615747653 394.8607465869358
238 533.1544971361149 368.9000198318815
238 507.4476990905745 346.6406410568279
238 485.80016086788754 320.7295871609239
238 460.3923322998249 294.1322530463219
238 434.24730241122825 271.1930440490118
238 411.86636433839453 250.50771033128694
238 391.296067714637 229.29208553903456
238 370.59370658667757 207.20780417091464
238 349.4590656361563 186.25592527686808
238 329.39385334431165 136.10404348446215
238 280.7518180517785 91.19729618925103
238 235.7481764500901 45.33744648065295
238 190.27059617224887 29.462464850499565
238 174.8689018608009 14.577756391404678
238 160.33714226901188 5.7846923358562545
238 151.1439457675236 1.9116437314611647
238 147.15351179351785 0.18878171187688358
238 144.47609672047153 0.23897839486286684
238 141.74602035576905 0.11544640470202128
238 140.17495852714222 0.7351475984101788
238 139.53218016613386 0.09571066665363835
238 138.1355038566728 0.08865634536249722
238 136.88717737815077 0.36842725970782875
238 136.57900197579534 0.04253860669261887
238 135.63606537723794 0.1030647535850834
238 135.0805024817131 0.27531916310751775
238 135.15246467734383 0.5402084396178659
238 135.27102008085555 0.7247464667816551
238 135.40887990039977 0.6469241703946078
238 135.20997498131248 0.3968163319519753
238 134.78653863682086 0.46430561294315037
238 134.83479299619285 0.46784844324647956
238 134.88830315055844 0.3920889155359675
238 134.68498899732035 0.40200583609583074
238 134.58240601026836 0.4342475797887607
238 134.62640444302568 0.5242959486791794
238 134.5810417504237 0.8681930528251999
238 134.962935872662 0.35512764965331545
238 134.32005178472482 0.8283817299998382
238 134.8141268504493 0.3151298154572185
238 134.17616378578006 0.5490378825836436
238 134.48149087652607 0.9629087074776792
238 134.84351978680243 0.24236991565923763
238 134.08672250946378 0.28362963666795526
238 134.02619938623346 0.1453165822454201
238 133.8977721616434 0.12448362871054998
238 133.83726550681797 0.11412674421989982
238 133.8111059912367 0.10822535951668807
238 133.79721753158447 0.10541209562399104
238 133.78997204425573 0.10428328192511736
238 133.78713049116243 0.10385299286320776
238 133.78586511895216 0.1033957351746482
240 738.8708415573026 585.1093153046971
240 718.7766212850688 561.6182159013227
240 695.2620413262536 536.4592301750548
240 670.3354684467553 509.97290406884497
240 644.049145225662 484.69788190560917
240 618.9472702335501 456.8389923121807
240 591.1765894446661 429.32944219354226
240 563.7192831947698 405.528490831617
240 540.1716880499155 387.42864621306603
240 522.027607195153 367.76226718469695
240 502.2630327809824 345.348810861934
240 479.86454033427015 318.3896353400306
240 453.33695498400095 294.4966887976741
240 429.82640549673397 270.30538083337547
240 405.66329919090276 243.1975560115851
240 379.0860581874896 216.10905754152253
240 352.4996369628326 188.936296248865
240 325.34965102087625 139.3084798961981
240 276.2609572084223 88.64020896858405
240 225.96779369148055 45.45024148308827
240 182.6992679846452 31.366161614854512
240 169.1440916140003 16.00764116294732
240 154.42007115888595 8.627319548514516
240 147.31012928108427 3.7324754353231278
240 141.9207768976461 1.2302706056108519
240 138.96337624531265 1.1741096283356658
240 137.2817052618276 0.7300428179350097
240 135.56262027906516 0.8404955623867986
240 134.60216923230013 0.2987971617061137
240 133.60783677862267 0.3581098972525828
240 132.84975482340215 0.3835243474738514
240 132.9546361958349 0.7249132582450956
240 132.6613409900519 0.21417153807803846
240 132.02087919945006 0.6208590514550996
240 132.08443508156168 0.2106051524012323
240 131.52894655698233 0.7912675879997748
240 132.0256490262126 0.2477249002918031
240 131.64970282670458 0.8098353113270335
240 132.10104350660987 0.26359265818929706
240 131.50204752292817 0.8012074661193043
240 131.97485509602095 0.08660918803217935
240 131.27536188350203 1.1881103717572687
240 132.25824701170006 0.03867292004692807
240 130.9533955792351 0.8575343484730025
240 131.69212988417615 0.1737169916675763
240 130.8970456731357 1.2599863032101482
240 131.9808907301683 0.21632140468678634
240 130.85127119797335 0.3438309491263625
240 130.86891618028014 0.835583368912661
240 131.30002149535719 0.12486259904774008
240 130.61889120294546 0.075280709268232
240 130.5543377521058 0.006035863363232174
240 130.43543243642875 0.003094644096324579
240 130.37851896053812 0.0027468431598371584
240 130.35499412432696 0.0032141364993921893
240 130.34273679234929 0.003200284190769275
240 130.33789469247338 0.0029467974882589486
240 130.33478542520962 0.0028591504599448855
240 130.3330257341482 0.0028589471127430147
242 735.9937982098841 579.1451812738258
242 709.4621636654254 555.7330026246522
242 686.2452937839571 526.8629961407
242 657.3665987791449 505.12640846463563
242 635.7448607974778 484.205707997063
242 614.9487930570738 461.7118302405787
242 592.6212329266887 438.86147945603636
242 570.0544504453336 414.47949826607595
242 546.1653498003643 388.90918550698706
242 520.783343218908 360.80601876360424
242 493.30192030644764 335.1302267379341
242 468.05398563368 316.9147092362601
242 449.9585171196555 291.07534548038495
242 424.4736467973894 264.5485427149308
242 398.50911794304415 241.9080047699662
242 376.54725544161374 220.49426036326645
242 355.69818259600515 193.74323076996046
242 329.5720796933781 173.47326877929612
242 309.9935937605111 98.16254548126932
242 235.2077112397164 53.21515184510244
242 191.7946160698556 35.97731305237572
242 174.83311574581023 23.21824062817217
242 162.9388336680294 11.360809422551132
242 151.72041196281896 4.208821887493037
242 144.79476456460213 1.6309540881918676
242 141.48879631416045 0.9858530766916771
242 139.06330084790852 0.7536435903310249
242 136.26972021477337 0.3457174435014503
242 133.81034054830195 0.24917350553471057
242 132.00369359689475 0.19303790237041993
242 130.98897181314368 0.31644849450723667
242 130.33182815260236 0.526858048278501
242 130.33194496494275 0.5011546558519068
242 129.75447163992206 0.26093934120434775
242 129.39792186857676 0.4520978387216874
242 129.1771616157342 0.49597429278806116
242 129.20883736544093 0.3599612513915019
242 128.80752982757062 0.7215434332984024
242 129.08379629855625 0.3622979538242669
242 128.64628226752225 0.5632697674316858
242 128.94075659321246 0.48025534565409367
242 128.74593634254649 0.1648754012085747
242 128.17116191498147 0.5335033570365852
242 128.3436998926776 0.8638423294131292
242 128.59137379696605 0.22284308396248614
242 127.973850965695 0.4398417660241047
242 128.01461199396175 0.324497541464452
242 127.90379254938252 0.2667625731931912
242 127.69022442855447 0.9690970428812371
242 128.35264761210755 0.18852408828062744
242 127.49590027665883 0.7733468156550469
242 128.0432644895981 0.40877286756207265
242 127.61710296764228 0.3384238528539302
242 127.54062043456648 1.2275556498622089
242 128.1722624921892 0.013194239470546898
242 127.0460091264521 0.12870116489989436
242 126.98254593321889 0.013826331059065012
242 126.84860968568208 0.014083236019196348
242 126.80634447969412 0.014343380825150808
242 126.78487420531198 0.0133691119389115
242 126.7723651989793 0.012940591233571096
242 126.76679309047556 0.012738249030404466
242 126.76397308190147 0.012783581591739302
242 126.76271418562445 0.012804430252883395
244 732.4082020887955 578.9982147696371
244 705.8668804176001 559.5252742974477
244 686.4265602095862 531.0783618493708
244 658.1172831591443 506.93466070463217
244 634.2814300809655 484.21543824697324
244 611.6677671424593 462.02833793387515
244 589.8795680138279 436.9724743145764
244 565.0045394702017 409.3771872718133
244 537.7460973053267 382.6187738748432
244 511.46905888380104 358.684054376277
244 487.88606257798716 338.88183082489974
244 468.1955463303392 314.8077670687677
244 444.9390570132833 291.1044007763985
244 421.7069159683938 266.0999170791256
244 397.1621143474574 240.68447714978845
244 372.57172564528196 214.27146201078884
244 346.7146616002386 189.4712526996356
244 321.7925917479745 142.54295638175833
244 275.38025191448105 122.28505244902588
244 255.7636425153404 55.82167738719297
244 189.32030694677422 35.29286603816027
244 169.469291829129 20.23060158619811
244 155.01329175890146 11.198552618699292
244 146.020192104567 5.174516282722262
244 139.89045782368785 1.992628138544528
244 136.2253312998742 1.292046828782928
244 133.94702623739784 0.8981344274512436
244 131.60201233237166 0.47179773071625386
244 129.97290002562244 0.4559930713511266
244 128.59808826246186 0.23838235111804984
244 127.45202359284292 0.3300161437797348
244 126.33335819052742 0.48067995155343013
244 126.15443601685887 0.605967248744177
244 126.0046084793988 0.6372416277708224
244 125.96397166720935 0.5174097885458109
244 125.70721039570833 0.5976998600642781
244 125.91909080619628 0.10733931320909013
244 125.1847995705536 0.5312558145862514
244 125.5000484863868 0.4928911004680726
244 125.35132810676345 0.5208811304612235
244 125.23582778058605 0.6863803618298422
244 125.31192719004451 0.5024581674653178
244 124.97194854610301 0.4130580650816984
244 124.8465841022021 1.0458245345719113
244 125.32647272825892 0.283334062712667
244 124.61305576581222 0.7917016811794746
244 125.09659307031677 0.29719924021008887
244 124.6641115919615 0.9829338412084464
244 125.36481155222666 0.3035629355168913
244 124.80818625271405 0.7636858269616438
244 125.0364594616574 0.20927958874123415
244 124.3518021076887 0.6526301112255026
244 124.76284333908677 0.23214151369967895
244 124.37059096466282 0.6007577413393249
244 124.51630919361558 0.26019412890545396
244 124.19552926483465 1.4259743861785545
244 125.29341998160065 0.1777417937615985
244 124.00631440747591 0.08635838314360238
244 123.90415535870308 0.04801312261126229
244 123.81213701920329 0.041173128906155876
244 123.78130164859085 0.035604487679656044
244 123.75243056852324 0.03247074142451298
244 123.73730218512372 0.03107608647343133
244 123.73112821094794 0.0306995284293665
244 123.72736920497576 0.030397995029338917
244 123.72563742801371 0.030308574415941033
246 729.1216259523768 582.8522528975855
246 706.531711285887 559.396571298838
246 683.1946028947265 535.265855784739
246 659.1600284599201 511.44824428829946
246 635.4748943918256 489.57846895308245
246 613.6262495127085 464.041522546681
246 588.1659048357316 438.1840390227043
246 562.4104393444285 416.701104911763
246 541.2429750936369 392.4473321570821
246 517.1523912519999 371.4569898579212
246 496.9019272867288 349.2467887094208
246 474.97108279952465 322.04836944341287
246 448.3885794822763 298.11555614363886
246 424.8489848070965 275.622509630431
246 402.6012782943604 250.95824343075003
246 378.1152867927754 226.67712556327047
246 353.8539693796909 200.0406254901166
246 327.69349615707614 172.95080677758978
246 301.27726187540054 125.10358661774265
246 253.87247630533642 54.4431682984605
246 184.1561216805922 38.858320950516145
246 168.75685312774593 22.721566649032326
246 153.27647842839824 14.03705264579201
246 144.83017033282272 5.817191379978754
246 136.97184394757738 1.8079430318495018
246 133.1285051481345 1.004204176742479
246 130.5737083170026 0.4224065813340582
246 128.42065819848472 0.63849604635968
246 126.71706937899874 0.270447927738502
246 125.69845780353843 0.9165737119280188
246 125.13377790485191 0.17848950037439984
246 124.00260890632462 0.15536131084588603
246 123.32513416966738 0.7268678273155031
246 123.5305173311764 0.4264275564229604
246 123.00346348920397 0.651774410521261
246 123.09860291333342 0.37931248361246356
246 122.75570286713418 0.6291352616199584
246 123.02664440324601 0.4443949931984382
246 122.77864065349407 0.7048810374592234
246 122.97426333216193 0.18867797607509829
246 122.34694222086296 0.9053503312625133
246 122.97758844186663 0.20912317969483718
246 122.17976354443296 0.46052167083319284
246 122.38636847664526 0.5915498317982275
246 122.42897439808452 0.06180895740252059
246 121.73143368559596 1.17032950002103
246 122.78107497344831 0.012682943856469633
246 121.84213774601436 0.4468002702171282
246 121.88782260456205 0.8411545190864744
246 122.22770482558566 0.1906240065423228
246 121.40616518470158 0.14103553793312237
246 121.26856348604875 0.061847441145964764
246 121.12798253298598 0.05872099308795829
246 121.07916094717089 0.05638984791855607
246 121.05139720631198 0.05530523324281999
246 121.03938338073677 0.05561694266294615
246 121.03233731516679 0.05616145230970576
246 121.02933175449452 0.05577250197079744
246 121.02759466889005 0.055806992686535946
248 727.2871133435348 581.3891297432749
248 702.3000772436691 558.2168649825214
248 679.1736678998711 531.7201964940143
248 652.8596086132333 507.4561559259405
248 628.8180778054898 479.382106898909
248 601.0234597951555 460.5066693239479
248 582.2340339448008 435.3313345139065
248 557.1931126341769 409.4568381559194
248 531.6137690852037 384.73284851794574
248 507.2724206404848 363.7214334877647
248 486.5534641246402 340.8967402003959
248 464.0526083311803 314.95156811019774
248 438.31097964672625 289.2141748261223
248 412.84959333301356 260.4856918907528
248 384.8401783020742 236.64517339903932
248 361.3645534027245 213.1816354557925
248 338.08011188906676 185.10874097640294
248 310.74557737447265 140.41979914409234
248 266.1038782281979 116.34688749783612
248 242.31849867097404 46.363833159257766
248 172.48035670761368 27.783676112123807
248 154.6470827208173 15.102800609451158
248 142.34380121528028 6.7168490075484035
248 133.9303675448657 3.152248849470859
248 130.05250302258585 1.709352550944965
248 127.54296001724853 1.1682403444063192
248 125.47836775406486 0.761536593800626
248 124.04142831520083 0.6995508567947144
248 122.64197230051296 0.47003418811209463
248 121.84218343075264 0.5010170686576887
248 121.27809313734662 0.19659107873060483
248 120.5013997010327 0.9173925842507056
248 120.59691640707332 0.21454541818985723
248 119.85596378271345 0.5753048125404981
248 120.01613779387498 0.5589440698028523
248 120.05976072462195 0.33490821919983615
248 119.55441202704283 0.46974677406805454
248 119.68287082016973 0.4509360284341698
248 119.64403771102477 0.6929180746967727
248 119.75420674006872 0.3644412641675708
248 119.40383963722823 0.6140901312844187
248 119.57286508645232 0.2636787490110317
248 119.02033046734257 1.461225871366619
248 120.04292661791744 0.3076168285960971
248 118.89152141102038 1.3352993595004121
248 119.75032750133151 0.2833115665235188
248 118.70708273441934 0.39570212728812826
248 118.71480356435856 0.657676330941422
248 118.94762215437765 0.24981829658928928
248 118.44827098955632 0.08895280528622901
248 118.25343897122201 0.0497225993641247
248 118.19797925157705 0.033390918262732126
248 118.1500894401644 0.031416606411524585
248 118.11888816256898 0.02972714968102744
248 118.1078107086371 0.030146221966679543
248 118.10197328446657 0.030493463443806337
248 118.09829126493831 0.030520280660797462
248 118.09670290548003 0.03050589646191359
250 723.8308234665528 575.611945639356
250 693.6892991223507 553.7153518038429
250 671.7621275658728 533.5442849540373
250 651.8626610748356 508.42731270831496
250 626.912060925622 487.19015474103287
250 605.7807272833145 461.3134164532817
250 580.1688280299874 437.91520521180735
250 556.9830231676913 415.0274487263239
250 534.6868831260505 391.99327714009917
250 511.8946169883726 370.529224619478
250 490.8655616703197 342.2396087450297
250 462.86190622913796 316.8230567735497
250 438.02367229310323 287.8302172977087
250 409.7175454058842 264.81579176324874
250 387.12425300844467 241.44275579912835
250 363.7739963270378 214.74539261816972
250 337.8066031647963 193.12231935609822
250 316.6314009572077 141.34008693436098
250 265.8349692708107 121.04262630153674
250 246.15550597092533 54.3496137185188
250 180.0137916741943 35.20400868817055
250 161.23574219380643 20.86493867773701
250 147.1687459737533 12.189248256456565
250 138.03317121333149 5.213432820927664
250 131.33111648738603 1.5029643941552464
250 127.80748899238594 0.5960010037002506
250 125.04765704289134 0.37896705685851606
250 122.80562357059924 0.29693126335476444
250 121.39221135607613 0.24060501580644847
250 120.21768903033549 0.24976008772766917
250 119.38417685207638 0.10172765897119987
250 118.4441673251995 0.7455711205075052
250 118.25527037174614 0.3223885978788177
250 117.5869181030919 1.186326174963539
250 118.06774850288001 0.36540614004970295
250 117.41846998449692 0.6349770761908584
250 117.47041489243583 0.4406926469139003
250 117.47076239470422 1.004204188180032
250 117.83308292059091 0.7820025669696724
250 117.8054118978447 0.9905149850455661
250 117.7173856295174 0.8597745619042858
250 117.71841260779806 0.5254117642968494
250 117.16317027406612 0.5098396740369799
250 117.29080080880352 0.4725513132566131
250 117.2499536250752 0.5132422706186887
250 117.21247257578206 0.4335700725285496
250 117.09452647232429 0.158146306924972
250 116.78863262282005 0.39417687515509847
250 116.74531091736439 0.6088008562221202
250 117.00203642980495 0.7238221564620473
250 116.93167256781453 0.8228337571684939
250 116.95989242141883 0.350850104701248
250 116.2985626305806 0.31906549341786067
250 116.1409447012752 1.2936396045224685
250 116.88565579667409 0.15072619571657217
250 115.71442846899131 0.8876296323282455
250 116.3960482434973 0.4724400894655633
250 116.07424913385844 0.027668715854561928
250 115.59401911287839 0.033505331352722385
250 115.4818508617537 0.03487839773701478
250 115.4477265783237 0.035873365664768106
250 115.42191342915892 0.03702189130103918
250 115.40595841056792 0.03706984269043755
250 115.39987305680035 0.0376106977799792
250 115.39718476038512 0.037761310235316745
250 115.3951640798059 0.037718836033091147
252 721.599310331788 577.9704858326772
252 693.3910254960208 552.2092354208352
252 667.7345559110787 527.2934465115054
252 643.0733036469755 506.32831935218724
252 622.3610147652792 479.635780392651
252 596.070442641422 452.5220994639612
252 569.1922451677063 428.10777753081953
252 545.2101306882968 399.98693591238197
252 517.5304744457428 373.52239922179285
252 491.5488833519528 355.86516271539637
252 474.34688481145616 326.13957105080306
252 445.3838010607378 299.0715811651023
252 419.1599880641764 276.6173615569189
252 397.1024840512038 255.74890386214742
252 377.1387037891969 232.22204381938116
252 353.69394147896344 210.50677529916405
252 332.75138951205145 189.55303592611324
252 312.8785774585174 165.15457725237104
252 289.2344288767212 60.256180361171616
252 185.17293633413982 36.977525468710965
252 162.41559755332955 22.16618407392975
252 147.6483410505546 10.944188326721909
252 137.0300053770667 3.747969714598824
252 129.5845799105051 0.4866035167036781
252 125.76864307142976 0.27118626113492006
252 123.09120694867366 0.06311577255625628
252 121.73364237818882 0.028275298189359258
252 120.02118308240658 0.42657386463022173
252 118.80330628625286 0.2617229289223404
252 118.04193290659131 0.6799564924216834
252 117.46995113794844 0.0908285483116863
252 116.50991881383963 0.3373730962527608
252 115.90669045490401 0.18368662115623866
252 115.54057815663553 0.42955564242841227
252 115.53037333486081 1.13453042981188
252 116.45755795064753 0.1882985131666745
252 115.29217452730433 1.3898371679171664
252 116.33483575842062 0.3167250164992046
252 115.13717198722284 0.20841202392567795
252 114.837806906551 0.940939126540479
252 115.32336467101783 0.020744212429128064
252 114.39062068488036 0.3079457514364178
252 114.26811304034202 1.2414222031570232
252 115.14034867833958 0.1353841784992375
252 113.95596122095347 0.9370537150370568
252 114.7696344264045 0.3178067159460348
252 114.00568411636102 0.22307116505454835
252 113.79502122255917 0.8787356581863652
252 114.32364402730119 0.6996479469110515
252 114.08563711694953 0.8326120260000919
252 114.1524757729247 0.5534630416155524
252 113.85642508223461 0.5911321976753865
252 113.7819298100812 0.6703592093604941
252 113.91003326601493 0.6351513022193126
252 113.73294440008999 0.6088915438803979
252 113.6353207220267 0.8887750130688612
252 113.83129018861017 0.049221387411224594
252 112.97537335920828 0.2838188616824373
252 112.90053527448408 0.9802098319177497
252 113.56872889555305 0.26858884492479596
252 112.75002858536256 0.1541016714803274
252 112.54367839914228 0.08820317244992942
252 112.41899330392413 0.07563749642141063
252 112.36782781565367 0.0704100375030143
252 112.34374580965907 0.06951624144599064
252 112.3340666403186 0.06812462314111459
252 112.32854001500186 0.06814860875843186
252 112.32501845775859 0.06797642044724869
252 112.32327797929469 0.06780265139956329
254 718.9521267495942 580.5725420000863
254 692.8922470973462 558.2184135884427
254 670.6706027830386 534.0062229346665
254 646.8266699494136 505.5612092491524
254 618.5621912817094 482.86527310581914
254 596.1339226842701 461.3227266441045
254 574.9084287711979 443.48505349102174
254 557.1500382989221 413.6779394647449
254 527.4882434211706 389.2940090994723
254 503.52470653936587 362.8721115129507
254 477.4185573887405 335.5205282286744
254 450.3302924168529 314.91584778609695
254 429.62604966696824 290.7909583713075
254 406.1095260095598 270.3648459255392
254 385.7413694459005 245.51061221390611
254 361.24035661353 220.14219200906072
254 336.33056425479094 197.3362055538108
254 314.26719354293095 175.6169689060627
254 293.1159459587509 130.47761184932642
254 248.51449321930022 58.44967524994955
254 177.0466465225453 41.145695706413605
254 160.65667194842365 26.377315591900803
254 146.1457779013329 14.933769807962932
254 135.44206053199875 6.622955453407622
254 127.3149752561289 1.7039563645416418
254 122.73531779936609 0.9779247711286295
254 120.71999854392064 0.808746921898808
254 118.32046282282649 0.25091127943045827
254 115.98174559065215 0.8580527066992347
254 114.88061076869741 0.26420883199529827
254 114.19929601714148 0.288411303896862
254 113.5867000491209 0.11210679801419689
254 113.02584590899127 0.719738664720233
254 112.81529377560103 0.5431396909685876
254 112.66792162234027 0.45327182441468616
254 112.17712618548099 0.20965242749396076
254 111.75310823249961 0.5084805914416902
254 111.63536171971555 0.8371039419692674
254 111.88089466364701 0.36332484412956323
254 111.16133672677475 0.8728345352309407
254 111.61114604568272 0.4633207329331087
254 111.02494674251827 0.5205534366125223
254 111.16925288452975 0.6476916014760878
254 111.15684221817881 0.7393903286037249
254 111.19472075428187 0.35764037235144863
254 110.66174591541187 0.7467153352604747
254 110.95502181030288 0.6666753810280619
254 110.66438541305791 0.731198564232106
254 110.71208088026766 0.2959254633193824
254 110.23677329348276 0.451956634172278
254 110.24826732588951 1.3149048536369796
254 111.13120596131748 0.3890389977019343
254 110.16466461403073 1.0864522891116954
254 110.72997187542252 0.07968148568705002
254 109.8094344812632 1.0858364894235826
254 110.62683094503653 0.2314703346766589
254 109.82682067512744 0.06697678211498209
254 109.55483357929639 0.05700156524134054
254 109.45561735084863 0.04595708652259285
254 109.40899270438521 0.04620307773510775
254 109.3843685422412 0.0476295125879629
254 109.37137924160186 0.04648940143151812
254 109.3650764569338 0.04663786473503811
254 109.36223247338492 0.04663188927395099
254 109.36078316870012 0.04657080167469127
256 715.7376398786578 579.3022144650739
256 688.7530552196401 557.3410570297322
256 666.9604572879832 537.0498435709669
256 647.0138767047596 511.5122167722475
256 621.6690905562755 480.08916041454296
256 590.6634157291653 456.80949538831726
256 568.0142408367827 433.7763490789559
256 545.4934061250121 405.88578726795447
256 517.9113811707792 383.19198304088695
256 495.61471301700476 360.80826634687037
256 473.64928159389126 336.95159830034794
256 450.27695837667034 310.1971877264575
256 423.8643622699507 287.05040156251414
256 401.52105351609504 258.56107819467456
256 373.6862758914947 233.6306442082692
256 349.15408856580945 205.93541218211664
256 322.1932183382471 180.72890952605113
256 297.6485462833364 130.6711597855765
256 248.2034844664483 57.15554789978855
256 175.00782822462781 40.258616808117864
256 158.0121066843308 25.181433641438467
256 143.841365229169 13.637168347180868
256 132.48068007027584 5.239445530420724
256 124.43678084997391 0.9057991402177676
256 119.88387541319392 0.36599526099075363
256 117.7108553078674 0.09108076438374246
256 115.78805030399029 0.11198298460670472
256 113.96235522511928 0.034348718041976846
256 112.55154369950272 0.1424276071224861
256 111.57507227562785 0.24707259287348515
256 111.22956713555587 0.8776308061664403
256 111.44067474631356 0.3459233349992894
256 111.07530114919193 0.5635355913336145
256 110.66144293986108 0.30009163525787186
256 110.34331032105734 0.5780839747959869
256 110.33271114343128 0.531785897241785
256 110.26200598645576 0.5208887373304024
256 109.95018147983305 0.9247873926102301
256 110.5279203938061 0.20022707970614306
256 109.69603060094721 0.09971137710642707
256 109.33023937540062 0.9564422043337961
256 109.8444789240234 0.3836303319504483
256 109.36891011944327 1.0254294463315996
256 109.96901402483839 0.15813210736565603
256 109.16601457985556 0.2940701121238591
256 108.82342082161138 1.0841069948514268
256 109.64254134232074 0.41005462299168843
256 108.84199405859913 0.8416741102835008
256 109.25997876951926 0.9359219836738819
256 109.15543980225635 0.6038799639730499
256 109.0159217971079 0.7474417418494158
256 108.92891342756555 0.31188731212021453
256 108.35926294171098 1.0009775155576917
256 108.89514007198288 0.5375668584264606
256 108.39457457337384 1.3282248281327766
256 109.0214761296468 0.1580093273397241
256 107.92700622874212 1.4753321336005727
256 109.25705774907469 0.08198843507830866
256 107.98417764285172 1.5535644822950587
256 109.14971209846895 0.09699790049350443
256 107.77013518742332 0.04941050428684042
256 107.57461225017123 0.04514188268041087
256 107.4623126911589 0.04142285238801615
256 107.39484277288405 0.04121158423779034
256 107.37167611529037 0.0412305580320099
256 107.35708050070457 0.04136822942119349
256 107.34957972760837 0.04185929875576629
256 107.34674430815348 0.04195976263204511
256 107.3449869989961 0.041981374196105925
258 713.6041157499808 580.5504637023229
258 688.024154616591 552.5489042561915
258 660.1653107456136 524.8069687510371
258 632.6041053307238 500.5254326096753
258 608.5123327205442 474.3612387013196
258 582.5962729010025 447.25369308580946
258 556.0863469319897 423.122087078005
258 532.30535438562 401.5925470293191
258 510.7821387194044 375.2645462252668
258 484.7132327949398 345.96700973593687
258 455.82011291665685 319.9941036915011
258 430.2381356384054 296.89908968222323
258 407.3814986865813 274.2371333747062
258 385.8208734661036 254.09395905038767
258 366.2238345119073 226.08875078575343
258 338.577583145036 205.36237810550693
258 318.06817843444776 177.297865253736
258 290.59260327859545 127.6279764375705
258 241.59562651412952 51.9730393619492
258 166.38963722955393 32.14940430320604
258 146.9682163299376 17.055243572168795
258 132.60316047322502 6.047116642547632
258 122.66248202983577 1.28337496574352
258 116.98826053204644 0.3888669857751047
258 114.83969134036191 0.40929593968921907
258 113.32873083113923 0.2522411269208132
258 111.86435750705044 0.13346271266799237
258 110.50834059183443 0.05622100615598058
258 109.25654078846078 0.24316071445043755
258 108.39229410872872 0.17330126191357836
258 107.77032347578042 1.319065365718044
258 108.49648834837276 0.4576720444338343
258 107.71023983680509 0.5553292055649532
258 107.70726090345707 0.23934752994425432
258 107.24827893942384 1.1145566488849314
258 107.78133471808847 0.5168715440475727
258 107.13604880601667 0.7551724672166646
258 107.23714945817359 0.4617302479819126
258 106.92876999614234 0.8724253555592687
258 106.91824778631225 0.36512092492954573
258 106.45228485135448 0.946765385593451
258 106.75804874723964 0.505028198075922
258 106.42264938493052 1.0156341473126314
258 106.74354513276381 0.38448446738376796
258 106.25700784209212 0.6071419767859747
258 106.15470477120839 0.6983273589874753
258 106.22263991127572 0.7573559010816789
258 106.04124494298932 0.15524844795775988
258 105.33262835576956 1.5586762356841268
258 106.54515299340038 0.2272992577575569
258 105.24581779632553 0.949634659752455
258 105.81766441589724 0.2773237691691704
258 105.16727826065924 1.2090314037430203
258 105.99232747902843 0.17818608406509331
258 105.02467309353831 1.139238058516233
258 105.78801949149816 0.24623724436086775
258 104.84515155151001 0.3439909813742408
258 104.75967942118601 0.12697636608132398
258 104.51545836058945 0.11907798883879665
258 104.45145905566876 0.1245390548670946
258 104.42088652297375 0.12474946957582742
258 104.40331441472904 0.12283344241636429
258 104.39525331685498 0.12194406934278978
258 104.39122454615928 0.12211719210550448
258 104.38971370625826 0.12190548385040587
260 710.7077930375684 576.3596527097815
260 680.8401246012206 549.568858323659
260 654.2382266685347 520.7697353021423
260 625.5813332791101 492.31029433306264
260 597.4550360239152 466.22363313612027
260 571.933577361893 440.18121057886276
260 546.2501404468413 417.53414627186953
260 523.7518416380486 388.14056095636704
260 494.7110439323254 366.9401137186634
260 474.00673214759837 340.86567171265347
260 448.9355081122999 321.14679283969053
260 429.56502903020925 294.80958753204334
260 403.51622762731876 270.06334026346445
260 378.97987812123495 244.76166094042017
260 354.70070481634014 214.7627372832228
260 325.33831095034833 194.4019247653572
260 304.65424185534386 141.80494932893833
260 253.0964334443944 90.33717819053516
260 202.40945413708494 46.70079301446823
260 159.33224432096785 28.644361665265777
260 142.479021233556 17.21553450905698
260 130.67642121477178 8.100460909931494
260 121.55138349463593 2.4504354954053196
260 116.04599894893236 0.7963155209390251
260 113.51550285678368 0.4461499977859286
260 111.6917374307317 0.1851579619579104
260 109.51641054788189 0.08057123965810045
260 108.10833872092094 0.48652121852070684
260 107.32217208630003 0.2817323007873933
260 106.86257751772341 1.0295799552805875
260 106.98128488378973 0.2364581322669877
260 106.3849346423144 1.1216092915465339
260 106.63890469833345 0.24764376509684932
260 105.88937315867683 0.5608731502130958
260 105.7645397362243 0.8293960668147218
260 106.2933475708646 0.1389028129059325
260 105.36521492098436 1.0638316417883866
260 106.26409478514063 0.20739562992180732
260 105.14783935193852 0.5873398131520171
260 105.17347442855294 0.6679150602661792
260 105.30636774862194 0.6282473714105095
260 105.31829087073459 0.6183746309091821
260 104.99575819439617 1.0375018794797954
260 105.41828956126994 0.7607383909706407
260 104.86995945618858 0.7476816162594492
260 104.67410859978656 0.41380023791939
260 104.24812481215409 0.8048679146361152
260 104.61368639223785 0.5933935687135561
260 104.37427473402975 0.5904488225356341
260 104.36371718273648 0.8913820819764231
260 104.31563580428417 0.3738760091336864
260 103.75755477104107 1.0988021616359436
260 104.22094428410746 0.2560192467283242
260 103.38145690174638 0.17758010184899162
260 103.1502900881939 0.12604571395855296
260 103.02958561796042 0.11713421809289719
260 102.95665192021264 0.11512578881469224
260 102.92553486873656 0.11266717964929443
260 102.91060587641459 0.11025214913302966
260 102.90446159160496 0.10918282512353704
260 102.900684374482 0.10903751152592082
260 102.89882189705659 0.10871974528520335
262 708.8621718506527 582.4473798117302
262 685.4009482638763 555.0941038060375
262 658.3095237844614 531.2377558652393
262 634.5615804803101 503.024775949219
262 606.723025404072 475.13388837106874
262 578.9892654398145 453.8000583159119
262 558.1596701900804 429.46626061544316
262 534.2196444886589 400.7390162771052
262 505.8868930911681 372.3829846743265
262 477.8765864057377 350.5202432810317
262 456.39287672982834 323.95688691855275
262 430.3299274852454 297.5100883519932
262 404.52514995769104 272.70186686197076
262 380.04016516269 244.28128536713388
262 352.5396211257648 224.44961100182238
262 333.14878710010004 204.38263093756962
262 313.5417423968407 176.8550070972563
262 286.5242129954054 125.22623206975871
262 235.60131830375553 50.98810113789975
262 162.25546299051086 33.5902852597218
262 145.03279558413715 20.102998070276055
262 131.9773296268503 8.857184796344846
262 121.31583574884021 3.456715743736531
262 116.05218750326839 0.6152331974702776
262 112.71640433398592 0.22955369058887146
262 110.44341271893404 0.21954319455395613
262 108.53688733153841 0.02178250766664032
262 107.33975035887615 0.5158871605900686
262 106.54514716717466 0.1943381764231882
262 106.31749621738474 0.9248885386247434
262 106.09727888142189 0.39854454725528604
262 105.79994897456211 0.4235738350940613
262 105.41168096656256 1.0280731288449014
262 105.96494129588089 0.1886144357628244
262 104.9283025202206 0.38711726102328703
262 104.81151075371609 1.0488514659063302
262 105.022716367076 0.48962569184626326
262 104.54824376878274 0.4086774149895246
262 104.2582395115136 0.511149236477089
262 104.25702088089744 0.7637109660193115
262 104.30260036487488 1.0421474170077238
262 104.57724695648812 0.3406464515462675
262 103.64718305691355 0.9749153617925325
262 104.31760102086861 0.19970062718377773
262 103.46421010808339 0.6136736128144429
262 103.70942469493922 0.3250688742752388
262 103.31699185843019 1.0765003935262512
262 103.95003811955341 0.11975398613465041
262 102.7753737341931 0.881720044970505
262 103.18093378314447 0.46833914366562934
262 102.65010638170345 0.8600281154233141
262 102.9432094686043 0.853924650772409
262 102.6094324769045 0.8131517268807898
262 102.73208273136581 0.88292919158605
262 102.48605280127944 0.1407543521696684
262 101.79135329828274 0.14634695540298298
262 101.6970548951689 0.13717203756214708
262 101.6309930813925 0.13743284622843374
262 101.60621926519686 0.1375801696707454
262 101.59310798871212 0.13536683439828817
262 101.5845868771199 0.13582300435113095
262 101.58088222635037 0.1355355367512302
262 101.57931598787087 0.13534163377601766
264 708.0676577946386 581.5272974872521
264 683.0466357765791 554.346740774101
264 656.1134622650637 526.8847249650266
264 629.0544303378236 503.94644757502994
264 606.1377397610869 478.4433614190942
264 580.992786156295 457.63894588315867
264 560.4702138765842 431.67104618998087
264 534.7791987247874 402.93739611624966
264 506.2942610399453 380.88257899691723
264 484.593695356702 357.6674690897463
264 461.86533654870505 330.10472184993756
264 434.9161645124344 307.75399683620196
264 413.2045748874899 281.41459120726074
264 387.17283723542573 261.24771112704616
264 367.2138742508137 240.6452919871538
264 346.9139804078899 212.1494907659538
264 318.8833754075914 187.5263142409422
264 294.49836653772746 136.38903130862283
264 244.68274971931845 93.03113496274155
264 201.2655824362822 45.59042276373412
264 154.906864962021 28.09583073605447
264 137.6973045521542 15.282491766955268
264 125.83406622290354 6.510890102928392
264 117.12221071388085 1.3487373266540812
264 112.64513587491726 0.45844308226371633
264 110.77890193218049 0.4494530963628914
264 108.84527505938239 0.05434202189627365
264 106.91952192135702 0.15641661546818295
264 105.59825349158177 0.061897084221030504
264 104.3549768745203 0.43511991637258934
264 103.69667885939039 0.3953506988945993
264 103.6331962628471 0.8682694105381401
264 103.54229272261688 0.5522406216164064
264 103.31345419432772 0.4315032684162927
264 102.97488323874596 0.7691362976952298
264 103.6488848259988 0.19399142589702312
264 102.79350692912745 0.48717139327188097
264 102.6858761658493 0.40021946376353446
264 102.10206700714797 0.35460926562208095
264 102.08949181482983 0.6809631803890477
264 102.05325362619718 0.380044587976254
264 101.99639558364237 1.3401811764274996
264 102.70397864565692 0.3173871900559628
264 101.88055590019383 0.5590902557623109
264 101.67980831333873 0.7942528378399194
264 102.20608272328681 0.8218677862318118
264 101.81300907844899 0.2551628850291457
264 101.40368521609263 0.6597009182872324
264 101.4278293462658 0.5940833734719491
264 101.5103571854384 0.6481837621611553
264 101.1053480725693 0.7805683884259849
264 101.35170453250257 0.49844313438905163
264 100.900462369397 0.7099091268681981
264 101.1807757956782 0.5019783484900869
264 100.53451612331557 0.32213554699855
264 100.48432250024901 0.5795761303399733
264 100.43291464947097 0.6413330735117441
264 100.45843087095078 0.4580019586728033
264 100.17062739854838 0.5463432569900084
264 100.14590934607037 0.7138982142731579
264 100.02582976417415 0.42062979322525323
264 99.78078945875855 0.8489136912150824
264 100.16494347778315 0.46983901042874404
264 99.88463774138863 0.7656182576442029
264 99.65424443500004 1.1844076160497479
264 100.03321427541827 0.4583116572854398
264 99.27564063970469 0.26828480340435684
264 98.99025607049406 0.2115086721303884
264 98.83357700520955 0.19892622130178148
264 98.76857987752071 0.18948832074316005
264 98.73340960801569 0.18538255582609972
264 98.71330243871898 0.18537398627576823
264 98.70455084601892 0.1838025086155294
264 98.70008703771106 0.18383812967683635
264 98.69828349125935 0.18374422194787973
266 705.326445639648 584.2899055096517
266 683.1044011786018 567.199928768356
266 666.2410254126296 540.0429850540988
266 639.3544186929257 514.6019280105785
266 614.6306044567824 492.15162331015307
266 592.5205527044851 469.1970196001582
266 570.2269081859059 443.15451960930784
266 544.3591769758914 422.4517122072124
266 523.9178611815669 397.5244274321566
266 499.1454666663004 370.18244088933506
266 472.5984277261183 345.40489955215304
266 448.49870170293923 318.07374257665003
266 421.958386648289 291.32673714239667
266 395.9949005004533 265.8756902576864
266 370.5512309815116 236.72635345846294
266 341.78120107041855 210.55558437888203
266 316.05793297151166 183.48194456786706
266 289.8565924682506 158.87849663893672
266 266.14960347026107 57.90075819486205
266 165.82398356139447 40.789880623073834
266 149.70968867681955 22.737192825872352
266 132.26395439276095 13.074454447332137
266 123.63582627342234 4.1185708521503965
266 115.4497449528315 0.4270823563922099
266 111.28584222204655 0.406100147994642
266 108.72091222677471 0.4493866676619913
266 107.0162959848672 0.20436409854519022
266 105.33799796116196 0.5085211079467147
266 104.24870963969668 0.26538920290903956
266 103.6242249604327 0.849544906922473
266 103.15472183543515 0.6079320434144083
266 102.94977203198066 0.8747199959851889
266 102.59905355684305 0.3152868374501048
266 102.07955883700383 0.8219698811526889
266 101.91183122537048 0.5172244351985151
266 101.67025862515386 0.7700210320877251
266 101.43265947171267 0.8689307152103467
266 101.7889641152806 0.3353685051669409
266 100.64850719790691 1.053137101852246
266 101.4402132411627 0.23885494999915077
266 100.26256402311058 0.9554051453808917
266 100.91105545555403 0.4475398079915711
266 100.0257930051728 1.0112377216197574
266 100.59017066498039 0.3082265914960648
266 99.61532796093438 0.9987317409988044
266 100.19517064746069 0.40788470967562207
266 99.32596158034738 0.3238086634210481
266 99.08279634795888 1.1154524273838207
266 99.64313309845456 0.28897428758042776
266 98.95628297193346 1.2576827840539053
266 99.69689520919687 0.39303422041545466
266 98.82950007275376 1.0785975035792283
266 99.33253439906859 0.2861271781482335
266 98.53405505908228 0.9705225630316734
266 98.87039040692825 0.5730307891797509
266 98.49841126225284 0.7755282356381012
266 98.5718042255164 0.44256966947113097
266 98.36903583045623 0.07741337202332942
266 97.85166832496684 0.05421541474037566
266 97.7248955970949 0.04979631395575301
266 97.64491428930027 0.05375689526191329
266 97.60532892190209 0.05398604949890475
266 97.58666119264669 0.053597481516865754
266 97.5789773585934 0.0538263136745267
266 97.5743902863873 0.05393000618390325
266 97.57210646758604 0.05387004498058487
268 704.4193918711693 574.1559925853501
268 671.8151305627808 543.7067723160615
268 641.6944418008494 517.807907270158
268 616.1999062678951 490.6737249287008
268 589.5581635744971 462.7482155084839
268 561.9661279339144 439.4810282793382
268 539.0304699981598 413.20594647484836
268 513.2637614254867 383.8443355919296
268 484.545862069891 356.9289674544041
268 458.1522261860322 326.7720619934811
268 428.568220276066 302.625268497061
268 404.5322858236656 273.95511444122224
268 376.59457402746546 245.50335945366263
268 349.03707495276706 223.41852818775988
268 327.8241600465047 197.65026787529337
268 302.5875389521328 167.7494144139935
268 273.96360032674767 96.2419162548997
268 203.7286257647694 51.6764152717258
268 160.02158972164003 33.095105231290475
268 142.53705012612357 20.170850396771897
268 130.0630011684967 9.308708860711505
268 119.78892968068669 2.372624466482248
268 113.30619992789275 0.43907688776747206
268 110.81003534739867 0.6317907120833348
268 109.05078833562808 0.16553436079570272
268 106.99743900701417 0.37231696359581457
268 105.1966922018022 0.10399248751406018
268 103.65553974130792 1.1044823404792625
268 103.40727212539197 0.32382484353170493
268 102.77412916836995 0.9862324704462715
268 102.56538774723009 0.2149871169550155
268 101.68525105038638 1.3009383833129708
268 101.91204717985192 0.7430200353644505
268 101.57137736503212 0.5424862206333716
268 100.79932927167688 0.9926369289583246
268 101.41423590858429 0.13320253761819043
268 100.33401198696036 0.8389445598899338
268 100.77227330714157 0.18827142065531455
268 99.84989658010075 1.2413264597512104
268 100.47352728604822 0.46621179187487977
268 99.64678073724424 1.1309655765398232
268 100.0975595669025 0.46447874122507277
268 99.32028961147236 0.703491708413332
268 99.24618661192181 0.481444484695255
268 98.99521034730066 1.1834900799138015
268 99.4908622021231 0.2619583060730607
268 98.67360746139279 1.5521487441126913
268 99.49317345366872 0.1943792348929944
268 98.21745694532797 1.18781556102859
268 98.87780349400451 0.4541313953048176
268 98.4069620641522 0.6695516021055454
268 98.35997108904118 0.5426892082487437
268 98.53027772680515 0.8053088766032235
268 98.2772772765051 0.6808400859686656
268 98.12634854502421 0.6578873813315025
268 97.94530330893849 0.46930759118356424
268 97.56276554776497 1.539160537523234
268 98.31708500630491 0.2709908368198562
268 97.21970928616379 0.24484107233316588
268 97.10194342678228 0.10151977840638814
268 96.93189861039824 0.11651416837939148
268 96.86564191520542 0.11388638846046042
268 96.83751345757136 0.11261648735876759
268 96.82652608748833 0.11243913827750354
268 96.81826677170575 0.11251464136802175
268 96.81434966272802 0.11216685409435359
268 96.8125293490594 0.11194175624725149
270 704.2619759019603 584.665494506551
270 681.6353207977838 555.6996523919988
270 652.8542737979943 530.7398161267729
270 628.1571506133948 506.834208055722
270 604.371194117574 477.2863191025101
270 575.1406804930688 455.73244405896946
270 554.0841602633254 429.9721986702631
270 528.7083795796054 398.884597964122
270 497.89843008767144 369.21817579330883
270 468.8800033761816 341.5182917867421
270 442.0036247503889 314.21496074093284
270 415.16302608942357 293.549012572949
270 394.89862968311724 266.3614105587664
270 368.47598230393146 240.50306057382008
270 343.1545217204875 210.49314880600576
270 314.15380084098706 183.10525780782294
270 287.3517299727812 156.41784802044924
270 261.28317666603584 59.706996611606115
270 165.03180889777417 40.63780949059415
270 146.62966569679378 22.74997227872511
270 129.92807955580216 10.34527543139204
270 118.05869301144996 2.98074648919959
270 110.79178250829392 0.011917194349201724
270 108.42772588925658 0.012443063860197456
270 106.39538235105336 0.3190746818758317
270 104.3401471342583 0.12862824169886664
270 102.93501374582891 0.0886176667399287
270 101.6503733394097 0.378437703645454
270 100.98674251964215 0.5787938295777222
270 100.839487140775 1.1775685511986456
270 100.80427539498423 0.6519062888693936
270 100.51666945686237 0.7683668139785262
270 100.01121086969127 1.1150012651619687
270 100.56200080788821 0.5537632987512138
270 99.54588458270389 1.4178109391414844
270 100.76437243407908 0.16461169367259332
270 99.27943447788235 1.0149263210472288
270 99.74051252278345 0.7903619626250991
270 99.18905484924657 0.5831679126911388
270 98.96658938920078 1.0304855592253621
270 99.07984499483244 0.5999493268724152
270 99.11124428670762 0.5060943028883277
270 98.84453276117057 0.10941678545531053
270 98.7306303578549 0.9396091061630767
270 99.01450530947199 0.32735346972256973
270 98.61273488235184 0.767079720078755
270 98.60079165831284 0.27285075352894866
270 98.26150367760549 0.4742654472770407
270 98.04653693139346 1.5132823374844186
270 99.20452006834381 0.6881158820257303
270 97.81850551034448 0.9721141564304331
270 98.1824439884051 1.1348530797123024
270 97.87881323632804 0.5199409367412712
270 97.55892323178298 0.39331364940926494
270 97.38268692714358 0.8583338234700659
270 97.80038701568411 0.42294468505469995
270 97.06987388962388 1.19775870749101
270 97.73104799347392 0.47581900537628763
270 96.63445499748177 0.22806817566734192
270 96.28266549321017 0.1671556131683107
270 96.13324103333336 0.18177964801904847
270 96.06151982631276 0.1769577096338082
270 96.02749688031788 0.1754768802295584
270 96.01160807468975 0.1719492687102374
270 96.00358029071745 0.17254143695834845
270 95.99951850199541 0.17217613276888016
270 95.99757718860043 0.17204409433187712
272 703.1797547675358 584.4575067983637
272 680.4272925804203 558.0449948404587
272 654.3405480056567 531.7071247467209
272 628.4201311677759 504.26318037146257
272 601.2004601165621 472.40021350448694
272 569.5707668281324 450.8117705968906
272 548.2713044701459 420.8041579018729
272 518.811398636611 393.0765622626575
272 491.4931914127461 364.8655234992293
272 463.7019766671883 340.15659662128826
272 439.43081689293024 310.71479995384624
272 410.69250528725394 279.41183527487647
272 380.1587954593555 248.59082379057986
272 350.0504129662972 217.20087748795305
272 319.47463654538535 195.69435365750954
272 298.4185205330193 166.36802284935249
272 269.7279379101034 92.07120982990135
272 196.23249043718909 44.64750243953983
272 149.64815035455746 26.04253248920064
272 131.74257956424174 12.062374209946773
272 118.1055553982358 4.5575313004921405
272 111.15384446232596 1.022085384383118
272 108.25139145912277 0.5720911352840721
272 106.72614085854987 0.9185196221838082
272 105.20980680620237 0.47654052380741185
272 104.31993889932926 0.8396672828811091
272 103.12860953898665 0.4951211502112173
272 102.45788067628546 1.680206513281696
272 102.7815470316686 0.37229698807276357
272 101.90816746048891 1.7199852321796325
272 102.29365360727279 0.5074887562456464
272 101.45541045454571 1.391058512671898
272 101.61033898600651 0.4707762630591218
272 101.09408501998809 0.9910572420127786
272 100.94736598760306 0.8227027418764182
272 100.91588768504555 1.1219451516068049
272 100.79637371917684 0.46751893225915364
272 100.2233531649302 0.4742658541544384
272 100.01975338266041 0.8737673788188981
272 100.58017889934597 0.7876204535772199
272 99.77881750636696 0.4025188455025089
272 99.53135008433418 1.312654209850401
272 99.96214738666814 0.6080517077393337
272 99.63714624126104 0.8642558702886118
272 99.4896295806409 0.8645411770734376
272 99.78553274281549 0.6651088636643344
272 99.08095351852864 0.6300529167760031
272 98.9637107777153 0.5104977297897529
272 98.39338591019876 0.9291510908382594
272 99.03483542998626 0.4185964760867087
272 97.92152350066651 0.7432925904313431
272 98.28510380668571 0.8566540201824063
272 98.27776443596741 0.2769042835156857
272 97.89525150069312 1.2018846826793719
272 98.44290066923895 0.15863296143053696
272 97.53779436101091 0.47978327979503255
272 97.69394303563891 0.2633751009152204
272 97.40709421800445 0.1692851750461305
272 97.1009029737412 0.0224098804814675
272 96.87999545834867 0.027067211258235278
272 96.80974079404834 0.02728121077114954
272 96.76739549562183 0.027966117997697715
272 96.74734718657214 0.028743729191517048
272 96.73816119159076 0.028673754016167566
272 96.7333429788268 0.02882013032666552
272 96.73121498079438 0.028885406279512263
274 704.0031704557601 576.343644097832
274 673.44749453064 550.8869019562578
274 648.385409351018 520.0294888131384
274 617.7212067893843 492.7081690770518
274 590.9023790637834 463.5838976752082
274 562.4402568530868 432.8034473817777
274 532.1214476383793 410.85506941229477
274 510.256141151388 388.00035778669974
274 487.9301210490459 360.2355259342626
274 460.6066958398527 329.50833041034855
274 430.48952836297406 300.1386190594535
274 401.8125123241848 267.51205150383544
274 369.78799220256565 240.54007560612376
274 343.3765134483436 213.79817827524184
274 317.1995153581304 187.58174292832885
274 291.7494237354368 134.28168498939516
274 239.23309050004383 58.271765047824246
274 163.76585070663478 35.46111820440984
274 141.92474696094592 19.658056844208463
274 126.59963688243081 7.723724510259606
274 115.2039621532166 1.4512207129049317
274 109.61353243168944 0.4497859748018427
274 107.57570993994818 0.5303981061751312
274 106.03635345926835 0.44073004179981273
274 104.59461367223534 0.14084541614531568
274 103.26025407082307 0.1939971175230357
274 102.02761941139634 0.1096340972980103
274 101.28394573072292 0.9067776536988613
274 101.271655716903 0.29532494601982096
274 101.22637126301356 1.1444175157225454
274 101.281155506197 0.3613861146596733
274 100.86980466710938 0.9675049574118272
274 101.11963474102915 0.44931217454265804
274 100.93998247718352 1.187439895744311
274 101.12303774940476 0.17051294953712534
274 100.16980711731908 1.871941055773577
274 101.27769407977642 0.31478068409360055
274 99.85892640793763 0.8520772133681205
274 99.85742556841936 0.5774556908197441
274 99.70285750507185 0.9042143054489064
274 99.5340291708581 0.7203445488010334
274 99.42740487899677 0.6832392052585453
274 99.30272898740483 0.4088572842621555
274 99.21822702492346 0.8556978570303083
274 99.19581598142483 0.5211101079250442
274 99.24806912060608 0.7080193564215694
274 98.82380848397258 0.6239228247743541
274 98.80496704223987 1.4697117310764414
274 99.02421421635806 0.4538363125896719
274 98.43297205181256 2.0480262238051807
274 99.495664609726 0.3803908073505083
274 97.95121469606279 0.8037883149018774
274 97.86212914544413 0.5745230408713866
274 97.85099440579634 0.6867900704313247
274 97.35418334811962 0.38922394788127385
274 97.24919064668623 1.587857688694441
274 97.95319546908848 0.13910097032958604
274 96.82207634548715 1.5706759339624115
274 97.76262532148405 0.05439812938130634
274 96.57600870451924 0.7937668652036246
274 96.43562644764157 1.208390361478806
274 97.07082769775742 0.5790255942929305
274 95.98866739787411 0.15631181963010948
274 95.56258634152178 0.18359903089386212
274 95.40341852048856 0.1420949890716239
274 95.32790741299627 0.14428968370496995
274 95.28885476901253 0.14583017846203838
274 95.27088213494983 0.14529806373013532
274 95.26193068078567 0.14457539450859874
274 95.25838962015018 0.14446708881950812
274 95.25643643546472 0.14445681413272532
276 703.2231989706296 578.3296574030805
276 673.8199299949011 553.9027598971446
276 649.8606694232817 530.2153241820839
276 626.6054082457098 500.33086541808603
276 597.3427847404785 467.7106940338871
276 565.4218667755904 441.90439610989347
276 540.221217782243 415.2464208131912
276 514.1261910709542 393.44000360483466
276 492.8137675694342 364.2489409772165
276 464.37724431447697 334.6586818618214
276 435.38608004973497 303.6116328378813
276 405.3787433932193 274.1945804199663
276 377.02855750276365 247.6022932747801
276 351.4798802756818 217.01957069414578
276 321.54299598460216 189.52351850469284
276 294.63045114009407 160.1292841458468
276 266.56917419156724 60.98658341680157
276 167.80906451214116 42.320113826145345
276 150.0336391440818 22.11832559809246
276 131.27338775598722 8.975275674610579
276 118.97799881752414 2.2706673584248867
276 112.6702374343273 0.22411541561546167
276 110.27328975884366 1.1692925239000405
276 108.74729769742244 0.10121252894588043
276 106.73695044295147 0.12573879159576198
276 104.77817512568357 0.19482398514018645
276 103.27435533909865 0.2520600536593045
276 101.86439202721783 0.20327719867131613
276 100.59783563108275 0.6037092494777299
276 100.18043508209729 1.1540906059585945
276 101.11752470602163 0.18380201106248725
276 99.47393896689309 0.6511850014216293
276 99.71810990279171 0.6175963383052083
276 99.27119281542205 0.3134395511574153
276 99.25503175620341 1.0843285112502496
276 99.39867456059152 0.39533200909736904
276 98.67831014832981 1.504011533554226
276 99.10185132827652 0.2728659253606117
276 97.9696806430457 1.633156986326382
276 98.96405288045585 0.06369746486711957
276 97.99015146795605 1.335202509078875
276 98.33464623915452 0.20134563717992857
276 97.15642261623721 2.026381019699428
276 98.38595809190082 0.40866786868719956
276 97.12151105762793 0.6113127323968384
276 96.84930817581541 0.9799796572532515
276 97.37050806456135 0.42871233259737973
276 96.54936714464482 1.230745853351718
276 97.40252570838958 0.39127451652394896
276 96.23091236104418 0.4796302995479449
276 96.29695534701524 0.9463884324609785
276 96.23622572209985 0.08758706379808817
276 95.47825223533931 0.12935214755993588
276 95.33712263391128 0.1334489346324064
276 95.25552572700754 0.14105570632574035
276 95.2139809193348 0.14576282887715558
276 95.19526236580542 0.1472473927845024
276 95.18492148419578 0.1468721607248359
276 95.17935958064908 0.14678619977499147
276 95.17686295566645 0.14685257714585304
278 702.6046090030545 577.4848993655323
278 672.9553225402632 550.436811970718
278 646.2673698009287 519.3686924899943
278 615.7740620889173 491.39734494125787
278 588.1502438344196 461.6016355765496
278 559.0584459180423 432.1548602081715
278 530.1016831512072 406.49026294315325
278 505.0034173636443 384.3479972493769
278 483.5116325182196 356.5184514303543
278 456.35795212409255 329.9524530989495
278 430.45909095424906 300.0772454394385
278 401.1420298009038 274.49647209708996
278 376.65248135222316 247.50590300956833
278 350.0986930405425 216.3426171450755
278 319.67977261142136 191.22092081251373
278 295.4792896590769 162.32730504184946
278 267.54822223607977 60.43439021114793
278 166.61023120163233 40.27987354283364
278 146.7199300970422 22.404670461508456
278 130.26379150409772 12.226285399592363
278 120.36662879315841 3.73621444849614
278 112.62570462680462 0.4991822317224097
278 109.86761228149203 0.14229090200108835
278 108.09246195931385 0.7249178741776614
278 106.4014630785786 0.029407189586006188
278 105.0029679463019 0.21622537926777835
278 103.60511852195881 0.16846575344589998
278 102.27851490159277 0.3923389966301452
278 101.67515670483019 1.4071227787984297
278 101.57020167361782 0.3578223327681336
278 101.06838664060307 0.5322719762635914
278 100.55839321982933 1.2860150034058404
278 101.65141919163995 0.16040131353972095
278 100.22476097946515 0.3416540180750439
278 99.9032623020502 1.496969663681864
278 100.1007203940441 0.6109484005750319
278 99.5465739139417 0.8143045391655338
278 99.23898803548721 0.48988646274621767
278 99.17924166700887 1.205340738302624
278 99.30629304498056 0.4525035595254835
278 98.90743741138502 0.7207233730889129
278 98.80041562916777 0.5439437596385034
278 98.72584930201563 0.9796244379035687
278 98.62601264645588 0.9494203640312093
278 98.64255666338704 0.9380098916079339
278 98.21613877012133 0.8732314038909543
278 98.28259279347853 1.7745068896456697
278 98.80531683462982 0.23694479187817408
278 97.56655463103917 1.02629166612104
278 97.67233561032636 0.4162783436722341
278 97.4226948840408 0.8678293671731162
278 97.30321967888769 1.060942413069745
278 97.75523785564802 0.35721370461878177
278 96.84341585951223 0.3115230907190557
278 96.47414592985875 0.8577436046542845
278 96.76878890958865 0.7699968792619678
278 96.96639373631015 0.7943529982367903
278 96.62643227830266 0.26048131983369904
278 96.10336778840386 0.2610445262706354
278 95.95760870911246 0.2561309008586217
278 95.86980442205804 0.24400788531607154
278 95.8181101340977 0.23857757748164649
278 95.79114141177969 0.2382785063138017
278 95.77938541344919 0.2377677920835654
278 95.77321046906235 0.23767867640099208
278 95.77007110359095 0.23756469027011154
280 703.7808347308377 578.382473144845
280 674.310922962439 545.503152860214
280 641.9971704438334 512.8187712467236
280 609.7815860033046 487.66595982851607
280 584.9754719333564 461.9097116581438
280 559.6496640032685 430.446353652576
280 528.651717849818 402.0324419626165
280 500.7506899559681 377.820011630019
280 477.20478404725736 352.44081115600954
280 452.56583232460486 327.9631831880048
280 428.7852458888009 297.9487897832578
280 400.1667459895259 268.42922986174415
280 371.54934181362387 247.83034507678715
280 351.565576140697 216.64225183066318
280 321.49318813247345 193.78850722762576
280 299.6552709458166 169.01119204600468
280 275.05486649038363 61.89011869527997
280 168.36492338480718 38.20877906730018
280 145.8470962288992 20.521328901738546
280 129.50891823075432 6.862643356691451
280 117.46058496078828 1.3503568563385444
280 112.85463752058499 0.17117845649270533
280 109.90038246953291 0.08627133454531132
280 107.60556815043748 0.6064697949360697
280 105.99020121198494 0.3259953162825838
280 105.3339659105413 0.9920876946890437
280 104.40348783894235 0.19555329396267637
280 103.9210764614934 1.5518001588157135
280 104.21896382468609 0.28719867068886507
280 103.19969875143607 0.7812693366167447
280 102.54640658724507 0.6277955641627732
280 102.63800955865293 0.9503976306979725
280 102.3143457776284 0.5900943422289532
280 102.41532276255987 0.974379978321153
280 101.8596766843554 0.9186952909158438
280 101.95893513308908 1.2011201612136364
280 101.4944896967712 0.3830991633459254
280 100.55409028827246 1.4752684573744688
280 100.98489825668736 0.6387441289097564
280 100.23817348763566 1.1034589677621736
280 100.2051351364293 0.47725037444256846
280 99.85212963386044 1.1569951573837323
280 100.2064013031765 0.3516604712109205
280 99.78936444631208 1.8599970262558578
280 100.56257421567679 0.573559453747016
280 99.67095777586486 0.9532772710853832
280 99.54237322757078 0.7689224186230187
280 99.37850756186323 0.9556988353176975
280 98.88984059058066 0.6119218859110407
280 98.60862222683548 1.141891316710105
280 98.62882201546559 0.4921916055495396
280 98.16962648660125 1.7616911240055155
280 98.65147104270378 0.682988287343302
280 97.89025713879296 1.6837701331676147
280 98.30659665626854 0.5947774399072645
280 97.67208420797132 0.49986170528914575
280 97.31535868972652 0.3886356805762423
280 97.11814562669919 0.36736344543996546
280 97.03502579493502 0.37948302053891575
280 96.99618994271626 0.37627853294940034
280 96.97022049877621 0.37338558694630786
280 96.95947460849771 0.3727828805883694
280 96.95367904037775 0.37246280084979033
280 96.95069079758352 0.3723794210249424
282 704.5919097855866 579.2750374583754
282 676.2193652605224 554.4344951107804
282 651.9358469176783 521.6942142265202
282 619.960799605967 499.11598785374656
282 598.0110305471579 469.37321744371593
282 569.0326651712868 441.93654804631115
282 542.2763555371554 416.30326387463555
282 517.0268510202565 388.0413522761295
282 489.4151117357078 353.3303981386515
282 455.817001772896 324.4396669902239
282 428.0658135046275 296.7979574892943
282 401.56189744641523 268.61366667634724
282 373.90461835244463 241.7515900266087
282 347.6981079658368 223.48986760474475
282 330.08656020013996 195.66346560918822
282 303.31890060832177 168.17112867157704
282 276.62417401803475 92.32758393792116
282 202.0352752943931 46.191610028529766
282 156.84484119537623 25.244178947779442
282 137.1414129528583 13.205653793331651
282 125.37642362219802 4.374043894399382
282 117.50812941025502 0.4716477824519618
282 113.70983773807234 0.09003749832040964
282 111.2411752781369 0.3594894647614882
282 109.42158972811167 0.11750013135861337
282 107.82877514638085 0.28169779924780597
282 106.58501334182573 0.16832607943893665
282 105.37513892502199 0.21595895225372225
282 104.6324348707047 1.52501225355518
282 104.9500211181405 0.6158314528728471
282 104.45420279962055 0.5980799368876947
282 103.66111799441143 0.577354796563997
282 103.5223734980972 1.1993123972973447
282 103.4610789535291 0.5901822149738393
282 102.7661818444785 1.4318245586965568
282 102.91728622443047 0.798327421965564
282 102.48768640618869 1.647198637096421
282 102.56685810329786 1.251540529904323
282 102.57308451651755 1.0233153375417976
282 101.94236435739484 0.5252160814751635
282 101.60504781286399 1.258072234867878
282 101.83934106741935 0.2722532992236333
282 101.15172209367412 1.0866447334728884
282 101.09654953791514 1.1247016390191737
282 101.44651007891167 0.6527986639379856
282 100.45564437509962 0.8614533348678631
282 100.93690749961442 1.0632497697355903
282 100.65222230131685 0.6127915626766901
282 100.49774782942114 1.9888636150660117
282 101.10258831734802 0.6079223701407749
282 100.08951540179 1.5011930835375333
282 100.15663913439732 0.914896007812346
282 99.87708748575866 1.3862772522853515
282 100.03071345408624 0.6137747682889267
282 99.51736260396555 0.5521126546115342
282 99.0574505937968 0.36554784773735355
282 98.89978953644246 0.3490007200700394
282 98.81419371943656 0.33903337655133575
282 98.76429501678639 0.3438941862450815
282 98.73501279306214 0.343190182207374
282 98.72151845022371 0.34235184479793435
282 98.71588704807553 0.3430292351148001
282 98.71307299590418 0.34325612467585936
284 706.6387281407926 578.0040639553996
284 676.9960360241323 544.7205842843706
284 633.5988757996728 514.4276745192267
284 603.634671039259 490.0539918537694
284 579.8132594604682 464.2528907935684
284 554.7627408906844 431.5709514839972
284 522.7000757090433 400.4740448756583
284 492.5156277199827 367.93759075268275
284 460.97158707231074 336.5768770661748
284 417.28592122156334 310.3301589497165
284 377.69914427420764 282.00664108342323
284 350.21778847780604 252.41218804959553
284 321.37377764512325 220.69178683872707
284 291.17081840943115 192.277027267469
284 263.77428237687417 163.6360154837302
284 236.0102324854858 63.643242960023535
284 136.69750970211766 41.71343300660925
284 116.06811921637728 24.05769743970902
284 99.76870213028094 10.504280339759323
284 87.31803140187158 2.407024559388992
284 79.37731068011736 0.46371230652745454
284 77.57674661795905 1.0767805676388176
284 75.84974109789974 0.3064144408360189
284 74.34748328666242 0.6366612012226596
284 72.92855064243628 0.2150248604929915
284 71.68569594850196 0.9402423714248058
284 70.93962923815643 0.8491133500365441
284 71.07636735596353 0.8741266620035466
284 69.95955526387037 1.0188729164126
284 70.54470207535593 0.7647239349176969
284 69.27049554183569 1.5429505929381715
284 70.4746216543047 0.7451116281311108
284 68.87537079409195 1.2074382127571608
284 69.89307000520705 0.2971750768138769
284 68.16125372452005 0.2825632919071342
284 67.58172527976353 2.318558998441418
284 68.59201050059539 0.39371320167216606
284 66.7980407651957 1.5024672097482
284 67.19133898309633 0.2622126963335191
284 66.343506427555 1.843202628437755
284 67.26777237893438 0.4567855989068596
284 66.287568837982 1.3479305595986748
284 66.8398269728094 0.534867472885319
284 66.64122983792323 1.5663000872117627
284 66.94456665214808 0.25231041582994
284 65.93719365249974 1.8780706195308423
284 66.66418040477366 0.16640233758834286
284 65.47373850541531 0.6813443325944802
284 65.51358716906125 0.44022204110726354
284 65.25098850414822 0.32162273373731404
284 65.1327557652747 0.2789149277753658
284 65.0883156106387 0.26728087248271265
284 65.0626958630891 0.2618453275338717
284 65.05284353724636 0.25887451729171895
284 65.04698854330776 0.25918976758927265
284 65.04400688161869 0.2587501809979993
286 674.1795305090138 573.6467872965756
286 639.2999608549374 543.116531236263
286 609.4735447794717 515.4021975501544
286 582.5476462429859 481.656016866463
286 549.7915438878672 452.6751715525812
286 521.647150850831 424.75517602798436
286 494.5159965967234 397.8065543225728
286 468.3449535371593 367.96991472245685
286 439.2528299307641 338.616335451376
286 410.81136815723005 315.8490396422375
286 388.59296504204536 289.5860153142804
286 362.9484878999203 257.4001476039833
286 331.45201335555197 232.01714482346424
286 307.00761488113426 197.78343553013667
286 274.0200002386885 171.70060891735562
286 249.2443304040125 122.79313506319586
286 200.60803134452 48.90179176797987
286 127.98432159008347 30.350234300183814
286 110.00462629318565 12.242887603811603
286 92.9193875011394 3.551777865458625
286 85.42229159796568 0.3812156344156964
286 82.15922968417806 0.5047770964949121
286 80.3727748627094 0.43321730846892437
286 78.91714657259362 1.5642273917588283
286 78.38041727240736 0.502914254100613
286 77.65672972863636 1.6327418786304864
286 77.18595817696384 0.5724426210205992
286 76.64285127398915 2.2692850181473303
286 76.9957908811712 0.36542236807903783
286 75.58568882519997 2.8374805473234854
286 77.0575374523774 0.3032972393776846
286 74.9059379731497 0.43661786709968
286 74.25784621587901 1.0995734401826152
286 74.00654723326653 0.9708654185664023
286 74.35669466202232 1.1595210303000436
286 73.75434524488269 0.7388248350821481
286 73.723811944966 1.165855013495663
286 73.44433102074348 1.1716898751077167
286 73.98369079753263 0.5360578556494581
286 72.72921383054269 0.9887289159804122
286 73.12294421673778 0.8341258864927317
286 72.35320790556386 1.4588515282560257
286 73.28595768597343 1.3568475487559901
286 72.58481879044659 1.0204418418491537
286 72.84675869150604 1.2202779493232678
286 72.40210912085386 0.7658314818116628
286 72.59148927848119 0.8170346759387943
286 72.11531989612402 0.5276206169722882
286 72.06805157993351 1.3384511325567048
286 72.14515822900405 0.493673794807659
286 71.90332301374126 0.9494258835086067
286 71.95788140203656 0.42496524929686935
286 71.3685036165571 0.5333865611956479
286 70.99744659514201 0.5126075312141772
286 70.80937677826972 0.4643542653304672
286 70.7150457372914 0.4508654291495521
286 70.67159736994586 0.44348844741049975
286 70.64513278934723 0.44013959518419954
286 70.63657057698849 0.4397988475721672
286 70.63117311914759 0.4393253820759995
286 70.62827522995383 0.4393685575034117
288 679.175942588898 581.3638489863692
288 652.1871852901795 550.980432482795
288 622.4181199009366 517.2644185013909
288 589.5809825170729 488.8651939445143
288 561.922925463216 461.5973413886021
288 535.342035302362 433.34287842286216
288 507.85114687167174 403.8327286569943
288 479.088961117185 370.44568366610076
288 446.95119168316063 338.5295897886631
288 416.05291926444016 310.7406334332996
288 389.375899176362 281.0555890243238
288 361.0076812079494 254.48261578300713
288 335.68331613300893 225.86121509226675
288 308.7349101966861 192.62901062050864
288 276.69019458254957 141.0786293749665
288 225.7960395312661 88.38924281386707
288 174.78005821275565 35.89078976394979
288 124.15373714115441 18.439352538274818
288 106.60628610235753 5.445867918246041
288 95.26196011688708 1.3724332493903868
288 91.75607500848673 0.8450798507172574
288 89.21687205749643 0.3412585184987776
288 87.48936069461476 1.3369225873530217
288 85.9977231587201 0.9280989411030962
288 86.19841797494263 0.805114971858079
288 84.27738508094622 0.6474935946475581
288 83.60521407803887 0.7158316865781916
288 82.61694922806099 0.377903124589946
288 81.58497761452071 0.2278151686075444
288 80.93152534529443 0.27701596339216233
288 80.07342258331627 1.8177239023129268
288 80.57608868056882 0.4808744772986018
288 79.5699812169346 1.8099111761365538
288 79.86520337195495 0.8322243650678861
288 79.72673393843398 1.107391781289789
288 79.09802295521058 0.8625180861332643
288 79.42466656473161 0.81830664021132
288 78.558732584401 1.2569211088463221
288 79.37584687005882 0.6511014545348832
288 78.0486540436275 1.3255459548763617
288 79.01998708913256 0.5175388713368775
288 77.62951582419905 0.9301085034043768
288 77.69509614744544 2.0297146574304277
288 77.95910043832309 0.6444279673192695
288 77.19304109716822 2.05057199774775
288 77.66970042006238 0.471216627570711
288 76.76451225229712 2.6166051953049267
288 78.0679702423427 0.5418901884196291
288 76.52500515419442 0.722434710923032
288 76.27874216639093 0.4315298391320396
288 76.07376917609186 0.3951518784851945
288 75.99063806579063 0.3864115478960179
288 75.94829155289375 0.3875521223459274
288 75.92242373406992 0.3876293664029275
288 75.91135184733282 0.3873821576528552
288 75.90643885318373 0.3876123580451013
288 75.90406430357915 0.3876863303899378
290 684.3557623998241 575.5981902149476
290 651.7067560866993 542.5630154317251
290 619.4459305143725 513.0691552942545
290 590.6895919580318 478.5568623113079
290 557.0701846263336 447.32758694446596
290 526.8806446551075 415.3164539530429
290 495.693343022442 380.4344042844399
290 462.06660167476326 354.7424967399104
290 437.163852794896 320.6792405382108
290 404.3875181343742 292.46716267800514
290 377.3714092082707 261.0376645894008
290 346.87536756227314 227.55966919344007
290 314.68570767765584 193.75941342477665
290 282.4209774485376 131.72097326317316
290 222.066139609682 52.475405969926605
290 144.14272484076838 33.03207027198451
290 125.50759349583191 18.8201550648312
290 111.59236059216578 6.6625758996433335
290 100.4241406133901 1.613341531021264
290 96.22261435533609 0.4380304506689734
290 94.87129517327513 1.9757353420830497
290 94.47206776371651 0.4243270637587041
290 93.23889125988549 1.6596407306172254
290 92.54071765885504 0.38014508697638
290 90.95576995260267 0.9165247823104857
290 90.09378828758322 0.36611600293665214
290 89.17206689421239 1.596968126616562
290 88.54743007476537 0.41230921206510945
290 87.8885862894355 1.6027715916321148
290 87.61799839489606 0.9282871729087703
290 87.39228355880188 1.9342082718528633
290 87.45199378651543 0.7277994312420071
290 87.12729417604704 1.3771180166352517
290 87.06394164017918 1.2446515497294717
290 87.40292121078328 1.5104182566263324
290 86.64834054956656 1.3128415031615006
290 86.8205796349321 2.0718562552543554
290 86.35869812206772 1.2029684121809432
290 85.99759081560367 1.5418584206537633
290 85.43993251720087 1.2809641369697988
290 85.84096022979244 1.305586423702529
290 85.10094882765091 1.466631095806144
290 85.73788439039353 1.122941198045392
290 84.63598234025423 1.1332000082887714
290 85.37411590620536 0.8982979193188563
290 84.30964351601096 0.9228240954609577
290 84.84317155547502 0.8713175133044451
290 84.01797009378129 1.0120664798503893
290 84.44033618018804 0.37248096150174803
290 83.31057984565616 0.8687463988480452
290 83.56096671115344 1.318595244718448
290 83.0651048125144 1.2191756942223304
290 83.33264114626942 1.1497150200204547
290 82.45981271007136 0.29654541005106205
290 81.6991326653907 0.3666875911133516
290 81.55751945538759 0.32272662136960434
290 81.46571661697324 0.33190564911779286
290 81.42390416754 0.33101776487686085
290 81.40610521276282 0.33224917157174294
290 81.39597333813425 0.33395953552302493
290 81.39047576921571 0.3347374382908632
290 81.38747872179474 0.33479960559200017
292 690.3368437505922 587.9358950211522
292 669.609692791669 556.7317908930925
292 638.8103679485567 525.8835745955226
292 608.9097147691936 496.733693532796
292 580.6858975188879 471.04962529444623
292 555.9082886204228 438.06733581515317
292 524.0840199316953 417.10381484046263
292 503.8298986408742 382.9800412593043
292 470.89478418353366 350.6157925674436
292 439.5966350385043 323.2154621509609
292 413.1849912436379 300.61681428921406
292 391.3925213617559 268.6848419459897
292 360.62567400836735 242.2319543939233
292 335.50898881662255 209.6644589861607
292 304.6933998876035 176.20355918617656
292 272.9837173759835 64.3133703023365
292 162.6457732011885 38.102874990478774
292 137.67875352126154 20.96340833999752
292 122.47977492625876 8.660928276740785
292 111.16461411708248 1.3998742715527188
292 105.39745815250649 0.13624303423325185
292 103.58672681827935 2.1196173609999547
292 102.8826745442886 0.05559513703982232
292 101.19363962773899 0.46259257676453125
292 99.47051109273747 0.09045887678180287
292 98.19268807551713 2.233977150657586
292 98.81384141336858 0.3036588909103744
292 96.80151825813378 1.3731062316655256
292 96.29256919429956 0.6395879753326327
292 96.0395239866822 1.3399171535021137
292 95.7817902501171 0.3978195004368064
292 94.90951016554591 2.5986034992627443
292 95.85969786361824 0.3111737224097968
292 94.53728945922391 1.241177095288844
292 94.48541102295421 0.4248663743067631
292 94.38040793484016 2.0554334525718643
292 94.89223200584014 0.23458224517827952
292 93.2874407297556 1.8381151510991018
292 93.80158916182951 0.42800601843138925
292 93.29199229229734 1.0745531582249432
292 93.57219352823051 1.0419269866509668
292 94.20152053489666 0.39198480191155294
292 92.5365397451405 0.44433592477880546
292 92.42399367504868 1.897656473411456
292 92.90696975680659 0.38660522491727833
292 92.04385726058146 2.482018608393086
292 92.84116140046413 0.544722288476678
292 91.34126007445349 1.7859766283401695
292 91.95808063178205 0.2856323612222856
292 91.17495896840767 1.233971898092635
292 91.30072149338599 0.576875696122469
292 90.87870875914865 0.17930846750084733
292 90.11347902399109 0.2715353171735681
292 89.90808714471007 0.2608684858999697
292 89.81949413719113 0.28379424958650257
292 89.76155145354775 0.28672352364349885
292 89.73557659372909 0.28931406716746033
292 89.72304580714241 0.2909687125590617
292 89.7179910603475 0.29192383957768797
292 89.71466897784173 0.29243298637718446
294 698.8712298640249 574.0361816613438
294 664.3362303995664 548.1452886846428
294 639.5151212515016 515.1306611888496
294 607.4259564940521 491.09850030851555
294 583.993764552137 464.9209969158985
294 558.4030394771725 432.2276762273791
294 526.5750981747152 398.4944429966708
294 493.87871802213556 363.8369864091984
294 460.2351898409273 341.17048526820736
294 438.1409312155875 307.48539554922957
294 405.81926623906753 281.54778850148386
294 380.86338585778196 249.1058144416658
294 349.32034329202753 222.31074036204612
294 322.46946244058756 188.54943457002895
294 290.2357900215932 140.721332982301
294 243.149883854591 114.13171058680254
294 217.41113040312013 37.403087542851566
294 142.30779235844835 19.919351159017733
294 126.09307472373946 7.230421056819539
294 114.60230996357701 1.9558140764465368
294 110.09147959472237 1.002358267748646
294 109.00531768940233 2.725067539872491
294 108.70874331172337 0.7883059720442414
294 106.93645453880563 1.585717309053672
294 105.86778069196298 1.0051859105536147
294 105.71940460386936 0.8427906302252773
294 104.41429499577043 0.6306305139418215
294 103.63021879840072 1.768100501966145
294 103.49303038960545 0.3734069558470556
294 102.55045293608529 1.6862002888481453
294 103.0467115615894 0.8170826202147752
294 102.75791120558803 1.0072392187281163
294 101.92057370500318 1.0531452106648567
294 102.07750809358123 1.7649736317036973
294 101.55549016632742 0.5805865208841806
294 100.7028722071308 1.714896344541367
294 100.8052395948062 1.0553376079400485
294 100.62385856806938 1.314886059328745
294 100.23481059092771 1.3359366372719486
294 100.62339822830495 1.1770882888520648
294 99.5258126501805 1.3806262324994525
294 100.23923844440435 1.0708777531111418
294 99.0499078790585 1.6329586142260977
294 99.60212264034179 1.2269334867859212
294 98.49702149030227 1.6070424443039188
294 99.42651147961092 1.435169073224997
294 98.21558975328412 1.6584669212760332
294 98.7991893838919 1.6676485234233258
294 98.18361941764692 1.6525867967422216
294 98.40387484321333 2.1874364228869436
294 98.13955520925342 1.4959235097850625
294 97.97215985668653 1.4844078056138046
294 97.32764364864774 0.969010986819015
294 96.97469877505733 1.869012369337486
294 96.95323070740267 1.2785524545117886
294 96.53248884986894 1.8016052563116487
294 96.29397802269682 1.6356426116821543
294 96.70333314889466 1.7512156189382173
294 96.1292117368774 0.7540087397268529
294 95.38484670994406 0.761255615384349
294 95.17613430457594 0.6868402661957786
294 95.07724713208678 0.6705411388144821
294 95.02723625914405 0.6690611712022492
294 95.00589426820513 0.6702934090950763
294 94.99358441118021 0.6706418874024515
294 94.98836309208627 0.6698036720563049
294 94.98444839242627 0.669741423373181
296 703.6849769243188 577.973594970893
296 672.6827413008656 546.565006477513
296 641.9159612623391 513.3494708692576
296 609.4290105178112 485.6118839165124
296 582.2531800317117 457.63192151540676
296 555.2356997814815 428.56342496315983
296 526.6446021042068 403.6462353292336
296 502.3119656593119 369.49846282981366
296 469.21922148503336 341.07627299432284
296 441.22976467249885 313.9078691382546
296 415.2964364442119 281.85637276905817
296 384.44527204907587 252.6396995903668
296 356.4172172633563 223.83223559268026
296 328.8928595682768 200.46614935888442
296 306.81357273357645 147.54016468223222
296 254.56713519664362 123.23976490968391
296 230.87833744264714 45.871655193970966
296 154.2699790807759 25.850189957377424
296 135.69552410829783 13.752079785134763
296 125.07668000873917 5.770385750546565
296 117.36852855233171 1.27818304685232
296 113.5245408573818 0.7678870715596422
296 111.53869865364197 1.4826799045090262
296 110.19475146871413 0.9505747530746509
296 109.49607226853486 1.6017980754640606
296 108.58169802339485 0.5236425605296798
296 108.13393846562496 0.937024771540295
296 107.41971172150117 0.41749378471422255
296 106.51046597439844 1.6567648445676064
296 106.37620304918129 0.7161667674622347
296 105.48500874049874 1.9184034830807692
296 105.79394673180812 1.226256004864233
296 105.55758951088235 1.147549912086932
296 104.70185214496824 0.9575460305716467
296 103.97029970687684 1.7766218001577776
296 104.12428120149679 1.236188188653363
296 104.18281497197258 1.4095880192556163
296 103.63304853894694 1.0234226830240762
296 103.72103983955171 0.5275432225714981
296 102.99776586359104 1.4591618422084607
296 103.9479837847825 0.8047484392922291
296 102.32062842517605 1.1104961219380314
296 102.90852189021821 0.9421256060480677
296 102.01209658327672 1.1778513645046123
296 102.48387844498158 1.1595923631175429
296 101.65416287811978 0.7841140258155608
296 101.69706875288867 0.9371854468626821
296 101.12974788063572 1.450762750757662
296 101.83783877475747 0.6479264670933793
296 100.58677174094545 1.1661075212867624
296 100.95514838262964 0.840729196181041
296 100.12002380541948 0.6304768588860783
296 99.94851178711434 0.5592850402477249
296 99.72032641742243 0.5592968088381336
296 99.6243655595081 0.5539763940733876
296 99.57412918087554 0.5505869998493097
296 99.55000555953407 0.5517479412572092
296 99.53621761818842 0.5522110293113286
296 99.5298327718908 0.5538682823041875
296 99.52700003990725 0.5542757705123678
298 707.6413970795254 585.1929938914413
298 684.482743121358 558.3654597782872
298 658.0173951483082 536.4666726056244
298 636.5122986457161 507.5864550698417
298 608.1258904527435 477.83841374575695
298 578.651917674803 450.562622702988
298 551.917735396221 427.3964211887083
298 528.9745936514814 402.2015885683694
298 504.24787178334674 372.7503560870016
298 475.8416373527778 341.9163537277625
298 445.4498986963373 318.7495632567416
298 422.6972935644959 294.3951298132785
298 399.00625293467664 272.05733603454576
298 377.47318488294184 251.65540778670837
298 357.53150486021696 229.66967277432417
298 335.67630705515637 201.539842418883
298 308.1564100013182 177.75785068584906
298 284.5850746543879 131.5721856114552
298 238.7597930451083 57.562296228489885
298 165.82544222887088 39.02814436182351
298 148.26913480418983 23.20964501631275
298 133.40054597373535 13.037572859637853
298 123.86108866256134 6.072308740518142
298 117.30883157271803 1.730264412750327
298 113.17761606343649 0.8078627847232963
298 111.7343689215994 0.7278581773225443
298 110.31325104445558 0.8478348038107479
298 109.50092354938279 0.9888039836273819
298 108.4323150059015 0.45563091541516076
298 107.2414027542244 0.7750428390245974
298 106.83795519376585 0.4948945012941537
298 106.77007059377452 0.8728983334690632
298 106.31447291663008 0.34575744784539497
298 105.78131537888 0.8548069098864512
298 105.4260839717014 0.6136362143326977
298 105.06974639214768 0.8571474723186552
298 104.64867464620276 0.5633512427145188
298 103.95488709798502 0.4368321420359254
298 103.52158432940097 0.5544635241901675
298 102.97735603177715 0.48612259937408264
298 102.43647835583499 0.6088866168002848
298 102.23410300612274 0.7333268601721761
298 101.48833216539411 0.6169375493616635
298 101.04228839545556 0.6659836492502602
298 100.65304637933336 0.7141643688703387
298 100.69121997709296 0.7345489604448562
298 100.3833033154861 0.7417224555447098
298 100.23598473350174 0.7190051118356477
298 99.46660525377422 0.5807383833518006
298 99.40094542773822 0.7732794666756437
298 99.01633735991837 0.3124430509024934
298 98.16143037911827 0.7890151867120869
298 97.82090745581873 0.4837315198195503
298 97.32061217213378 0.7117667681993353
298 96.83233538375228 0.596215697061354
298 96.78981281455921 0.729822103017857
298 96.32437311491368 0.6264728571780602
298 96.18680749509107 0.8848301744113439
298 95.94161588952684 0.45230547115695774
298 95.48684345934245 0.8156608390615441
298 95.18825307228022 0.39655910982605375
298 94.88510898194751 0.6547092299327086
298 94.45878042677906 0.7061817832315597
298 94.33675358055577 0.5917166774352683
298 93.72558901617774 0.6525790387918222
298 93.07376304279964 0.9814040442066612
298 92.79367486380613 0.3935370511590321
298 92.4310971345318 1.1468677016085094
298 92.68995116253232 0.41156042394393794
298 92.15107210237298 1.1373563183987168
298 92.27495718799344 0.7229717219168136
298 91.75081253211032 0.5001626303333457
298 91.13161152403195 0.4767176806764106
298 90.6464885418818 1.00258657187954
298 90.56483125599465 0.3612680251158939
298 89.83363312580093 0.980852109578554
298 89.89714054165373 0.3547879476710806
298 89.24565343362345 1.3035864709511862
298 89.52766385872071 0.4758918341229057
298 88.98270838767704 0.9832930094702408
298 88.85712577788193 0.5680758191622247
298 88.52466829875908 0.5388686347885511
298 88.19463616791474 0.4045213438920725
298 87.73195748276304 0.7718677928242174
298 87.37580450425858 0.4630577597586386
298 87.24229722147571 0.8699718684544382
298 87.01974962485987 0.5993371216657069
298 86.48262570284773 0.7295704412349
298 86.18230991594646 0.5448860171156623
298 85.92704781143767 0.605458600513123
298 85.43690684295555 0.457424788667742
298 85.08907203022706 1.023628882588599
298 84.84738494869094 0.38597215514680344
298 84.36060832967038 0.43624476939665097
298 84.12700748289002 0.6364035447606418
298 83.90035591749873 0.30558966118862263
298 83.54732790435013 0.5756081107399701
298 83.72331663095045 0.5772881834550996
298 83.20165124444327 0.3617880028753477
298 82.97065026218047 0.6931424843650905
298 82.55566623223174 0.7261998758519038
298 82.61647003965066 0.42943208182349657
298 82.0520802842981 0.8471709443984261
298 82.14069620572481 0.7260220539345943
298 81.60410679938666 0.7611420449400296
298 81.62844791948187 0.8828575586145477
298 81.1524885619918 0.5588624260667331
298 81.18697153328726 0.5665938267620227
298 80.72600572641826 0.30373690370706974
298 80.30125718966408 0.31874347258920993
298 80.11417984888777 0.3439041809414318
298 80.0347861054287 0.3506757145187314
298 79.99241276820321 0.35610730853753675
298 79.97239789324769 0.3579116245874513
298 79.96281795086192 0.3600028860559492
298 79.9579547638961 0.3606337566776358
298 79.95534545195824 0.3610953682550874
300 687.419224976192 585.3602431299887
300 665.1083611707211 562.6716401587939
300 642.7485534614822 542.3725382506461
300 622.7986204422281 523.6297871016804
300 603.8994448282115 507.1629637506136
300 587.0615375442685 482.60541345239716
300 562.9529130575474 462.3845096409296
300 543.0920225473844 443.50759906043754
300 524.5886620775087 426.2592747219851
300 507.83998582512686 406.78020159035987
300 488.7312865846621 389.8008040774248
300 472.119422725313 374.4238431746028
300 457.07505280036787 358.8264757505666
300 441.78988136511714 341.84239380962157
300 424.8611452654788 325.72162211707223
300 408.5410700717814 310.23829346151774
300 393.72371610095314 296.26827191839845
300 379.9752015321327 278.96627444636385
300 363.3778675799058 258.3515075108767
300 343.237039438024 246.72707081211385
300 332.10176399674174 230.84934796294476
300 316.7628755514668 216.1730861553801
300 302.40645604086365 200.87591097558197
300 287.9119768861617 188.10871818372155
300 275.3802104230574 150.03969070161196
300 237.55158480502436 138.15040706289335
300 225.8571947868083 100.56900018036481
300 188.20351281839316 85.46917450861847
300 173.32192516647308 73.00502792640492
300 161.08174780120726 38.592914593396785
300 126.46767788761949 28.59283615641111
300 116.75230982873947 20.455108777118664
300 108.66425449816195 14.10591665424067
300 102.33416708304058 10.209589765213064
300 98.19499073503287 6.3897302679473915
300 94.36947268991592 3.9173581591349356
300 91.52008822068176 2.9553701377288384
300 89.93406347695773 2.4830974797875505
300 88.34458323999729 1.9301838878562267
300 86.65289751062139 1.2693210179725458
300 85.42095680338005 0.6918119780391094
300 84.24040732039352 0.46723929874106485
300 83.2734571295103 0.34849868761560765
300 82.47748289689204 0.522424710725478
300 81.90477455505687 0.4059247423148818
300 81.20666385042036 0.3424234217697421
300 80.5850451783123 0.3066338710715493
300 79.75194750229991 0.43400191127626353
300 79.18302899605176 0.26028923395054043
300 78.56442252393526 0.3228630961515819
300 77.98363688362092 0.28758553323522973
300 77.4444838346287 0.6183608012407974
300 77.04684244350969 0.3758500775462832
300 76.46744515230917 0.3714333481982571
300 75.80486825015907 0.44768713020849926
300 75.12429455247133 0.14388933898627818
300 74.60997787203057 0.4235024259413374
300 74.07011229871881 0.31216364228231863
300 73.50303821517129 0.4163104204381934
300 72.83823278848391 0.37070040145729843
300 72.33598363827507 0.31258409581513225
300 71.7603995798425 0.31414938378398294
300 71.06374462269578 0.48025364292833456
300 70.46912631040335 0.2290999910668584
300 69.90964957429902 0.25380668587605854
300 69.36052231856272 0.4572853093926603
300 68.93937100124792 0.4106868146624948
300 68.37530600937953 0.30833337624371226
300 67.775554583481 0.3893489819359769
300 67.33480654002558 0.3698818500648205
300 66.95410249531793 0.308582870051983
300 66.39993284204502 0.24102802733424455
300 65.96246808385095 0.3899879418036639
300 65.49408972690658 0.25493210230201613
300 65.08020488271525 0.36962271304848143
300 64.49166163461514 0.29205043933505137
300 64.04434116557543 0.27444364287008804
300 63.528925633158536 0.3491355666253888
300 63.14249095139351 0.4475609927752283
300 62.609219239870576 0.41347131631196754
300 61.992576364424266 0.39892557999524186
300 61.42962832633412 0.37707756563148837
300 60.990423907387374 0.38557372232198395
300 60.3608994838552 0.29049190668332636
300 59.947352732185045 0.23920964177690185
300 59.5855094614227 0.2693537616926066
300 59.27391039354108 0.29107553765757
300 58.77673351093486 0.17589182800115913
300 58.165886267780266 0.31464496784213386
300 57.54288048761003 0.22715117422659287
300 57.048819096738704 0.17943797537133127
300 56.638563903612365 0.22753315890905618
300 56.23268770059245 0.13289866112872625
300 55.8180515735831 0.3447590555617379
300 55.36988305280191 0.24894033856217412
300 54.93744894425679 0.2734561030616176
300 54.53139889772245 0.3194064656446805
300 54.216395684554016 0.31396999423310024
300 53.89482811590483 0.5553185826272066
300 53.54962668585947 0.4625141822041035
300 53.131246469682324 0.3673538115112909
300 52.71727382320321 0.2552654326921885
300 52.204166008061655 0.2839077046639412
300 51.74134609975039 0.2900067377399525
300 51.19897074428411 0.3389343050207574
300 50.788894257805225 0.4059830867576725
300 50.33732953058666 0.23933177371311898
300 49.827617664965885 0.33199697136603673
300 49.37513208057118 0.3005587642117702
300 48.91942880458063 0.3118197047745657
300 48.380819874325155 0.5946302763600568
300 48.15060194677944 0.45136297541641757
300 47.8523336835847 0.303110835754694
300 47.45194506040481 0.2931339136501528
300 47.119149589824964 0.3057139114430975
300 46.95206123741221 0.38882369277379136
300 46.59207716692911 0.3497509548817843
300 46.18863011203287 0.25399044310817015
300 45.84520977097258 0.3672049014003912
300 45.455798307824566 0.2852855552076482
300 45.14938310641551 0.2731861073865084
300 44.74161848825451 0.16649471492375714
300 44.495517889181954 0.24389471111808392
300 44.13375518083196 0.2989894179527245
300 44.08867013563639 0.2316615922896056
300 43.63251773711042 0.19190129003515152
300 43.14574897429757 0.23795090429209242
300 42.90780615739948 0.4415396708376964
300 42.525359311635896 0.14820965147635223
300 42.12764436585908 0.1812279081652856
300 41.82310399087537 0.1786686117112467
300 41.51948057365765 0.2670507707032685
300 41.22064437182255 0.14926200612403223
300 40.81193331993917 0.37530445708442983
300 40.65735487281398 0.19387818727452696
300 40.32406171410197 0.20683468897595775
300 39.97308695834987 0.2637031979182071
300 39.68762118306736 0.20829586999923305
300 39.40034015669213 0.31103002801998325
300 39.162349767614096 0.2431571021588836
300 38.86112773869102 0.41710901293581376
300 38.60992723238909 0.23171617671095515
300 38.29715844327911 0.26411581776207377
300 37.93684070691845 0.32543056537026405
300 37.674056551855294 0.2359305338591297
300 37.39868555381462 0.22325320649365474
300 37.20188272514846 0.2864179797326206
300 37.05649455454417 0.10468235526295186
300 36.63281293421638 0.22259876733121967
300 36.440311897933064 0.17923265129104893
300 36.10921635464181 0.28427922310804354
300 35.84985811543175 0.24996270581980165
300 35.5566440083117 0.40395987659037313
300 35.29515396581956 0.3012886919186919
300 35.121415281093995 0.2629754810890122
300 34.83981078674551 0.1420854077386885
300 34.532074431470335 0.2129104459511346
300 34.20596218825073 0.09569712063250203
300 33.98510618919702 0.15550180403769054
300 33.713751350941756 0.2651444506843603
300 33.39971875183241 0.1944709560838566
300 33.165662502659536 0.2773033262128231
300 32.91906800589 0.28692981566543674
300 32.83204383185969 0.2527404312029997
300 32.49278299771957 0.09160043608959742
300 32.247158103596405 0.2247023370140033
300 31.90689881052571 0.31384881631048095
300 31.92292006804136 0.2119627046196332
300 31.74607420901369 0.22243552054828675
300 31.42362124707941 0.1751727323192383
300 31.278975314678846 0.30821254880548815
300 31.07064692749564 0.1734780725577041
300 30.81466438741162 0.26951820992714925
300 30.60830227099198 0.19352788734516108
300 30.48007307667429 0.26789757065820846
300 30.404120728085285 0.12523271806130384
300 30.129967753862584 0.15595381904672667
300 29.866094047595517 0.1376308832984913
300 29.59792574599548 0.12600095193450334
300 29.280415673913307 0.21728931314290373
300 29.095861157471084 0.169275403207577
300 29.00502669381515 0.05953966764171278
300 28.675502998047207 0.31771026393569135
300 28.59029123612014 0.21913732272014327
300 28.491789987859384 0.27817573942232565
300 28.288925104471677 0.25396853355869287
300 28.05497625528137 0.25934303692248883
300 27.888767530117338 0.2608892765800424
300 27.867804626535655 0.21016563473319996
300 27.547220874344987 0.19271224592707353
300 27.31879822627089 0.24896268702851082
300 27.07529067629904 0.11409218502056111
300 26.885045127607174 0.2874470324648357
300 26.741821240531984 0.21937602027907654
300 26.563100754492833 0.1016956179886592
300 26.30101827002947 0.3349766057364816
300 26.26271630615048 0.1615673714024225
300 26.085574288417 0.23340112165580368
300 25.921551572218995 0.20599671872366002
300 25.70775993087809 0.259513927000868
300 25.61181353007525 0.2199516662619656
300 25.431144611815935 0.13093707736789198
300 25.259423763740923 0.16058548441771317
300 24.971065639145717 0.22141334534719143
300 24.86283001717927 0.15512585718100194
300 24.714875108726737 0.13060559686160847
300 24.539802473177996 0.2794278725061386
300 24.44206027273972 0.40994594328752704
300 24.525342793210733 0.11377662372182056
300 24.230097130879496 0.1740912021322176
300 24.03951736058903 0.2171652962699701
300 23.98212483282876 0.20253535691651195
300 23.735831222171303 0.2109101180117841
300 23.60822426131396 0.13260127738578617
300 23.398298778962886 0.19365055036795986
300 23.137254667518118 0.38776773461490605
300 23.112856595928708 0.20043477162466072
300 22.80310016166423 0.04013782473793135
300 22.788060561336447 0.2723131530909418
300 22.494396592281745 0.14186834806136067
300 22.281540685511 0.18682492615774407
300 22.17791602252943 0.24126584772684612
300 22.07658755055665 0.2279792856002666
300 21.91128548425304 0.23372478301329389
300 21.859624476138553 0.18930524796354514
300 21.74198490023165 0.2433634851226721
300 21.621549883219394 0.20711371667300876
300 21.36470297778312 0.1805858170159153
300 21.285311076809396 0.21806613663233937
300 21.08536772037057 0.3356992904940348
300 21.116215785016585 0.10542929903290996
300 20.859468063657474 0.3355493691625394
300 20.88434271868452 0.15065053112130994
300 20.696703456737257 0.3129736940519828
300 20.81292761381183 0.1260706678416568
300 20.468740286514798 0.2112601302005632
300 20.407882354647086 0.21508556031155446
300 20.42773430058384 0.1528282035306614
300 20.126886292224267 0.2689101389717492
300 20.134589927906934 0.20556704823487754
300 19.987457147243077 0.16370050681791606
300 19.850394895061306 0.2445463727050923
300 19.70380787429796 0.1408130802430937
300 19.549935649162453 0.14767014670972436
300 19.521628913409046 0.1286571032669887
300 19.465723440198545 0.10334397576599458
300 19.332952081899457 0.10546679026922376
300 19.158958256896973 0.2318621159605093
300 19.051109852094495 0.18938986012570524
300 18.855787064468064 0.3832869782622284
300 18.9054798732813 0.2038691150856073
300 18.60379602664131 0.08315241486399888
300 18.599248355337682 0.16536383391405934
300 18.40234985875519 0.1424721314387133
300 18.3157151508722 0.33250944979095065
300 18.37409065603182 0.4054646523479171
300 18.365035307921815 0.22204314451810422
300 18.180158071353226 0.2266292464784488
300 18.148867433633452 0.1770775225636279
300 18.009016357773135 0.10047896619782509
300 17.862026853090683 0.20407463076952786
300 17.880658215888968 0.12801418174001764
300 17.61235714831717 0.10322422982645955
300 17.52673061856263 0.07058061087475974
300 17.457733153114848 0.07568734205017383
300 17.431568148095742 0.07512620388508087
300 17.416228808088814 0.07481156306463103
300 17.409632750037716 0.07423552132151683
300 17.405877747795582 0.07430864659310486
300 17.40436561594254 0.07426886305551644
300 17.40339072399659 0.07437001968923783
302 623.9575726689687 593.3989473268153
302 610.7671944639928 582.8032974247832
302 600.2537629204647 568.3339529882759
302 585.9267249531648 556.430265112311
302 574.0364074995833 545.6469520215079
302 563.4949088526262 535.0517810381361
302 553.1062646241265 522.8452680450757
302 541.0584241128838 513.0550312047943
302 531.5579619816382 500.60281347878544
302 519.3752962093862 488.8863153414036
302 507.5492011534856 480.4537406831199
302 499.4033785102238 468.5349559361462
302 487.8067489072512 455.9523551622435
302 475.6586010192817 445.8162212674677
302 465.62044377389554 437.1591165165811
302 456.9191529524336 426.51280897970213
302 446.36595631881175 413.81390745122815
302 433.9487424234282 403.16859977815864
302 423.7995659526531 391.79775035078853
302 412.5873944785536 382.37296001472964
302 403.2701438947099 372.7715646496166
302 393.7492424888004 364.0137497999829
302 384.61290522264744 355.5765972674063
302 377.0001360279295 345.053320740063
302 366.5392072085009 337.58661098077124
302 358.9657164306482 329.3429882006538
302 350.6122589526597 321.2987355061458
302 342.3070686867907 309.88248755236646
302 331.1566292221846 302.8160546853819
302 323.8636415231253 294.41703429449854
302 315.26074273616047 285.40068798185825
302 306.5416213091995 277.9688565983407
302 299.27152924229966 269.9539703033471
302 291.8747810113609 262.0123718755174
302 284.483349834727 254.92866060211173
302 278.10332152605616 247.04060244522097
302 270.313638562489 239.32999662977574
302 262.8145296906886 231.24458474385045
302 255.02347438240005 222.90022527891028
302 246.7170764979683 214.8501825451565
302 239.142408784879 206.87360504583864
302 230.98086871029992 198.50236629327168
302 222.8086082436215 165.83007849299196
302 189.53511218878737 158.93197024970846
302 183.60603701119317 151.3154442295957
302 176.41937711235573 144.32526651192916
302 169.86009751165147 113.60775926398887
302 138.50465891115235 107.17281865511731
302 131.765277691022 101.31521781849617
302 126.00133151931959 96.13214693140826
302 120.17991488487158 91.09038065274574
302 115.13680056231587 86.30473829048692
302 109.9749222796479 81.1919680092713
302 105.03096579209424 76.79375865633193
302 100.21193509581096 72.3983053215178
302 95.41420994303789 67.89387467754726
302 90.76573330510595 39.12680695777726
302 61.55564455483375 34.89760712300361
302 56.87924283686752 31.70972391032479
302 53.46417929253185 28.55076980169835
302 50.524945447758725 25.6294494432078
302 47.66949988072825 23.49206268340938
302 44.87691742334475 21.445710365976623
302 42.10305786942226 18.517800054779848
302 39.08819282509809 16.534084812982236
302 36.51348430989041 14.3329807917004
302 34.20415468066803 12.152873785142997
302 31.807403721723606 10.458903216283925
302 29.891564980528738 8.730434810575868
302 27.821209548718347 7.6370001195401445
302 26.401676360386972 6.409654454865238
302 24.86594372820003 5.174229192528437
302 23.552159376828598 4.157892792017279
302 22.237940510737936 3.0751255302374667
302 21.162413539324326 2.301709175552971
302 20.198483237720616 2.111776525019331
302 19.54310768209857 1.5268443597428714
302 18.753792372076216 0.9712533478853999
302 18.30059999225326 0.6789402952898327
302 17.837970151356824 0.4984875918312728
302 17.484763612277497 0.1973999458315315
302 17.13214871117996 0.14338659789329472
302 16.86685237925033 0.05727937498018414
302 16.695446894641922 0.1141486258399304
302 16.514357960469095 0.12384453014465
302 16.286139030764964 0.0715163321794428
302 16.139485844524494 0.029906174805684752
302 16.0123896282781 0.185446285645678
302 15.875940022033854 0.014333097271631377
302 15.781147345404392 0.07098415489151717
302 15.58877322918103 0.04049277655085526
302 15.388391899522619 0.07116452196056242
302 15.261097563887864 0.01549074430106317
302 15.21648305225199 0.08687734877651343
302 15.158057373089457 0.036782065423014446
302 15.085227258547832 0.11668298710573077
302 14.995578725064009 0.01411530086985689
302 14.950261940801374 0.18362844507812542
302 14.912499321686203 0.011374521979308966
302 14.818552362822896 0.22650156933123755
302 14.739235792014146 0.08200479051668182
302 14.7376860100392 0.13713161945907634
302 14.614972258565535 0.04192961802254383
302 14.536674600574127 0.08052410121499784
302 14.391501594133512 0.06006317367091666
302 14.338510735279437 0.019736013953233492
302 14.226901842799217 0.12599701993560708
302 14.129959457279337 0.027081680832226375
302 14.043859837789595 0.094741406081521
302 13.956889244092874 0.033154591077837844
302 13.87196452806479 0.27542380015331747
302 13.939253823446313 0.015982439066386293
302 13.818107470902369 0.2103243437387
302 13.819082604852765 0.009260021573931904
302 13.74918618053613 0.23894899598988506
302 13.778111044530496 0.009534090263743569
302 13.706956552806696 0.16025649466360173
302 13.648265344831577 0.03487468488518745
302 13.660476132718626 0.1879890848140957
302 13.555445749602605 0.010410489145120251
302 13.532566758038955 0.08252523425539687
302 13.51348624789524 0.05795963886975047
302 13.404850576030597 0.11598660556051199
302 13.419561654496968 0.020446199728489083
302 13.30976250186654 0.12881892505471676
302 13.33599425704594 0.04179599243906396
302 13.209376293985542 0.03375934755983181
302 13.243186059435134 0.1540604832087894
302 13.214765847956427 0.018501169969208427
302 13.188687427301652 0.20430824527059582
302 13.153696274696491 0.02208662988385889
302 13.03991485642561 0.10559618547054657
302 13.031175309228091 0.003029361088369322
302 12.977013233498276 0.19091748579281892
302 13.008075750748871 0.007287390836111264
302 12.952259992804493 0.17971348423034134
302 12.920472825121978 0.007248555240988977
302 12.910832257895105 0.13483702121167296
302 12.815358553013784 0.04117643924672631
302 12.797523051571652 0.043003586069009454
302 12.75750831719061 0.0618914134871302
302 12.71255317104128 0.11335817522765904
302 12.741678737114636 0.11181843238908937
302 12.732165078838982 0.05702054192382469
302 12.61567485792027 0.12642709572035327
302 12.591751939264137 0.049380060045468084
302 12.495073166768995 0.04598993814362296
302 12.501252140545077 0.13704854247181195
302 12.492875843498382 0.06410087238968198
302 12.39008407604143 0.06863757329979804
302 12.3706230752885 0.05036363969405607
302 12.355868995052107 0.047431266164814696
302 12.348968251078473 0.04747854372372323
302 12.34595004959886 0.04752768986113341
302 12.344513661877206 0.047413082408385446
302 12.343769736550119 0.047348807118032
302 12.343343771123985 0.047349455598712786
304 619.5554931407235 603.513880705584
304 615.8395287495148 598.2909969195593
304 610.6298862856796 593.2990870382594
304 605.6519028559708 588.4405240385627
304 600.9641235729116 583.6288905644872
304 596.2438237301175 579.0994612889033
304 591.9060301772796 575.2316067812458
304 587.9467903950971 570.5888874657128
304 583.33589527526 566.5839384178329
304 579.3982293993473 562.5987424842749
304 575.7005345119995 558.4814841822716
304 571.8207763064427 554.9094597189197
304 568.3495713918845 550.5855500722046
304 564.0540660226703 546.7150313926772
304 560.375474934959 542.7273022285606
304 556.2952228465672 538.2007806511813
304 551.8611312840338 534.873498234425
304 548.4612524498283 531.4435131526229
304 545.2431859492053 528.0146113798035
304 542.0345441268404 524.1734145323051
304 538.5972625632247 520.754641480805
304 535.2118776492507 517.7819845506781
304 532.4034415620006 513.7966782282222
304 528.6451777052844 511.14014720720303
304 525.6071373141963 507.3881058592789
304 522.1479410611672 503.6418479562777
304 518.2117579916751 500.73682003470844
304 515.0933056346917 498.3262710304892
304 512.4736552765883 495.2092799666042
304 509.6626739875777 491.85712158678507
304 506.2987373165069 489.17768158077246
304 503.4518591936623 486.1571637540685
304 500.3153531409609 482.82959266256137
304 497.0979178153225 480.2902972486933
304 494.36347658081337 477.33210080638025
304 491.59251031190814 474.99521194526386
304 489.1210702757264 472.14247372810325
304 486.60251845412836 469.5353991768592
304 483.62498766375916 467.07605905094374
304 481.0861716089538 464.6123032718275
304 478.54746302234753 461.8515241791554
304 475.53612459967405 459.5005412141417
304 473.12493705058375 456.4720237779296
304 470.12731251774227 453.68959528639505
304 467.52034732230294 450.724374121354
304 464.54817027827977 448.18737331010277
304 461.81103735067603 446.1866152482341
304 459.68396515713744 443.7126921298962
304 457.13165630022854 441.3276083547424
304 454.8387984955264 438.89941597627273
304 452.5988221776553 436.3654516477267
304 450.06417353719587 433.63093317441815
304 447.3612483776942 431.27252437079824
304 445.2352550635729 429.16384328044006
304 443.03846594153043 426.92588199067626
304 440.7943103348581 424.2666556853525
304 438.1229013625611 422.3714067170592
304 436.34797199930244 420.05341478482
304 434.11940369566923 417.9069646366096
304 431.91625782799696 415.39088401969514
304 429.5493082384323 413.23651127197274
304 427.36091336700554 411.34785305620755
304 425.4358605925225 409.0513077481339
304 423.1257599065713 407.2231419732186
304 421.36301078457575 405.0643723539382
304 419.3774813750131 403.2125632160688
304 417.49574933262585 401.42665745644956
304 415.4981728426824 399.4877152247334
304 413.6785719109228 398.025399190185
304 412.123568476076 396.2744661542406
304 410.32469121669715 394.8147279830994
304 408.9304118437508 393.04198283513614
304 407.13540822629676 390.8722079777904
304 404.96812491433883 388.89193587208433
304 402.94796472221606 387.1480810586836
304 401.2786369435683 385.40776865845896
304 399.4682076853655 384.22070281334265
304 398.31594461093664 382.4037557086912
304 396.56877502125104 380.91971448077413
304 395.18911399745076 379.53909815486185
304 393.6602678574291 377.9148947755595
304 392.12121685949785 376.29788855907174
304 390.53607615099327 375.1520702302224
304 389.412378603859 373.49596435634953
304 387.7302516069645 371.6917377116125
304 386.12405531327596 370.19331913633823
304 384.6819220078128 368.79958375519493
304 383.19339515058687 342.4056005090912
304 356.80289422550305 341.3466736329836
304 355.690893351468 340.13067237354915
304 354.4680956275546 339.22912235991805
304 353.4398761886147 338.06764722201444
304 352.26946876048623 336.96684652195006
304 351.1992112518076 335.9823016286078
304 350.2496716899786 334.93312931865944
304 349.2132327478418 333.67519577931523
304 347.97917060884816 332.6156051490022
304 347.01464420836726 331.7313770833652
304 346.1814837174333 330.78001649839644
304 345.3006414308453 329.93901005480745
304 344.66834632874975 329.8464222725351
304 344.56638387653567 329.7815383167953
304 344.4823355166838 329.70571943574123
304 344.38510540820255 329.61284144716603
304 344.28908379774373 329.50570166876673
304 344.1989505690022 329.40304057333685
304 344.08964812997027 329.29842364044794
304 343.97552895360843 329.2070034444854
304 343.878787469625 329.1067441192537
304 343.778162834464 328.99478879203673
304 343.66654440672676 328.90730321921893
304 343.5698584877008 328.8267790067075
304 343.48078477871604 328.74020237495665
304 343.3738459936774 328.6434220227858
304 343.2738135871431 328.55363495803533
304 343.1770530048338 328.4507065392007
304 343.0791638795795 328.36020566103855
304 342.98207497475846 328.2681015173391
304 342.88873679733825 328.17225370689385
304 342.7954214832701 328.0796891087089
304 342.7054754254684 327.986549919454
304 342.6169137032811 327.8925851638837
304 342.5322696911531 327.802535490509
304 342.442209879337 327.72855140839386
304 342.3611937926172 327.6580878231258
304 342.2784227866846 327.5784557979856
304 342.1920015349561 327.4916523539322
304 342.10618956176745 327.39657375717684
304 342.00342899298613 327.3044196504303
304 341.92641687150154 327.2331643131884
304 341.83864332046477 327.13785178228505
304 341.7397117585968 327.04660642689896
304 341.6449695170304 326.95766527656343
304 341.5583541314709 326.8859326738959
304 341.4753486626929 326.78909842843643
304 341.3829959261996 326.68592343238583
304 341.27626861368753 326.6148579811171
304 341.19527913576536 326.51963672144143
304 341.10224564152395 326.437399880943
304 341.01177759908796 326.3533995254527
304 340.92509378945914 326.2667387444509
304 340.8351622578818 326.15507992871176
304 340.72865969812904 326.0580328971771
304 340.63507091771476 325.96012966579326
304 340.54607715004244 325.86015653246494
304 340.44534091776 325.74492196198094
304 340.34954177970235 325.6511214675854
304 340.2592982866263 325.5598859781703
304 340.1711889207984 325.47521571947266
304 340.0834736626894 325.3851653309184
304 340.00149440152865 325.27215060646927
304 339.9025218678796 325.1635167394398
304 339.8047488839591 325.05815405464
304 339.6985275452807 324.97668922297976
304 339.6113704266641 324.8893542506868
304 339.52933457908716 324.80364254345767
304 339.43947486450736 324.7175589884269
304 339.3542588309589 324.63269684143097
304 339.27911816600835 324.52936572266253
304 339.1838930200213 324.4491806575389
304 339.11252932687205 324.37595880107233
304 339.0298813635196 324.2765097250618
304 338.9320438387844 324.1939101932289
304 338.85292396915577 324.10360210395174
304 338.7706878561561 324.0235800292236
304 338.67979879663346 323.94322550692345
304 338.59199194539093 323.85838053726184
304 338.5090265746401 323.761617349969
304 338.42258791778005 323.6709625926165
304 338.33690299741676 323.5679869711462
304 338.24130891557 323.46781570635505
304 338.14599730734653 323.3819779985854
304 338.06426302492554 323.3033321814515
304 337.98435058297355 323.2178665502671
304 337.90142330052066 323.12733591628137
304 337.8200076857802 323.03125279850974
304 337.724663371546 322.9444267829043
304 337.6387062405811 322.8651510769602
304 337.5571228102862 322.77904720810886
304 337.4778759631949 322.69448203232616
304 337.39805585501114 322.5920535023989
304 337.30625911138316 322.5152696593964
304 337.227433909622 322.4216356755096
304 337.1556623920643 322.3387606677536
304 337.06512006603896 322.24987076007295
304 336.98149293494066 322.17142612100645
304 336.90631877286825 322.1123174686554
304 336.84791251870627 322.0465602967148
304 336.77691858401255 321.95171907660983
304 336.68659702931024 321.8751444301063
304 336.6008945927422 321.78768452430086
304 336.50805694932217 321.69940964078455
304 336.4290271331822 321.62165557814376
304 336.3471833577584 321.53008777697005
304 336.2588857591076 321.43505891363515
304 336.17253373742915 321.360963527937
304 336.1076548499625 321.26314836951497
304 336.0215525364634 321.19804676576166
304 335.9441240102937 321.10780431958614
304 335.8567755435433 321.03276726552224
304 335.77956572110827 321.02421077068885
304 335.7715207063807 321.0160038548561
304 335.7632318124918 321.0081579538755
304 335.7558670347371 320.99913649397286
304 335.74771487459964 320.9899466405593
304 335.7397847753575 320.9814062077043
304 335.73146189523277 320.9739534166549
304 335.72431262118045 320.9671347092684
304 335.7172163768165 320.9598420062005
304 335.70926234963224 320.9501808379697
304 335.7008669447156 320.9428045655911
304 335.69401492399436 320.9345284801018
304 335.68631051693757 320.9264251408784
304 335.6780373943853 320.91882010334484
304 335.6701880382852 320.91161863145294
304 335.66312188036176 320.9050466129355
304 335.65584882926044 320.895222266411
304 335.6467298606318 320.8873194621404
304 335.6381856668726 320.87913951323196
304 335.63013258378845 320.87138302839725
304 335.62295315999773 320.8617071675102
304 335.61340767367557 320.85313590589675
304 335.6053745272199 320.84465714485066
304 335.5964798724441 320.83677574430135
304 335.58776300621105 320.82919607702064
304 335.58077492295496 320.82178976454264
304 335.57302328121955 320.81334879754104
304 335.56504191606126 320.80684733790906
304 335.55835749229254 320.7996450300154
304 335.5520264376007 320.79013132805426
304 335.5431613236677 320.7837213691823
304 335.5363346820629 320.7760905106957
304 335.5282025335109 320.7675852367568
304 335.5197919644233 320.7614396160895
304 335.51284857340335 320.7522012043673
304 335.5041192776278 320.7439819059539
304 335.49628483195966 320.73676153460826
304 335.48867739300874 320.728327363639
304 335.4811051045517 320.7212198550103
304 335.47412250719174 320.7130954045725
304 335.4671236896959 320.70552726874155
304 335.4589417530756 320.69662681224906
304 335.4511945511869 320.68963000308986
304 335.4443690938325 320.6814973296016
304 335.43718675981796 320.67338750373324
304 335.4290549885893 320.66466694189705
304 335.42035286422237 320.65501294393346
304 335.4116147850526 320.64676475447857
304 335.4031127390823 320.63922592393897
304 335.39585610468725 320.62943703543687
304 335.3873477426466 320.6195370676022
304 335.3782357178992 320.61123205020704
304 335.36986425509315 320.60205438565015
304 335.3610804587784 320.5941121389569
304 335.35298661574126 320.5873654273396
304 335.34510774957164 320.57892326938264
304 335.33813616510974 320.57013441552806
304 335.32987896722284 320.56061850141754
304 335.32103144136465 320.5569064105555
304 335.3162827585186 320.54922673746603
304 335.30945199687636 320.53859429747183
304 335.2996777186411 320.5284759494091
304 335.29054852642224 320.5203180546015
304 335.2823092212768 320.5137467493358
304 335.2761976078706 320.5055982274481
304 335.267479695964 320.4990316083712
304 335.2610238110982 320.4909841666921
304 335.25240137043016 320.48303673736154
304 335.24450637722714 320.4769842442961
304 335.238213688203 320.46889007882294
304 335.2312223776391 320.46077357650483
304 335.2226460176653 320.4527334708471
304 335.21460382495894 320.44453629077213
304 335.2063201501778 320.4379434114312
304 335.20008239477164 320.43127615951994
304 335.1927037498372 320.42389342819337
304 335.18522361174456 320.4157724813593
304 335.17755255595364 320.40944233929025
304 335.1705872532098 320.40239877275087
304 335.1636337713413 320.395465119584
304 335.15670192738435 320.3874267685962
304 335.14835118201955 320.38191368393143
304 335.1419570385432 320.3739721557354
304 335.1334660100964 320.3643073418268
304 335.12378041294517 320.35556483938154
304 335.11501629687854 320.3493082306279
304 335.10859671289217 320.34111049878436
304 335.1003709727444 320.3336377095865
304 335.09205756438774 320.3266663980863
304 335.08508483310504 320.3176120040649
304 335.07638605574584 320.3117137905874
304 335.0690053903745 320.30466881319387
304 335.0618195109394 320.29574475731465
304 335.054158301149 320.28689136316484
304 335.04613425988697 320.27861862325346
304 335.0380432818296 320.2705731303358
304 335.0299299393842 320.2638776334985
304 335.0226001158946 320.25630993631296
304 335.01465557641865 320.2484867521433
304 335.007028216722 320.2388221093332
304 334.99881360477605 320.2379872604569
304 334.99807849869774 320.23722383551683
304 334.99732083682005 320.23614612847325
304 334.9964089631153 320.23531809001724
304 334.99568785189183 320.23457657355937
304 334.99495707212304 320.23364521186943
304 334.9941471878617 320.23279146098986
304 334.99339296808745 320.23200737881723
304 334.9926247232646 320.2311738255082
304 334.99185596358274 320.2303953708389
304 334.99101104889746 320.2296013134506
304 334.9902537863005 320.228671348793
304 334.98932652873924 320.22780330981504
304 334.9885414988361 320.22684171071467
304 334.98767189675743 320.2259292939626
304 334.98685515057275 320.2252134042406
304 334.98612000498906 320.2245772068769
304 334.9853757640836 320.2237107810339
304 334.9845126945143 320.22292093178544
304 334.9837612127568 320.22214940555176
304 334.9829668411589 320.2213500535364
304 334.98218621435535 320.22061704247756
304 334.98141386551595 320.2200012948404
304 334.98080136417366 320.2191737323657
304 334.97993821541115 320.21831954693744
304 334.9791543851033 320.2175100371617
304 334.9783743782352 320.2165478442178
304 334.97748103605215 320.21568693652137
304 334.9766758072503 320.21477529265906
304 334.9757651187406 320.21382127858783
304 334.97491131316394 320.2130731321699
304 334.9740878668998 320.2122552700876
304 334.97323753023045 320.2113704353103
304 334.972424775646 320.21052838997986
304 334.97166333868563 320.2095810128251
304 334.97070482505563 320.20887318879807
304 334.9699270033303 320.2080520809438
304 334.9691168557287 320.2071850370189
304 334.96830579097104 320.2062809654588
304 334.9675580120695 320.20546651325884
304 334.9667681466738 320.20467288564816
304 334.96590865935246 320.2037665057785
304 334.9650203924166 320.2028969147134
304 334.96418197586826 320.20218110231576
304 334.9633620294956 320.2014081221041
304 334.96258672938626 320.20070248130935
304 334.96184500015517 320.19986673917975
304 334.9610589353727 320.1992469930664
304 334.96026761287385 320.1984671991372
304 334.95947219766515 320.1977182895597
304 334.95877507119235 320.19669775782614
304 334.9578069728028 320.19577146806296
304 334.956897419104 320.19483042069504
304 334.9560336228431 320.1941191986443
304 334.95526322315624 320.19341043887243
304 334.95457172084093 320.1926423452019
304 334.9538343504768 320.1919060107632
304 334.953093734084 320.19124350098815
304 334.9524441664723 320.19031726979756
304 334.9516226213847 320.1895649730178
304 334.95086696354065 320.18880907040307
304 334.9501449059215 320.18805558663166
304 334.9494593047816 320.18723625647226
304 334.9486977881675 320.1864397968401
304 334.9480613240324 320.18551108021876
304 334.9472662505259 320.1847632284539
304 334.9465620520057 320.18406941625545
304 334.94578153425266 320.18320222176453
304 334.9450448118136 320.1824999791041
304 334.94432161167526 320.1816555453312
304 334.9435062264894 320.1808573644315
304 334.94266517832756 320.1801389383471
304 334.9419651531545 320.17915175009193
304 334.941057074477 320.1782897194478
304 334.9402944502379 320.1775215784587
304 334.9395175455519 320.1766881090345
304 334.9386655389577 320.175867945689
304 334.9378653697679 320.1749897222952
304 334.9370240681137 320.1742668292535
304 334.93625587192867 320.1734382341249
304 334.93553226690165 320.17269955007725
304 334.93469425866493 320.1717359859365
304 334.9338737963735 320.17113638940305
304 334.93318801456917 320.17024248523177
304 334.93239852366514 320.16945537118187
304 334.9316690233591 320.16866360966526
304 334.9308381475859 320.16768257165927
304 334.92989648758163 320.166821996602
304 334.92902390946176 320.1659958691033
304 334.9282905915907 320.16528639023784
304 334.9274980581066 320.1643640176229
304 334.9266727314713 320.1635533644762
304 334.92591512415373 320.16268256513064
304 334.92503027059763 320.1620291109144
304 334.9243206005007 320.16120034511243
304 334.92358712326353 320.16026484542544
304 334.9227098736882 320.15941383324554
304 334.9218980556943 320.1585995891846
304 334.9211095789388 320.15787888396716
304 334.92035084954944 320.15701442954423
304 334.9195311884729 320.1569369888829
306 972.6883126542868 956.7700305372773
306 971.7270733313601 955.7438037245225
306 970.7146124774863 954.7221053252031
306 969.718359777532 953.7349552528807
306 968.6354675314949 952.951351869491
306 967.8027769952854 952.0649612256449
306 966.8785863336053 951.2365053001082
306 966.0294714653091 950.213028570912
306 965.136117631609 949.3936895479216
306 964.1273823030585 948.3222496208055
306 963.0655642809543 947.574103912796
306 962.3602003978903 946.6544662775923
306 961.4166519809547 945.8102382334865
306 960.4631125730868 944.7916833360991
306 959.4932275055756 943.8670955183447
306 958.6513560641372 942.9681161939695
306 957.6512882217716 942.0120329332303
306 956.6593130933702 941.1877294103665
306 955.8364296374817 940.3547409060463
306 955.0851752616596 939.4352517657278
306 954.211146955503 938.5433828912526
306 953.2416149808284 937.6800992473156
306 952.3538957597425 936.5609499763373
306 951.4023936816972 935.9223634156067
306 950.8541049880531 934.9586652960662
306 950.0130597199734 933.9643865122359
306 949.0127596414012 932.9872037061882
306 948.0304904765894 932.0389978278554
306 947.1541913156925 931.2416983844885
306 946.4024844167606 930.4962389070658
306 945.5021737392542 929.6549495079853
306 944.5560792621939 928.6110778620915
306 943.6589887444666 927.7161968785608
306 942.8140564697422 926.6411311392941
306 941.7983583995915 925.8580220115831
306 941.0183379460417 924.8249518083917
306 940.0186487785426 924.0571475523107
306 939.1798287418316 923.0017965198311
306 938.1542439383276 921.9267674723275
306 937.0999223651277 921.0168852726274
306 936.2681307185994 920.0837411383977
306 935.3772545502364 918.9029343926802
306 934.3394559331532 917.9357057111059
306 933.4141442194801 916.830047068664
306 932.3168063394047 916.2704803987598
306 931.6459949967771 914.9571635672182
306 930.4448582652637 913.6859535333008
306 929.3721625418195 912.7264609491558
306 928.2905454323675 911.7209535373361
306 927.389332809827 910.5957700589928
306 926.2566790578032 909.6302344034268
306 925.3056758594097 908.4780277245042
306 924.5219744607307 907.1172481976221
306 923.2612510041673 905.8801210613931
306 921.9926794180631 904.9105626626441
306 920.9227384778122 903.5427528422147
306 919.6712001090403 877.152912363158
306 893.3724883651284 876.432257785613
306 892.8036225738122 876.020490257907
306 892.2519265822141 875.6904504348928
306 891.7868591578632 875.3805896859034
306 891.4144442407452 875.2993368887802
306 891.1652088126518 875.1513089246951
306 890.7759591286269 874.9435719701262
306 890.453088821643 874.7453753765437
306 890.0937731692765 874.4866537672442
306 889.7235860118307 874.2909061249094
306 889.3815019728135 874.008048367268
306 889.0920428912527 873.7591505342293
306 888.6122153476521 873.533790855269
306 888.2154076043619 873.2484176047842
306 887.8706632086116 873.0105857179249
306 887.4874019774951 872.6984690378524
306 887.1197610957078 872.4886494601755
306 886.8169799965594 872.150658913364
306 886.3745414741437 871.8592310570523
306 885.9748820125152 871.4733637824111
306 885.6414007127547 871.2081860445828
306 885.2372543062409 870.9686859377127
306 884.8901240020649 870.6953842807594
306 884.5418152796578 870.3500131781066
306 884.0698651078454 869.9048659044665
306 883.6864745728891 869.5503080375682
306 883.2619701813223 869.1465933662624
306 882.9452253766873 868.8059756772309
306 882.5228389043461 868.4514675419966
306 882.0091431923113 867.9979806728065
306 881.5449790881239 867.5068708043302
306 881.072954353799 867.1182013731056
306 880.6769595752305 866.6925691728663
306 880.1736305655406 866.342874477773
306 879.7848186386567 865.7733306145687
306 879.3136587756479 865.2100898262966
306 878.7900948900985 864.7590132752404
306 878.3129460351918 864.3290971985591
306 877.8512380477406 863.8789571143964
306 877.3814050530522 863.4509884441952
306 876.8952497890824 863.0056794086559
306 876.4403997963477 862.5545621724498
306 876.0724038944368 862.1269304797892
306 875.6842143181486 862.0992162340859
306 875.6391022537862 862.0478943703245
306 875.5836742248074 862.0106699996147
306 875.5182365533857 861.9717535685043
306 875.4616130143048 861.9479185576024
306 875.4232573044443 861.9106726058939
306 875.3664634179725 861.8708363416699
306 875.3174789394502 861.841316487021
306 875.2638118065345 861.801636684328
306 875.223800472418 861.7485634321788
306 875.1655947383804 861.7089507770465
306 875.1155143979948 861.6519983762337
306 875.0635468486684 861.6068891557584
306 875.014161635945 861.558362950773
306 874.9654283541728 861.5119109997047
306 874.9129753822295 861.4713245556868
306 874.8659472936546 861.4260115372982
306 874.8138238457699 861.3781020630274
306 874.7656295426227 861.3286730366344
306 874.7143459432417 861.271078615438
306 874.6637103755272 861.2281558276868
306 874.6160483044197 861.1802685265706
306 874.5620894515146 861.1276480499153
306 874.5102807073415 861.0803100962223
306 874.4644732377922 861.0277782307169
306 874.410663055649 860.9837132469077
306 874.3612608579249 860.9381926135061
306 874.3100413811699 860.8806618231914
306 874.2524205846872 860.8317696221037
306 874.2043072767278 860.79265026774
306 874.1516008315675 860.7390039696425
306 874.1009543338058 860.6890829203237
306 874.0471266243853 860.6526206073859
306 874.0027180653499 860.5942552902425
306 873.943261596242 860.5596836240265
306 873.9037449408363 860.5013609258219
306 873.8471895116735 860.444916627155
306 873.7904953656752 860.3856952611825
306 873.7323140768564 860.3325108313788
306 873.6819377843362 860.2823826391036
306 873.6332091195761 860.2352664286847
306 873.5778675915337 860.1798532278251
306 873.5232161960648 860.1275466925888
306 873.4670939453549 860.076855190352
306 873.4166889901521 860.0300226097243
306 873.3633776222355 859.9748117183385
306 873.3118650761619 859.9145596372573
306 873.2569732863608 859.8615893613407
306 873.2034333600014 859.808065631013
306 873.1583577320041 859.7487319680528
306 873.1004130862821 859.6978897571566
306 873.0532822477272 859.6485193377723
306 873.0044174633003 859.5969750596877
306 872.9561626734803 859.5549795040378
306 872.9121550064743 859.4949949849256
306 872.8569481488906 859.4440040908022
306 872.8111041036465 859.3919015837903
306 872.7578517495715 859.3470151741601
306 872.7078875162013 859.287409063818
306 872.6487320125416 859.2506288024392
306 872.6079136176054 859.1971154499956
306 872.5576101196281 859.1375265975635
306 872.5005347943145 859.0732143079385
306 872.4393664745801 859.0215891623141
306 872.3856386477873 858.9627475969334
306 872.3199465012253 858.9090763412355
306 872.2750722922823 858.8743039721433
306 872.2341508886536 858.8178699985926
306 872.1768146980281 858.7656323680906
306 872.1270337803153 858.7057672310314
306 872.0742693379809 858.6602680568984
306 872.0306103187121 858.6021076537677
306 871.9821542860898 858.5527512106733
306 871.9364019944514 858.5101496565258
306 871.8920608196073 858.4596189991194
306 871.8461885695672 858.4111038994797
306 871.7947073323279 858.3611594328871
306 871.7457457948993 858.3184744510488
306 871.697054139993 858.2717179642409
306 871.6520572744737 858.2212879048637
306 871.5963323507831 858.1664967751847
306 871.5450770980559 858.103357932984
306 871.4912878854891 858.0547187734035
306 871.4381275542253 858.008403677948
306 871.3898610500779 857.9547009782764
306 871.3401786452428 857.895086982714
306 871.282213185894 857.8462075832638
306 871.2303093344005 857.7975965195158
306 871.1851982609206 857.7391447055402
306 871.1301936454765 857.6970093565753
306 871.0900654451798 857.638402564675
306 871.0338923116981 857.5832987699509
306 870.983021202913 857.5303235124093
306 870.9293840337076 857.477931134306
306 870.8704488098283 857.4233811089791
306 870.8270740079677 857.3635575809218
306 870.776978618357 857.3218027483615
306 870.734006277976 857.2777674951687
306 870.6909439128594 857.2093957623131
306 870.6360115268999 857.1499036818801
306 870.5797267994509 857.1458896704576
306 870.5754170605458 857.1407405779498
306 870.5700608730393 857.1377929799139
306 870.5660412388537 857.1318144451128
306 870.5595634476053 857.1265273245651
306 870.5545477535206 857.1214571793548
306 870.5491252918118 857.1163267331374
306 870.543584092979 857.1117202567688
306 870.5385138076329 857.1075089088813
306 870.5339672386232 857.1010548175659
306 870.5284113468036 857.0949495041643
306 870.5227943334169 857.0900555832773
306 870.5185035543295 857.0833649018118
306 870.5126743416447 857.0781176994349
306 870.5075601036748 857.0726747241661
306 870.5025074202919 857.066595284433
306 870.4964683885921 857.0620655019677
306 870.4918622458971 857.055557762943
306 870.4860175640488 857.0500681893111
306 870.4807777087913 857.0439616604417
306 870.475278544391 857.0395151846501
306 870.4706218469222 857.0340959614937
306 870.464682886931 857.0287058491001
306 870.4595651540674 857.0234895240472
306 870.4543171003943 857.0181139110919
306 870.4493788303548 857.0132397138022
306 870.4446295347226 857.0081403963369
306 870.4397958238724 857.001859534163
306 870.4341863637313 856.9951804376323
306 870.4279329012305 856.9901252282659
306 870.4225998365057 856.9849998929012
306 870.4168426255133 856.9802239818475
306 870.4121251729888 856.9739460664282
306 870.4060024350781 856.9676127242219
306 870.399796097283 856.9634530201733
306 870.3946971377668 856.9570414972292
306 870.3887395790983 856.9526861885249
306 870.3848614626279 856.9467170633216
306 870.3793993221058 856.9412278457735
306 870.3739826117684 856.935771141041
306 870.3686057024612 856.9306162528542
306 870.3640509067556 856.9246024319408
306 870.3584353861222 856.9188714904539
306 870.3526560189449 856.9136691725496
306 870.347071354263 856.9076604013284
306 870.3410663015287 856.9024130545768
306 870.3357292612874 856.8973968885095
306 870.3306678467754 856.8920362531758
306 870.3255646600311 856.8883801006175
306 870.3212310133553 856.8839757290871
306 870.3164586055512 856.8792165185877
306 870.3114775448112 856.8742660828217
306 870.3062279785566 856.8683080927738
306 870.300755537308 856.8632317936342
306 870.2962738705983 856.85836964656
306 870.290938980801 856.8521201187134
306 870.2849256297648 856.8467628170858
306 870.2801890049958 856.8412803000308
306 870.2746249099516 856.8341991364643
306 870.2687923437724 856.8277417892357
306 870.2629733717985 856.8225478207387
306 870.2579211504467 856.817249220134
306 870.2527709886285 856.8122410054602
306 870.2479918349462 856.8068987740417
306 870.242862930536 856.8009005031822
306 870.2373344235597 856.7949058690454
306 870.23176282933 856.789696773134
306 870.2267916560251 856.7860705226256
306 870.2231982051386 856.779762955638
306 870.2171354635896 856.7741913178961
306 870.2121681363719 856.768859528777
306 870.2063168571976 856.7634607322257
306 870.2010172902808 856.759459317441
306 870.1961023990401 856.7531129878944
306 870.1903137902973 856.7483774104828
306 870.1852084885496 856.7432016146797
306 870.1801974490475 856.7380898310636
306 870.1746665218268 856.7326571114902
306 870.1694806492662 856.72735359013
306 870.1639157989403 856.7211051401669
306 870.1583198289607 856.7155296496899
306 870.1527295403715 856.7088504992312
306 870.1464053968226 856.7048336474315
306 870.1420590014917 856.69907573056
306 870.1366188080154 856.6936518102731
306 870.1317116555143 856.6883473787872
306 870.1266851631614 856.6843715307482
306 870.122096524417 856.6808647395342
306 870.118325096781 856.675328456294
306 870.1130729837926 856.6709378146999
306 870.107788417538 856.6671883001025
306 870.1043888949036 856.6615040417478
306 870.0998561374863 856.6558164841626
306 870.0948554895676 856.6500591984199
306 870.0895603707545 856.6436811288609
306 870.0838197200101 856.6385447241032
306 870.0787219990223 856.6327847724168
306 870.0735506200679 856.6264305563143
306 870.0670929510665 856.6207232422707
306 870.0615075800969 856.6146240410785
306 870.0556549859907 856.6140144989602
306 870.0550887709501 856.6135189816316
306 870.0545836007711 856.6129165996917
306 870.0540332842729 856.612405335915
306 870.0534887593731 856.6118842902401
306 870.052932044312 856.6114305162098
306 870.0524682110116 856.610800218978
306 870.0518894259294 856.6102442279632
306 870.0513120056819 856.6095847236484
306 870.0507536311628 856.6090410297311
306 870.0502661777148 856.6085095639289
306 870.0497088292022 856.6080014941152
306 870.0492169121519 856.6074175070003
306 870.0486561032344 856.6067923712548
306 870.0480367680619 856.6062454310718
306 870.0475466170002 856.6057788513951
306 870.046979554233 856.6051800733755
306 870.0464491489172 856.604575855449
306 870.0458589918226 856.6041348620762
306 870.0453988916676 856.603445336468
306 870.0448364196637 856.6027764376549
306 870.0442088290425 856.602222195915
306 870.0436965168517 856.6016755638252
306 870.0431390937016 856.6012175640885
306 870.0426440569506 856.6005616336995
306 870.0421029541222 856.6000007557216
306 870.0415356846082 856.5994431649447
306 870.0409933573403 856.5988682668888
306 870.0404501459908 856.598220480641
306 870.0398151092252 856.597672543926
306 870.0392505337677 856.5970796359527
306 870.0386923205092 856.5964690088878
306 870.0381507337999 856.5959720108908
306 870.0376445443848 856.5953962609341
306 870.0370346501942 856.5947961431457
306 870.0364492803028 856.5942911269153
306 870.0359653451038 856.5937550900975
306 870.0354127249633 856.5932055608415
306 870.0348579922257 856.5925905428307
306 870.0342854407093 856.592200292694
306 870.0338704363611 856.5916774900993
306 870.0333313634524 856.5910715340029
306 870.0327343508259 856.5904363834491
306 870.0321978185592 856.5899409033784
306 870.0317273814139 856.5892799107487
306 870.0311567767183 856.5886470723897
306 870.0306560110876 856.5881129195966
306 870.0301244223225 856.5877524196608
306 870.0297415288082 856.587331998469
306 870.0292888475801 856.5867451425852
306 870.0287530260456 856.5862167433959
306 870.0283343440007 856.5855475437425
306 870.0277541820748 856.5849224101239
306 870.0271804818259 856.58443470013
306 870.0266395465721 856.5839881815659
306 870.0261520929572 856.583514143302
306 870.0256671784615 856.5828898026411
306 870.0250899912733 856.582321761964
306 870.0245309710077 856.5816970537296
306 870.023983977661 856.581113541648
306 870.02346200018 856.5805849867826
306 870.0229694073088 856.5799923437271
306 870.0224379067661 856.5794680492779
306 870.0219117656541 856.5788762518274
306 870.0214324887265 856.5783317289626
306 870.020936467731 856.5777320485709
306 870.0203713952084 856.5771566048602
306 870.0198501850109 856.5765192084857
306 870.0192921421803 856.5759679062412
306 870.0187388936835 856.5754873259914
306 870.0182700551367 856.5749332765246
306 870.0177099178817 856.5742798371466
306 870.0170798274918 856.5737329100486
306 870.0165903208114 856.5732365470751
306 870.0161131862275 856.5726425868387
306 870.0155281663368 856.5722250858335
306 870.0150664298575 856.5717479532648
306 870.0145827486202 856.5712496803237
306 870.0140490768551 856.5707936614119
306 870.0135716430129 856.570168842949
306 870.0129773947158 856.5696400652574
306 870.0124953677532 856.5691762955516
306 870.0120245201198 856.5685059414263
306 870.0113825926165 856.5680427865885
306 870.0108889900824 856.5676364178366
306 870.0104192491752 856.5670611953703
306 870.0098223961301 856.5664772965799
306 870.0093081304439 856.5658891429873
306 870.0087567451404 856.5653075769035
306 870.0081950577087 856.5646994781785
306 870.0076049632411 856.5642408862949
306 870.0070923224781 856.5636751241414
306 870.0064893956398 856.5630244128587
306 870.0059308405197 856.562660686662
306 870.0055198930372 856.5621842756375
306 870.0050004341348 856.5616619092655
306 870.0044876303515 856.5611531406566
306 870.0040387926958 856.5606682506441
306 870.0036168131503 856.5599685613098
306 870.0030126706312 856.5594108554712
306 870.0025273928844 856.5593450997792
308 1517.895655769587 1503.6055838570728
308 1517.2012948241745 1502.6478840179225
308 1516.311513006348 1501.4930983072827
308 1515.2082043263933 1500.278680302114
308 1514.1309707458754 1499.6916403700643
308 1513.56956370156 1498.3666381926587
308 1512.3378767862032 1497.3275929706474
308 1511.416942579984 1496.136899988989
308 1510.3067954205408 1494.9563034991352
308 1509.3058994717937 1493.7764082999938
308 1508.2709406366678 1492.6904857647937
308 1507.340078076831 1491.663091099582
308 1506.2553440390434 1490.6302685951787
308 1505.1837422874407 1489.4636657141746
308 1504.2829989662805 1488.325948148401
308 1503.28907840814 1487.2887691003302
308 1502.2725571242142 1486.2332451583816
308 1501.1810166892215 1485.0492851400388
308 1500.1081001244327 1484.002812846179
308 1499.2474809767828 1482.6829254951044
308 1498.0690007624576 1481.8231021598494
308 1497.2090821532504 1480.9156132395774
308 1496.3726777654058 1479.9862659484363
308 1495.4909246103841 1478.59887645559
308 1494.1741489005178 1477.6665147533263
308 1493.2774402631485 1476.4644696349749
308 1492.1628238609958 1475.1455443119266
308 1491.0438560575121 1473.5718328191228
308 1489.736251258048 1472.476627110295
308 1488.6261384883448 1471.575340971023
308 1487.794964341578 1470.4794553317479
308 1486.8204898995275 1469.495938794123
308 1485.8359105966508 1468.298428791941
308 1484.541272808635 1466.9026204781899
308 1483.2236360722977 1465.8249850381467
308 1482.1845848013036 1464.1645089942301
308 1480.689279982003 1462.9555210139401
308 1479.5069094621717 1461.9804796014437
308 1478.6834173089765 1460.4178756646102
308 1477.3423741705528 1459.160287887109
308 1476.2556379723733 1457.6149227635815
308 1474.769030221339 1456.3387557337749
308 1473.7318078129128 1455.4299696262585
308 1472.688308528537 1454.032006816557
308 1471.5660781588656 1452.8275718057082
308 1470.354941381705 1451.1766616027687
308 1468.9557290725943 1449.704827295879
308 1467.9221098780558 1448.5714526348347
308 1466.7637030245692 1447.0892448631444
308 1465.4004484137918 1445.834306346574
308 1464.1540487434838 1444.2430827646313
308 1462.832478751081 1442.6159665338268
308 1461.4305762895483 1441.3381991205765
308 1460.175018915723 1440.0036648658033
308 1458.796781525875 1413.3545881258078
308 1432.3328835841346 1412.5299568741661
308 1431.4551100601932 1411.970188794638
308 1430.7209383774846 1411.162344295858
308 1429.8996690585334 1410.5861195992643
308 1429.3533192013615 1410.3475109660146
308 1428.9910941553492 1410.0634687795973
308 1428.5938410921347 1409.7277283165367
308 1428.210458035472 1409.3641706650733
308 1427.8114560104846 1409.141230483439
308 1427.4187827881972 1408.6966414098792
308 1426.9508015308775 1408.2720658700623
308 1426.5719703878942 1407.8044429838806
308 1425.9653293090867 1407.3949937988664
308 1425.5089602125408 1407.1613214576116
308 1425.1509464546323 1406.7175102462024
308 1424.7624835778959 1406.3566829934202
308 1424.249777663469 1405.9865635797723
308 1423.841905565437 1405.653573907733
308 1423.3323470316197 1405.2253805991272
308 1422.8772146807385 1404.958886154033
308 1422.601760450352 1404.5150240513703
308 1422.030213915833 1404.0714167310352
308 1421.5699008302922 1403.6741204183995
308 1421.1346624083424 1403.2822508315664
308 1420.7490239265285 1402.8480339496527
308 1420.2711761429289 1402.4171828833187
308 1419.8169950680099 1401.8967909340822
308 1419.298687665277 1401.5905798454298
308 1418.9788696615356 1401.0404605561366
308 1418.4296180974475 1400.5090461141021
308 1417.9391423745328 1400.047200550714
308 1417.4513756815813 1399.532203747205
308 1416.9431770610247 1399.2304114497765
308 1416.4994874879308 1398.7424555496164
308 1416.00200331946 1398.3489163578176
308 1415.5688996418037 1397.765819469761
308 1414.9947324666664 1397.3040295093901
308 1414.5372678961055 1397.0295014771095
308 1414.1285902763707 1396.4389582145782
308 1413.5488259659892 1396.0476517593636
308 1413.1924869645072 1395.373544028044
308 1412.528742158072 1394.832288861735
308 1411.9781045409673 1394.2965824334096
308 1411.5558227587107 1393.8594457035383
308 1411.1024612292304 1393.4038369429836
308 1410.758471500082 1393.3563165672224
308 1410.6795824017718 1393.3151324222365
308 1410.6165388920062 1393.25937943096
308 1410.546146684785 1393.2114117343317
308 1410.4795661797802 1393.1636897407343
308 1410.4130250161445 1393.1169864540955
308 1410.3558823914816 1393.0512978710763
308 1410.2848894032547 1393.0099476159373
308 1410.2217097653718 1392.9536765019782
308 1410.1549851369064 1392.9042397730857
308 1410.0964953538055 1392.8489418954955
308 1410.0473153331761 1392.785799388525
308 1409.9809445389612 1392.73364836085
308 1409.917345855123 1392.6693399433418
308 1409.854838537923 1392.6265816956225
308 1409.802744564255 1392.5701720427555
308 1409.7441204935978 1392.5328119979704
308 1409.6832689512573 1392.4605088543713
308 1409.6077625426428 1392.3931144858047
308 1409.5485838153 1392.3499309791669
308 1409.4938007888895 1392.2776269912358
308 1409.4234880791796 1392.2220282327653
308 1409.3615879068543 1392.164787496712
308 1409.2976584866317 1392.107868906401
308 1409.2451077464661 1392.0467493181498
308 1409.1850157899187 1391.9837047617748
308 1409.1217917227932 1391.928072042656
308 1409.0731540601023 1391.8599527920803
308 1409.0070061004149 1391.8064965110573
308 1408.951685577225 1391.7286057767842
308 1408.8871536015806 1391.6763404636795
308 1408.8278080186283 1391.6160344816271
308 1408.758263958059 1391.5787469633274
308 1408.7087732476864 1391.523289672701
308 1408.6537433132744 1391.4572336946671
308 1408.603922313992 1391.4094614082708
308 1408.5470117883867 1391.3649060193802
308 1408.4872619262574 1391.3076094348394
308 1408.4334973343541 1391.256741721992
308 1408.380790358459 1391.1851074752392
308 1408.3167149001888 1391.1279370438554
308 1408.2617222691595 1391.0573120969757
308 1408.1934229782896 1391.005895474283
308 1408.139239523668 1390.9455269293142
308 1408.0827342116283 1390.896633686164
308 1408.049363718655 1390.8525086020527
308 1407.9850975897434 1390.7904811798683
308 1407.9455271189654 1390.7472035889325
308 1407.8877155294642 1390.6812375598445
308 1407.8319178243094 1390.6248954107539
308 1407.7768562908118 1390.5774706076138
308 1407.7146324846778 1390.5345987541348
308 1407.663389172723 1390.4790755189429
308 1407.6068244417174 1390.424112706563
308 1407.5599431608416 1390.36837221113
308 1407.5061440873687 1390.3100825730157
308 1407.4428456756552 1390.2470608521066
308 1407.3794708132225 1390.184605032324
308 1407.3167995293638 1390.1330338118048
308 1407.2563163680904 1390.0695069242415
308 1407.1950669010773 1390.007168725076
308 1407.1333504376103 1389.9469695493904
308 1407.077929148701 1389.891237488728
308 1407.020804036587 1389.8362709629127
308 1406.9621887074254 1389.7770355243706
308 1406.9097957912243 1389.7309116886836
308 1406.8650901643473 1389.6676375371217
308 1406.7956122803796 1389.6057519098556
308 1406.7320182379906 1389.5392162899088
308 1406.6750477997696 1389.4679680023733
308 1406.6019863256581 1389.4228235934718
308 1406.5627987142896 1389.350504110439
308 1406.489930851384 1389.2931650546664
308 1406.4230089223795 1389.2267724852927
308 1406.3644164218001 1389.1705783880154
308 1406.3097499273883 1389.1017567851632
308 1406.245902470495 1389.0441487770033
308 1406.185956692634 1388.9835154290017
308 1406.1307078428276 1388.9355518940301
308 1406.0807723248163 1388.880250572931
308 1406.0235132346775 1388.833044552478
308 1405.9695204501643 1388.7851482866179
308 1405.9135331218351 1388.7411330764812
308 1405.8560613182556 1388.6854453812591
308 1405.806799514784 1388.6209784992293
308 1405.7582449860768 1388.5771127136868
308 1405.705958426449 1388.5296820642884
308 1405.6584345581416 1388.4788997353062
308 1405.6019277822986 1388.4365008308853
308 1405.5509828843465 1388.3674797712301
308 1405.4885500768446 1388.3102663477187
308 1405.4384555982572 1388.2601396296036
308 1405.3859065675094 1388.2085891867946
308 1405.3354942521985 1388.1609381629528
308 1405.2925775177605 1388.0845056303694
308 1405.2207629015063 1388.0137211624835
308 1405.1558351890433 1387.942119617793
308 1405.0982610009087 1387.8868337314307
308 1405.0415872545618 1387.8289179292542
308 1404.9760039742496 1387.7659204288916
308 1404.9326740116978 1387.7602096475232
308 1404.9253337956454 1387.7538167770672
308 1404.9174432265074 1387.7508873693785
308 1404.9123968017939 1387.74577821862
308 1404.905336648328 1387.7419871628963
308 1404.9000073156847 1387.7363870404565
308 1404.8936715247096 1387.731232291404
308 1404.8863692858417 1387.725058355651
308 1404.880598297835 1387.7189887655722
308 1404.8736811405968 1387.7130654614402
308 1404.8677924492188 1387.706030041664
308 1404.8619555494076 1387.7007984256782
308 1404.8568008279176 1387.6952881038444
308 1404.8507862256843 1387.6881469920093
308 1404.8442913371107 1387.6807512297419
308 1404.8371658493295 1387.676571448524
308 1404.8325382269616 1387.6713449387719
308 1404.8272063917525 1387.6663459906772
308 1404.8214420588465 1387.6611688106198
308 1404.816089803194 1387.6544550107847
308 1404.8090862592082 1387.6498350778531
308 1404.8030775530333 1387.6447614186836
308 1404.7983863941554 1387.6383565344508
308 1404.7921324264385 1387.631160785831
308 1404.7848668649594 1387.6246050080617
308 1404.7787091037487 1387.6170032201107
308 1404.7713947440761 1387.6122872307587
308 1404.7667471753482 1387.604952850459
308 1404.7598654696546 1387.5999027432406
308 1404.7542804891525 1387.5937731135014
308 1404.7494536995264 1387.5884562225494
308 1404.7431267747806 1387.5808648532102
308 1404.7359620522627 1387.5751766014735
308 1404.7301019953206 1387.5682893965627
308 1404.7231557182085 1387.5631967211925
308 1404.7178031328485 1387.5585969140673
308 1404.7139808053673 1387.5529802066708
308 1404.7080356133226 1387.5464293263665
308 1404.701459321537 1387.5402348913015
308 1404.6955361701516 1387.5340408844147
308 1404.6890199885158 1387.5298102475506
308 1404.6837823125993 1387.5226690790537
308 1404.67729253345 1387.5151622319222
308 1404.6703973252424 1387.5088172353069
308 1404.6638513372616 1387.5031974519384
308 1404.657800511734 1387.4969240872126
308 1404.6524686871567 1387.4913404278964
308 1404.6471330477032 1387.4842072685883
308 1404.640950212115 1387.4794126400047
308 1404.6352406235737 1387.4737187264288
308 1404.6312716773016 1387.4679085556845
308 1404.6249979689528 1387.4635728187297
308 1404.6190059219177 1387.457098845033
308 1404.612215182833 1387.450431932942
308 1404.6062534845032 1387.4452855173495
308 1404.6006237239496 1387.4394820197545
308 1404.5945548988439 1387.432446993154
308 1404.5877102811132 1387.426739680228
308 1404.5817143146933 1387.418964175058
308 1404.5748101618308 1387.413030364017
308 1404.569381314631 1387.4068186466152
308 1404.5624173184683 1387.4010364399833
308 1404.5558636406497 1387.3959452299837
308 1404.5510363232193 1387.3915179110807
308 1404.5455212722559 1387.3848185137194
308 1404.5392562387701 1387.3792582700787
308 1404.533495059776 1387.3727606879106
308 1404.5267738156674 1387.3669709374967
308 1404.5203684659973 1387.3599232226823
308 1404.5143840028186 1387.3555908247895
308 1404.5096182060176 1387.3495562398357
308 1404.5047250181199 1387.3441241071228
308 1404.4994061522332 1387.3383130070138
308 1404.4932369851083 1387.3320155287042
308 1404.4870814327962 1387.3249229900698
308 1404.4800671413523 1387.3178263259338
308 1404.4726651963294 1387.3113220658447
308 1404.4665707834563 1387.3051135717817
308 1404.4599853085253 1387.2987090835825
308 1404.4536833604288 1387.2912035980232
308 1404.4480710785335 1387.285971567014
308 1404.4414474747325 1387.2800356975122
308 1404.4357786906535 1387.2730180232052
308 1404.4294148905879 1387.2666808428207
308 1404.4246073770923 1387.2625011206915
