0 2.883712606760059 0.4216155367030202
0 1.051572929429685 0.5163387571778292
0 1.0874985324419637 0.8896394123480208
0 1.3426458910921693 0.44293402552119615
0 0.984022577049041 0.9445339084136544
0 1.387246047891293 0.5195821959867846
0 1.0775506765720428 1.0445796176206144
0 1.5449588214704364 0.4687581156771616
0 1.0328622060154076 0.9152074202682818
0 1.4148162884467574 0.48674185424051836
0 0.9842566680505086 1.4816979446050809
0 1.8872453751888538 0.41607954592319635
0 0.9119992425758086 0.4223195219080101
0 0.906307496615715 1.0589713143507093
0 1.4442623718784204 0.5209111106716319
0 1.0121295515984314 0.610332683703969
0 1.060762295406617 0.5219913440265804
0 1.041108941081538 0.5126091329064554
0 0.974527816024954 1.356010844545653
0 1.9315305863621686 0.4227171854899893
0 0.8821653635971909 0.6482315621249441
0 1.0275325262537842 0.5414394329054122
0 0.913926880925294 0.4476929437450441
0 0.8301419070130054 0.44321824542106286
0 0.8193112877406492 0.42964012041563254
0 0.8084810931595923 0.42453823807638064
0 0.8041284008396556 0.4242658410789317
0 0.803111229032367 0.4231890877135656
0 0.8021349079548235 0.4231368641542025
2 595.1519509035655 577.994309993013
2 578.4239121942642 556.8779671447155
2 557.3355964516139 535.7650604695663
2 536.2965353772663 522.8411237885733
2 523.4555976202981 500.7652271823737
2 501.501987444296 484.89851253194377
2 485.7534856735483 464.8947336389431
2 465.90814671913813 445.44151193532946
2 446.61821315822834 422.7598440845704
2 424.13804766936727 406.9985745611393
2 408.55904947527006 387.5250825068632
2 389.3347560110849 366.02031863804507
2 368.02959171992893 345.126917697014
2 347.27691970929476 327.53587202450694
2 329.84676837716995 306.1846728279782
2 308.9459168641132 288.01534835074307
2 290.9595125111248 273.7887728964861
2 276.8824638683986 253.8954636006552
2 257.342609794414 234.4983636636999
2 238.37932466921706 215.6886360181587
2 219.92831806487158 196.25904925410165
2 200.94158853006527 177.36525964370696
2 182.2519968004423 133.36657383162085
2 138.72520677599815 92.33365428722841
2 97.9613469691191 49.46569309930607
2 55.33076769256291 36.09177388379568
2 42.635968799871186 24.917839414750972
2 31.522961587033855 15.606082444979219
2 22.59620510242667 8.370697126786336
2 15.540181488769937 3.5407550859317665
2 11.00950978693642 1.0983905960710092
2 8.478565786272556 0.42999450078178014
2 6.953040023814472 0.9768684442640652
2 6.0114875282047935 0.46349822292693
2 4.899741022116032 0.46920281243894274
2 3.920955402569101 0.46435912773242266
2 3.3534535890083723 0.8301663362477227
2 2.9503267456623568 0.5195134755875277
2 2.578450523612317 0.6210218655912283
2 2.2344481427834486 0.5974073409130265
2 2.181171273516168 0.6016148117923306
2 1.991968952820399 0.4356472635266876
2 1.7984963261926805 0.916327889635708
2 2.013651577392893 0.5600755772782786
2 1.734050408281099 0.8200886491092817
2 1.903412513029389 0.43641896369146693
2 1.5585417928889687 1.032780547257953
2 2.020196278550873 0.507235655815665
2 1.5521641054185948 0.8797002827430016
2 1.8707282618716583 0.4490980167796369
2 1.537694787237239 0.8541785902282759
2 1.7928620327934124 0.536442143309824
2 1.4826453755285318 0.7213493523759605
2 1.5644272495031546 0.5155296605341932
2 1.4200117542442423 0.693817892230796
2 1.4951036971435878 0.8039043825267642
2 1.6470772201458739 0.6321164014903636
2 1.4190440669743682 0.7682637520464272
2 1.6037430210943815 0.6871664671756657
2 1.432152310990608 0.7850809735393665
2 1.651321540924497 0.48035097663899223
2 1.2334850750638688 0.48699336196403475
2 1.2342749144971508 0.42292810856181623
2 1.1478659027535543 0.4246263832053003
2 1.1238262391693186 0.42399512612710283
2 1.1136086999147734 0.42403230273569836
2 1.108900239022923 0.42394377753280976
2 1.1063994331630504 0.42390992688909573
2 1.105310366974511 0.4238954936582497
2 1.1047894059676993 0.4238352441825766
4 607.1482102695844 589.7899417842134
4 590.5538604552689 573.233475305841
4 574.1288266283152 552.7547201893746
4 553.8617695542832 533.5490476419302
4 534.8775436848524 513.4688896696216
4 514.9044546516092 493.465966151172
4 495.15570163957415 475.73502682561
4 477.54728596623966 462.522646440362
4 464.5668764203813 445.81628568758356
4 448.1040346334938 425.44364873598806
4 428.2246785746755 407.14078815169194
4 410.2289485067499 390.3041045041489
4 393.4435020931111 375.60180366450703
4 379.1728459081735 358.4680695511655
4 362.3129305462648 345.94223550061145
4 350.1493204682663 328.59651827937597
4 333.52713410443744 314.29553771854745
4 319.691953619822 291.8150739636194
4 297.6312945558942 274.35399924077285
4 280.28945383775135 254.8769716915089
4 261.1652908862838 239.66804326020608
4 246.36858868414555 219.0879916992072
4 225.9663182436044 200.37171414562403
4 207.88241990136282 182.07453842113532
4 190.2379397544687 137.19621786432353
4 145.71496066812318 93.11808215781383
4 102.15331280891999 50.582270487455375
4 60.2259896765749 38.034551621049474
4 48.234379384543665 25.891716631174603
4 36.78533321604672 16.50625758049059
4 27.663194417397207 10.289941020767696
4 22.034585748539094 5.365690597584896
4 16.996953664122415 2.7122421900224873
4 14.183393063134066 0.8753401684719624
4 12.125962780164604 0.5284528174626829
4 10.606542930067047 0.4705016594340254
4 9.245545588563722 0.44397154896646296
4 8.177525465784086 0.6415507771259478
4 7.25147697641652 0.42679909854873294
4 6.702902463425832 0.6249565234723219
4 6.2463756556418595 0.506540000625333
4 5.949083613005949 0.8800500569853006
4 5.9822940440748384 0.54694267820841
4 5.667500912408937 0.6788335412983325
4 5.493433386330625 0.5313236789061295
4 5.30424405295356 0.8270255939974782
4 5.198581282672617 0.6741969339646666
4 5.225070256779009 0.4880410267858911
4 4.698822729467791 0.7358037192914078
4 5.029460210414856 0.4483639822990387
4 4.605678564924143 0.5137507332935483
4 4.468704211321263 1.0433473642257427
4 4.719460245742276 0.47835365108381456
4 4.335232301111284 1.093879431648451
4 4.742346718590326 0.48515937724261204
4 4.318404960923098 0.9357503968366802
4 4.556699707982735 0.5856777370744907
4 4.463814261651554 0.8841652912436541
4 4.6295248634582835 0.6611201830134306
4 4.5867435580255655 0.6461560075696129
4 4.312865794950481 0.5335294417619203
4 4.269054151749437 0.9646899482470837
4 4.4405452845109 0.43193402802762587
4 4.002011836936235 1.1255678415687362
4 4.400122189742042 0.43630306676975794
4 3.913992434220195 0.724566992947459
4 3.977067408963677 0.6902860971137879
4 4.0638074717539325 0.42561847398147024
4 3.7175249249901277 0.424786422112285
4 3.6727988809100216 0.42294635350175164
4 3.648454026183641 0.42394643223025913
4 3.632248690225534 0.4234879506728329
4 3.6239547362998854 0.42338635595251684
4 3.6198766736706585 0.42319321901331697
4 3.6179148230911258 0.4233005851183982
4 3.616980078053027 0.4231990001743271
6 610.4250292936287 590.0841618689334
6 593.4634719291257 572.0752943104479
6 575.7727481543416 553.6596148415884
6 557.5856211341493 534.8204978718375
6 539.0973754707906 514.5370188434063
6 519.1904508835448 497.285907975884
6 502.22127102203484 475.18195749024494
6 480.4080837884581 457.5732500288043
6 463.1735296939073 439.9507521566259
6 446.1799238087646 421.10264993929775
6 427.75126251375104 404.67210654125284
6 411.53310737216674 384.3027765079521
6 391.7571239708593 366.62276699272803
6 374.437201491693 349.51208246146945
6 357.77987436265903 330.0095195142472
6 339.0613004421418 308.09904797719275
6 317.60232232459583 287.05835877220534
6 297.0929675555651 275.408390165095
6 286.1825757685052 257.8982614785907
6 268.8325191940434 241.4542137619624
6 252.78528266601592 221.0494519596473
6 233.36610207962147 203.2213141506256
6 215.777227318026 186.99745680038183
6 200.14215552481 164.91413808759515
6 178.5358647899818 101.29506065844808
6 115.3386165128526 59.72352870804052
6 74.18113215065776 41.64304254372917
6 56.822696805686675 29.513559475315287
6 45.18672047981549 18.879818815574573
6 34.943110633643045 10.455612462530418
6 27.44800847717451 5.041014559777844
6 22.29765969606966 1.888902868885758
6 18.936897837349257 0.5968745145567048
6 16.841279248885805 0.6927416209297491
6 15.261662500392339 0.4913145964683362
6 13.924213012405756 0.5054880499899919
6 12.791758491951885 0.6782342154453113
6 11.849870462644178 0.4755370477081166
6 11.235577560828814 0.758714721235607
6 10.73613160553507 0.45902898411684134
6 10.237060697612447 0.8929514368075163
6 9.997634217353744 0.5310149792687378
6 9.76424745180234 0.7416792475119796
6 9.596142804437843 0.5560724277756619
6 9.57439841154991 0.6409139345198702
6 9.329827226682482 0.5966895674918212
6 9.235980496078769 0.9884710239191232
6 9.196933344072725 0.43323637456945213
6 8.789092876402076 0.6346433468958748
6 8.641234817370997 0.7160050581999691
6 8.907230504294334 0.5185732214233539
6 8.471061099345057 0.7473596133450888
6 8.75774254420967 0.567524338952994
6 8.315316654387257 0.5894532197099667
6 8.331839439650818 0.581126997574747
6 7.986079180797842 0.5115692794003104
6 7.901415095860251 0.7387578956657681
6 7.810968854653513 0.6519615303184811
6 7.8822262794602 0.8187221050837403
6 7.732441960749204 0.6332441907851349
6 7.713351517556087 0.7236816965813585
6 7.506388578953801 0.497007852798956
6 7.382111894438608 1.0469484057140586
6 7.623727887463185 0.44241696414238363
6 7.231081481510493 0.6155908891001493
6 7.224824536169939 0.5612371353713892
6 7.242506088983492 0.7091896586256129
6 7.149737805679985 0.6212084533899005
6 7.304097809771262 0.8131583888058057
6 7.224291295721861 0.43926375301604365
6 6.8724635057111545 0.9479634799643566
6 7.116665921782041 0.480748785829721
6 6.757626007565339 0.7025297129956342
6 6.82963340503646 0.5373219201018822
6 6.714581637964538 0.645529272348492
6 6.703869095466314 0.7184492966385185
6 6.890977454404049 0.9029745377990395
6 6.855312909455121 0.43829956202258424
6 6.478819693912376 0.4280411656955196
6 6.420752167688496 0.428384811384434
6 6.391775173634914 0.4279358735877332
6 6.375268017957168 0.428876545686649
6 6.3667356811497235 0.4293881030133255
6 6.362553549687601 0.42947318030136356
6 6.360572738033127 0.42946097356166574
6 6.359648540339952 0.42944007143101287
8 613.1876024005611 586.1942046954938
8 592.3918683055306 567.4278224467932
8 573.9193195865489 549.2436037023763
8 556.0279894132442 529.1462222598641
8 536.1421431133676 507.7949601610454
8 515.0818075162646 485.7106924795751
8 493.353747653887 467.81353872030974
8 476.0029387022815 449.22762525606345
8 457.89653820346854 430.1156683569052
8 439.1409156602067 411.0853805326831
8 420.48724062801415 394.14386279434274
8 403.85619120880557 374.9369954683867
8 384.95545460396875 354.97252466806015
8 365.4222495552191 337.9263221877094
8 349.0147101173647 323.42330556998314
8 335.2850327939551 302.3129871079888
8 314.28539825292205 281.96927346825885
8 294.2415264158261 266.95948592474485
8 279.9772154833425 247.37088982405896
8 260.6131304547165 231.9070865458861
8 245.78829020260946 211.9015121550771
8 226.2360019884841 192.14189186018916
8 206.93038944238214 174.25337242133133
8 189.1814772178783 134.598643252331
8 150.02341060697756 90.01461188184791
8 105.83928707322114 46.3361332888219
8 62.62165436786849 32.267328786170594
8 49.562330006093234 22.13064091814539
8 39.888547870639016 13.677962915829903
8 32.15401120746656 8.861010092024344
8 27.68889098558189 4.134368857630982
8 23.029947666401505 1.1400873335425112
8 20.23156817985997 0.6400959169397528
8 18.57903387300804 0.48526399442796
8 17.422042880310592 0.5523449434653056
8 16.49966807003058 0.6153603457785056
8 15.584223897537125 0.4862863686619146
8 14.809464142416282 0.46666651441591217
8 14.067662687351959 0.5917405630625839
8 13.673025351830368 0.4633530951671715
8 13.37542264905206 0.8202946683314358
8 13.215739292328095 0.47842453658450385
8 12.925332134104824 0.9216181134367759
8 13.062789097602991 0.48322213256264773
8 12.86014821508506 0.9354699155512607
8 12.864563599795137 0.6417070433313976
8 12.804039007079696 0.5102140244847447
8 12.482310376493357 0.5656501298095172
8 12.513339616601662 0.6295652571134005
8 12.366553740820383 0.5891594319366966
8 12.411694164272053 0.6224413239070772
8 12.166155434274902 0.496469201305061
8 12.111077159280597 1.1242033898718307
8 12.289874386071414 0.4189868352157836
8 11.700067905346877 1.011813541915135
8 11.908625677070576 0.6574385585266443
8 11.796071098886266 0.6321793963113037
8 11.425034902944946 0.5366878535345212
8 11.455153570239222 0.7827955556070099
8 11.434844998796244 0.5780695379900019
8 11.388115014601587 0.8102489196965657
8 11.279188222341613 0.41559743847155123
8 11.049301499928742 0.582581611671967
8 10.847765500218607 0.49268402415244983
8 10.781352672844903 0.7790648193027713
8 10.750559971665007 0.3765081533436913
8 10.368263423622489 0.7900183229175769
8 10.501536107862785 0.36189651954832647
8 10.180369657390411 0.5459733335580574
8 10.050086718289228 0.7823524681693736
8 10.425166070722218 0.6425032635781016
8 10.005275855136796 0.6317628716033057
8 10.061802459618443 0.9140680759566229
8 10.077367459875715 0.38504633912982966
8 9.649207800585527 0.3573180989471624
8 9.582889963776589 0.36732476642949796
8 9.549909831652958 0.36737152522183597
8 9.533148054947114 0.3653762863797359
8 9.52465980819506 0.36483102762836184
8 9.520507332433736 0.36451724555901266
8 9.518217040247226 0.3645649934315967
8 9.517036399826772 0.36447483314781765
10 617.0629662629094 592.0787814283557
10 601.3746894897517 576.2484009766711
10 585.8152152618145 557.3321035045931
10 567.2204852864768 538.2121295061527
10 548.460958972006 516.2306191832932
10 526.8561722616577 499.54429079592353
10 510.3831171383914 480.25180313983066
10 491.4482541477051 457.7060598430727
10 469.45370618723865 442.63153524632287
10 454.6740233059959 422.3237927586121
10 435.01488549562885 403.44986978237296
10 416.60046005067176 381.94262807890846
10 395.5723874390433 362.19900385999756
10 376.20193702102466 343.9849000170492
10 358.21712630509296 324.08704405102907
10 338.79422772847636 306.5078514963648
10 321.9316486813274 288.92925035933325
10 304.585919688387 269.21128328849744
10 285.31216789410837 248.93981819893665
10 265.715451345329 234.08796937138376
10 251.20644891526956 216.0185794716063
10 234.0825005305374 200.77013346729177
10 219.82347698656585 181.80753854701416
10 201.63529139887473 164.0220840669837
10 184.257800454715 94.46842103109347
10 115.16330083533835 52.297761228991604
10 73.85515186039456 36.090737033550546
10 58.5973067322298 24.38941735731847
10 47.51940163103533 13.255208089145432
10 37.142781991109665 7.954374885830522
10 32.088049757704376 2.966193418819997
10 27.714730822732673 1.3829486283451558
10 25.46361809163921 0.492902217821389
10 23.61154292681832 0.4682887857526963
10 22.015822527741108 0.6154921677039458
10 20.72659668413424 0.3500410411676171
10 19.956253264313464 0.7517710315375332
10 19.18537583666267 0.36254199527718517
10 18.659492527258298 0.6441270528088049
10 18.131981652513723 0.3514288805794382
10 17.812897032443168 0.49176231521391206
10 17.48567496795125 0.5071977181894624
10 17.438253843844524 1.034013066340498
10 17.388601550466692 0.40972351516198763
10 17.182053996545655 0.9649395289499441
10 17.367001912881562 0.39329080569706987
10 17.043331719991464 0.8518962003031438
10 17.043146100760197 0.45299153741939663
10 16.870976987980963 0.868176186161772
10 16.866264601857466 0.4609328118971805
10 16.831541325226773 0.7044919242162879
10 16.651206963006253 0.5853197870286198
10 16.643403741185598 0.7845747275920486
10 16.39853676534385 0.4031060461125439
10 16.21517976743161 0.5623732236851474
10 16.084062320692325 0.3951449611256005
10 15.920241449218926 0.9741313762661399
10 16.037051145968597 0.37562202400590095
10 15.709341601865958 0.8484610865402353
10 15.96422015953584 0.3423684004850721
10 15.454878442108425 0.8242447373385983
10 15.750765788890927 0.34315740281306056
10 15.41777335997917 0.5248284331763868
10 15.257969395689722 0.5272553494125953
10 15.292955224043915 0.6920198164940746
10 15.060297998890258 0.75022627227138
10 15.38112718336282 0.3221189683990079
10 14.853519380107537 1.2201062813221077
10 15.246953331955464 0.3596620977509409
10 14.737955505611044 0.8522070116087732
10 14.827486731814854 0.3239302698217543
10 14.411356619808702 1.1492536137338347
10 14.789206076003408 0.3793612725796056
10 14.287794714530305 0.6234312370879681
10 14.312633461358237 0.8106052050916857
10 14.667471664095494 0.3554093572235422
10 14.072651318380217 0.3076227087033854
10 13.909768567274318 0.3206760125627045
10 13.874028974078751 0.32222984829076085
10 13.850225769871496 0.32151365426905004
10 13.839617494341269 0.32134406123069537
10 13.833678528020974 0.32144262318884037
10 13.830841043040433 0.32154712454316864
10 13.82949873568765 0.3215172898373216
12 621.6929593087616 590.513470091405
12 604.1595390089021 572.5848498049802
12 586.4708572629154 551.9356296353361
12 566.3122605604203 532.5025378971926
12 547.3460884423955 518.1958338956894
12 533.221174308436 498.01156893614086
12 513.4037312051977 480.98329871175906
12 496.92603876220215 462.3631134757212
12 478.80195601104265 443.3495804174603
12 460.4486601226583 426.8121267668113
12 444.45839048372443 404.19116831465595
12 422.4613777502359 385.94218385701095
12 404.5590669002923 368.86015016579955
12 387.80272504165885 348.09011410861234
12 367.53225151909544 329.1044023777623
12 348.92728014449597 310.4073814268138
12 330.69194741913543 294.44154146918584
12 315.41579063563233 275.44898940917494
12 297.4555590332962 263.335489856662
12 285.8440515453005 243.35960552438695
12 266.94921327875875 223.99448741923453
12 248.66399164249563 206.8436622211611
12 231.862071946738 183.21840716676974
12 209.20648988991275 166.89762306168143
12 193.81469156595642 100.1479224311448
12 127.24961238056606 55.37619534592664
12 83.64868161066997 39.47224464886605
12 68.213037644466 26.92877672451835
12 56.84605300586451 16.026914652234787
12 46.46235565884869 8.718999780153538
12 39.571284806927395 3.0420803499247624
12 34.130783387498084 1.0310523675494583
12 31.64013788017118 0.3668522769193513
12 29.831051722827553 0.43666429011361935
12 28.491625233876235 0.36516010880301064
12 27.1528676245585 0.33264741873508064
12 25.97064948936275 0.4552321564554193
12 24.93247110483335 0.304642903003486
12 24.156957069032327 0.5666616537091923
12 23.621405139487067 0.35838283533986953
12 23.479201930153344 0.9504127579912027
12 23.409979672737613 0.2947842623348085
12 22.87285096385792 0.6405599518702835
12 22.695932024448148 0.30464644025099163
12 22.40568888166053 1.0157254644638476
12 22.65749723606953 0.3106357774911309
12 22.09109859112524 0.6516507000862996
12 22.098865807609723 0.4707916235866236
12 22.150721121032678 0.5109659238375054
12 21.864241739079453 0.44694838097400813
12 21.799879059820384 0.39642520809979204
12 21.573689258695183 0.45605419078772874
12 21.604745251458876 0.6082214460475124
12 21.318730041167328 0.463153353570617
12 21.328365239866443 0.6043540852941972
12 21.040186955461074 0.49163308660209804
12 21.08449093088623 0.3539923382364955
12 20.660869543462653 0.3426547203701813
12 20.577828187009104 0.8436763518209731
12 20.693090860201444 0.45745497427914833
12 20.64461743898639 0.6012426100792326
12 20.495555411461265 0.3797165205208533
12 20.364504195966635 0.5888873020975061
12 20.31960436584439 0.29642320530469807
12 20.176944375161955 0.5508187230342121
12 20.084546127713164 0.29980525535154234
12 19.939830718110827 0.8728229416845337
12 20.125895258630802 0.26235065841986543
12 19.894044157731027 0.6748266189482938
12 19.800348491633514 0.2555414338362922
12 19.459164805371962 0.7999254959291181
12 19.625864832452095 0.31291864863334007
12 19.45633098601434 0.4711651190185314
12 19.22181052734193 0.5494008520465646
12 19.537973726127444 0.6674280477708316
12 19.30573662229846 0.2598918145148341
12 18.98570623779298 0.2530385199988804
12 18.906763220779915 0.24878240474636668
12 18.858558257932142 0.24661384130118044
12 18.840053600208613 0.24968871609601379
12 18.826823868403395 0.2500350898694373
12 18.8216211605824 0.2503544356035973
12 18.819130078567273 0.2507359262967133
12 18.81772923259539 0.2507808060722504
14 626.4696798895966 585.7389728836182
14 604.6852393317845 568.3835891167055
14 587.6159388950273 550.1879259709352
14 569.9085214531165 533.5213065725508
14 553.5409616233401 515.0587923764926
14 535.5171165480676 498.77489196308295
14 519.7046704412583 483.9919132228298
14 505.202338700529 463.5107649327019
14 485.2172623452584 442.5711095894425
14 464.824643092131 423.368549205001
14 446.0418852986822 403.9939293901184
14 427.009402027586 389.64617226538763
14 413.10881440994274 374.15640367375767
14 398.149842699992 354.85018262345847
14 379.51674094826365 335.62079781557674
14 361.1293210850082 316.22411540728206
14 342.44033126066375 296.85641121012463
14 323.6757848290265 277.13867338482464
14 304.2620017469414 258.3973149401553
14 286.4942153390711 240.91582067996112
14 269.8073191228008 223.27131605213378
14 252.9072831579191 202.15175987439383
14 232.2248910104165 187.42706240576723
14 217.75125052704985 169.1284339661214
14 200.14876117952787 128.81982181792858
14 160.45937360659914 65.48680486839767
14 97.50409569093405 51.48908094001705
14 84.59940721410067 34.95598536475929
14 69.00413900249089 20.98737630398796
14 55.87726744592352 11.819628368486807
14 47.18473818619783 6.126373107695538
14 41.28681814253492 2.446127347282125
14 37.8890621435189 0.5042556737509296
14 35.71039778750833 0.27234550622092984
14 34.2701883380779 0.4364468821585419
14 32.95316261450831 0.5033010994798718
14 31.891476835062413 0.19630192452206877
14 31.21827336352417 0.2905904855457735
14 30.792094015430322 0.3016069811133867
14 30.038322561699488 0.20159398152873192
14 29.290636500425133 0.32735170323005863
14 28.728932274746633 0.19985719954272452
14 28.559137119094196 0.41104917637057914
14 28.24302760313819 0.2405748940657043
14 28.151884358843155 0.7176621961970957
14 27.990640753587098 0.23647538555243536
14 27.777971241506624 0.4966576566883139
14 27.50243799962768 0.4202487037557232
14 27.598156390681083 0.3855179516603155
14 27.120817164771807 0.5937654238468667
14 27.428234519569397 0.38382572282062366
14 26.72457103542508 0.26559428873108964
14 26.662764347444057 0.42271404753951425
14 26.28683972758506 0.25379943073288913
14 26.079048407063837 0.6138319772723067
14 26.05100808239853 0.3203867200437218
14 26.02249167315112 0.5614654919256948
14 25.851618382496067 0.23179800783336385
14 25.55752630150928 0.9587028826083153
14 25.716730913611606 0.17959989053528785
14 25.055860682700434 0.35674271107465466
14 24.790525924097704 0.44214956195084887
14 24.986604186246545 0.3796984841632791
14 24.591654449595595 0.4001012355089498
14 24.778721012771424 0.4534824056374739
14 24.58500987119021 0.28175845758320023
14 24.42590398767365 0.5501664829998475
14 24.362004538259704 0.2049894232960105
14 24.107433399121106 0.24551806638890492
14 23.745013584954012 0.30104704614864813
14 23.671410422192817 0.33984247265667933
14 23.429078843537557 0.22922117901019612
14 23.214222199781357 0.9342380387882002
14 23.441924265885824 0.20550559841591265
14 22.83678876241334 0.4834954002193826
14 22.65517481862492 0.2874074268538481
14 22.565852508629483 0.816948570018973
14 22.753835795436405 0.20315809607812368
14 22.38496139006485 0.6364601403487071
14 22.52658033709469 0.19496719172627908
14 22.240543724135033 0.7579536778705243
14 22.271569503510456 0.21491331008414932
14 22.03753396284206 0.7045502009962397
14 22.258106933013277 0.24185661699365993
14 22.036458424980143 0.18974147993734705
14 21.80857864094826 0.1933583113288027
14 21.702654827303725 0.19544629095196872
14 21.65505333026268 0.1926914584105905
14 21.62815712338391 0.18853745741717556
14 21.61685238035674 0.1866510759654118
14 21.610506604199387 0.18612651590278811
14 21.607385486880045 0.1857340731836561
14 21.605509703808178 0.18544527191349372
16 630.6997687879737 593.8863475313161
16 615.5684541836956 579.2914151130524
16 601.2867637825418 559.2724186032383
16 581.7746845045557 541.0443222088345
16 563.9387923132576 520.3724557476663
16 543.8015447525265 503.39000250393394
16 527.1941844845758 488.9853820582247
16 513.2711590153581 471.2146627627711
16 496.02684960313843 451.0635479314917
16 476.6565637756793 430.1794392564218
16 456.3291599174197 413.3565838819919
16 440.03246456653807 393.3558909099188
16 420.5461986840849 374.0919240332397
16 402.0992684942196 357.04568903557106
16 385.37376470001595 340.86073929251666
16 370.0730373971324 322.59794057288406
16 352.08502622162746 307.4141711850808
16 337.3648058880931 288.656529354967
16 319.0725747500324 272.19684814862256
16 303.08359018429036 253.32329832613797
16 284.7583510990105 233.09694708893548
16 265.29174172786026 214.63438590072272
16 246.89881431860084 197.6591682235429
16 230.87985000208428 176.5420053386224
16 210.51036273991127 130.58049092076158
16 165.56767003697348 60.64445267518728
16 96.61504401412546 46.365367731344676
16 82.90786744684758 35.16198705591896
16 72.00299687865977 21.364327695135845
16 58.82406432381083 12.906823244333971
16 51.21231889972996 6.6324812749375806
16 45.0502762488453 2.3031845680569365
16 40.83794669585146 0.4562685786381806
16 38.65731433074533 0.2455255502674144
16 37.51412456291863 0.6181762696039451
16 36.52951058184583 0.1694827490955212
16 35.42203788422318 0.6683513607169509
16 34.50651404965683 0.21275620267239603
16 34.076997319126946 0.2454455748399801
16 33.138238982309026 0.22852611856001326
16 32.378910115970704 0.3263897261723757
16 31.80643464013833 0.33647383572384826
16 31.779701036076624 0.17568109512478233
16 31.063329869763972 0.26444101679457627
16 30.706250190212934 0.30310476446093504
16 30.80178971414444 0.6010604731502658
16 30.625156435649405 0.36603802273431596
16 30.71441935396786 0.48847858464668836
16 30.345926598097748 0.2669261604583676
16 30.310993185487288 0.3821881884856733
16 29.907634870415716 0.15978614773353098
16 29.78218980914902 0.6950771892481652
16 29.904865407359445 0.13607009475787268
16 29.624515990331187 0.6311818572773893
16 29.585238921127186 0.39597120571994615
16 29.61313974368505 0.210915407220008
16 29.167058487708573 0.12049130222685202
16 28.758738515714278 0.37259667698736537
16 28.625649803065574 0.30738076653175306
16 28.67643656559242 0.2833158540556636
16 28.310355373353143 0.3977048420057064
16 28.600687059485633 0.2521464995252136
16 28.016714458981188 0.16479798867451784
16 27.84526599010042 1.0289889567074204
16 28.194015944321496 0.175781471075647
16 27.72989125279078 0.6090398342584156
16 27.755266099427356 0.2652489880242098
16 27.666375033391937 0.7368010808084486
16 27.665951125981532 0.31726807741174223
16 27.659051820877266 0.1898590153256435
16 27.062487656562 0.12787820898165778
16 26.74911211960661 0.819854721816772
16 27.03287303963423 0.1954719256319437
16 26.798054141712047 0.6055870771302241
16 26.81577759464948 0.17651987999317847
16 26.61131323411479 0.15920517458120373
16 26.30829378459532 0.11420403810019081
16 26.217322307373294 0.12632977326851175
16 26.1727854470036 0.1336134674871762
16 26.146125628354067 0.13005874545364626
16 26.135636327855675 0.12912290081705072
16 26.129062359448383 0.12928797385963242
16 26.125659037353106 0.1293568367464434
16 26.123869242406585 0.12927001409916733
18 634.9768846677666 587.5115990968704
18 613.9309202199132 567.40895236838
18 594.1373581876348 552.1042961037681
18 579.0928933132794 535.8718513152594
18 563.245532647156 521.0002009880177
18 548.6719891274132 499.68726425200896
18 528.0731139821839 477.9539399888622
18 506.8570790080104 455.0911214657627
18 484.6015313299835 436.2556967420827
18 466.4663313385467 416.6457514930744
18 447.37523955778585 400.5648658173744
18 431.5264988165032 382.5255267068428
18 414.1041665261919 361.50183900210743
18 394.028322475282 339.51151677886315
18 372.60833117162895 322.22020790971806
18 355.45438359474883 301.8744923538574
18 335.9004822140881 282.7266310707155
18 317.5019962428262 262.96926582763945
18 298.28913330412416 247.17685074237437
18 282.70379409304024 227.83777047219678
18 264.1175574987371 209.18037609060082
18 246.02290709225747 190.00823366925437
18 227.95929739809426 167.96632683769855
18 206.81619591030153 122.55235185024196
18 162.23216335155064 55.97098489876638
18 96.39996283893487 40.55465517839498
18 81.69585623070438 26.16096129354868
18 67.91413788700405 16.27520951215608
18 58.5832214168402 7.556908564742818
18 50.3606588928165 2.6023314980926875
18 46.2106500015929 0.5475118739410254
18 43.87990354089121 0.13265700058456906
18 42.889670136192976 0.31077512091455306
18 41.74956320810773 0.2019858522664239
18 40.59702162076603 0.14903802714705108
18 39.56293492255003 0.22109879991103545
18 38.65826196693552 0.11546918880220026
18 38.169108898394235 0.6833149079177346
18 37.752541472853245 0.11174961470166513
18 37.21528978833011 0.12827185631531968
18 36.64280796668127 0.43200762238077595
18 36.24712084796641 0.38646407004441435
18 36.37585603664118 0.3619040223958625
18 35.88645929168613 0.38187970644907776
18 36.15680139494806 0.30008538854044514
18 35.72044868363278 0.1179236029033023
18 35.413652984380874 0.42826479659982036
18 35.171546063709066 0.15339834135527727
18 34.88088694494172 1.021596663244343
18 35.096014827346735 0.11316571872486134
18 34.36388543574368 1.2364146841064574
18 34.765185184229324 0.12134380586820316
18 34.12781274719995 0.44806627638927
18 33.91977999138555 0.16601199398606917
18 33.72742868521035 0.40883604273563035
18 33.671649362209365 0.1639381872425113
18 33.51223688571199 0.5713866588921004
18 33.38208887608821 0.11071465740900807
18 33.10357293639835 1.090834498862677
18 33.50526137316961 0.11029623306319397
18 32.87308168626799 0.6964018030632246
18 32.86824783250087 0.10872094943711129
18 32.45456444203613 0.7348354680775049
18 32.471456688937195 0.1849813061513822
18 32.2862832595052 0.7442457192420437
18 32.35417986527057 0.25060230173117465
18 32.19082167250225 0.5467419989738413
18 32.01971590350969 0.242826234571762
18 31.998640752055138 0.2769597155351655
18 31.837604868307082 0.3615764707307275
18 31.945726993785623 0.6115992650123216
18 31.76048816090939 0.2523421570287012
18 31.604748285750148 0.5154533663741259
18 31.328842058836045 0.3141934899667282
18 31.34761281175931 0.5280179042827429
18 31.072771944582925 0.18236197730807127
18 30.93936806678814 0.46627833011203057
18 30.936794766392275 0.15877491549697056
18 30.65454608377324 0.9962287114416638
18 30.937596721575044 0.10518085606342815
18 30.36563876042602 0.24494129646874718
18 30.183641869121388 0.14665116866075117
18 30.062466598084995 0.12421946156478465
18 30.007419135681616 0.12363688758879272
18 29.98572233964336 0.12477897604770362
18 29.9728238210724 0.12485522408940931
18 29.966425623652878 0.1243797971209489
18 29.96338365579779 0.12425104430176998
18 29.962166917975644 0.124390258475795
20 638.6830883537637 593.913351461739
20 624.0926333048023 575.6890837068806
20 606.179018231055 552.6280678853701
20 583.5350725323588 530.5809505515135
20 561.9680582628049 513.0567200934988
20 544.9338347284656 495.0310120477863
20 527.1983088147125 477.3607698287852
20 509.8963624536709 455.7786201665315
20 488.8325799108802 433.66073706203827
20 467.3612592373298 415.70223651418155
20 449.9318793283317 399.25323820520384
20 433.9511465377622 378.9735235775438
20 414.36045259087473 360.7840548392294
20 396.7903862277467 343.9073573817475
20 380.4397150128063 320.1966027510506
20 357.62923550922994 307.4383440909867
20 345.190648378422 289.0911089478632
20 327.5451194493789 269.7294806999118
20 309.1018368229318 254.59140042898287
20 294.3082207863002 233.4495474663578
20 274.3572343763961 214.64890163558124
20 256.04413575374497 198.73483244109204
20 240.6865637951108 178.47856682127184
20 220.85445077881639 159.71340711572913
20 202.99036366736564 69.57999757582604
20 113.67424342966164 55.362972382339635
20 100.24837352001708 37.7521303746807
20 83.45941975549222 25.73199564089544
20 72.37769247637644 15.112094789057728
20 62.355134812985035 8.205960765487955
20 56.326837283985654 3.4969732570835825
20 52.13463767130255 0.6871041743120843
20 49.6925722477138 0.18553719299091354
20 48.028717976310496 0.2969852537806295
20 46.98402009342746 0.22293759365036753
20 45.80088356505407 0.14829163771338855
20 44.63081140351401 0.22143422696265325
20 43.656070905114966 0.08013581580706845
20 42.96098134761421 0.3501799659818627
20 42.311073118793004 0.07028534428054518
20 41.74513837586967 0.48924283462279117
20 41.46268805614364 0.26807975992531674
20 41.443622269901276 0.640496409220749
20 41.095966278032115 0.07215644981137243
20 40.65094599884112 0.38012208460365265
20 40.39420025976758 0.2309291613317713
20 40.40370680980175 0.20334322737629296
20 39.83812563499162 0.3308052793844774
20 40.008577051098065 0.3685957956925856
20 39.53726383172398 0.19210470964139498
20 39.462943426448675 0.27244207486071603
20 39.001874727876604 0.1781435818525254
20 38.888301387988456 0.7583887200404196
20 38.99271878382202 0.1225016758882951
20 38.83632771961673 0.7211190505832159
20 38.813038889075095 0.13483799570408636
20 38.489963711805956 0.3024031103799991
20 38.272370775142576 0.08724766175065787
20 38.04969435162015 0.7951358128197372
20 38.144127315008234 0.08254648538807315
20 37.69434041318907 0.8625151107783162
20 37.769275770622464 0.11780056143674102
20 37.45466427272231 0.7136724981451867
20 37.58179862151269 0.15068868983804523
20 37.28814463556477 0.15738663972521472
20 36.842867039028654 0.039233284898891545
20 36.48489808452929 0.8144284563951336
20 36.68920592693806 0.03648170199184332
20 36.186030365490154 0.18726731845670722
20 35.952892773980665 0.1248747018390531
20 36.01648139465253 0.8582915942471983
20 36.14428545356407 0.031130621400883567
20 35.54205886487951 0.4392726290184935
20 35.454655856965495 0.13819639575270698
20 35.38342502571219 0.1138842363284088
20 35.04324627161748 0.0788361701288091
20 34.933750264439304 0.7325949427208553
20 35.15656498740406 0.1454729816708977
20 34.88121903792952 0.10718325452151933
20 34.585434816189945 0.06810132342703126
20 34.478352658607925 0.08140107891910955
20 34.42356192018256 0.07684374828333669
20 34.39204758113058 0.08181943375818526
20 34.38016303949661 0.08111249507438711
20 34.373320640968096 0.08036596990226291
20 34.3700047107113 0.08025777201685322
20 34.36843526712891 0.0802836343239566
22 643.8788015086042 592.0815080342501
22 626.8599784577 571.3820747036347
22 606.6642861398186 547.8846302067341
22 583.807015685519 523.8344170271537
22 560.2742825939141 504.65796041668125
22 541.4852951811737 486.0018552813838
22 523.4645719884392 469.4795277596508
22 507.39052989737394 455.44892635320576
22 494.06386310282005 437.0584284573376
22 476.3323243096566 417.76222310811795
22 457.56811007562476 398.0954747991472
22 438.25940103833113 377.0891630258943
22 418.10315343831786 356.53341058005105
22 398.12071762998283 336.2826215307946
22 378.6431412651509 320.3328926886928
22 363.0140392888399 302.92306186863624
22 346.4632042546826 280.1301024277825
22 324.2556299908098 263.83817106721887
22 308.2167231795411 247.18228561180666
22 292.2371032052316 225.91609283506787
22 271.96805222518896 206.5587584997819
22 253.3869588531191 187.2504130131225
22 235.10594374008838 171.9177437860453
22 220.5998040596328 156.07542645744488
22 205.21735170050187 60.49515911726341
22 110.51805162995616 44.764095072397424
22 95.48623583441085 32.40459974773753
22 83.61044993079585 22.710309710336524
22 74.39526439904563 14.250387959447053
22 66.10496290370129 8.311334652436475
22 60.796620939644114 3.5374542152139936
22 56.00547970331432 0.5061101885731865
22 53.11034309092198 0.10383496212581066
22 52.005849079680964 0.06436301727199006
22 50.97612083036849 0.820657690426605
22 50.195844860189894 0.08694062139273694
22 49.58623399925379 0.22155230361207948
22 48.76335314107099 0.053300290680969135
22 47.84847069302169 0.15199856916165147
22 47.15216886601324 0.0305096318086922
22 46.73533223964524 0.11516483163455046
22 46.349151486177625 0.024263076018882113
22 45.92079690401604 0.8707404178697253
22 46.07143409023453 0.017077357646230827
22 45.2776466100691 0.4798262986394839
22 45.2538702920841 0.033864137227763026
22 44.90991565403628 0.6792877997816881
22 45.04044281116675 0.03621077070394008
22 44.578779891307285 0.2322535028696025
22 44.1870536627443 0.2232592134577238
22 44.33842130570626 0.24627030201839661
22 43.90416189673364 0.3134659589955651
22 44.02793726608333 0.25357024683794926
22 43.421425702813664 0.08946066121522067
22 43.31816167026675 0.33337540050472597
22 43.09344577088954 0.056613685022925686
22 43.05467339030918 0.6493435813915971
22 43.11718233996974 0.012893987975420563
22 42.67966101069512 0.9396300771035138
22 42.88372311281882 0.008961194587002765
22 42.204276765991736 0.5496283771181091
22 42.12702425246231 0.051454618784078685
22 41.844419961658176 0.6140098613946648
22 41.7549619055493 0.01590850454480532
22 41.32645839184099 0.3758112942206733
22 41.28535079297444 0.22472771782589915
22 41.369667442824266 0.2838953834314126
22 40.85637024500847 0.29344971408247983
22 41.08218510498586 0.1795806078633798
22 40.6039221200279 0.07898167754499227
22 40.402403217562835 0.18409364539932216
22 40.005068749012075 0.05854721110662882
22 39.78894553982635 0.38221238058757845
22 39.70277075837754 0.12133903389785416
22 39.556120980800095 0.21017079167745234
22 39.346645260940306 0.04155426620662436
22 39.19390670765013 0.22698392837802978
22 39.06238628317908 0.31668703854164104
22 39.25984833322905 0.46038760824285496
22 38.83714692447754 0.17239434125667072
22 38.818465593758276 0.8024486330280908
22 38.90384029339123 0.05743778520696121
22 38.506017775366104 0.043943109137087974
22 38.20890936150575 0.048649083276303934
22 38.07988398018931 0.035340157731182126
22 38.027120918697584 0.03597694712739342
22 37.9959685001105 0.03455082833948536
22 37.98003473318229 0.03462474527985503
22 37.972775692548595 0.03502009174132796
22 37.96932269794403 0.034896351880269766
22 37.96769659028231 0.034794137175892775
24 646.8115725438339 592.0831437180275
24 630.3129208424066 570.4979988550218
24 609.178613394876 549.3808500712349
24 588.4634560215021 530.7387886701465
24 570.3477232905054 509.5684777857956
24 549.5880125279523 491.9088051975873
24 532.5293373826597 472.7248406106921
24 513.8006471880376 451.0428580821801
24 492.54753191099246 432.7894926107656
24 474.7870868633643 411.55093508679965
24 454.08432984401264 392.6939664923168
24 435.6798823321768 373.0356515760014
24 416.52586986197844 359.69752440366597
24 403.4484513426776 337.7594303730702
24 382.2918855843567 314.8398940606545
24 360.08995460472255 297.14036644149735
24 343.2460976978162 279.9264820753122
24 326.68789451045217 261.88100417842804
24 308.8406460410616 241.8877085623472
24 289.3753425403475 221.91213311601564
24 270.038243199098 206.47995442854005
24 255.34601797301775 183.63709707308607
24 233.42819271153573 165.89188696057187
24 216.8691042493325 70.62928467854283
24 122.18883637084133 56.07611397855291
24 108.42565418350065 42.24669885073767
24 95.49857888712664 30.810928955327938
24 84.42825312179392 17.5406274457793
24 72.02823767558726 10.552206913238898
24 65.51812478165192 4.904456192251301
24 60.48791146590151 1.3802728899502053
24 57.14365561705511 0.08249911520879435
24 55.635284398719584 0.4907324536905937
24 54.60887180106542 0.013767114750521548
24 53.40649622484676 0.6218891787436961
24 52.64780838335076 0.016525622591252735
24 52.11121676959883 0.6009910842266291
24 51.42063289504542 0.09966848140569944
24 51.20658475536105 0.09604832910184977
24 50.33425328887719 0.012505470325215979
24 49.73677788939801 0.6933909237205699
24 49.63836647677743 0.09230605125502275
24 49.3027418349025 0.26502025837496546
24 48.857441912592876 0.06177307070989956
24 48.57500617022373 0.39721374558626643
24 48.39475680320133 0.15685448268446817
24 48.48172286894788 0.8106751513969125
24 48.41834173296503 0.1679495364493623
24 48.3472256060873 0.49619324748974314
24 47.95978464405333 0.2045993371441829
24 47.96875895152146 0.7760696406890979
24 47.86480397468567 0.07115590090114303
24 47.55766189499071 0.570497541215734
24 47.41536592741605 0.2896333313666769
24 47.49672322400063 0.1939532412822328
24 46.87286528409743 0.34974817570455674
24 47.2743085047802 0.024770419400864344
24 46.59367818843357 0.11651496534223027
24 46.20365147464911 0.2104304250998891
24 46.2066752135522 0.26711173516929987
24 45.79366902059402 0.11530146534293191
24 45.74124648396779 0.6568098974421712
24 45.6652857016515 0.1638525159353211
24 45.65105540266092 0.6707488144525958
24 45.49355824850724 0.06483418887904425
24 45.36986036668766 0.5408167017731568
24 45.23879677799049 0.2624684239652894
24 45.40491260754841 0.18051845078477957
24 44.80037563774606 0.19678311289675127
24 44.81402470468268 0.5449157115719674
24 44.738655165557645 0.006755841304354319
24 44.1861022848 0.183810752927132
24 43.831263299494445 0.08681108786934084
24 43.81300634133431 0.39405828381561736
24 43.61664594569373 0.13136479041621182
24 43.46354751643753 0.07485672942123675
24 42.83122942003312 0.009256788436433244
24 42.52279307226311 0.5318626965294329
24 42.514347252006544 0.0306476492833175
24 42.151397393846956 0.540133145504492
24 42.23426330595918 0.19361269086855018
24 42.15564151839625 0.6528626788463674
24 42.073616887045226 0.02787307871184442
24 41.589144781760474 0.7432116798568601
24 41.63689643774031 0.029617984793383734
24 41.00633848949643 0.05276672886615838
24 40.68221707447431 0.04463286947313276
24 40.40737537315842 0.004155915101329101
24 40.021671553256 0.9580837105387143
24 40.504748256704595 0.07656147193939869
24 39.75797865659656 0.012804682166220882
24 39.568565312884544 0.042958389642168734
24 39.45466266923104 0.04379644550885507
24 39.40227616616838 0.04267810654649977
24 39.3778858550569 0.03898585359390685
24 39.36377085764192 0.03830575911845686
24 39.3570915219161 0.038299297167537764
24 39.35376978416814 0.03802864962125764
24 39.35201665355461 0.0378792636663503
26 648.5956592627206 591.632358574552
26 631.164288171961 570.2695390569401
26 610.3244699054778 551.9910594136479
26 592.4469925000813 528.4452299850018
26 569.4627866084454 510.01038707211956
26 551.4639594091631 490.02059287128753
26 531.963014324155 469.94988994038647
26 512.4400019649778 450.58276958972465
26 493.6483928630771 431.4557916137019
26 474.942639744183 408.3422432723549
26 452.5535537574363 384.45992950902007
26 429.4436855626988 361.00997427610525
26 406.6970564500894 343.89978037384856
26 390.25892486969167 325.2761811074767
26 372.31112586929936 308.0097628967104
26 355.76815557829366 284.89360419191587
26 333.50691965370766 268.9831079054428
26 318.42469763355354 258.73920947567797
26 308.7819578633118 237.367356040159
26 288.2706989649148 219.79081235900196
26 271.40316734985294 200.35039609033188
26 252.7359670527766 189.31525581640238
26 242.3440441350354 172.79090083408113
26 226.3689804928123 152.38758075735603
26 206.7658806670131 56.89545112611045
26 111.71543546203678 37.9070375722102
26 93.50043832225849 22.554828577184892
26 78.96292851518179 13.24972651714845
26 70.32884752958863 6.907106933795983
26 64.36953426835234 3.2543120940383012
26 61.772574194026916 0.5533986293489185
26 59.190588796005876 0.42838405773735055
26 57.511766393114556 0.15416784998815952
26 56.140188284090335 0.0791414980969491
26 54.869122250913854 0.23983758202297545
26 53.786833792931176 0.011754266778233408
26 53.376230990812196 0.4418621577745755
26 52.81564818223972 0.02962883369079359
26 52.28025030365508 0.834239601565864
26 52.2246790225559 0.0389332277480077
26 51.84938076975129 0.3926931538622548
26 51.28035426059133 0.3173868379625941
26 51.578216672518295 0.34805181897325266
26 50.78438081923456 0.2482381681263557
26 50.81367419766821 0.36127889857275086
26 50.22545070832547 0.13751495257868818
26 50.267876640642534 0.5426477577944059
26 49.997646150457484 0.017566319458914844
26 49.46578827161027 0.47447294711714516
26 49.37154359071535 0.017070511919476863
26 49.04265892051496 0.9187503424452759
26 49.145737168108816 0.01739930257768494
26 48.64303650507407 0.34470514208810255
26 48.41973287692613 0.13585741341389665
26 48.30203550006698 0.3861225224904729
26 47.96647124768742 0.19584100693765913
26 47.92961570305757 0.42011795558843146
26 47.65420385489019 0.09212122864894609
26 47.486967306855675 0.6877244006614776
26 47.6881647332775 0.012818277553403213
26 47.211959011359895 0.7255528189091291
26 47.44220188970537 0.19077952777709367
26 47.283115760513915 0.5333190582481107
26 47.144199871187105 0.15988317355996348
26 47.09132160700541 0.5868508377122637
26 46.924773129186704 0.03794742375865481
26 46.54763072433107 0.85670982554009
26 46.76686754861292 0.03835299719020563
26 46.19153470934974 0.8234927651996786
26 46.38185230787544 0.016325885554628952
26 45.923264878859584 0.050993971237792375
26 45.616670522783586 0.01846643503917997
26 45.16431503280951 0.3793942687373751
26 45.146374906155216 0.43464839907310593
26 45.5372832985625 0.10843333176125822
26 44.85880384379646 0.19173841360447874
26 44.929865935294345 0.6119772031963289
26 44.85975515989123 0.13041675852961085
26 44.43214883602617 0.047127020765255045
26 44.36488258241551 0.04566192790993753
26 44.31588968815891 0.04460478217858037
26 44.291391036362505 0.045532869309049775
26 44.27876847757753 0.04698442232904603
26 44.272239834244054 0.04680404966644418
26 44.26874591767936 0.04697147764738051
26 44.26698935677085 0.04716691228997251
28 653.3440713006736 583.6142226926122
28 628.3780281013001 565.2641080858634
28 610.5024747432773 542.5451920704783
28 588.3879779296395 525.1446284594374
28 571.4270275889814 508.04302395382365
28 554.7303812372016 491.96883344227786
28 539.1832210233684 471.8005718815088
28 519.6237421685463 450.27355220353945
28 498.7975375535509 426.57313152822064
28 475.884948455723 406.94314606607435
28 456.8109164027315 387.0240814492787
28 437.41764677679134 364.87202811799733
28 415.9803901661346 347.8387400926275
28 399.48027025931253 328.69224041963906
28 380.7728003251003 309.7723627184612
28 362.6007615271922 292.8970971075762
28 346.1608181791561 271.4544881851122
28 325.28459676372125 252.19416368678304
28 306.49053466780174 230.2609020977875
28 285.4514719489428 209.12405919221828
28 265.1018089413798 187.40841632293393
28 244.21174011466 166.38246046381866
28 223.78991529651523 97.52858979284846
28 155.69390742984052 56.57029916352798
28 115.21608873942382 40.18825978377781
28 99.47704477267419 26.340376842530517
28 86.54176759867867 14.825327663807691
28 75.80782032061524 7.632708869461597
28 68.80303858064403 2.59192499136937
28 64.3531732738001 0.21912794792259302
28 62.30006542695606 0.10793138500371126
28 60.83471499797352 0.11687368737625133
28 59.64424809134703 0.7220875698164568
28 59.368720937565435 0.06726962678956878
28 58.57216384341832 0.850667653169678
28 58.28455287058059 0.08386425579367968
28 57.7576629690304 0.27470059715241674
28 57.291219449568345 0.1330481399421557
28 57.18977592969281 0.2763040390249204
28 56.65939750244355 0.29558248633047324
28 56.76490267250317 0.4811670063228921
28 56.39884063088522 0.11509038468077976
28 56.26218261158635 0.9568686163817397
28 56.264579764469886 0.05688150592087593
28 55.49142590105097 0.43934624038100145
28 55.14994702598955 0.13854391117909487
28 55.010774801437 0.7934587591424531
28 54.93653453895917 0.04265327194714839
28 54.51384353406801 1.0928373154855344
28 54.85518129907974 0.056108731067111776
28 54.20068836968494 0.23107686950956835
28 53.8099812321584 0.29392831784903733
28 54.018835437967475 0.31710391845145763
28 53.489063584943075 0.37025729805759267
28 53.98689317256666 0.568729136374496
28 53.536118133348516 0.04551329553042329
28 53.15958201456772 0.7761200266965216
28 53.28589707605495 0.19739139990153545
28 53.15891012908029 0.32679002030072135
28 52.83490866172159 0.48288730766367916
28 53.35029488876002 0.1564310711745157
28 52.55249885174713 0.08626915175028405
28 52.3181165334051 0.5969119563375542
28 52.4562806477426 0.07237841977514158
28 52.1669807757811 0.8258774929344238
28 52.25801276816845 0.02474667575313906
28 51.671684032500906 0.6028508384199065
28 51.75035709896189 0.09201221813997791
28 51.471063817097004 0.11811389312147375
28 51.124649601592154 0.035996634296462895
28 51.01278969266656 0.04566729526929139
28 50.95048491871622 0.0537966567267451
28 50.92471293494673 0.055988088009790174
28 50.90988823163912 0.05521040991916735
28 50.90274677747437 0.05460487528805173
28 50.89923347225911 0.054608977928204544
28 50.89778486303272 0.054647531664857044
30 660.2340066435195 592.4025988274018
30 643.7730617653265 576.1354380747252
30 627.9041110786858 558.0643391694529
30 610.1431871606094 535.7227038618007
30 588.3804145701347 518.2534030993379
30 571.3022470201598 497.6510834067804
30 551.1107514875952 477.49018911380506
30 531.368337098444 460.1396913807432
30 514.6011124938371 442.13572960500437
30 497.1741909684114 423.08293901589525
30 478.62389463519565 402.00388801090673
30 458.22543550129194 383.4238915676158
30 440.0133502033543 360.03157816426824
30 417.5472928360848 340.4604227162933
30 398.63760531146346 323.7936655026319
30 382.56907198913586 304.0204784054134
30 363.4412992522831 284.46505731487105
30 344.4233689928457 263.9804831684289
30 324.6143114626228 244.96087881913155
30 306.39197397480064 227.82893640443058
30 290.02409527831566 208.21658357143667
30 270.9399562811859 190.42378335205834
30 253.65203006058476 178.37422585856189
30 241.64424025930856 159.66069588127186
30 223.40497598719875 63.62124703548717
30 128.156843850837 46.030159341432885
30 111.66395002439671 32.175525786225265
30 98.36733809534515 20.333560554922443
30 87.28240507611821 10.487614939580581
30 78.63741853953012 5.192983497574427
30 73.94040043014391 2.6767787204427727
30 71.1854385488966 0.6320548049062478
30 69.07790633957458 0.03956462686180734
30 67.86107441794626 0.14744174466593968
30 66.75650477683364 0.22955266522078097
30 65.73486458487368 0.11362626963940332
30 65.01181004087708 0.14486067206408634
30 64.26171987456419 0.1478849437083337
30 63.71177906543389 0.20282469734327505
30 63.14772294078912 0.08845980047529141
30 62.82307485451385 0.7353501789330883
30 62.73784391521778 0.1512178049449728
30 62.52879546718239 0.5132209478537199
30 62.08590615581898 0.07963957969415511
30 61.82204814032097 0.24058861151809924
30 61.30492921197935 0.026462125086610118
30 61.07816140295896 0.499340308809831
30 60.88982851974315 0.25663585101140424
30 60.98847765259102 0.5659689225401574
30 60.75372194911397 0.0158930198106205
30 60.311888549905916 0.5276130148902747
30 60.30808257855628 0.16652808022910037
30 60.270506197766515 0.6273285805326856
30 60.00335972651706 0.210725882470954
30 59.924144977861225 0.7820518822234142
30 59.76722304394487 0.05571764379891634
30 59.33617361753527 1.2498809290136814
30 59.77027492829305 0.023945235836353926
30 58.98210107130825 1.5096144552119628
30 59.67969150014254 0.02690030924897563
30 58.676878546688826 0.6885818994490409
30 58.75723281718259 0.036792875872527456
30 58.392845429520406 0.33570480074524345
30 58.2570651385408 0.17950111210706923
30 58.275839270475664 0.2829292219970908
30 57.999820711087274 0.3958192146119682
30 58.324211665447145 0.32948453931689353
30 57.64877197757742 0.1864589934160957
30 57.82505522245522 0.5727955088814063
30 57.572765586491364 0.2792290307731386
30 57.81994099416064 0.2682491002845597
30 57.31678025450012 0.3105063233952379
30 57.629821795288244 0.2683115402145232
30 57.15433395393817 0.3882308411095352
30 57.55263613946318 0.21653025408065701
30 56.85804753203259 0.04458916212077489
30 56.57242265379541 0.04656109204343946
30 56.46773222048393 0.05758030394843513
30 56.4145619890991 0.044435246453367216
30 56.38221029489505 0.0469800447639221
30 56.365929126037294 0.04669952146297714
30 56.36075486234227 0.04788851997626979
30 56.356852782889405 0.0483281744808961
30 56.35508664376591 0.048418030879998616
32 665.6789342403756 587.2611851100306
32 644.0944666779826 564.3189055477715
32 621.8435205690749 544.2266473936619
32 602.2833120994973 529.1434522723804
32 587.5513782586502 511.9919122627859
32 570.8054343049121 489.8993344218905
32 549.4458125066786 467.94548324235353
32 528.3119134151448 448.87598402920446
32 509.7122750523331 429.6887305134977
32 491.06740457726903 408.66653236141696
32 470.8798639536878 387.19122445180835
32 449.9539585922846 366.05097033864274
32 429.6328141612837 348.34373309345915
32 412.3480538812996 326.71916028606864
32 391.387365239878 307.9888952029597
32 373.1631842899996 290.7688778533268
32 356.23633041715703 271.5000442124782
32 337.827612023605 257.05659534946966
32 324.0687348825616 241.51276503997292
32 309.3125293117067 224.00508459591515
32 292.202983078122 202.90594359279046
32 272.0347469306483 183.20509676479134
32 253.15205213455408 166.97158922359455
32 237.72183978184069 72.57638961850829
32 143.76530948882035 53.795174144842036
32 126.02552698473775 36.11319550481146
32 109.38860911393776 22.537029646372066
32 96.89140649204575 13.291012704231218
32 87.98778246985137 7.076367035916022
32 82.95409593663835 2.360367183240627
32 79.25521524490489 0.449645604112124
32 77.03404733564564 0.40214854417779794
32 75.68404960975116 0.012522012841533882
32 74.35149027163823 0.17909005702668446
32 73.24796048877423 0.021985481794448626
32 72.04125835798129 0.7568147678099951
32 71.6439690363513 0.019808053572682907
32 71.1698351651128 0.7749821855004246
32 70.97464545875663 0.014679888982932423
32 70.4123828084635 0.2797148732537723
32 70.02482186728074 0.013078151893463603
32 69.40097074786172 0.7850665621846062
32 69.2145453254749 0.18220636555485625
32 69.1603661658659 0.32634699969799624
32 68.73354964995187 0.12337620179975967
32 68.60480668217116 0.23711522431699356
32 68.0971740106263 0.23110982669120878
32 68.20623405147022 0.33858425106918943
32 67.71339851390773 0.19028589720157557
32 67.91023514320392 0.3547555423763084
32 67.51048512917548 0.08155857816707118
32 67.18940194215772 0.43553820476623717
32 67.03078155899779 0.0974410371619379
32 66.76745515064869 0.4333886601188186
32 66.46243605825471 0.0125172402991243
32 65.87442357562712 0.8396856094336359
32 65.85048642565438 0.11512756603447336
32 65.45019706765525 0.6360952900155846
32 65.33564900494954 0.0686393739838363
32 65.12187082210104 0.3327663627474632
32 64.80394033893334 0.02425986668808378
32 64.48172660408586 0.28743607220605194
32 64.17839142922242 0.1931998726869576
32 64.23229514376987 0.2628125774362335
32 63.77612190233556 0.06762877683047985
32 63.44891226068911 0.4541202257535745
32 63.204870796206045 0.05053744224880924
32 62.722218100440585 0.0799006482793369
32 62.1851285233334 0.03103969034967508
32 61.71095387077786 0.5214629857081284
32 61.498233070727935 0.05829475862503111
32 61.26948139128031 0.45098396049110456
32 61.01764095244212 0.14087948582489335
32 61.02608593758413 0.5468375265175687
32 60.84585801273398 0.13659010217300374
32 60.59256730577968 0.5758877197384203
32 60.4372018475098 0.2371074905911495
32 60.38875209074084 0.49579359287523844
32 60.11824076073202 0.3942564525249681
32 60.51523739723897 0.19169433742971684
32 59.81490140018825 0.24516800719477738
32 59.86003156443612 0.3984433581030201
32 59.44365230203813 0.16833263114719282
32 59.43432634995657 0.3089583561807935
32 59.022484914644835 0.15102796762491075
32 59.02398697495861 0.5561391032470471
32 58.8123876777798 0.08808032871813898
32 58.473664041571915 0.830045280611875
32 58.66110276656311 0.15209915493547732
32 58.24685161144599 1.0210621563337017
32 58.49628070670381 0.04486534046505111
32 57.838921341210444 0.580622924558124
32 57.827337568589556 0.18181479744737378
32 57.76527491345145 0.5786066230831499
32 57.682856529109934 0.10933055073317242
32 57.49176374858425 0.6471177131132174
32 57.51992197014325 0.08248056535671522
32 57.20039391596473 0.09709869957887275
32 56.91392419829889 0.04285338577886758
32 56.79535488155728 0.055494480906082964
32 56.741951616863616 0.05520230948678027
32 56.71250713746927 0.05483904106156663
32 56.7001793415785 0.05597004828587067
32 56.69478574025005 0.0565190872510187
32 56.69088515189053 0.05674433369893122
32 56.68896424486353 0.05672566801141194
34 665.6098887494848 592.5969572406342
34 649.6978649117534 572.3414476998046
34 629.8851519004212 552.9959357163006
34 611.0367829398962 531.544210620678
34 590.22076118308 514.7747503166378
34 573.990834600871 498.9791506972252
34 558.5242227783745 483.0257095804868
34 542.9406551689435 465.0822933629106
34 525.567616642677 446.25338187880726
34 507.2285930322992 427.8717188176562
34 489.4524226262514 409.3444279988146
34 471.5788977365072 390.70980156105327
34 453.44489040215643 372.0220688170417
34 435.256564879783 351.58178160023647
34 415.5777498927117 329.1381809550686
34 393.9136044365645 311.66478399822233
34 377.32984252481924 291.2798373998426
34 357.4482623867548 272.435522352652
34 339.297018795677 247.91304925910973
34 315.77691836830087 229.1655046679275
34 297.9282104758337 211.9124702435049
34 281.3079249158594 198.42363941913857
34 267.8872104426357 176.92898967916148
34 247.14798546409608 161.075567856519
34 231.92706964523353 69.04667210209249
34 140.53083805218102 52.959798430357026
34 124.76200325171448 40.05220175276186
34 112.15511924626202 28.120363209364108
34 100.89471682062316 16.261828291056336
34 90.02588889841637 10.571926831006174
34 84.45337671186581 5.093365005221907
34 79.0598505169036 1.3192726030032398
34 75.587218017458 0.04318466518980442
34 74.29533361383348 0.28390790177651376
34 73.06554745006942 0.047477434164179884
34 72.36547737561907 0.7854260840926681
34 71.64993418323184 0.04407628106064515
34 70.94799059559188 0.833847231590766
34 70.69153245148522 0.10177602884391537
34 70.25499796159748 0.5337546019944476
34 69.89309042715391 0.1728241763899384
34 69.7524796816238 0.8957047734843899
34 69.62841540064812 0.0361256769529216
34 69.0413099010755 0.529104760958744
34 68.89930414751645 0.0629846466022999
34 68.49498530917666 0.535149030885143
34 68.30009613277002 0.05512574885310627
34 68.11343419843124 0.2685509985318467
34 67.76318081594445 0.299725658142519
34 67.9861395757642 0.5258218480684782
34 67.47722216327529 0.09610614938387316
34 67.19049757435297 0.8097061431768403
34 67.10769263840524 0.05312140298346884
34 66.62319582192666 0.4100244269576987
34 66.37597544339665 0.06011351921409047
34 66.20869760240375 0.457200212058058
34 65.93792073829457 0.5118538892743335
34 66.46472136640325 0.19939924113353708
34 65.56590581376709 0.16961400992203166
34 65.45427791057976 0.7393444577719763
34 65.37360798553517 0.11955647804033673
34 65.1528784991374 0.37715392696279476
34 64.77361678342949 0.1616215235031175
34 64.67654295264741 0.31647220819384353
34 64.37410283702131 0.22170426873859084
34 64.35364681817735 0.3900823798185342
34 64.06652394753947 0.41439587793005767
34 64.45135069291187 0.20463327930498926
34 63.74498207185228 0.05304573506546215
34 63.32547615746223 0.40995754802721307
34 63.181918494127544 0.3270187535538096
34 63.31325028110813 0.10227795013075265
34 62.78285151506439 0.04119834723985935
34 62.4031089007822 0.8325261699104182
34 62.67450894901068 0.05064844794765156
34 62.1967900305156 0.2096230285667268
34 61.9026219311633 0.3576117871006018
34 62.235896977302346 0.22436482931057972
34 61.548635047578365 0.04802200438464043
34 61.24658677435404 0.6253952530302713
34 61.294601520890964 0.11108227277546756
34 61.14456253101849 0.834766019053725
34 61.23469353990113 0.04827030970973971
34 60.765038954529665 0.4553593503713017
34 60.74988800630869 0.3233591938538615
34 60.89947722086988 0.08190940647467819
34 60.316017457634175 0.13127543255089194
34 59.88137945391193 0.06491341047244488
34 59.66261677650499 0.5431338051303038
34 59.60013192201982 0.09896330525356864
34 59.403547794281266 0.5998027103542762
34 59.33978107885016 0.30808399828671734
34 59.44447544344772 0.47869704381163647
34 58.99873857478305 0.05154878091190422
34 58.6861770193461 0.03019949083796251
34 58.61201387701606 0.031814417480148134
34 58.55369814351285 0.04116079908822797
34 58.52227678989078 0.04516508961543321
34 58.509621643630204 0.04592032014941102
34 58.50409744440686 0.04674908000813224
34 58.500399174779 0.046768688388974605
34 58.498867548714216 0.0467628469129326
36 667.7903746593322 585.6419279842862
36 644.7060256542948 562.1230352664729
36 621.6825885781165 538.843106242497
36 599.0458040474348 517.2896076054978
36 578.1335130374655 497.9284571364628
36 559.5102287663309 477.575787540061
36 539.831004446304 458.2804075416159
36 520.8804731546378 436.8062989205157
36 499.9139048844405 415.53674494392953
36 479.415570292973 398.6662511425077
36 463.13869894930997 380.3843399181539
36 445.32775416996697 362.04578841803726
36 427.6241635390977 342.27054257076173
36 408.67222279632875 319.76099816569905
36 386.85362179021047 300.7556612827789
36 368.37491984057306 283.25936274239183
36 351.35148730128014 264.54287007024345
36 333.73178360913016 245.46151179537512
36 315.2868681526728 223.10582330751225
36 293.7885753590764 209.14191069101972
36 279.940038257482 190.4608334581992
36 262.209008787695 173.29889972820257
36 245.72683249436622 157.37202164038735
36 230.05760662216903 65.59146717196064
36 139.29086812685262 51.22663774507286
36 125.39729674404839 37.6837375268593
36 112.54701316725354 23.011717098279224
36 98.93070706172955 12.643575490987924
36 88.9520510231512 6.525294489320576
36 83.2545662295934 3.3384275917386557
36 80.06236934982978 0.6263138174367997
36 77.33089150209585 0.05896506251118198
36 76.25204843287293 0.4690860145723166
36 75.25044263155738 0.04635333322054841
36 74.24678802810803 0.181375718290348
36 73.267903971579 0.040880231384960476
36 72.47736739426094 0.49376093213190153
36 71.98020992518913 0.035977871077543556
36 71.65528850221975 0.6198200481373347
36 71.33868786052619 0.2808921454977696
36 71.47289128551061 0.27737365785145635
36 70.77512282940779 0.33057085619975113
36 70.8900127495254 0.4478624220266576
36 70.42733804703363 0.14034453415075096
36 70.4269333923687 0.5055008575074672
36 70.23308053843174 0.19718551462718958
36 70.38385943613103 0.716335323603694
36 70.19426539552205 0.18555968137353143
36 70.12113720849318 0.3769098897809089
36 69.6491476834664 0.19022790609983908
36 69.67565217758064 0.5223240026768772
36 69.37700938710714 0.16586330538310082
36 69.2669909619499 0.8190202143818506
36 69.30615958020206 0.08909733459929092
36 69.04350362223097 0.5831318091200798
36 69.00724779361815 0.213713378774111
36 69.03044240595989 0.26187499812623516
36 68.57469224037 0.044559369585963134
36 68.33528783041034 0.8316383679856222
36 68.36265967000338 0.17325784098240388
36 68.17954869981551 0.9854096757101812
36 68.2453062632581 0.06706211012259385
36 67.64029043934822 0.6082904198665037
36 67.59081847638778 0.19836588052011966
36 67.57337295526078 0.4781261989139979
36 67.20965763882755 0.08879164968896258
36 66.89308220145982 0.853500909503897
36 66.99251960476221 0.09188702293625836
36 66.4358940715832 0.8576755227717214
36 66.71427032525344 0.2966390340882288
36 66.5551677631638 0.08366818753339385
36 66.04257113563128 0.15696510752255732
36 65.95636309162266 0.1364718129256976
36 65.88829172667911 0.13344543948629697
36 65.85785966252296 0.127718530187194
36 65.84479500717674 0.12780704059661402
36 65.83687743786787 0.12664867871367483
36 65.83322888697698 0.12645134141501455
36 65.83154430262414 0.12656265542981834
38 675.4930584881995 587.8010590348692
38 654.0069909759063 564.7552206045514
38 631.5937138019293 550.5934021926851
38 617.8524890443286 527.9663027555625
38 595.8332897557539 508.6907650423345
38 576.909534532185 486.6796697949294
38 555.427696926985 466.2535001064639
38 535.7064146090203 446.4216119713549
38 516.4949697691889 425.12616700578485
38 495.70271561128203 403.1755309792761
38 474.266309434114 387.87858308723554
38 459.69315951188497 364.89898200149804
38 437.41170079552813 341.840030587206
38 415.1810582670856 316.4439654755036
38 390.60081208480244 292.1002228194958
38 367.1815596857749 272.7798877521437
38 348.5214884917782 252.54029403511512
38 329.33484849053593 231.51429683983648
38 308.9902462442186 212.3500804628309
38 290.66591370347396 188.52622049366107
38 267.8987669437096 168.5100387608407
38 248.44466209629383 97.96691600184248
38 178.80418222878262 57.7639355799258
38 139.09838897280312 40.69603977261983
38 122.80111420120652 25.94754558515654
38 109.00889178740957 15.932112013472993
38 99.28143841034259 8.187850936529157
38 92.22956764568747 2.796842902416892
38 87.20540501338537 0.7479363732769995
38 84.79502992334113 0.11518564764900803
38 83.92593105616926 0.7617788112487387
38 83.18322582886746 0.18199568229690788
38 82.78721728366688 0.9099671104324438
38 82.18912103642758 0.1274112069290548
38 81.61452093386053 0.8062692121807903
38 81.1022052812242 0.18522365714764283
38 80.83616977505238 0.9915901739110426
38 80.56529617989162 0.07931355682273343
38 79.81036533254472 0.49173397648685735
38 79.394459358755 0.0989774903335276
38 79.2088978328568 0.4162142665466512
38 79.02446206540446 0.1532572094796577
38 78.69472471808764 0.7321952672244049
38 78.36885852532926 0.10916921098588628
38 78.11597879964347 0.3841596128712473
38 77.82817642619402 0.10016360951864892
38 77.44367634849071 0.7625120044710721
38 77.52429854665492 0.08252017093985883
38 76.98053083725227 0.9410409991893668
38 77.0853618470045 0.07848039971437577
38 76.50193165130813 1.327431570238204
38 77.12766103145172 0.1013810963232059
38 76.40141122975358 0.08178560868005715
38 75.843485770879 0.4196416045480388
38 75.60428104300733 0.1295173003262735
38 75.4166826883685 0.5173471706179051
38 75.12868263249803 0.07266021098092931
38 74.87039625737793 0.09873329600768681
38 74.40440109582609 0.12239098852912682
38 73.86392051432952 0.1523433720370507
38 73.38290454528395 0.13065063955055503
38 73.12131530246165 0.9329586674427289
38 73.28484684899547 0.20182858194448716
38 73.05283379348822 0.8610454103423998
38 73.14544705900366 0.06716287531251244
38 72.66730679342892 0.845890346741669
38 72.6653775110723 0.13217728442053334
38 72.28427161113488 0.48055358652071023
38 72.0552813980781 0.13243473237067205
38 71.76697085290833 0.8602921227157966
38 71.82088621480509 0.0655498379048876
38 71.3293706061895 0.5016325985108313
38 71.287418853158 0.2593987755029467
38 71.30862427512649 0.5183822494298647
38 71.05727529639921 0.1864824553465545
38 71.07834081740523 0.4524191523789244
38 70.74350446931935 0.18181986126017705
38 70.69244779361844 0.6614467316431308
38 70.60341919389516 0.19951155724690622
38 70.54198792834775 0.7584905694402347
38 70.5259246223156 0.08816413856298119
38 70.12174365653274 0.6298921191799475
38 70.04853295824694 0.14123763540276252
38 69.97657727887464 0.48649195300829373
38 69.80756232064154 0.3854186992240146
38 69.94544689266546 0.3952109617564892
38 69.30616929869828 0.08105731361149589
38 69.11854303337985 0.66831762843627
38 69.16878042694012 0.11029425623875949
38 68.88307905303789 0.06858704091886718
38 68.64810212523335 0.09729440945312347
38 68.53429578209173 0.076570335678578
38 68.47766210341207 0.08554224322018049
38 68.45185812774187 0.08609133702092649
38 68.43896872659333 0.08515485211882753
38 68.4318729776312 0.08503261107269139
38 68.42803152501116 0.08460981300505128
38 68.42600506421603 0.08443792581211397
40 678.0334652837439 589.6981287920578
40 658.5546966275624 568.702890355639
40 637.9019505447342 548.7834568707494
40 618.3858053208414 526.9799319128343
40 597.2474016491274 507.6617378642556
40 578.4173526193192 487.8460815595687
40 559.2110057814402 466.79681759923324
40 538.5381035026228 446.0873510703723
40 518.410237716206 425.2219494405951
40 498.21139627598734 407.7440570382529
40 481.37506823582896 387.7715975870344
40 461.91308263557835 369.8941313560944
40 444.4537221510101 348.74162886883164
40 423.9109186540218 327.64613447275656
40 403.4142276003656 305.22651672404197
40 381.7897679419759 286.1253532439889
40 363.35832458746245 265.02598025495814
40 342.95993716974465 244.6665714058871
40 323.16444523971535 223.09479251696683
40 302.43264822233505 204.14484856150494
40 283.72863665179773 184.56115111326056
40 265.082939361255 161.47216799847985
40 242.81782597067473 67.33672088031447
40 149.9580789751817 52.8754761167976
40 135.92165053404074 37.089358730919415
40 120.95261878922618 22.137129572055457
40 106.7567099494307 12.191253315790608
40 97.99108325677192 6.663896188144615
40 92.76442471816208 2.319039505407255
40 88.67674834436002 0.21695424946452332
40 87.04946875234377 0.09504394351932502
40 86.1294068175777 0.032035131874021766
40 85.43577240575551 0.26025933381482824
40 84.55296504670768 0.10374719126191716
40 83.60975677400204 0.08021137010371852
40 82.76970382035492 0.10887719343960262
40 82.00827591772064 0.16129756971239437
40 81.36558683003145 0.09814558124653491
40 81.00141527029295 0.6836081932042044
40 80.68237775138235 0.056199812454667646
40 80.38990000304356 0.6466595158584316
40 80.36438758962747 0.13922281333523173
40 80.2851556471453 0.9050226877425879
40 80.32857988738878 0.06029562448564299
40 79.67888773607027 0.6572003512694653
40 79.51496182507834 0.3342760875893275
40 79.70774711320021 0.41707629849337435
40 79.11941746326673 0.24864921096533193
40 79.07738442069562 0.8898564646523923
40 79.13902538650626 0.10796453316573482
40 78.65905929358955 0.5273744452090545
40 78.57910013473206 0.4498351519777253
40 78.82663740607681 0.3165678504506194
40 78.16872223485458 0.22359443989732203
40 78.09678939588653 0.6399083461362324
40 77.96089332029082 0.3811042906215757
40 78.17572071388048 0.466703424529171
40 77.75866357437097 0.1926499274206095
40 77.71185225730657 0.4446300587882834
40 77.44619219924336 0.18602048759688522
40 77.31963925868517 0.36641063043669164
40 76.93800892431611 0.4487522513456048
40 77.2284697347744 0.43854918788966435
40 76.63457992523628 0.2796301215752395
40 76.67588195937378 0.5246327629995821
40 76.40056327674304 0.2647440123191661
40 76.34678244315893 0.48557490003234777
40 75.95712269942541 0.382078927851707
40 76.26138603417438 0.29516502225576186
40 75.61306514372708 0.10277584861487402
40 75.42014137209063 0.6158695311679515
40 75.29777228295583 0.15312367426396656
40 75.07740376754738 0.27084536730858944
40 74.65685779557352 0.22223312890481417
40 74.76721329399335 0.5944985734318415
40 74.56540979378963 0.16913397802714653
40 74.2832284603357 0.23455524123723415
40 73.87137677737795 0.2788950563329792
40 73.91799517555705 0.5827592356724536
40 73.74877546972587 0.1742907402314096
40 73.36986284005589 0.09366142274486615
40 73.24601101061134 0.10838748204753594
40 73.18846973450772 0.10325408817690954
40 73.16272003117713 0.10188831618366131
40 73.14661330534697 0.09891572838540011
40 73.13902760030875 0.0991572882393075
40 73.13593900041049 0.09869406857656536
40 73.13426393486317 0.0983824922839193
42 682.651520138084 585.3412342284092
42 658.9394937161655 564.0828037330925
42 638.0968871912212 546.4527824062416
42 620.7882196641546 525.7716185799554
42 600.6594251570706 504.9431240031232
42 580.3676214642832 485.8467428000646
42 561.6039272258449 468.19413330359214
42 544.4031411029948 444.24800255206344
42 521.0273995189614 428.5657172862201
42 505.6937908914403 411.6137482120963
42 489.1845930451464 390.68393125999637
42 468.8541922332022 376.14187166282954
42 454.5761568474821 356.1945341668227
42 435.17402664894917 337.8773022425618
42 417.1298223435054 318.50061758540437
42 398.35380950431176 302.0123659442864
42 382.26242807967907 278.37913697395635
42 359.26183447010135 259.15959060257563
42 340.459058266199 238.79287236739043
42 320.66635273424833 220.13144346513468
42 302.7368667202461 207.47334878605585
42 290.32520483201085 182.80813032877984
42 266.18430438374577 164.43238476494759
42 248.39915930738908 65.21086778221523
42 149.9451469299575 50.446010561231404
42 135.84222497976901 36.30863356139851
42 122.38118946266654 22.065852765074727
42 108.8047646983144 12.36098367716417
42 99.94094474376081 4.593626643779347
42 92.90059921048798 1.3385580907977959
42 90.02222227129698 0.07055777796881586
42 88.76437520718981 0.1821545775364172
42 87.85733979635036 0.0661973010811902
42 87.01198080744669 0.4390239633001206
42 86.61141391699343 0.0720851924130994
42 86.2231472273627 0.6210532448348357
42 86.01749721991891 0.10495488174647179
42 85.75607667272108 0.750691029989348
42 85.44270070310016 0.11152408448606883
42 85.09459105680921 0.4850128157380923
42 84.73872358883054 0.14675600055688212
42 84.5261254307423 0.4680589651909314
42 84.09770713304596 0.09866237229435679
42 83.83623512415036 0.29240613677363153
42 83.4020899404607 0.04117774170377661
42 83.04331160068513 0.2594084732738715
42 82.8939316579102 0.4040628702521367
42 83.32121458013636 0.17319125408727543
42 82.59262342387895 0.3123499277719546
42 82.7653295496774 0.4375579681497437
42 82.23795082071486 0.310351983159268
42 82.51850263464186 0.26345299975156955
42 81.94289422694028 0.38877310759548706
42 82.31427207893725 0.31313621737451813
42 81.5469104854515 0.19897936571616026
42 81.45936378566229 0.2236299229374244
42 81.0545440018924 0.041037782272271894
42 80.67097773297309 0.9748149504301717
42 80.86791108330146 0.1132329318675637
42 80.5612166462091 0.7841171443369694
42 80.5291208074405 0.08190656968319078
42 80.11057387800307 0.6415393939511846
42 80.15244410947136 0.04635513140742445
42 79.54550647202802 0.5993665398865224
42 79.57612708261041 0.23102722309854518
42 79.48658676281747 0.09706670633542183
42 78.8860111300517 0.03097945749297874
42 78.47059044614629 0.7822570895716989
42 78.70403013662596 0.018996390124748932
42 78.16989127158025 0.5349090138730623
42 77.99597141799444 0.1998598443635891
42 77.94838271709123 0.5198164572863909
42 77.71162866144068 0.2639767337516676
42 77.79585123187276 0.21651457035627475
42 77.30933412878248 0.14504061439530372
42 77.3535404838558 0.5955410918088772
42 77.23691115332691 0.08968083236343574
42 76.86252891529271 0.05298259916538083
42 76.76368997499985 0.050950172218985255
42 76.70359376339694 0.05053319047867117
42 76.67348161980911 0.05287224303960315
42 76.65766098105124 0.05420307608130252
42 76.64942918234671 0.054018085930701926
42 76.64577230977754 0.05383136920052288
42 76.64403574305189 0.05368234637905714
44 685.9587187052657 589.3469446194844
44 666.3882333143879 568.7363992109762
44 646.2849530914896 549.819495158561
44 627.8701452371449 529.1419092943884
44 607.5058989387506 517.5253443614181
44 596.2501720568548 498.5386230365352
44 577.8725542321738 478.084134943142
44 558.0492649278071 454.38471865618226
44 535.0681509787854 429.01678712496727
44 510.41352290157295 407.7370467338648
44 489.6906283735416 387.3927930306054
44 470.2414346344949 370.37796206586427
44 453.7038117437429 350.32755619598174
44 434.23798290491106 327.9306233241974
44 412.3286987765961 307.12389834090413
44 392.17850297651336 288.04398214392177
44 373.90344845161883 267.16214104712145
44 353.5655899607236 246.93611915475478
44 334.05993004888455 224.62145586512827
44 312.6214517552666 202.87499608840244
44 291.9908024834812 184.79419690501152
44 275.1903259966605 164.34359943882095
44 255.19010190988809 65.54940020966572
44 157.14634708064762 51.35499704731748
44 143.17294028804508 36.99078177901182
44 129.0780212368131 27.6612610740624
44 120.43629884456877 18.450560534324392
44 112.04967973696243 8.915450605804406
44 103.04944472934253 4.422367969241919
44 98.65227704661594 0.6435408249685324
44 95.44979019110175 0.1087657360616584
44 94.21540634165495 0.3172694402046473
44 93.21888634677454 0.04269362226425465
44 92.37256984151637 0.5610393079907736
44 91.898767770223 0.06274392966265904
44 91.2195921550127 0.25557226900984
44 90.63782532049225 0.03650631422903093
44 90.08533980566392 0.4467904833196493
44 89.75195806029062 0.43135576991937624
44 90.20764490174687 0.04634805708579266
44 89.08082451169906 0.2823338060906118
44 88.58667845376591 0.07800452960595804
44 88.2942754365935 0.39912277049513595
44 88.26852093273479 0.2974315635735405
44 88.58397113808226 0.05756916772622206
44 87.84702269177681 0.3118756551571109
44 87.49092442046471 0.1924338009970395
44 87.48227988001577 0.9546972149743402
44 87.44383871720207 0.03977298656588346
44 87.02960392859819 0.7390827725446816
44 86.87750258899976 0.199501686609618
44 86.68687975795437 0.4646359709029405
44 86.48892594029499 0.2986900431118488
44 86.73813535435603 0.4080125868394634
44 86.21047104055567 0.2611507347418708
44 86.27347761729884 0.27839632597072167
44 85.7805312741759 0.051361170990282666
44 85.39960982549162 0.8856472840215072
44 85.7234647029066 0.17222551426251276
44 85.54478674931089 0.23715348850810838
44 85.06652409230131 0.2061626685218258
44 85.11571332302641 0.6805087918666319
44 84.9064323070248 0.35089785306498056
44 85.10701360885942 0.48112884186291266
44 84.57376012956034 0.24640582668550703
44 84.53485902389855 0.5311289612479716
44 84.11924496930034 0.05197923149934712
44 83.76819321617468 0.6425161101039885
44 83.73112980595916 0.07748872889238298
44 83.45979151544643 0.9849152201508782
44 83.74980939075188 0.05350860567305928
44 83.14933959799221 0.9252829978042793
44 83.35010630438332 0.09471809899086542
44 82.91794291781797 0.3311058954295835
44 82.61044196328612 0.24464797463921967
44 82.62765686460767 0.8549824461295231
44 82.55556066513272 0.1317153864781774
44 82.01192125100086 0.07932054243690381
44 81.88577013222312 0.07652350451976557
44 81.8227757855941 0.07818426447555095
44 81.78937398287324 0.08011327116887854
44 81.7726543551694 0.08017694209349603
44 81.76526653269018 0.08033642739642856
44 81.761342683355 0.0802150890520733
44 81.75950963000244 0.0798885271584125
46 691.0196191780723 589.0331192039278
46 671.2770549395168 570.8707004633152
46 653.6145267403684 549.3563810240731
46 632.5440486129232 528.0329171710284
46 611.6616799819503 508.19178781825735
46 592.3768582664297 484.7815570522962
46 569.4235271894881 458.2091724690618
46 543.6174329648692 434.2192848449655
46 520.1680773161654 413.3481200035027
46 499.65239279101337 393.07671182224453
46 479.7331749210197 372.01654616232815
46 459.3585633048864 347.94586937625826
46 435.98364358435924 328.13756251403925
46 416.6571320440612 305.98861131345245
46 395.05346527551166 291.7650614914313
46 381.5064869575254 274.2774182093988
46 364.4861964953934 258.76093495126986
46 349.6682949849735 238.5447938341079
46 330.10985821308475 217.33048490688134
46 309.4363024376137 197.22522736685733
46 290.1202249987463 184.15464031505292
46 277.45452644010305 160.3970221347084
46 254.58742066748164 66.21944223012096
46 161.12412852944982 48.92367005668092
46 144.38097602876513 32.68643291235812
46 128.9878826506997 22.79520128448502
46 119.46941269964475 12.458365385988783
46 109.47782912119463 6.9856171025306
46 104.56035365918144 3.289827388621042
46 101.18372416165059 0.4093820924347473
46 98.78466520737783 0.08070374811283204
46 97.65278345674986 0.1320377555787797
46 97.0805888187783 0.10067517069315689
46 96.13958831168551 0.5769112756475532
46 95.73799862174265 0.07809372504476654
46 95.4411361195041 0.42261733989566386
46 94.933021922896 0.23397308320338803
46 95.01186798967426 0.6646042649926069
46 94.86425340593748 0.03183608186801195
46 94.39975638419283 0.4467001728344864
46 94.01839226377889 0.4455065033851083
46 94.38738404937416 0.5409506350606652
46 93.88109382252009 0.033759220084323714
46 93.49392986739096 1.614777525476659
46 94.22964774620769 0.07261007726843376
46 93.08526689903236 0.09605271565688586
46 92.67056737260874 0.10227419843850746
46 92.24658963337195 0.038268572169175175
46 91.96312756885959 0.3409096282338996
46 91.64347619545907 0.3297324876385507
46 91.86495370812979 0.3287903276528996
46 91.41697102251165 0.3923470665011862
46 91.56826315935984 0.18473639915691947
46 90.97146661719988 0.178581196011734
46 90.83938670184818 0.7304750526071183
46 90.76836420164027 0.03550349977036248
46 90.24067077473961 0.6755541894961643
46 90.26054403728637 0.24666606990628198
46 90.22178945094117 0.08140348280278233
46 89.51320171475231 0.04456220034648602
46 89.04117077982797 0.48965202492377713
46 88.96568539018091 0.25430446612217017
46 89.22639620110384 0.6988229943716604
46 89.02276600098887 0.16842803184061478
46 88.99434904213655 0.6405959408224802
46 88.85127873126564 0.2944465726795126
46 88.95946756256471 0.2558150164647436
46 88.40009988455525 0.2657646991386444
46 88.37785980990269 0.5324101324596486
46 88.04750887149774 0.04323080342638469
46 87.82809017257264 0.18814992649082993
46 87.42221734862049 0.05257466589238014
46 87.13437463454238 0.8987641927239801
46 87.27479104691372 0.02528150112708176
46 86.63755222275522 1.0166696813047356
46 87.06265381308872 0.041596537531024026
46 86.47505033508686 0.12187400414959453
46 86.27759656230822 0.047587664156459195
46 86.15762673545704 0.05062806674128369
46 86.10930540077348 0.051464604949378184
46 86.07654727034979 0.05281995506415067
46 86.0612148979091 0.05346828010570643
46 86.05451268797222 0.05343298665803693
46 86.0510433764773 0.0535638810463178
46 86.04893316599424 0.05376896453924187
48 695.2801977437931 593.9204295670274
48 680.2750945771126 572.9431361659421
48 659.8808044531353 554.3669768306247
48 641.6448271457963 537.5287450600097
48 625.3240064790397 516.4212816090186
48 604.687618312498 493.7702191317661
48 582.7389920137646 473.00933570607606
48 562.4909831819559 454.55887927257527
48 544.5173098010918 433.37940117989194
48 523.842135755133 410.83970056118966
48 501.8920444580291 391.67133174236255
48 483.2405096744277 373.77534797917497
48 465.7333400996827 355.1565700260495
48 447.53918203151596 332.4958084065255
48 425.7395832257767 314.6775248374123
48 408.7889099834434 293.22377946402685
48 388.1262015117986 276.61825581535516
48 371.8658530065968 262.0912357278016
48 357.5019993298595 241.40737954731594
48 337.3560373430707 222.75207249002446
48 319.41550593386535 203.27701618593653
48 300.8855657802493 184.1047211872948
48 282.66197521964637 163.7300099992811
48 263.57034530950204 70.05274441461826
48 170.64111683714344 48.51418410724715
48 150.01605562423018 31.668938740412415
48 133.98290915059337 18.33288813465893
48 121.25432860535231 10.3539122638694
48 113.48083379387212 4.1488111293041205
48 107.49244555449935 1.13241701924535
48 104.63767748568293 0.23137008443948787
48 103.18339709194404 0.17498672623343506
48 102.1021766878589 0.08518910694655549
48 101.47620755245322 0.4718184163763991
48 100.64413172404642 0.11626645383353627
48 100.24144794682127 0.4066537514338372
48 99.95212601166243 0.12209789639456964
48 99.4665909776603 0.833484956215375
48 99.28829202145874 0.12784835266431963
48 98.97799986414049 0.7479141114449104
48 98.88682945939735 0.07612749415850541
48 98.25466661569315 0.26978078253382587
48 97.73576802479103 0.20107705067977746
48 97.91827895711073 0.29423332058784823
48 97.25223245502931 0.0979088020793478
48 97.09336566454027 0.2513487605300755
48 96.59685596965463 0.15720270540251022
48 96.71559203926196 0.39357795763239034
48 96.33926245582455 0.6004289353505742
48 96.98516956275965 0.21825456532948845
48 95.98302921211825 0.01017622014042249
48 95.57302694256268 0.3797240818147905
48 95.31058493660726 0.1163487696410201
48 95.2554345211511 0.34701054625402455
48 94.88338211604868 0.33652574380068956
48 95.13878143321044 0.13797521864525897
48 94.36564532143535 0.029636876696198394
48 94.20481997095548 1.07265576478773
48 94.62711357181207 0.013601504787197792
48 93.81614743533221 0.9623247356892191
48 94.02823156415798 0.024495511334408426
48 93.63367085333965 1.086907937400675
48 93.88853361104874 0.023442787567164804
48 93.2793218971531 0.44540616110535297
48 93.16581977784104 0.4247273879749012
48 93.43731025967641 0.18766015507439193
48 92.69027928809946 0.3994872802667456
48 93.03931116607612 0.14971781686237032
48 92.31672953606176 0.29113408724041834
48 92.47379913067485 0.8592359648788985
48 92.3973852613951 0.16588387667282534
48 91.86654546813284 0.11334942093259029
48 91.75052130786167 0.11923346201990455
48 91.6976452665702 0.11564050870053898
48 91.66162411503888 0.11465925678515734
48 91.64558875777558 0.11051909741352446
48 91.63764449418603 0.10917987214992099
48 91.63428491804915 0.10925713539362512
48 91.63235813835522 0.10900273738943995
50 701.4319720695195 594.1577422090982
50 686.1224667112282 574.9399533735166
50 667.3542535595438 550.978118472294
50 644.0045754521849 530.8295577025813
50 624.3894190145257 505.9701621008195
50 600.2792283447709 487.6448978941505
50 582.255998529487 468.48433908098343
50 563.537351669734 444.9051438519103
50 540.6445014658079 421.5190323102269
50 517.8697692030315 401.5755031450974
50 498.36823601336323 387.3606911513195
50 484.555279889179 367.7930725531442
50 465.6719349968448 346.7398065120841
50 445.3014816606105 325.87852808820594
50 425.2153512225392 301.90069884444836
50 402.0775224056365 279.43370067999854
50 380.2656905928907 263.00578751202727
50 364.1943639619385 242.11790704408375
50 343.8696719453168 218.05542368877218
50 320.4450681821311 196.32121266864868
50 299.44240694441305 174.72768402038153
50 278.5546941369279 102.19761250179937
50 207.05899284637562 58.65279074210914
50 164.0597398786247 41.93004355115764
50 148.36722955320818 27.59332035773621
50 134.57265816247818 16.901861107880933
50 124.45300057035517 8.147548633032793
50 116.33661246959512 3.2962800647844013
50 112.04412022497691 0.3076181894343
50 109.58231210985802 0.23070086022062428
50 108.58432087764443 0.19408667135000832
50 107.662470476594 0.27461030499454053
50 106.7523076730209 0.08502094410013472
50 106.09579556834362 0.9876073864764953
50 106.1169755681799 0.10035450437726566
50 105.84803485299773 0.8533778801479547
50 105.79925819328815 0.09036208149699848
50 105.3812072145563 0.9395430584230836
50 105.25798726812707 0.09686297615568586
50 104.70531599478495 0.21855678562853564
50 104.1971120922485 0.10729885160635894
50 103.8969476511581 0.6038695664234127
50 103.78356557429623 0.16382859518314458
50 103.54780019596728 0.9867013917080041
50 103.51085971863598 0.2225841252361789
50 103.19630464333984 0.9579635861663537
50 103.30355899552148 0.1435317837980679
50 102.84132276118456 1.0449617953247383
50 102.97978543279675 0.1529350694608347
50 102.47814268552321 1.4152287087599327
50 102.82464682666256 0.16024501589784795
50 102.01373915918313 0.13229024749908563
50 101.43288152455057 0.2542377269014291
50 100.99363757159585 0.33036929766353396
50 101.07824976075028 0.32082628259941437
50 100.6680818710638 0.20934051831413047
50 100.6500883102294 0.9289507732355853
50 100.71172636108986 0.05028560136140962
50 100.07371129407363 0.8377950968098326
50 100.0489317043639 0.25059909553282744
50 99.82292410052908 0.6070428656656877
50 99.636706015644 0.09633100699251027
50 99.47083449291907 1.1089384013042338
50 99.72971059557437 0.11224070837761349
50 99.1344925484502 1.107043976330536
50 99.45864608333456 0.06497222067838236
50 98.83299255670855 0.8065719761542448
50 98.95287378412922 0.16766361583143918
50 98.7363652643407 0.4932556583378357
50 98.3930635044223 0.19884870227871337
50 98.42676640467133 0.37708508453333395
50 98.14538839050961 0.08748482101436006
50 97.84024340823476 0.10512874794490694
50 97.73289727245702 0.0784012755560767
50 97.67557270901082 0.0763139386718473
50 97.65150669591304 0.07622585557426965
50 97.6340787228335 0.07714109531938415
50 97.62663916781875 0.07696978672177042
50 97.62278368861712 0.07641982408740802
50 97.6206997144502 0.07645786811340098
52 707.246069247276 591.3356452158137
52 689.5458486225635 570.702518786994
52 669.3513457195916 550.7258506004864
52 649.7163316635113 525.0206554940418
52 624.6728830089994 500.76819423865436
52 600.917814182522 475.03335771670766
52 575.8579257647507 452.31381467911723
52 553.8509247636018 427.41391452838945
52 529.5167143246227 404.08519467012957
52 507.102446999212 385.81537020358604
52 489.193054959323 365.6712808415752
52 469.76232436331054 341.2738569991558
52 446.25530718143034 320.1760736098214
52 425.7347744627547 304.76427052973156
52 410.7919747228722 284.6477159692395
52 391.66076384653616 264.72165334660457
52 372.10029857245735 248.45262396892218
52 356.59832723996925 231.97850658355003
52 340.80868122110564 211.0431008753344
52 320.55733331066585 192.56222053920746
52 302.539500543482 169.7701558192044
52 280.690285140306 125.1094660314555
52 236.760783523474 56.351985793065666
52 168.64982205186988 40.295219848705614
52 152.94187333674017 24.945496596085984
52 138.23912312628624 14.720787407439914
52 128.55381224347923 7.611353853262654
52 122.22437744145576 3.1923683076008125
52 117.99947391829348 0.3883648710866141
52 115.611684853378 0.09323887012735674
52 114.28383816810403 0.06807882001072434
52 113.12917676831299 0.05104037080078639
52 112.25063269345361 0.09529895214007963
52 111.59246722605174 0.06670257063246006
52 110.89556600325353 0.34735799192733946
52 110.69528065832294 0.05554542975644555
52 110.2311819847062 1.1446786645894609
52 110.52252164252953 0.07466644668164843
52 110.0220736561956 0.4299542153460243
52 109.79495193980539 0.28762761381903534
52 109.92595538116495 0.5158093613176822
52 109.47122868872896 0.2535632960875827
52 109.48711654984706 0.6168595678903058
52 109.29068563153656 0.11046339902056275
52 108.97166228526886 0.8754755107150032
52 108.9973819739678 0.1599021517015155
52 108.86745859325595 0.6422880440985753
52 108.72374160806572 0.24225207337303167
52 108.50534756568909 0.6715741137521223
52 108.16283994308698 0.2505965143871898
52 108.08567124043653 0.34214221098657194
52 107.63092524675207 0.16042981665935213
52 107.5697311723494 0.619930047332989
52 107.3032618935335 0.07385631146879167
52 107.2527437766626 1.245326621625142
52 107.49231122953816 0.07369410573357868
52 106.66520511376405 0.3273641012112242
52 106.14733829929506 0.21713030326167337
52 106.13361602880359 0.70348444734124
52 106.01350005027307 0.5130286523324361
52 106.30275069036666 0.22281268179232258
52 105.51714922656384 0.06768294629677786
52 105.0987982708979 0.4086594051826305
52 104.82450430374705 0.5105697815047422
52 105.30546428402981 0.27865746249144097
52 104.43278291974 0.11987154743383527
52 104.28877239523491 1.2937144449012936
52 104.70541551026766 0.055577304269803826
52 103.97199290332969 0.7591241205178344
52 104.1492574210353 0.07919922467134291
52 103.72104215746604 0.9017705120557681
52 103.85369157895033 0.07503708367323726
52 103.2372737108787 0.13256782674608358
52 102.92514168832761 0.0501766496047505
52 102.80555942522481 0.06434765019195396
52 102.76124423243093 0.0685890290974525
52 102.72720758753263 0.06806143911122281
52 102.71363372876927 0.06648383383527504
52 102.70603025915744 0.0667649319078262
52 102.70152003176233 0.06710792561046529
52 102.6995009295673 0.06704681950668327
54 712.0638794704367 588.8858072408509
54 691.9561337199835 569.5264292290325
54 673.1829798420315 552.3322505260242
54 656.2638856761467 530.1999119810419
54 634.5591492755008 503.9221182678788
54 608.9699353999457 481.2804413972649
54 586.8938261568411 457.8832935823774
54 564.1813876773209 439.06029064387343
54 545.936446141281 415.5372679589386
54 523.1690433926331 392.3787800154255
54 500.48542999480185 369.8117999210404
54 478.6592965811244 348.17140334154396
54 457.68528510333704 327.598915161833
54 437.57423512733715 311.31290353563435
54 421.7704814581543 287.9003352945708
54 399.0593385798378 270.465995734559
54 382.2902306193244 251.52104834237576
54 363.73364693933013 227.7408838466388
54 340.77469245149297 209.42903082140418
54 322.958608818424 185.95828342092392
54 300.4920778227712 163.33588279692447
54 278.7445699269937 65.37186858602757
54 181.73831954612388 46.19406243283831
54 163.30515428196964 31.46030416002012
54 149.54523713070972 19.596659848275213
54 138.48355706165933 10.226543448117848
54 129.77613950133127 4.210576908142931
54 124.59471450094144 0.9139218871384671
54 121.57047162559637 0.015331207122522002
54 120.54511743747713 0.2621898529606123
54 119.77931854146978 0.03623066368069075
54 118.78739440988761 0.9070007392812325
54 118.40316539244039 0.14833811750577075
54 117.98090234200373 0.7985125187705593
54 117.71175037382896 0.14879342546732277
54 117.35815075527927 0.2411852754483975
54 116.78290848010138 0.23130701170679713
54 116.60756947345718 0.28431014847266395
54 116.06765723992827 0.05671429275520597
54 115.62151487939133 0.3864729990948352
54 115.3013384932975 0.10804693224930534
54 115.03011257686826 0.9723326191011668
54 115.135447730159 0.0600973440971618
54 114.37204613472653 0.889535876758147
54 114.45631981047148 0.06265859929223609
54 113.7354014088237 0.5192326591747549
54 113.3830410845439 0.24912182047006445
54 113.328082511854 0.6300668375037315
54 113.05144149426636 0.1745722343124444
54 112.75260284392851 0.6624315300792782
54 112.4930956067971 0.16618241164337963
54 112.20609130899973 0.589216961355309
54 112.11520023551698 0.15507501647414187
54 111.87589668902815 1.1340254638310503
54 111.96855768011518 0.12084731512386383
54 111.15809000823788 0.49311175555240383
54 110.81099784552565 0.3186410964831598
54 110.91548022684333 0.7081898734659194
54 110.71671678536433 0.22945978064102707
54 110.58968622275042 1.1066416950979927
54 110.75640788331752 0.19824755919336723
54 110.20000852542393 0.40980249311802
54 109.89763526523423 0.23296618960203436
54 109.87472021176926 1.051379782397846
54 109.95152227414572 0.1262112348529359
54 109.27500573694148 0.8275201850718855
54 109.24862435774693 0.14225294044913367
54 108.93732763347836 1.0453054873344163
54 109.09849237133405 0.19378026373726098
54 108.75708753843979 0.7761895471260487
54 108.76193130799683 0.14812617479266954
54 108.55989647906102 1.051139213300922
54 108.83156402783324 0.2370499472464431
54 108.41659720443802 1.1652052394524188
54 108.65180661035095 0.11973141566456966
54 108.00491473589486 0.17582456968068336
54 107.69739056633985 0.08765170871588478
54 107.54921719812025 0.08629055165198024
54 107.47931232235305 0.08520944720533973
54 107.4467501375739 0.08583304753188532
54 107.43070458194573 0.08382195400470112
54 107.42211438482228 0.08357469732152138
54 107.41816243168633 0.0840192601868981
54 107.4160631388185 0.08418050951624244
56 716.5260728040298 595.539679431032
56 703.3136276029945 575.5711745479264
56 683.8971845908518 558.4044500011753
56 667.3454786530056 543.3615657783308
56 652.5607773581983 524.4304671736754
56 634.1096018238976 500.9244274501956
56 611.2751009038169 476.0043571189376
56 586.9077751687793 454.194390218674
56 565.4851182435349 434.60565460861517
56 546.4908852399692 416.50574683522507
56 528.9506650846913 389.62173042776936
56 502.784737103745 364.0699040443729
56 478.0611073324827 346.1316279829818
56 460.5965990327007 325.36175933137736
56 440.34454666349677 306.8805591415691
56 422.1893775893234 287.1437761557361
56 403.34106979832677 268.57110986684415
56 385.3437249477515 244.8914200308394
56 362.4192377170216 223.18250990589925
56 341.48847906593267 204.74233023935363
56 323.59672773268886 183.8112326806396
56 303.6172280119718 161.30653259786465
56 281.76883749240613 68.50349224699931
56 189.605501515449 51.056204137238055
56 172.5953285271641 33.02921660149492
56 155.60427265090004 21.321452822635813
56 144.33783873143688 11.570892525591752
56 134.81057882225028 4.807441147727928
56 128.8200879128009 0.7962049996149366
56 125.39458079670305 0.08375827738118938
56 124.48250810436645 0.9074087978963121
56 124.02178461931938 0.0739843744571479
56 123.08128372685738 0.5714282804525039
56 122.4633783734808 0.10999472353248303
56 122.02602549979778 0.4162287462954508
56 121.57950603066224 0.04447182183233858
56 121.22121469459248 0.6454459643505548
56 121.03214341329412 0.20339648827379472
56 120.90805119450678 0.6830140479842188
56 120.55045115391839 0.26279460181920933
56 120.57073364930734 0.9005732864606448
56 120.4399249062031 0.07216235499025345
56 119.96022892644243 0.6416387421387174
56 119.83682949642959 0.048932569268997764
56 119.52060272522446 1.0373719830155574
56 119.58949883897944 0.045117837885909895
56 119.0170717313801 1.0460383130158162
56 119.22148123557832 0.13964990976834618
56 118.77723760786274 0.5559767172430901
56 118.49339790694373 0.43528280354226445
56 119.04096356580983 0.7148049255895246
56 118.54617474681487 0.30832913179617244
56 118.40250682492507 0.36338260973624426
56 117.98196194416948 0.06951140912217707
56 117.58409408366354 0.5982379878555073
56 117.45742551010851 0.2525512382361932
56 117.3327267440887 0.2344972692482593
56 116.6285919281014 0.47262907455270187
56 117.02527702285333 0.3649178427658141
56 116.30959426823311 0.2607348725055449
56 116.59767407650826 0.4910915086307621
56 116.1228206001364 0.22463396048575204
56 116.14856354489211 0.4478917017690328
56 115.59499907845718 0.238169328082241
56 115.70092045785645 0.44115065353779526
56 115.54281588635743 0.238147642288619
56 115.55010253723341 0.5471417535056732
56 115.17095472875094 0.16825752293465288
56 114.89427724679994 0.901128582844177
56 114.88372777473354 0.07081899020378547
56 114.37270830714081 0.6364009636649037
56 114.39832247453772 0.2129321099892309
56 114.38000605619236 0.07687537473097453
56 113.94855740101785 0.08879719091926867
56 113.82287533285171 0.09892972501188763
56 113.7518888452496 0.10478057368498325
56 113.72129275028398 0.10617202246143177
56 113.70468160234385 0.10642441051879976
56 113.69760795327073 0.10695627264043402
56 113.69317213209827 0.10643177042293972
56 113.69090196088113 0.10645735123117787
58 723.1855789512927 593.6185031897012
58 707.6496437896359 573.4298675151717
58 687.7894915866091 554.1518206539386
58 668.8950978189912 534.5769577466531
58 649.9853476117679 513.637190084788
58 629.6483607957401 492.31104309583
58 608.8117017637354 470.76017041468356
58 587.6735868255372 452.66281268805386
58 570.1527872581516 432.0467456624622
58 550.2937945620973 414.78751113885437
58 533.6111866634135 395.05077291084774
58 514.516962721074 376.7917656324804
58 496.5403368152419 352.9336042559428
58 473.38492840087054 338.52382925535494
58 459.2425126626043 319.6311936001228
58 441.02539512814764 296.5859933053494
58 418.73028956474866 277.6062473671237
58 400.3492733921814 256.73244372579785
58 380.15958414941514 239.1551442590356
58 362.8551996095732 216.96920321478518
58 341.2005354102374 198.75919416124654
58 323.7451135463245 180.78927998628868
58 306.32541305549216 160.55190984109348
58 286.789757513855 66.41560226769306
58 192.8995454532631 52.01882318287402
58 179.20489480355735 36.469119212479534
58 164.61930142006668 23.676394823993753
58 152.67912256494066 12.300044681620278
58 142.03849131834784 6.120502646374416
58 136.29574201541433 2.676628820657127
58 132.61316150322085 0.6653800843298611
58 130.34107877823178 0.11886144710468874
58 129.55317808083723 0.3474291564360963
58 128.6458930208114 0.18293539622210175
58 128.23956652760842 0.3308324268288927
58 127.36427375481401 0.09124039749608573
58 127.00583902627142 0.9288522202768936
58 127.00778341933456 0.159297787959808
58 126.28444742824932 0.3672623159796129
58 125.70727205875434 0.35633201045336105
58 125.86782889718461 0.5948923096186665
58 125.53389649114472 0.5499875966526436
58 126.08006373105178 0.12382958037602135
58 125.16308866016271 0.6888678790192343
58 125.04319899674758 0.18337026608184293
58 124.85584134742696 0.750923374548536
58 124.76858155259231 0.2596456932682347
58 124.71737517005738 1.0310793094241895
58 124.83419161043774 0.0914786728555072
58 124.10084687590461 0.23079174646618345
58 123.7290618227896 0.32903557627335706
58 123.94072992610869 0.8270358783633914
58 123.69062044133223 0.18238756680332335
58 123.35212479428117 1.271096649104655
58 123.82640459695997 0.1458309244235215
58 123.07151973428736 1.5675505309173743
58 123.59872010689631 0.16260454726486925
58 122.56251470704846 0.4054169540450552
58 122.17464721477889 0.21175408145293545
58 122.05373428807772 0.931659659317111
58 121.95026282523676 0.13309314128081323
58 121.30036243291501 0.8947805020287074
58 121.3732499727452 0.5302458661535787
58 121.55504734412769 0.37451285111063143
58 120.76445076383432 0.46019301970921317
58 121.15255401191398 0.8422961130253724
58 120.80329311193447 0.18898589545449426
58 120.29645647645837 0.13921164909929634
58 120.18110401279034 0.15654083437938998
58 120.11558615836978 0.14809545397738116
58 120.09064421135682 0.14900762590606054
58 120.07692692596696 0.14981364318973148
58 120.06819744855595 0.14907758920682573
58 120.06387775276818 0.1490155464411925
58 120.06225622261962 0.14929724952098838
60 729.6747098443923 586.1567719241667
60 706.71004856851 564.3343090042929
60 685.5299759034488 545.2217595788667
60 667.0472148942074 521.0829798452487
60 643.597019543392 500.63965513142966
60 623.6706040776206 482.02674200617633
60 605.7212429024987 464.1037248355562
60 588.3267811782035 440.32083724437456
60 565.3119110662766 421.7637377236727
60 547.4459827025526 405.33715711372315
60 531.7427000092981 384.40949996710657
60 511.57460000619017 364.00004965082553
60 491.7875372845949 342.222980014808
60 470.5485503868135 321.5245649605669
60 450.6263757471821 297.63018525618355
60 427.50337972750583 275.60501547139626
60 406.3836032723342 258.1793950436495
60 389.9402078321944 236.99159334852558
60 369.3594484796002 214.33948088994458
60 347.42811250705665 189.1397273440565
60 322.93982024034005 166.6646162135055
60 301.13034669521755 96.42000119276145
60 231.64521143647414 50.96683677819564
60 186.76089187372415 33.34841636741333
60 169.88444181286079 21.777390421396824
60 158.84738761718148 12.420763325414693
60 150.24214589766999 6.842250789899608
60 144.79901943854497 2.5550584767660958
60 141.12888818998556 0.29626828110290776
60 139.0837027315943 0.0962105499632564
60 138.06982026330752 0.5572103589469086
60 137.24478036764592 0.0722517803941631
60 136.43011020409475 0.9119876999108792
60 136.47556980602488 0.0989000391444726
60 135.89362528736336 0.667944624987761
60 135.42740600400052 0.08557201622999916
60 134.7446867224257 0.5837564492860374
60 134.28504945576714 0.09356518906741404
60 133.77088596787948 0.6438231355563397
60 133.5584722979275 0.5438147810736996
60 133.87155370518792 0.3128967406254848
60 132.94064301593374 0.4685453406442858
60 133.3618004564258 0.29286929189434247
60 132.43511284839408 0.14888267755605997
60 132.2554424118816 0.8563226052550803
60 132.38319663486743 0.11739496597157616
60 132.12259438177782 0.570086908421055
60 131.9542988490456 0.1876310865644383
60 131.99993352376237 1.0681159088810037
60 132.01653471824162 0.22463367684075766
60 131.71700371426374 0.7503324193203534
60 131.52270760228504 0.16070508637028885
60 130.71655656029088 0.07819323674492863
60 130.15823608056778 0.8683160784957562
60 130.18631317359592 0.13387909531931586
60 129.88267441156404 0.6770672834051958
60 129.739460107483 0.14972097955900746
60 129.4351225626805 1.1165452888509684
60 129.75014821528848 0.1415909677186642
60 129.25883164731295 0.8734645396584059
60 129.38061359593473 0.3262864938818536
60 129.36024907358558 0.8609484997880746
60 129.1290417309667 0.13663986898051972
60 128.26239697197047 0.5110439216101552
60 128.12696697885943 0.2936788114066312
60 128.2000221429727 0.4830497219804001
60 127.74840190528786 0.16911710746819117
60 127.47907547768553 0.18169999577034976
60 127.31321355495214 0.18217480947600742
60 127.26446959127834 0.18158424451251826
60 127.23093681790286 0.1801243980408456
60 127.21241589749236 0.17930702359857426
60 127.20392652264465 0.18068306854965552
60 127.20057580547895 0.18035186324565677
60 127.19838225946383 0.18030714481067459
62 737.2194982527675 592.441202762164
62 720.0952423298329 569.2887442777117
62 697.535388000023 545.6651023860437
62 674.5706025916941 523.8061242125292
62 653.1698459983331 501.4890473566825
62 631.298379080244 478.565699500062
62 609.0175730629273 459.60081893680285
62 590.4575826376969 437.58474846178564
62 569.0290608664445 415.7911514014212
62 547.6828449866784 395.7519770849127
62 528.299189585366 381.62287545265633
62 514.5364425048273 360.32861405796535
62 494.1614746277925 338.3720299385162
62 472.8065709000338 323.6417837351424
62 458.5601952344765 301.09660675633256
62 436.7409784533264 284.7410938484152
62 420.8763179330401 264.95124558200575
62 401.39161900490393 244.5013215052261
62 381.4850566377287 223.8450298039507
62 361.59346973188883 200.30902282477615
62 338.9255409259014 180.0018290669447
62 319.1037592924675 161.89122633251785
62 301.8653979706464 65.37403575031232
62 205.9819429088434 47.16593461950827
62 188.36822528079148 30.952619401552404
62 172.95009975524005 19.088266078629907
62 161.93061152483915 12.513262284855315
62 155.71806862017428 4.328651369501283
62 148.31280524242368 0.6985607615941857
62 145.1616636308651 0.25723396374586
62 144.24928702342072 0.4983361956615571
62 143.08793849946633 0.23790576973459515
62 142.40012711603285 0.9972850067922389
62 142.25676770895512 0.1826528192924249
62 141.76632879973766 0.5486031178071532
62 141.24235159178764 0.11032322592367333
62 140.71497254021756 0.7662997007856958
62 140.3266852774399 0.2927156856429132
62 140.20827626005013 0.956955400422949
62 140.02379875155833 0.09238735057662628
62 139.4576430541233 0.4153844695844765
62 139.13595223907845 0.4026980974719124
62 139.36240644806983 0.3655150289800219
62 138.70730065915768 0.1094896711727797
62 138.3687071562508 0.231613391115893
62 137.93121683241048 0.14525303876103696
62 137.8836654901107 0.4529258727424293
62 137.5329644443242 0.29354998131256016
62 137.61992835962607 0.36429838455034025
62 137.03721597409506 0.13896494263877981
62 136.87196008377626 0.9486388176450687
62 136.9921541499567 0.15369567251688493
62 136.6539934904635 0.7785863664909011
62 136.42738601986875 0.13709373638343733
62 136.30823657338644 0.8071634960370199
62 136.4204262798419 0.07158917753693962
62 135.8083316379848 0.539158535834369
62 135.51976799302778 0.14005928506427828
62 135.3048107806564 1.3105094780247513
62 135.50298481325746 0.17752464416550648
62 135.07108807513677 0.4922329016520624
62 134.75462891813538 0.1404489462162964
62 134.61367334725642 0.514606995544287
62 134.36816071922775 0.25913751643998
62 134.43382800425306 0.716762292466639
62 134.27871528984195 0.05925914185653411
62 133.76035713505448 0.2883206953284022
62 133.41063455476277 0.3085755745969649
62 133.40320326103168 0.6004900164526911
62 133.06201015676146 0.26468118473294383
62 133.0706145997016 0.6019177110283936
62 132.8168776825627 0.08373770251983481
62 132.51274070916966 0.4180101181907987
62 132.24191155862783 0.09278630231559754
62 131.98010179045656 0.6782644425376068
62 131.81112399690554 0.14568099038639296
62 131.45792606696028 0.7700379487180902
62 131.3635941506046 0.2849631232962575
62 131.3444522195987 0.4098266085295269
62 130.92683085260137 0.33977323060488507
62 130.9978818501891 0.7028113471499277
62 130.75065524307564 0.22233922031416434
62 130.5878947104086 0.41226444032049847
62 130.19614364742782 0.08509697542519865
62 129.73247473975786 1.0611901516048614
62 129.8813546463325 0.1378910224761639
62 129.07989214208027 0.0484301058064992
62 128.72325858408317 1.0453114642630006
62 128.9178968020981 0.19612102936224368
62 128.58890712144387 0.053535577102401546
62 128.12018582484907 0.09859635738763023
62 127.98502764671423 0.0730790061790251
62 127.9207260790817 0.06865943056499166
62 127.88608853095081 0.062327206721833284
62 127.87160619181613 0.06511793645317915
62 127.86335388283237 0.06396251296015631
62 127.85967748660386 0.06496179091774877
62 127.85779651238198 0.06492800617248598
64 737.1829178698465 583.6925172069151
64 712.0624824100014 560.4049858784954
64 689.3400035857833 542.5885208666937
64 672.0417582320973 521.4711625380875
64 651.3562892319371 503.4638255864321
64 633.7728067077882 487.54540964146327
64 618.4098555238594 466.37552973521014
64 597.7567671582376 443.6272809154818
64 575.6908685868095 421.87149559744785
64 554.4303861603937 402.9110374679191
64 536.1649513910645 383.6130547281957
64 517.3826309549352 358.1960425763975
64 492.5903913564468 338.2548596723889
64 472.98158200706814 318.9212828470422
64 454.43300421965546 300.23906073057606
64 436.4316231620088 279.3301588356645
64 416.11013015766116 258.5571000549236
64 396.01152279290096 233.85729321570457
64 372.25698824968265 211.28871504327407
64 350.2334521026112 189.70546033484803
64 329.2310861042937 168.6770505223367
64 308.64985323043913 98.0768532894179
64 238.41432685712405 51.361199215966224
64 192.3406409120549 33.43952914814119
64 175.25880727707425 19.534713487297797
64 162.2649498166629 11.121995688352621
64 154.1757212307747 5.43499273650209
64 148.80725998761028 2.05671055848846
64 145.5772968537322 0.3480186078570723
64 144.10598045382343 0.1037037029432204
64 143.43909266323436 0.4071595783026496
64 142.7061580619861 0.05595182208608389
64 142.22660096687292 0.4332346461144415
64 141.8004021399777 0.20779682222152857
64 141.7964523472393 0.2195311300614889
64 141.04698886677917 0.13811988277586118
64 140.91653741743133 0.4273909063390684
64 140.59370092549545 0.08156041387368079
64 140.24843437688645 0.6098840485384531
64 140.06142933591397 0.08864250758486053
64 140.03424938806896 0.32936718607311455
64 139.73174298009206 0.04659366664340853
64 139.36262241370605 1.4257830813891765
64 139.82627357444707 0.19646298008516302
64 138.8074851459604 0.07565566015711657
64 138.44732911983226 1.1733727195426875
64 138.721312784141 0.03970331437978559
64 137.93814028915844 0.5560496519595859
64 137.7794006569523 0.08168191126474292
64 137.40256427328598 0.7178030611104148
64 137.2820119218734 0.4980255473744639
64 137.59188837598913 0.31768620357928856
64 136.63015457621208 0.16837708765795542
64 136.68707756950087 0.4366362822578983
64 136.388735557598 0.49365606695081354
64 136.6624688953769 0.3870305807459886
64 135.9133590291772 0.3811204218766405
64 136.0950000832973 0.15131844107189812
64 135.26532693768212 0.18418610496603757
64 135.1578397491551 0.797615141959342
64 135.01140909610373 0.3679237324171617
64 135.088610600037 0.492306053540027
64 134.6213726304955 0.20187505835899305
64 134.40923200964315 1.0838687268400833
64 134.6983341272179 0.046198908506736226
64 134.21983795589657 0.4160511392449278
64 133.86414837269558 0.16757736146647229
64 133.8225624753789 0.8210495959554841
64 133.8352558731505 0.04605772845397694
64 133.2111090352295 0.6821967688220716
64 133.11032466674752 0.048293254984760156
64 132.68111617360938 0.6764478532211009
64 132.48044462490776 0.0624466798592852
64 132.1404202744989 1.0885810808899083
64 132.40398646252044 0.07847878122524184
64 131.83049530911705 0.3135652289142863
64 131.6570893946505 0.0590992325030372
64 131.4929006519064 0.06359025568858478
64 131.42672346851793 0.06582338394102799
64 131.3988800956486 0.06468585590918015
64 131.38270462087772 0.06260271590947382
64 131.37636828208477 0.06267521730381982
64 131.37269092400845 0.06280412275454396
64 131.37035469068496 0.06266245656607433
66 740.8549716777754 587.4424082995944
66 719.2651587423316 566.6248003780661
66 698.9113205439148 542.178857360569
66 675.0694707687223 521.3197565868355
66 654.8395674487588 497.3292025216969
66 631.4551157407711 477.7342016952168
66 612.3121868168766 455.3342815783767
66 590.7055655078802 434.00110569395076
66 569.9721224884654 409.95230391843495
66 546.278660693973 390.36272597897664
66 527.1714694306194 368.9968106377295
66 506.3118772343382 351.0573258462579
66 488.8740731474178 330.68048610412905
66 468.7076954996241 309.15139054061626
66 447.8414037212716 288.0991563119895
66 427.4202520605803 270.2006334582796
66 410.018222274149 248.42960035315718
66 388.7820935086619 229.01998065501638
66 369.9560618870016 208.05963535298622
66 349.59162401894446 182.84904629572776
66 325.2082060994135 168.42836729907384
66 311.11275041880253 69.64682370018889
66 213.13222543295558 54.45516237701504
66 198.36655521672662 39.795421877310076
66 184.11330311781833 26.281503710644774
66 170.9547155092108 15.24443514410246
66 160.69732946214873 5.799584052073871
66 152.23396731956052 0.9241540708264198
66 148.18064057323974 0.02168631875049272
66 147.23128975241448 1.0230513665379044
66 146.95240621933866 0.015504318337309208
66 146.1417852970124 0.4752256698079359
66 145.52423757372446 0.01897657546732491
66 144.98831465963497 0.8800173813824219
66 144.87886905302608 0.0254045419269232
66 144.2337935127656 0.8764819457537636
66 144.33478336530052 0.15332281694715766
66 143.98255755720857 0.6831810217670546
66 143.56256383851073 0.2811560852945747
66 143.39942168701089 0.45464513588591987
66 143.23511920548708 0.3262944950105215
66 143.32140039440262 0.39322229453920976
66 142.70667467588157 0.22415027285547756
66 142.71552602581923 0.8284830930862412
66 142.5396598959864 0.23783224284369298
66 142.47153560884294 0.2842502423797928
66 141.81584853625552 0.409491938372993
66 142.06828976706342 0.5619248570625566
66 141.4697177617827 0.23967119443996857
66 141.42489633917748 1.0543955979271573
66 141.41856662375372 0.0305321558971949
66 140.87796139592808 1.0683945709672136
66 141.08482254605923 0.009395841143695762
66 140.22594436224685 0.7261982489108343
66 140.3086065954187 0.07231496811226595
66 139.853680928529 1.2157209503906603
66 140.18956432252892 0.013472167871852656
66 139.2579484351015 0.6724298357471169
66 139.29330178327442 0.03954194052510664
66 138.9520536090122 0.7271828881616661
66 139.08191953222425 0.09362330834815406
66 138.7927075134694 1.1412086235480297
66 139.19089509439087 0.10511321963603759
66 138.5413307715617 0.06400143880761629
66 138.15339089667071 0.07041749042931372
66 138.0296762490637 0.06696753878278697
66 137.9772546844847 0.05752633257409048
66 137.93692342347828 0.05421435014080482
66 137.91798569551378 0.05278190120379276
66 137.90934952816383 0.05168230210817376
66 137.90547400937226 0.05192939841651467
66 137.90344449904728 0.05178630860968587
68 747.4811291613464 586.6076661303122
68 725.1864328131845 565.0160054449627
68 704.2010002211191 541.2640146482395
68 680.9754719313325 520.8908340585516
68 661.0975755824628 502.01387080432096
68 642.7533644154842 479.32239405913845
68 620.5964062502945 462.17424899290813
68 603.8127426836402 438.184473439307
68 580.3749658729892 420.3097479372553
68 563.031116912938 397.26978473570097
68 540.4828182637802 381.6222634820665
68 525.2262317104946 357.44245632579384
68 501.7059117731277 334.72485679554967
68 479.66826480935936 314.1426799873126
68 459.67665783313237 292.4781969701073
68 438.41841465433083 271.43894872881714
68 418.1643903863214 249.95152021488389
68 397.35542353759183 224.79470941073168
68 372.8877389689501 197.99627152180312
68 346.57282863501746 175.30948708013972
68 324.44668568970235 157.65120919401187
68 307.2428223419464 62.99376340165871
68 213.0633768673839 46.56315470339435
68 197.17290165829564 34.41021419892139
68 185.7698576226827 20.498237374440848
68 172.75482740677234 11.2212908375981
68 164.20104325293488 6.250950199440144
68 159.67387636871814 1.9961106062780827
68 156.04863773873467 0.07688067166047267
68 154.36072066170945 0.21080524146882884
68 153.3778364471158 0.04161921584491566
68 152.85828814903846 0.6903684343377153
68 152.6548304652211 0.29746151935995224
68 152.54839399140366 0.34862737592291737
68 151.9841839316883 0.2658139281633052
68 152.04561226895353 0.48925180602877094
68 151.59497902331972 0.04861939826843735
68 151.25323191491978 0.43696951899371245
68 151.095125879557 0.07470154793350457
68 150.84282713313206 0.6192267779564885
68 150.75524905495053 0.17680649864625625
68 150.80251038741042 0.9222120581973516
68 150.5985112085415 0.08163976760126979
68 149.89030296006425 0.9376418096580308
68 149.92173154490428 0.05137099177357908
68 149.36895368082733 0.6370290295071835
68 149.34257680445964 0.23690354947426961
68 149.319658985916 0.19584034187252447
68 148.80390081775718 0.24289156664680744
68 148.7323793304935 0.2313082140436413
68 148.30820060230494 0.10777337506337692
68 148.06075689393072 0.9979173024587095
68 148.03666603101524 0.28074257325772467
68 147.8773978851445 0.7049399809976917
68 147.54420349022686 0.29399495455779057
68 147.53336990919834 0.48376918810513103
68 147.20063068260637 0.0992728363437587
68 147.21994919756514 0.762211973037737
68 147.2099381738798 0.13074389894269903
68 146.91493089732182 0.9259110466530855
68 146.95612677415113 0.06765696636579527
68 146.57727330849164 0.9444627311206232
68 146.76886535136242 0.07745313207575147
68 146.21183504574137 0.4439269078971192
68 145.9041534870342 0.43252024071061473
68 146.25454843620997 0.49701738357456715
68 145.5574499242292 0.4960682623512783
68 145.93762054618873 0.35781420776791717
68 145.31491459774338 0.409529770958496
68 145.59509294366387 0.44302047415386714
68 145.0497282054242 0.2384740195726387
68 145.10321239304002 0.6355440201083552
68 144.8760397775052 0.0777160397698187
68 144.3844300178236 0.04942198844628993
68 144.24982937316526 0.0500105808569368
68 144.18360101005302 0.05081969622334723
68 144.14677972961087 0.05049647687312804
68 144.12837184400038 0.05157678049804118
68 144.12137709675014 0.05238444535390889
68 144.11656200583982 0.05191823036733259
68 144.1142728047126 0.051585501319663885
70 753.8691251989675 589.1755707241075
70 733.8348791116005 565.9792143414544
70 711.2952368889618 546.7429697902082
70 692.7677016509922 522.9343815049292
70 669.5267547159519 499.1816472489896
70 646.2753146934917 475.0281169299608
70 622.7485724401499 453.5261147235303
70 601.926290662833 434.21072826666625
70 583.2292939300069 420.32438229424815
70 569.4358823512971 398.583908038832
70 548.3951363409113 381.40205294582506
70 531.8838170618465 362.5346370502824
70 513.3062707046375 339.7776357075833
70 491.2589127289145 316.06347029800475
70 468.23386311546415 291.44092434526317
70 444.4314821192372 270.6703066092864
70 424.2366292260481 251.94035118465627
70 406.0548436517571 229.00743291716984
70 384.0054466653637 203.41102743377303
70 359.5106152298073 181.01187372968175
70 337.6130560890176 164.7340455579105
70 322.2667174922581 67.84665515125752
70 226.04726356984148 52.982937495543034
70 211.5607084581791 37.83455474100813
70 196.6858961401095 24.015498104238443
70 183.25406514639903 15.267648946950878
70 174.73774116831294 6.519617046625971
70 166.45460584626787 1.608452520117805
70 161.903263945921 0.039405762441983516
70 160.313060434345 0.49224003706586844
70 159.62928249044592 0.2108118908793486
70 159.3721689393241 0.37905259939821534
70 158.64929631463872 0.25166256140114485
70 158.59112363405507 0.5140005972672441
70 158.17449239758653 0.030194538384428815
70 157.62594262731986 0.6302447987161368
70 157.53013204229276 0.061342279807261736
70 157.22898588015786 0.9215340448092082
70 157.29781813032642 0.10251201061656526
70 156.68713348186753 0.024938690389816793
70 156.28743161123023 0.6169239647436677
70 156.19864041674867 0.27364713823886044
70 156.18741720410935 0.8475064708958666
70 155.9641999819605 0.031303876843091986
70 155.41820327151444 0.22308934052616147
70 154.92520225128973 0.3571980551492989
70 155.1333644626363 0.09933537835964353
70 154.46418197380632 0.026339664132054363
70 154.05543539634988 0.9440542641029162
70 154.29172426787562 0.020289198684923265
70 153.66876987252724 1.0519308685880828
70 153.8493720901391 0.22367217864091776
70 153.4165556831894 0.9511793256938036
70 153.43556242603003 0.024864420058235144
70 152.81030127967094 1.011643352475812
70 153.08116618187563 0.07404575212243009
70 152.5692570367128 1.0906425823593717
70 152.70114261648115 0.032939429173686315
70 152.00351961025123 0.47864094109969474
70 151.90945798261868 0.34497425150618133
70 152.1233190206439 0.7043374927861723
70 151.85273164770905 0.1401048418494875
70 151.52608287144824 0.40610587588657854
70 151.15835873773426 0.1531256066702669
70 151.12478689797692 0.22197958662146952
70 150.5890919100948 0.06294432679328212
70 150.28069563180458 0.8160466172413827
70 150.4622945020669 0.00923245847663733
70 149.98154255038833 0.10421838472999534
70 149.56929354916105 0.01951705173946324
70 149.27754925783907 0.7082437747632582
70 149.21922951800323 0.3406047242808805
70 149.216218928846 0.0573395129591795
70 148.458740038827 0.038779200305387326
70 148.16952544663732 1.0521309608140395
70 148.5908688840784 0.09436543519097898
70 148.0404153715472 0.07768532373282301
70 147.73725598205317 0.027217703127569076
70 147.6088499541081 0.05461727415155945
70 147.54091897296394 0.06147461655054734
70 147.50942044230368 0.05434777344282287
70 147.4907838859406 0.054618337373022297
70 147.48204228705598 0.05420539055283862
70 147.4771606013366 0.0539917802862611
70 147.47492029294835 0.053919831607897754
72 757.2612524374356 587.8639567922917
72 735.6309171439749 567.6218463518667
72 715.9697471602617 542.801814476217
72 691.6097944905324 520.1403595954712
72 669.5286054781436 495.1408307629101
72 645.1450131940462 475.8571686030333
72 626.3321524806599 456.2247936260366
72 607.3293866663764 431.55594590150724
72 583.2867992026233 419.2335914828527
72 571.4811409039377 399.30160162414904
72 552.0207549524117 375.0999571316371
72 528.4595756926346 358.4846602369729
72 512.5182057252807 335.72622832189313
72 490.34004765954126 316.75644541277137
72 472.24682881319507 293.6528885051648
72 449.74093033459826 266.03426231495365
72 422.87929588926477 242.78404066773174
72 400.1928374957525 223.00169519071432
72 381.1586847682987 202.60437629207038
72 361.5939440423965 183.1890951487325
72 343.0900253517292 162.83128513994606
72 323.2343362887249 67.37360716583126
72 228.41092794825607 52.317242561006566
72 213.43021776510835 33.30351463556491
72 195.0786181846737 20.243817471502886
72 182.37139017629764 12.510252502182247
72 174.58881716394157 4.553524028539806
72 167.27960693224685 0.6105872615397988
72 163.8608596821849 0.09481591045750035
72 163.15871361970008 0.6275093127661153
72 162.40557965758913 0.10842780213218098
72 161.93922621168684 0.39913266706178374
72 161.26001417017804 0.30409420202679976
72 161.30046081991622 0.36346286386880544
72 160.74143451565277 0.17832149923936574
72 160.7058883316035 0.8428930172131568
72 160.61933912603294 0.04925039015897814
72 160.21001162326695 0.7309614329274263
72 160.10661996390888 0.07064494837060739
72 159.60292077265964 0.6440463790998208
72 159.50573097394462 0.10907805995479852
72 159.29042269785768 1.1436184554722346
72 159.4817746133643 0.16536694082398348
72 158.9978963446141 0.5336451722295478
72 158.82210559492032 0.05183769228732728
72 158.36126271393763 0.8090589400996145
72 158.33165401934605 0.12421745322246362
72 158.01856390747776 1.0670108519922865
72 158.15605537069305 0.06086311756559025
72 157.5367097650992 1.435328617309569
72 158.0609015040388 0.08912369215498704
72 157.14421659558505 1.3086380476603143
72 157.57952000383534 0.1074667995107208
72 156.8008695440718 1.0664783914128408
72 157.03037959196325 0.1707203089312521
72 156.60258599110588 0.1573695213914183
72 156.11278705137605 0.11420619842249523
72 155.85076234927152 0.6165114075173314
72 155.69627465500253 0.2967131022693711
72 155.7021649392387 0.42759509511254395
72 155.02909460155675 0.070730870556893
72 154.69547069829954 0.36846782328275873
72 154.40976703938682 0.23320424633479298
72 154.47752204965937 0.41214627310441426
72 153.8919804262992 0.34935168516139403
72 154.0490275915439 0.4744891932692049
72 153.57496404227675 0.3063598019159751
72 153.69379901162662 0.42290615210924215
72 153.12187199884323 0.07852620925867868
72 152.93054599285549 0.11677206641185285
72 152.78743662576704 0.11548501913443937
72 152.7142952172712 0.1194262625252767
72 152.67709964022487 0.11935415883566516
72 152.6611889551034 0.11815895523253558
72 152.65245746527575 0.11861046035444647
72 152.64789576875594 0.11884045569643495
72 152.64522623762394 0.11909785627071723
74 762.0903802822675 588.8249241581733
74 741.8447485930873 571.533374839479
74 724.9176704204795 547.3903493996413
74 701.3322183378677 527.52305337334
74 681.7847979049932 504.3950904154682
74 659.3199860656023 480.55578423684017
74 636.0518309175685 454.62144288983313
74 610.7406412336627 433.264276988452
74 590.0621636585192 409.39032373353393
74 566.8402554640714 384.4249620343754
74 542.6269862746403 366.2475170920887
74 524.9261673717609 341.6446484506741
74 501.02207952890933 319.24737193324006
74 479.66353443614764 307.3767520625248
74 468.45147800912764 287.2918150853421
74 449.0284120763805 269.54617486152574
74 432.001536827187 247.7092987363294
74 411.11311355623275 225.45920954205823
74 389.3766611842188 210.19807422075542
74 374.41309164430953 183.79251734272017
74 349.25443317767963 165.5307151676477
74 331.36341697182417 67.64551391897879
74 234.01785675513653 45.89864153858415
74 213.0139357494008 30.380754285070765
74 198.2247404633188 20.45177967792886
74 188.69483131886693 11.7041104867005
74 180.34676837068196 4.8976340589339475
74 173.92422367376633 1.6443312979877618
74 170.86796934411728 0.1621775693037191
74 169.54559635485347 0.4385737064020298
74 168.2643113398028 0.1557202158139899
74 167.4608847710273 0.8420718090717721
74 166.91660000193892 0.14653051280559842
74 166.31794329794624 0.789440599269625
74 166.14504813852707 0.1107976879735278
74 165.5355268218658 0.31263513524698905
74 165.02228052144136 0.2033350996366426
74 164.77295514941935 0.5461351360894964
74 164.4262852244211 0.31647496966410643
74 164.37525169027933 0.9707766806150988
74 164.31427669468403 0.17198259399268634
74 164.04068015700034 1.0084733003561042
74 164.17738647061609 0.08555894312975425
74 163.49208001021418 1.4509286583583954
74 164.04645677544903 0.10704288529806505
74 163.1409615317637 0.7558495976994479
74 163.17719534123464 0.39991590394586257
74 163.2947149604078 0.3882030411837212
74 162.5034309018004 0.18179090035352577
74 162.3436383515207 0.8169455119341584
74 162.3217943375914 0.047348406082418804
74 161.6945067547802 0.914242144239535
74 161.86237172102082 0.23925176516646884
74 161.608175982362 0.38781759130164273
74 161.18129930793307 0.10140042828689796
74 160.85331650163488 0.518395057867655
74 160.84761638864754 0.23502058643042856
74 160.92042852867246 0.5907584840656227
74 160.6278739176329 0.34936614616116635
74 160.58242858388965 0.574318436510681
74 160.3456034902129 0.28001567143529105
74 160.3158834825027 0.46097322627317194
74 160.0129420277725 0.2825601482214647
74 159.99856710223767 1.030618263668948
74 160.06431781311224 0.1503296800497305
74 159.5159757966366 0.6341431712705264
74 159.32054739637564 0.20587448304185949
74 159.11175727079728 0.9518853144843704
74 159.19509768878618 0.23671396290381647
74 158.9533324423698 0.4932393140012731
74 158.5474825240151 0.33122720017637675
74 158.6059036122068 0.5704659009507677
74 158.44571429106804 0.3580062398780191
74 158.43843619890336 0.9533186381244374
74 158.25421344617538 0.174102742919484
74 157.81523209443841 0.9217743581713906
74 157.785030746843 0.12935217574978378
74 157.28994800450843 0.6876327186385122
74 157.27308144160935 0.13341105133755113
74 156.94521958978865 0.576097596536858
74 156.85294838320516 0.10330253700158937
74 156.47769685899212 0.4541961744539428
74 156.25747633530068 0.7363860490790473
74 156.93894811957088 0.241716491820358
74 155.98746454523643 0.051471006815468914
74 155.84114919844055 0.06762856077664206
74 155.6712536717346 0.06484561973976505
74 155.62033185720907 0.06844059420830766
74 155.58234460556682 0.0685099154401136
74 155.57087887808177 0.0687856696582889
74 155.56357205954748 0.06895964136070439
74 155.5600923542851 0.06871627829172881
74 155.55830123776178 0.06864486840625554
76 764.2695027050197 590.3955075691791
76 746.3101463131268 572.5586891127343
76 728.8507090241548 549.0769478631873
76 706.0286576874347 527.3252055945088
76 684.7921091223182 503.2444423470462
76 661.2427156320737 477.3376238896909
76 635.981125629083 456.33230508969723
76 615.6388241281948 434.3856536453328
76 594.0089978253445 417.6189033958133
76 577.6379933468143 393.5697631741886
76 554.1229591568425 372.14667389050106
76 533.3444799070104 350.31593464987185
76 512.0743121991426 328.790065387945
76 491.219402611069 308.41651774184965
76 471.760085613323 288.747166659491
76 452.5553117796497 265.5715618810217
76 430.1110298201276 242.59207894754775
76 407.89241752108893 216.79724541200818
76 382.87262713754194 194.62814626609594
76 361.58567458343754 174.3801890055474
76 342.12981724017493 128.9736084798443
76 297.9786573913421 60.196353845473375
76 229.68190282607267 39.38505359423813
76 209.9932530811517 26.3904422437819
76 197.95940807078387 14.459726739743155
76 186.84043585645324 8.77823401121321
76 181.97511477636615 3.1626148509279344
76 176.96368597938022 0.4669510838834339
76 174.06215212102995 0.20023610852264395
76 172.5853232561308 0.6077652069374951
76 171.65393253241226 0.4759991681009296
76 170.23354202007164 0.14534042882532575
76 169.55630656057573 0.7037223089659662
76 169.30281391284026 0.28283815544079066
76 168.77203542965233 0.3396114284144688
76 168.10646589331503 0.16952149290060853
76 167.56815003919527 0.3409987303178385
76 166.84787474316403 0.16888086914219708
76 166.42378173159804 0.7037462735863812
76 166.1134173493999 0.2043336147202487
76 165.5473258152665 0.6021826104152308
76 165.32169068102712 0.3490996086086437
76 165.0882503245856 0.5385839886005516
76 164.75007971719427 0.4569843422480268
76 164.7044925108613 0.37638834606139154
76 164.00231263474944 0.9832033916187818
76 164.75371073357482 0.21257526026267548
76 163.38484067673326 0.15662788387562898
76 162.81031025407634 0.712212695679494
76 162.61121889709952 0.170433745940553
76 162.39282597314624 1.0400331163619732
76 162.46461210805396 0.27853981857031096
76 162.3643497414767 0.5351141055851606
76 161.78011088166792 0.20812989247771357
76 161.60690011074584 0.32634635945558027
76 161.3215081415718 0.357365108747957
76 161.47658492568578 1.1232233931267714
76 161.49576335088744 0.0988522667073526
76 160.81375630992642 0.5539453636367035
76 160.5728292859372 0.1765900748842189
76 160.46231583792 0.9603225312790317
76 160.6317989564496 0.08523453982325488
76 160.0713482607708 1.3799672875757585
76 160.48996190619735 0.12402238420311804
76 159.6513186205238 0.9752666890795654
76 159.78572538582077 0.2850157771738846
76 159.56608545936484 0.4737861567129054
76 159.2788317358077 0.3501775800263969
76 159.29546891377578 0.7412819123527357
76 159.16041575770893 0.46159272459489975
76 159.16565058586932 0.5609863406406447
76 158.7459853925345 0.6557806796764151
76 159.24255767663107 0.17450871939342372
76 158.44323588498344 0.35611673425458323
76 158.2981308109571 0.1853640622400338
76 158.1660891789513 0.16704015483640444
76 158.10332691784635 0.16202926631950265
76 158.06787830991627 0.16701920677409474
76 158.05303008940558 0.16644571535320338
76 158.04486737619925 0.1661930732672308
76 158.04130324280817 0.1665484484781514
76 158.0393904849157 0.16646533771426808
78 767.3166907941347 579.6163101017671
78 738.0343720407742 557.3505129426048
78 716.2697721477897 534.1628571533108
78 693.5468177936932 511.722308671092
78 671.5915724220772 492.18664309837345
78 652.327409734443 469.6620252891304
78 630.3125886903039 453.0480527001823
78 614.3260114241784 438.8583051977557
78 600.4107116182439 417.942025643796
78 579.9663134442527 398.1155944544557
78 560.6392809285751 374.98406006487795
78 538.1729601477343 348.00058539218304
78 512.0057003614821 326.8328262022435
78 491.57470840063075 303.4830739378513
78 468.7802060328137 287.51853154985076
78 453.13524825505965 261.55060495612
78 428.0736225696566 239.93291250757443
78 407.0923758940762 221.338001171727
78 388.9815438572666 204.4044810793544
78 372.2767699497056 189.0093568125173
78 357.3850326687831 162.8752742602191
78 331.85721369843344 96.70967293245606
78 266.0820799989867 51.347664623676025
78 221.18091185638033 35.926368182385374
78 206.58002935394205 20.096979970505842
78 191.5877929290168 11.22276253905719
78 183.22157663059966 4.027071032863537
78 176.93612936025605 0.48301365612880093
78 173.71783084815834 0.19145055905383446
78 173.14261301394674 0.11258654020619532
78 172.07346182475266 0.09108126353482938
78 171.29300746941888 0.4106160057212702
78 170.63023523354562 0.1318827073926109
78 170.1985759181665 1.2943705972293837
78 170.47874566175477 0.04693646225333387
78 169.69167583081082 1.4281445301492153
78 170.26927144562876 0.1211300438369847
78 169.30809696091956 0.22859341303797953
78 168.90171064313185 0.3705567092605582
78 169.07366723135777 0.7716251827295694
78 168.85736483762952 0.16977326915757723
78 168.50052097986296 0.8364889176764068
78 168.46316522295731 0.07021080195639054
78 167.8086231318273 0.6126524550636214
78 167.71541951605505 0.2607690972436516
78 167.62321510039584 0.13759296038490448
78 167.09555348387985 0.11258942247232344
78 166.8062331539046 0.9430233502462781
78 166.95166695724478 0.3104329314060301
78 166.84122842204172 0.8226132659865438
78 166.82161551752435 0.34636170797028076
78 166.8305617875907 0.9144330539147361
78 166.72089015791636 0.16319186072066025
78 166.16104462675307 0.28805907855562485
78 165.6506466232978 0.5419866412067749
78 166.05886331541635 0.29511153980595706
78 165.15273656131654 0.4285654886496416
78 165.47714739884282 0.36955873091409114
78 164.7688836957334 0.4560582559426096
78 165.06439971988826 0.053608012308430174
78 164.2262258859684 0.24635105272687285
78 163.82465231247463 0.8240586948972712
78 164.70682415102107 0.4284272160684867
78 163.59593693135645 0.39950372924285726
78 163.93946407252548 0.22399482767840492
78 163.2033028068186 0.049125602695744244
78 163.13203697198185 0.030296462404231124
78 162.98157346748403 0.04981820788822879
78 162.91424603193667 0.057804818704721546
78 162.88724074271573 0.05567823633085478
78 162.8694767448019 0.05360085475678546
78 162.8626439488662 0.05407337381624599
78 162.85878816551522 0.05413750234901704
78 162.85661223892106 0.054378431100190125
80 771.6139810609889 585.4453007776383
80 748.7265677628818 560.3739258219598
80 724.1134517755365 536.5129655877831
80 700.777606815433 508.76501820583235
80 673.7355520861491 485.23344192512366
80 650.8139140095118 469.76491262940675
80 635.743305335716 446.7474131347982
80 613.1980017164834 421.3946561865379
80 588.5412777451593 404.2543212431559
80 571.7937762221853 383.6372825435008
80 552.0120848591147 363.04418673207107
80 531.8136426817329 336.5537500854732
80 506.2472532029907 308.9072008740956
80 479.2196075623982 289.25077238478815
80 460.00121143740444 268.62155076218255
80 440.2903358710912 244.82168898570578
80 416.8823257597645 222.2881582262448
80 394.7790122644405 200.22682407722758
80 373.4751253725437 180.41742403697157
80 354.39402462925125 128.74405479439773
80 303.6306532858951 56.30491316744684
80 232.09012214921603 40.51744926571772
80 217.093593634742 26.814643281362365
80 203.97839087231 14.048954469313419
80 191.75421607781553 5.945321957538404
80 184.37250575879835 1.7362016479052447
80 180.8507855537252 0.5882369005824969
80 179.07387268575206 0.13022555280771606
80 177.87369213464694 0.3129464645101753
80 176.88328329361136 0.22184296475499135
80 176.1901538600859 1.0477268079163344
80 176.06132380559123 0.20496674044470553
80 175.47899628546114 0.2112792488548515
80 174.9275979231362 0.2900844745731154
80 174.92825027064507 0.30499105255798986
80 174.15658919273997 0.21608075258350581
80 174.01727536099455 1.1698894409332452
80 174.0816221263523 0.10666965956142369
80 173.3447928587534 0.9089492415612739
80 173.2802158394727 0.13642082459714316
80 172.8168490981163 0.7986188486779543
80 172.78396494587852 0.1464076791429909
80 172.61935284392047 0.34462697251961816
80 172.17125197182236 0.4331535625707629
80 172.7406600712941 0.10755848861224346
80 172.0438473792704 0.11879561248470794
80 171.7307573980767 1.0959442680598996
80 172.11228874312505 0.12635917390755302
80 171.59851942111564 0.5441969060613564
80 171.2873557397305 0.13259480131023507
80 171.19145309554943 0.7367087481720983
80 171.09873866041835 0.06607800512947024
80 170.70527807677814 0.9618815031856488
80 171.06298802272136 0.08564335818212829
80 170.4703885160971 0.5619199439420675
80 170.11563217137513 0.28090099708751126
80 170.02131074207747 0.1954504123217368
80 169.53779103048777 0.2349080401662056
80 169.39760541406656 0.48357375229399274
80 169.1120739800801 0.2104446520293875
80 169.00032477750815 0.5057756669738709
80 168.8254910869979 0.2341407461545221
80 168.83642132736932 0.39152504122685444
80 168.34252522717378 0.46382674975167804
80 168.677946135856 0.0509685172210694
80 167.90266825494436 0.577067992422979
80 167.89654707427005 0.15523743893343422
80 167.64766556236594 1.218553413405079
80 167.9829034584749 0.214499954397776
80 167.3967499300943 0.8609355146339859
80 167.28036431874114 0.16659643180502792
80 166.88646410630116 0.8193679471037062
80 167.02475889662216 0.20372578293467913
80 166.6908052213029 1.5471984247120631
80 167.24615382468994 0.1543015249942008
80 166.02811397646366 0.11073708637183184
80 165.77532908947475 0.14432430318365733
80 165.65374292252315 0.13654967950102773
80 165.5879582049329 0.14101578438797124
80 165.561137501983 0.1378869028945005
80 165.54625832338044 0.13841122697143898
80 165.53867184781143 0.1383463807327143
80 165.5348568668062 0.1381036739352209
80 165.5327565527774 0.13786009927867338
82 774.7871717997033 585.3856548824688
82 751.3074445830779 565.2309572586801
82 731.7625944014535 541.9410474043018
82 708.8865367052767 515.0065387459613
82 682.6408521558812 495.8801363505061
82 663.7976024862271 475.44355127531185
82 643.8677228511835 451.9262416667668
82 621.0645859422756 429.1498682316863
82 598.5809747693681 410.5361305133348
82 580.1939575204468 386.09821570733334
82 556.2562268940184 363.2739012534425
82 533.9634083163627 340.9840677768417
82 512.3850390621078 323.61905057820775
82 495.61275713896305 305.9061425051035
82 478.4964488084319 283.44782577536256
82 456.6024107786999 267.04403358948747
82 440.7345487270426 243.54787079840844
82 417.991779156047 223.40212275098193
82 398.3110841308886 206.80294448679695
82 382.1032690813837 183.70592045343415
82 359.4779885594435 162.02647472186806
82 338.4147639738207 94.09635486757617
82 270.9574106337614 47.91611409829634
82 225.55184969106688 32.049302425270476
82 210.08915682974583 20.626942551608245
82 199.3576311510289 10.921351776784894
82 190.23238405487876 4.588441805734577
82 184.23714413347926 1.2524124163950923
82 180.8203781459614 0.13895160547361038
82 179.86148076329766 0.4862735879985447
82 179.18027622222743 0.14681583257902991
82 178.5928024648931 0.37517294181027355
82 177.88301231079475 0.5590118341111371
82 178.14413579827573 0.25476620673933825
82 177.3194331635527 0.17148950965896823
82 177.01160167185023 0.9169079747058206
82 177.05767086825486 0.2619366849243213
82 176.83112165951127 0.3077913059360329
82 176.31045407978297 0.12993675074575112
82 175.99128308424173 1.217426200977247
82 176.27864537116946 0.2669040431123816
82 175.72838113173768 1.3807107954213853
82 176.06019980991033 0.1433651814393277
82 175.40178698295196 0.9807771463649195
82 175.59536566805787 0.18758179230623115
82 175.1905163531173 0.7088457738566849
82 175.04679775613883 0.16456855485312524
82 174.9469957659448 0.3310642182741975
82 174.5554601702075 0.06232203032913875
82 174.1804973683854 1.5234414215259853
82 174.81386984412555 0.0425697624340074
82 173.81394020622892 0.669439564605774
82 173.805491322783 0.21927555313504116
82 173.63795822545342 0.6387496306017013
82 173.64541963580254 0.14303767332988332
82 173.55237482446643 1.2237226551741676
82 173.90680483154853 0.0911101166486909
82 172.92893171176414 1.4474991564959994
82 173.5830751972075 0.09180724312500148
82 172.58732217515305 0.8283245368336428
82 172.73313915552086 0.28565258960948525
82 172.61213605963914 0.18150075692770543
82 172.2008627176128 0.1325446620035884
82 172.051349781086 0.133146018558999
82 171.9774173522396 0.12452386974325017
82 171.94802712656707 0.12620241634823398
82 171.93035796732548 0.12391682874302473
82 171.9225329580892 0.12397361090953149
82 171.91776601240866 0.12407423108137974
82 171.91561097017726 0.12404401484594023
84 780.5516141447605 584.3014736520224
84 756.4772184926809 561.3839267690679
84 734.0788756667317 541.906220596271
84 714.9949295812434 520.1084805460798
84 693.4948350090726 496.1951729624081
84 670.1997282895393 476.61229858197316
84 650.8842707154233 454.86687066410343
84 629.6248291538337 430.2120437445778
84 605.5559814367318 407.03288809282645
84 582.9378530735569 384.4404899748244
84 560.8790958010111 359.17588069836586
84 536.1496236246044 339.2968221413506
84 516.7688056916927 320.9997039330003
84 499.1468612681392 298.91232387546427
84 477.7415255502942 277.9643042545255
84 457.412508295227 252.68781614674606
84 432.90007926662884 229.7363589822532
84 410.42777993223 205.1492306270686
84 386.66022298711454 179.65636752922842
84 361.67558748245204 156.4208764374775
84 339.06221374542923 57.15330365018835
84 240.58741862173247 40.743112764331585
84 224.5743786445727 25.22852579486036
84 209.93191560504462 14.168004194065354
84 199.2954646550383 5.457036905159819
84 191.27419906993916 1.0927606423822211
84 187.55229340361993 0.1531022362866718
84 186.46219580648497 0.9197160621845368
84 186.32306404200867 0.26235052064968184
84 185.93139977673695 0.5535952032042489
84 185.5242664202738 0.456800002777359
84 185.54138833438284 0.38619375521599275
84 184.50807227358257 0.15972069414091158
84 184.01493515651217 0.5928507404818916
84 183.50669763320167 0.09758727022500716
84 182.99753352782875 0.4313114473116641
84 182.8145740725789 0.5231776610950848
84 183.28261581598082 0.5165673028122123
84 182.64045435701465 0.1463540952355313
84 182.66691923587751 0.7287206760455861
84 182.72240924428252 0.3134615801163611
84 182.7078017534702 0.23949504239284297
84 182.17734571591825 0.33441538647115143
84 182.40370807371215 0.206748844697223
84 181.75894907273513 0.1197022345359884
84 181.4618809605906 1.1735644730004289
84 181.77164459652977 0.0676651737948038
84 181.13515830240476 1.5657381225448468
84 181.82101588954765 0.14368604826927586
84 180.85655994612773 0.06762411131011697
84 180.38297008606713 0.6176777616582605
84 180.25858171763727 0.07881934590030643
84 179.96874973435564 0.9353361521183923
84 180.16115183160952 0.15095124036099425
84 179.86025707190223 0.8215729919426177
84 179.9907813709505 0.19960238467198266
84 179.76920538221984 0.7949052384150814
84 179.8014521592691 0.09512348532246913
84 179.47362053836105 0.05801941526312476
84 179.21975718048532 0.09138535583269285
84 179.07594280774893 0.07478826964059251
84 178.99725544712797 0.07602331713823922
84 178.96629778079293 0.07146685781703882
84 178.94948855370922 0.06767850442622635
84 178.94024523338922 0.06743606244711646
84 178.93623021303884 0.06685648074248293
84 178.93411450115178 0.06690090838911132
86 788.493060869968 586.6469116955831
86 765.8098335165104 563.6467956131552
86 743.206591448077 541.1236574055533
86 721.1647509577242 521.8421467867063
86 702.3114596537562 495.3186653096786
86 676.2944646563272 470.8307405122913
86 652.304690153807 451.84015548543454
86 633.7370164001834 427.4426282637789
86 609.8150302128638 412.40415915528854
86 594.8731982030382 390.30829985752246
86 573.2572444932413 366.2480936943324
86 549.5807758591384 348.19848359818104
86 531.86589062496 326.91874263567786
86 511.07080724489674 306.490467407039
86 491.1813790494706 284.2433312785686
86 469.5392912832192 261.1026957447371
86 447.1473762827596 234.38122901872973
86 420.9175661005065 212.41161818876807
86 399.52202668616025 192.7729163959957
86 380.4261797882783 168.2979056365408
86 356.5109157268052 65.51335755737456
86 254.5010887980714 49.89648504745355
86 239.653713270157 35.28664069846751
86 225.80844371862173 23.053315309071106
86 213.88916861810583 12.907259206171371
86 204.15902230564424 6.03836057171424
86 197.950125237047 1.172882484564965
86 193.58303480514954 0.03603785728507238
86 192.72813972887258 0.3107004004235377
86 191.75127674974954 0.056825145722294336
86 191.24394059336103 1.156777245601764
86 191.55446060753505 0.1759870414634712
86 191.02955405837088 0.6581095104538466
86 190.6647173521295 0.3163729244982693
86 190.69938961624604 0.7739047902027193
86 190.38838616715162 0.191839355449062
86 190.13925330174263 1.1773098337661478
86 190.19549308751462 0.13934200169309263
86 189.55760510747092 0.8825982253655493
86 189.6536075465349 0.0568355912932207
86 189.11818720899427 0.07708111200367697
86 188.61085595917493 0.09998256978084546
86 188.039537683136 0.08431446763071408
86 187.6726101546008 0.1382780310771271
86 187.2610480386715 0.07479084279281112
86 186.9215230758014 0.5336054756141717
86 186.77211599002834 0.34111765943620026
86 187.03084730509053 0.47022757192339304
86 186.5575624330671 0.2703329652354057
86 186.6353226090097 0.9608446737553286
86 186.6865716037058 0.33558324660549455
86 186.36630390528336 0.7049312391074576
86 186.15979867627752 0.13942747398524102
86 185.88840965569972 0.674329788981059
86 185.94526131017687 0.07564019718515984
86 185.44789149662807 1.4827517494925222
86 186.06385026240656 0.09298135448399167
86 184.93481428509688 0.3771066550603658
86 184.56256051328995 0.43344343607602875
86 184.7734433937585 0.38485061020811373
86 184.03244189133508 0.1191132935855987
86 183.9535188350311 0.1660248547264862
86 183.79158718667261 0.13270870130712753
86 183.7142930298188 0.13762155466932266
86 183.67902570266844 0.13625209291972903
86 183.66450563726403 0.13667309046149856
86 183.65510258329977 0.13592477567352423
86 183.65128086584298 0.1356746314288316
86 183.64912389248022 0.13576147969940439
88 792.7019790371527 591.2787730650914
88 775.3119249653098 570.1838461717035
88 754.7223789635711 547.4443570086352
88 732.4876931732942 526.987057758892
88 712.4507738501422 504.51972509759855
88 690.5285456394674 481.7893468114943
88 668.3793845813796 457.76276391987113
88 644.9831522394109 435.7491420276771
88 623.4805509307041 418.90563908954624
88 607.1856376390824 393.92050726645203
88 582.7486463016371 375.305065880307
88 564.5787192203272 354.73973430709464
88 544.4020995882013 329.24393615385793
88 519.4180134683461 304.1041254592924
88 494.91263964539064 282.81118335362396
88 474.36298354517464 258.886385271464
88 450.99142400697326 243.30242233708833
88 435.83476446147756 216.76376468397595
88 410.0816726857688 192.39541657361414
88 386.2331961243964 176.81140600447122
88 371.25148051870417 156.1497275993018
88 350.7058085082699 57.38265691396347
88 252.5374716474766 38.21109632516128
88 233.9444031192147 23.139484850213734
88 219.4159290617199 14.765850459900264
88 211.63150969867866 6.059706034716328
88 203.46111862531785 2.149051063856076
88 199.74717303914494 0.03406583526188925
88 198.2273323665193 0.37399018609102525
88 197.5982902325821 0.18368774844692976
88 197.3436405309854 0.7410030974270992
88 197.1854056811932 0.1356872286966539
88 197.1085629880999 1.183455618621751
88 197.41627560087207 0.11041411796249108
88 196.71614162144974 0.7108209111597698
88 196.63712363375043 0.10873828455867829
88 196.41990366853554 1.053586978164995
88 196.54961872440606 0.015459085143330865
88 195.9207479910771 0.13916257888408518
88 195.51341476849964 0.30655002603967885
88 195.61518848191935 0.5717515651277183
88 195.1039192197144 0.13476509031632875
88 195.06125692769243 0.7176532836732368
88 194.93032058306656 0.3039849520236408
88 195.1462491212858 0.379740618917511
88 194.58326059270783 0.4453447234509074
88 195.00415587744698 0.48440053021400076
88 194.3285497064885 0.18826398860490118
88 194.53364872121375 0.46980796059483676
88 194.12607382414745 0.48930821182949036
88 194.45417393451908 0.6428069776201111
88 193.90612875962972 0.43567602917675397
88 194.13626444828114 0.7157174033395516
88 193.79869140525398 0.1468102857812463
88 193.580660633472 0.93924784026566
88 193.6393757531562 0.07495633661933884
88 193.09909164871783 0.9161616039737435
88 193.2711520196189 0.03300553633950903
88 192.52995338861882 0.16246181743258398
88 192.33235873011571 0.027584227706996606
88 192.1890324956354 0.05006131888365583
88 192.12120802568353 0.04713063267342839
88 192.08269026366835 0.047815470613826544
88 192.06252700787405 0.048919467272938666
88 192.05588058176588 0.04825929394923372
88 192.05138216628052 0.048296104867907426
88 192.04946149771084 0.048366714663891135
90 801.5521516971721 584.3400382605646
90 777.0601202008713 562.8195660267621
90 756.1795491506502 535.7791846050297
90 729.8021406704701 510.2358561841203
90 704.9315460332845 483.15732519239816
90 678.6209754540544 458.09704844409043
90 654.1497459971702 431.66957646004755
90 628.470306114561 407.2075829341127
90 604.7038722420167 386.65572021018943
90 584.8067203212713 363.5626154464045
90 562.4533526224352 339.65294540563514
90 539.100583471767 317.2766360083479
90 517.2158786341074 296.7844525912544
90 497.0362868679336 270.1325708622693
90 471.1807196912599 251.28998812688815
90 452.31124479626794 230.75159750573619
90 432.64707455527844 209.09949429017473
90 411.71546759358887 184.14143754450052
90 387.1976121344161 134.19211061096527
90 337.8449370542829 64.90118451036435
90 269.13931559022456 44.86597604935259
90 249.6587053481139 31.79065354307336
90 236.86739572276923 18.745325454755207
90 224.3238274219283 11.88815038710112
90 217.91241817515063 5.665383075624867
90 212.03234467711613 0.6775990886617824
90 207.50664861371553 0.06927572933726059
90 206.57632372990457 0.3221835856398937
90 205.96345097055868 0.2739182562940996
90 205.7183387576452 0.70339056588247
90 205.28472742838417 0.08401306242398231
90 204.81828902385683 0.3542587672533919
90 204.25031235011156 0.33998234491987217
90 204.31960833690087 0.6672743959679712
90 204.02745969185338 0.30058450922963437
90 204.03865893347088 0.29701450750802405
90 203.18348258453545 0.3189654738856535
90 203.23650036743732 0.09760863524908919
90 202.40161693248677 0.058069509516345263
90 201.8272091694104 0.006313094856981401
90 201.27735911729337 1.0302176081539518
90 201.58217468753878 0.11475372032775033
90 201.0951175592473 1.218583666878542
90 201.39996077022948 0.028487813688069633
90 200.4241909533417 0.9152094395555624
90 200.56916439885214 0.06476519180081901
90 199.87279524387927 1.7184696988177968
90 200.6683328261812 0.02624225760280218
90 199.35235541817616 0.8324390214906976
90 199.53016349262361 0.0667388171829397
90 198.8255867759168 0.5705873370775493
90 198.64325966558278 0.07866651362210557
90 198.16158438994879 1.1764587152205588
90 198.59962987494603 0.37803408678434375
90 198.18362732862954 0.8334665210677129
90 198.1382926493184 0.1261898337655944
90 197.783644016302 1.1153872666703113
90 198.01927021234047 0.10289731720412623
90 197.1361655960495 0.2907523369483965
90 196.8966082655523 0.11314350698785659
90 196.76740192056064 0.13189782467267075
90 196.689793269813 0.13279732331583857
90 196.65223620017179 0.1282602811820214
90 196.63546826158003 0.12778807889178537
90 196.62650223523644 0.1274545451059085
90 196.6220802749086 0.1273144015576091
90 196.61950314116993 0.12738546014191496
92 805.762970016794 581.0726210358274
92 778.085131525201 556.7052587664923
92 754.1589183582242 531.5943731851446
92 729.6508582646552 508.9902493122578
92 707.4444732890908 486.1457926210777
92 685.2210264652559 458.9240207767298
92 658.7639626153764 434.67389223871055
92 634.9642345680082 411.67830103883585
92 612.2517610857113 387.2688083886322
92 588.3160969660925 365.93230677467227
92 567.3873087258877 346.9600577135657
92 548.9194737068439 325.4907056199774
92 528.064491548474 304.1769448856146
92 507.2728481009492 283.77759288812143
92 487.3056840965773 262.50825876275474
92 466.54695933801577 240.9263586938315
92 445.38507575099436 219.16376464765406
92 424.22054174623247 200.36147146876402
92 405.7473994998127 182.01483635195802
92 388.060090276193 161.2615442097698
92 367.9866857604414 65.68475098853615
92 273.209610184853 44.61721442809288
92 252.63270482571272 29.934914851487232
92 238.3660169846366 17.45120733511959
92 226.05083197136682 7.799914021916704
92 217.02813836888305 2.0270496966757854
92 211.69576494551336 0.0992819561473468
92 210.22025991159518 0.6540864442771825
92 209.83862114730255 0.22371003630441824
92 209.63841165992096 0.5202931210330821
92 209.09010720897535 0.5640198160426992
92 209.53995281876053 0.20826270470907984
92 208.57944611104932 0.18807478043827186
92 208.57089445891773 1.1087388109503267
92 208.71834198989717 0.48922623191121695
92 208.7233985168202 0.7185740130898459
92 208.22785657206364 0.09101854995277342
92 207.71646913942058 1.0582692756340797
92 207.88951105050242 0.09498462168379693
92 207.1059096011722 0.5415758396240654
92 206.96575547874332 0.32091850472227834
92 207.13815798611395 0.41754688296827625
92 206.50492824895716 0.561343110410778
92 206.9047066869323 0.3261280864867687
92 205.90061731002746 0.4042900031984872
92 206.06668307662343 1.083589747359531
92 205.98546789486667 0.07799862288166698
92 205.27563992656567 0.6007961946340974
92 204.95447377839827 0.19342549793435
92 204.80570167208083 0.5126976430035223
92 204.55041293157504 0.17445044048313074
92 204.4400489105687 0.44389598607082215
92 204.22043773117196 0.35434367483547646
92 204.2602115402338 0.2824771913243335
92 203.56811662256771 0.4409433051855962
92 203.86244467098066 0.06750540655235748
92 202.93200251597668 1.0278849363766644
92 203.11269895789226 0.09153364229393551
92 202.4612999382811 0.23200518483571714
92 202.21112254286 0.07363113852381967
92 202.05006867665787 0.08031561333273891
92 201.97733926232783 0.08647419195299433
92 201.94006685192835 0.08643279131772809
92 201.92391397221004 0.08573392943567544
92 201.91579576780168 0.08458575893071367
92 201.91178522015454 0.0844868676453619
92 201.90931299197757 0.08438204974651567
94 811.1821889729581 586.4203667919643
94 788.8517832888185 559.6188466717988
94 762.6501881458759 537.1992495501488
94 740.903854538153 513.6085730138907
94 717.9698414288164 491.6941157854682
94 696.5831100136243 468.0757550226988
94 673.6738015527213 450.74172129311523
94 656.7841000969376 428.2980969914596
94 634.7038720405883 401.4366545887271
94 608.6371162950554 377.11253497025865
94 584.9344912839374 359.5972140159121
94 567.9912099612882 338.75096424094363
94 547.6907815056799 314.0718753178584
94 523.619504369874 293.31125016207824
94 503.25500465109064 269.16082908890803
94 479.7354351874716 246.91950763270796
94 458.0848994819736 222.21716730163044
94 434.06875037526885 201.69776775701865
94 414.2197651667715 184.7068850646383
94 397.818530069253 158.7543862007612
94 372.63965544461075 61.260216521125635
94 275.52040988348676 42.41430666294617
94 257.3226895305633 24.127596112922944
94 239.63577260719546 11.598084036889599
94 227.4922984871261 4.532103730530458
94 220.65268734160028 0.8984979477160697
94 217.19499717432808 0.15853388163005194
94 216.29127872686556 0.17442153277228795
94 215.16785560331655 0.1984973852504279
94 214.3392862242122 0.13734962933843065
94 213.84395250657622 0.8488739025863115
94 213.785393647503 0.19066553894504715
94 213.42097194213275 0.6795094167795217
94 213.20490702352316 0.11319981374401855
94 212.6638505491017 0.5774350275763515
94 212.49444338751152 0.26050307690016206
94 212.39035469134726 0.5117203804880731
94 212.11064767368921 0.9669798517213986
94 213.0088684677933 0.09770417472980766
94 211.59726495904388 0.027571004462022874
94 211.1174068990285 0.5143636974243881
94 211.03801331557275 0.09882648110568763
94 210.68778453965393 0.7015209698560645
94 210.5948374822315 0.2098337429701659
94 210.37618748232214 0.25985183866113826
94 209.99831578747717 0.2559814373810045
94 210.03868413722955 0.19914409888011775
94 209.5054355674056 0.2894608018416386
94 209.6168351204547 0.21945381001129716
94 209.18821226173867 0.7206531637006709
94 209.94965114052462 0.12331906905308385
94 208.94219741330892 0.22625949921680139
94 208.89686172022067 0.715202013017397
94 208.6450885252706 0.027478029021871058
94 207.90916889110125 0.30183514516058063
94 207.6918324584133 0.18128837164067635
94 207.60058933583528 0.6985896696716627
94 207.50690396567023 0.16293494656761773
94 207.2583492370056 0.3149521317085209
94 206.69259601798652 0.5721528627262685
94 207.10523701824062 0.34501314023438423
94 206.3558100572135 0.37536546899858036
94 206.51343490268488 0.39584409080372457
94 205.87775154135505 0.15355927257372817
94 205.71556349514177 0.5171453490950646
94 205.4331795428057 0.4031029399428587
94 205.61180922846586 0.38320959508824043
94 205.04006455290366 0.4542520262365559
94 205.23117976094323 0.6706481997709707
94 204.89959798086193 0.11996903406528438
94 204.45231447648914 0.525512858279094
94 204.37320902218025 0.23853234400687845
94 204.32495494399518 0.5966240789564728
94 204.11724443488274 0.24622004090842903
94 204.0286955005728 0.10909658620596067
94 203.33854387628315 0.06227444143078968
94 203.07284912835095 0.7743577538126822
94 203.2406228959111 0.208596995275303
94 202.97695087480818 0.5813272607028779
94 202.75179752843007 0.14206050416190938
94 202.79846949713547 0.5442550558537312
94 202.53716962398462 0.05574142929254316
94 202.0876410596925 0.03057835688769005
94 201.93025403191598 0.03315215249946002
94 201.8565351969389 0.03792412957545747
94 201.81831916063473 0.03917006954267021
94 201.80009229580006 0.03778210261049056
94 201.79358180523224 0.03873568891260976
94 201.78914250419479 0.03867365623018419
94 201.78685059214777 0.03894383297804681
96 810.5373485634956 585.0279531796176
96 787.3321894879534 563.5164705044549
96 766.1440556511332 540.3200164915467
96 743.4566197725588 517.1163362234176
96 720.8818953517591 492.0515829216798
96 696.5166076502909 469.89622965556646
96 674.839465271513 445.88693657102715
96 651.2504405854211 426.6452585134584
96 632.5606199270869 401.4651535310754
96 607.8124458344346 374.6230403704276
96 581.4688884520654 350.5099388324062
96 557.9832678495353 330.322916671526
96 538.2283901406477 307.11523423452513
96 515.7482467227961 286.9399984771204
96 496.5488404386911 269.7317457685356
96 479.7555465659745 244.8952806588478
96 455.5664792407746 218.5422327027897
96 429.6384864098528 191.5826105160101
96 403.1599092686165 167.18275664807214
96 379.5205398941429 94.66278433890278
96 307.43049085165006 47.92488656648165
96 261.33961795463983 35.266289971720965
96 248.85795284778976 22.179460085047815
96 236.06066877632995 10.501826440687497
96 225.0570027000918 3.700409862767661
96 218.83888660122946 0.4491656167509104
96 215.89288069199765 0.18188877812633472
96 215.27834161808585 0.6668526637309642
96 214.86759254922057 0.13971316807830791
96 214.37916909653126 0.5509688523251363
96 213.80800938619802 0.6490355939438028
96 214.11457957067876 0.14461565641494012
96 212.98888943863093 0.0728815023188017
96 212.36663065667477 0.4192468613384819
96 212.03016473519298 0.04531283719443108
96 211.6499753996792 0.9483763419587273
96 211.85282510479792 0.06064212326019507
96 211.37668330780247 0.7499501530034973
96 211.3108973447975 0.4336623994297369
96 211.30669128058983 0.06926787517423068
96 210.4582067845517 0.05319755336503385
96 210.03257846130933 1.084104495088824
96 210.39303167374985 0.2100767962885748
96 209.86371487915875 0.5179605013843566
96 209.7014833632789 0.25260235920897633
96 209.73500827719934 0.4578958601083442
96 209.53037235100012 0.34735613748419003
96 209.49281485981382 0.3821949989794278
96 208.87629981873877 0.2757265393038416
96 208.81157003031183 0.1914727114137475
96 208.30436916862143 0.1603194094584564
96 207.99095836185228 1.383033771930774
96 208.73477788452718 0.23859072396273226
96 208.23517161183392 0.5034838226911764
96 207.9172908885571 0.593663672198371
96 208.3056328178936 0.5992334986346327
96 207.72229278759954 0.21686411017394286
96 207.53392005655115 1.3369246134632808
96 207.9740172973907 0.0842631175043128
96 207.24763707029587 0.8896019242705901
96 207.26551231162904 0.5105355418874283
96 207.3579295186675 0.07253794478556075
96 206.6124663654425 0.410319880692426
96 206.37522552558207 0.29062756724703537
96 206.26409600146974 0.778055180623975
96 206.05031154656314 0.456836963884572
96 206.13262598841314 0.2060556975255498
96 205.2558213211911 0.17108748022663264
96 204.96666087012918 0.1564651343017575
96 204.8231814312204 0.1466229026859722
96 204.74717315756894 0.15169815710871307
96 204.71464946584464 0.14889761439988358
96 204.69807625856825 0.14686223132601547
96 204.68958394567224 0.1466652178433848
96 204.68542310353962 0.14711994318652066
96 204.6833236448465 0.14724473106466107
98 813.5390226686657 584.712609190825
98 789.9116091685637 560.7135426485365
98 766.3572308110988 538.0781560779391
98 744.3206156231976 520.1204508465485
98 726.8809997201754 498.1363996567545
98 705.4176328174533 474.2232654660783
98 682.1452871337942 454.40159923297864
98 662.9232192554606 428.09937760567743
98 637.3464509430238 402.70114442949364
98 612.8518283805597 378.726118989583
98 589.6496087235232 356.9321728238206
98 568.3664209082096 335.137087260875
98 547.151738058848 312.4862582545762
98 524.7663655712591 295.2644727201048
98 507.9075509747395 273.1335419923431
98 486.32988682751574 251.67218390419907
98 465.4731595010186 228.10735587182938
98 442.4288357701081 200.95818231804066
98 415.943487791895 181.80994743947298
98 397.4338422737544 162.76225604848315
98 379.0006828048 60.179359858634506
98 277.3600589858495 39.99615619870284
98 257.7934689946638 26.0597751739509
98 244.36250257836755 13.658120536609477
98 232.42311816256185 4.742357657733949
98 224.14965020826497 0.9617304451159409
98 220.1166629671047 0.24252532229685184
98 219.17761576336758 0.33108621352995177
98 218.104534828822 0.08391635269963531
98 217.57279337596157 0.843279913643726
98 217.31661451500716 0.30822351355385047
98 217.08490346888993 0.31529300397180604
98 216.37083533659606 0.5408738952465295
98 216.52703822915532 0.9340280002284608
98 216.07435355759299 0.07034501900919436
98 215.45183214213696 0.35837222713529815
98 215.02734960840215 0.3311483842604528
98 215.21878158145125 0.8165663514372632
98 215.05338063556508 0.3439635741819931
98 214.99253962435733 0.48479460358297827
98 214.49934296072703 0.0940930742989748
98 214.29298043708764 0.873917714501329
98 214.40195433522888 0.05505018574834903
98 213.80178139536488 0.9952404057115778
98 214.1489895497967 0.06467752445622521
98 213.55244034817105 0.8858789823582816
98 213.9281371349229 0.18220213647551492
98 213.62765242040342 0.6455224618079516
98 213.40011835103104 0.1669799518571893
98 213.09429111704395 0.6385058634467009
98 213.01437003415128 0.2406745966020578
98 212.73459090365768 0.5380997735729109
98 212.43369419450855 0.5082826671837093
98 212.72469884810454 1.1233720376995735
98 212.60429507129723 0.06494397917209191
98 211.8768394125959 0.8246626883714288
98 212.10438249808792 0.27039432298892285
98 211.97333829151714 1.005028754809533
98 212.02561987451898 0.2914491698873876
98 211.68298022594178 1.0497470598579353
98 211.78504907775562 0.17074542082377284
98 211.09183604722733 1.0727116713580278
98 211.4463952954026 0.43638540072140286
98 211.18442881312475 0.06758398783971906
98 210.59100918784011 0.05314732891821966
98 210.42228268584986 0.06257972182600413
98 210.35464735803197 0.06272622562832073
98 210.3238523391909 0.05947610698653944
98 210.3088593082721 0.05960712853276336
98 210.29964606919594 0.0603259776791011
98 210.29509044142708 0.06049763246426464
98 210.2932210048706 0.06070111649813653
100 818.7056836841921 586.7853239526211
100 797.42330186102 565.6083062058226
100 776.8120306358784 541.6492584017618
100 753.393800288367 518.3068795358037
100 730.3794338284412 501.37989774397874
100 713.9292753771724 476.9507629011582
100 690.1275586245174 453.9599999225108
100 667.7369462683336 428.7797618921618
100 643.2468514864648 404.15505855809994
100 619.0358582626299 381.2405932011065
100 596.5500782300396 360.03945508418457
100 575.9102903446785 335.9047166405427
100 552.2320131514833 314.4606776655623
100 531.3211364125659 290.82017009554704
100 508.11873877391986 265.8757799384026
100 483.8426527037335 243.85378060164828
100 462.2191577822618 220.6842968857159
100 439.6402574446066 197.96203785173105
100 417.50620908340255 176.3059453064053
100 396.4675323453366 128.61721054128802
100 349.2104971146081 53.21476102341869
100 274.4732841883161 36.90328875230769
100 258.48557804661317 21.516548707840517
100 243.6025463354894 9.898109246424736
100 232.56378504247044 3.594338624745912
100 226.6949241528376 0.5979086570215464
100 223.92470655386776 0.17308051987703293
100 223.18715174902192 0.9178959909336382
100 222.90931209074236 0.24239623105090696
100 222.44116860746246 0.4940255238126197
100 221.9661931986653 0.23126996317171494
100 221.59440581306112 0.9882383103806799
100 221.5491572828226 0.2880728585160143
100 221.3552282129066 0.8071615366671108
100 221.10708449679603 0.49382986794299744
100 221.21238650563848 0.45968213698061694
100 220.60926097804392 0.20789455450174182
100 220.2906134092511 0.6242306438651037
100 220.11387565090092 0.29405662916974595
100 220.05608043847616 0.5187750504254355
100 219.63897495038225 0.21494131603429026
100 219.6064969611363 1.2994058232140522
100 219.91812685931302 0.24660019961324894
100 219.48000502350226 0.686438233946173
100 219.30804475300732 0.20555967660211316
100 219.09368259453944 0.8633591680424739
100 219.08169727279758 0.35268191042492303
100 218.993240767801 0.6527695503765975
100 218.4531285873595 0.2621601674125806
100 218.30861186870703 0.6778958748459846
100 218.25086150990737 0.5891219024271164
100 218.6025967835549 0.547861831152075
100 217.90275824093365 0.3049746887541971
100 217.7415662745127 0.8937619630462149
100 217.7063402867298 0.21794138791897102
100 217.17274719603654 0.8327123982362402
100 217.08828374824537 0.4724911867621713
100 217.1706603333648 0.5365923156627184
100 216.88846670865587 0.26311728452977173
100 216.61263845632047 0.8099542053594432
100 216.56078815759867 0.2830588170314416
100 216.18546816962774 0.7546197212310507
100 216.0940686349778 0.3654068085548727
100 215.97898222619446 1.2790887723616517
100 216.1384130785214 0.2912337080048715
100 215.51864738988297 0.7475886352711552
100 215.3239240541572 0.10614614898556982
100 215.10665836996762 0.38989268854112297
100 214.8794741825742 0.26642628283086783
100 214.86347636341435 0.522181033852124
100 214.6015192902529 0.5357320127076886
100 215.0783415937983 0.17523936951316602
100 214.29098503105888 0.5706283212147552
100 214.73206519299694 0.27422517383329514
100 213.9643767730861 0.33238007469514486
100 214.10298876891912 0.533449415969231
100 213.91789026180487 0.46001521842376414
100 213.9971227430368 0.4142246389903704
100 213.36694420418016 0.6626472873992064
100 214.0277738373383 0.6325040264323636
100 213.57038062212484 0.03443597987301865
100 213.088814978689 0.046262812150361377
100 212.94401704224285 0.044055620062484216
100 212.87945763662475 0.03670992446276895
100 212.84829673847224 0.03521803878745352
100 212.83245150045337 0.03513873402848232
100 212.82301674682935 0.03553822194385911
100 212.81856198283333 0.035733564857117726
100 212.816567525448 0.035878881152841866
102 821.7687611656556 587.1265810055636
102 800.1667945100714 564.52070633638
102 777.8910537429512 549.2986474705285
102 762.9849198941947 527.8087183155856
102 742.0697153875944 504.8938800130376
102 719.6683251904383 481.74360014671345
102 697.2334722100316 459.51822223450955
102 675.5076233758523 435.81960403439535
102 652.4207317142074 412.0683162737926
102 629.0142864178646 398.14058154173495
102 615.5031978339046 376.4923654130414
102 594.2150108177839 352.31083742616187
102 570.8095248048203 329.5611906723495
102 548.6147975696981 303.71582754463725
102 523.1324844161732 285.3112981353512
102 505.24132826819255 259.8914985238565
102 480.39108020322044 233.45118434271672
102 454.429875128405 211.50707571395478
102 433.1018187086464 189.93495293349258
102 412.2540433025738 165.7182098051546
102 388.44983430799596 65.65438014443674
102 288.9223121287963 46.342484568858225
102 270.4024365046579 27.53360033647025
102 251.93568533299688 17.39755873112697
102 242.21037822666494 9.013099089049518
102 234.08566547554258 3.4818769473804374
102 229.19087560753982 0.28584378675780586
102 226.4623227844149 0.13498168757576667
102 225.8910964188909 0.5897614421593174
102 225.41139317974907 0.1058493797993193
102 224.8642231157531 0.448105493584821
102 224.29964488448363 0.030088658513773202
102 223.88391101239682 1.0027010177637607
102 224.10072637306428 0.060905185790587235
102 223.56234915398798 1.0820671095976397
102 223.76388528341366 0.05668936398853845
102 223.0296163996918 1.0293126394128524
102 223.25370379016383 0.03402536245581687
102 222.53092232669772 0.9910979679771137
102 222.85760553567857 0.06101208647353424
102 222.03478644594975 0.4758392668406562
102 221.77586223478042 0.487777783301471
102 222.16503364461616 0.23917569637152972
102 221.4556980090166 0.1034938604760785
102 221.34283584116994 0.9127095240885432
102 221.33391461372133 0.012678020840071696
102 220.51489852869005 0.8941298182741926
102 220.68605134425556 0.12279685030853818
102 220.28150213704527 1.0302230310346165
102 220.57829079597312 0.1619989945589514
102 219.66420793756978 0.6392758969185632
102 220.15116804720643 0.4315755294809497
102 219.47061252391853 0.25362841119228496
102 219.4169179725062 0.8414037835204591
102 219.43925714253126 0.4810302958434596
102 219.53329213123692 0.3062592729103595
102 218.9020861561664 0.14428647641053527
102 218.87100136315087 0.057723159441999
102 218.65382216027328 0.0523612361259263
102 218.57416397103924 0.05948474576620193
102 218.53414697142597 0.06043672318191127
102 218.51095505181286 0.061822347426036484
102 218.50075962403182 0.06253609776344213
102 218.49548501379425 0.06308236600298121
102 218.4928101840935 0.06321966087037884
104 826.2952238183954 585.9835520558465
104 804.8605833380753 560.2592156977092
104 779.5139518454934 538.7101248195393
104 758.483009640317 513.7340779318844
104 733.891674470694 490.68824729376456
104 711.3567316955166 470.02683928806243
104 690.9570123698903 447.03808326914225
104 668.6501114369398 428.44721868257943
104 650.4284241991489 405.9949000489205
104 628.6134825314339 387.7187059908427
104 610.4332375515044 369.94268768660186
104 593.009694178669 344.2125918737049
104 567.8623820791377 321.1027808345124
104 545.286017056325 302.66882786294855
104 527.1183087056871 283.4628498170111
104 508.4641284856955 254.88799838359498
104 480.6160529829763 232.84399443477486
104 459.260385506837 206.95528113333864
104 434.01756175459104 179.54166098769875
104 407.3360151235104 98.34900725007762
104 326.86739405232765 52.22804220032312
104 281.6420121589813 33.81881696055082
104 263.91866752279003 21.95742523003462
104 252.05269525961506 11.116140686346847
104 241.7987006303575 4.4801694749602285
104 235.35722189711436 1.207930075690102
104 231.9923652533034 0.08376851433372734
104 230.7050364268277 0.16141103936262452
104 229.64236675724035 0.04859947770928211
104 228.85646851925418 1.034045118548892
104 228.945712115799 0.15096503897786626
104 228.37676798831146 0.9829436483346861
104 228.47107477629206 0.06315064647125282
104 227.7504786936267 0.9856803242734197
104 228.1297598410229 0.10845102700359958
104 227.46009453065417 0.9625637003076614
104 227.61687115775305 0.19335010216701926
104 227.14710350301013 0.5685840281328742
104 226.86105034477745 0.11585548324841471
104 226.599416062389 1.5405627212021094
104 227.32783807231488 0.1037782913916108
104 226.315737565635 1.2257714741523964
104 226.6455724189603 0.09216340209166995
104 225.72616809665837 0.9744982828098696
104 225.8596487145993 0.38097113006658445
104 225.58456929598103 0.5883414246021434
104 225.09253359759597 0.11278983440041661
104 224.67226653120395 1.5493760669631358
104 225.37016345004912 0.17088716468988369
104 224.39537612705536 1.3293342419029237
104 225.02836024442973 0.06597901922357731
104 224.07627863155307 0.31542608657977556
104 223.59002648190847 0.19181340215593817
104 223.41060944121654 1.4534079459830958
104 223.9644243360369 0.11178949630940566
104 222.88153750810156 0.429924735309859
104 222.78202017492097 0.22332393103655135
104 222.57288888168716 0.1719167589023347
104 222.4937930281625 0.15506941508542182
104 222.4630384028704 0.14915969651890662
104 222.44483125742306 0.14479189273901835
104 222.43495504113628 0.14348881956846454
104 222.43090378367773 0.14298095339318886
104 222.42885682134212 0.142908865484911
106 831.7370619499834 584.9617979565935
106 807.7847310118045 568.2767743218119
106 791.3696916590227 542.9303896121218
106 766.5563829723856 518.5316284796415
106 742.7210415841486 492.90777003302196
106 717.5851189079641 466.91693396228027
106 692.23451696175 445.80000504598206
106 671.576007417689 428.3062048503217
106 654.3496121631592 399.7415048377495
106 626.2474562922563 378.56168767450123
106 605.5535601025283 358.42987850502664
106 585.7553840237531 334.9599557708882
106 562.8814907500483 312.893312395941
106 541.3155666721318 290.25815335722126
106 519.1386542498556 271.2427339433043
106 501.0852415153895 245.63014791930684
106 476.0526387260312 219.8914647869965
106 450.77488310635357 198.91085032245792
106 430.1927916321328 174.11171502228927
106 406.13614285197946 126.05672061786336
106 358.30510055101723 54.36719926970518
106 287.04086305512914 34.651475226307916
106 267.9658857839753 21.40534471659225
106 255.11634585549496 9.766773578854956
106 244.36949317351505 4.71786219164354
106 239.8804429018718 0.7778811318470875
106 236.56317886645417 0.20740489856541933
106 235.6643178119575 0.43523968526605966
106 235.18167390107382 0.12388150740873112
106 234.58913734857376 0.4544262677928332
106 233.91106865757934 0.5861373914342438
106 234.18363827064087 0.36524675947779106
106 233.3847188163693 0.31355854566565144
106 233.34542061783296 0.3325158959186521
106 232.79774413843458 0.03349141715908554
106 232.56219133381504 1.4101866751883696
106 233.22317814808358 0.1519538700149523
106 232.27244497563947 0.39350813566190107
106 232.1257195549375 0.5368181415313387
106 232.38977720134608 0.6853937098322178
106 231.94288971395568 0.1330751146213531
106 231.67759537427708 1.2641584093180422
106 232.1012235492791 0.0494600855359222
106 231.244635456429 0.8361561192047433
106 231.4383624182185 0.5003073126661375
106 231.50859399879647 0.46478811026441164
106 230.7776383904344 0.46162900274894314
106 231.06171181161366 0.7509846105802275
106 230.75838938105701 0.05436537092427561
106 230.22260577094423 0.9765372578633345
106 230.49396114527983 0.13976951005571925
106 229.77596970687443 1.131573422437976
106 230.06468879725242 0.10756984252937472
106 229.47155666194655 1.0511093917940113
106 229.89526695786938 0.03721806339977294
106 228.91761822288035 0.07366954169505993
106 228.69255068589734 0.039353724887672005
106 228.56260296950074 0.030667086377184516
106 228.50300794474626 0.04152434774964707
106 228.46355188265306 0.04165453211922769
106 228.4452621290164 0.04223300632104769
106 228.43598011901662 0.04238206390629747
106 228.43136487700488 0.04252286945301271
106 228.4288496514559 0.0425602503207818
108 836.9790543197464 585.016215780596
108 813.8632199360536 557.3515826219966
108 786.8019171057467 531.3110458052827
108 761.3333505988122 505.5743918290467
108 735.9902249808158 481.5597120964554
108 712.3474158293553 457.04290002778424
108 688.266698059072 434.15571597608783
108 666.0739344473488 413.2391387031098
108 645.7719394821777 384.4101961164537
108 617.6813880602366 358.6911660836045
108 592.8385710926934 336.2993515444645
108 571.2370301251012 312.5198885950709
108 547.9030906832047 283.8572423854746
108 519.8814752209644 263.6563936021452
108 499.97982933837847 243.64581086599776
108 480.5125323766664 219.12904909397568
108 456.5049103768282 197.90041825602515
108 435.75494924778496 174.36977875189717
108 412.8779494499129 102.65324035673278
108 341.7240021161148 57.858649486476224
108 297.57562107225084 38.82102896667155
108 279.1592017806948 23.28558125874944
108 264.59190899844015 10.9729465869931
108 252.77783800864154 4.921219689686806
108 246.85723915513094 0.9804054107432454
108 242.993620066287 0.24186297326381415
108 241.8866715029488 0.8810404707470131
108 241.44332702231108 0.4530133610187529
108 241.35215757070912 0.6106036743151116
108 240.7380906401692 0.41308932211185295
108 240.379883623175 0.7161257879512072
108 240.0705236504643 0.12370096315380741
108 239.32949085089228 0.6560823070305825
108 239.00768309043713 0.30748751806882374
108 238.7496797875194 0.32285933602235634
108 238.31666174623362 0.5200481050550296
108 238.60494693672638 0.13140553101570518
108 237.61112595669354 0.4776276137718637
108 237.9435198020034 0.315260156580049
108 237.12254745479248 0.047291069670189395
108 236.7740458580961 1.5936483673760025
108 237.4691023960779 0.03794987968769481
108 236.36622205067684 0.7915283350462545
108 236.35509842494508 0.19852223270175523
108 236.04039030248336 0.8905230552987975
108 236.18061548117805 0.37702086995767614
108 235.95621401703204 0.5925309469458251
108 235.67396029623004 0.4028855640772267
108 235.67637976663772 0.8380631491938213
108 235.56149590920597 0.1693440835260313
108 235.13055398103714 0.39466052304445554
108 234.87436254523504 0.4308227255452438
108 235.10886314592065 0.22705813366346322
108 234.54487103352324 0.24854058985892957
108 234.53062544257966 0.6514123959624166
108 234.43799038788708 0.09213979902940281
108 234.04009666177285 0.7485346528707983
108 234.02371811031574 0.15369599708301734
108 233.5348139340228 1.0012660883771713
108 233.8186115912093 0.006990851626800348
108 233.15052191816227 0.670943807475223
108 233.2031158860483 0.2598161721007771
108 233.19165796488815 0.2264628550790342
108 232.560509563009 0.36324681996226704
108 232.70251007882237 0.6867346445176539
108 232.58143130398338 0.21214285877211236
108 232.41439851696578 0.5558972903193471
108 232.22171341759977 0.25872444574217635
108 232.10765965540563 0.49978518107171055
108 231.8483703384129 0.792802221046885
108 232.50631365789332 0.07968479840168705
108 231.46804876836643 0.08502464865580407
108 231.23349587677623 0.10443162757536581
108 231.11179099495746 0.09094458174227149
108 231.04893665673478 0.08313133980575577
108 231.006795063602 0.08166252834033712
108 230.98879350808602 0.07952493793651269
108 230.98053536507314 0.07854080092328587
108 230.9752119432658 0.07865938063407246
108 230.97275790123655 0.07855659512640209
110 839.9190187474533 587.6113828484674
110 818.9712417020332 560.3046644919863
110 792.3304710353086 538.9053242883081
110 771.4790464610631 512.4749249909421
110 745.6810014600915 496.90747248609443
110 730.5546769535224 472.66998816172907
110 706.8371455961062 452.69416630528076
110 687.2448948261087 428.8731239498045
110 664.0061252915025 408.515889378942
110 644.2576202292793 383.40407027624093
110 619.4332712014391 359.95500549770077
110 596.7525786683564 336.7145499273194
110 573.7957628409424 309.45867355220537
110 547.4384878585121 284.76529178738326
110 523.2073793584325 262.9052625056927
110 501.82462117795615 241.87679887628155
110 480.93958952741275 220.90358099662308
110 460.61372438591263 202.30649528671927
110 442.61258327716735 174.92602962470238
110 416.0746432698605 128.05454979735902
110 370.0997083090292 54.41166892352456
110 297.1087387630185 36.755606334619515
110 279.9649050969791 21.81248491208772
110 265.7541133140135 11.139895078425024
110 255.09172620861435 4.17015748448916
110 248.25980445174355 0.6296486985109601
110 245.2479845255974 0.2144561361651302
110 244.31269503595635 0.7392641094765748
110 243.70659986465418 0.1820718287322059
110 242.98874078265376 0.5506587904249505
110 242.51304243717448 0.08749151725301989
110 242.05940960342858 0.15940333844598442
110 241.49086005139984 0.0925189840172502
110 241.15187311423588 0.5781983830823065
110 241.07861438245024 0.21837774119521097
110 240.82911691324563 0.5241455255301027
110 240.5757781842925 0.03963378206288216
110 239.97300187113802 1.5936841029028068
110 240.66939152407244 0.22084447793763523
110 239.70097088148088 0.570060318714096
110 239.48405506405965 0.34628077145642594
110 239.58155242536552 0.5698246314245367
110 239.1466347737542 0.27787471797016344
110 239.05848332329896 0.43384845523334636
110 238.9977791158993 0.8738361799831245
110 239.72567639691374 0.3173639464352681
110 238.70730983604696 0.343127964040115
110 238.81128182190523 0.2536711834868192
110 238.01065994501928 0.4396615235820822
110 238.20646774699682 0.5835127923168066
110 237.68532526477978 0.1550744127473112
110 237.32462655339285 0.531550213024343
110 237.16178868437174 0.18181399178130425
110 236.88174310424654 0.8966346765372235
110 237.06327628208865 0.2850878953590212
110 236.71041010602525 1.1534709738041728
110 236.98386413221445 0.27584126851259144
110 236.45413418084667 0.8098604154574573
110 236.51761257082885 0.3651087749563438
110 236.23505761479433 1.070543056261215
110 236.34699515265575 0.7966412938768097
110 236.45486085504334 0.6716242365073865
110 235.64946079890927 0.17189604218134732
110 235.22040022223823 0.1779776074963565
110 235.06615076434701 0.15139347899406244
110 235.00160807894343 0.15453180668645533
110 234.96581770539262 0.15515546287542045
110 234.94982674660264 0.15468510087579265
110 234.93993778087474 0.15451891462626058
110 234.9360336779415 0.15448381700993383
110 234.93351014060525 0.15449155335254655
112 843.4040674028406 584.5891955249027
112 819.6669666362467 560.1563278395782
112 795.7045601583958 541.3275566910869
112 777.2570811817089 517.7953858957185
112 754.3316464549739 494.8370831658443
112 731.9634358023111 469.65805697072756
112 707.2139399923718 446.8122094365823
112 684.8493824095314 419.1537204977691
112 657.6933386357033 390.93790268871055
112 630.1520345638681 368.3721218032465
112 607.9844156521393 344.6843461196836
112 584.813501758076 317.34233820363
112 558.0758356781744 295.3200439499448
112 536.7377063364004 270.91493459053373
112 512.764493811256 250.19408722412038
112 492.4796845999541 229.71296725147195
112 472.6311157770135 205.34138425959415
112 448.67024015980974 182.3145003996096
112 425.9911915403237 155.22384589677696
112 399.42994892736743 57.48234401310458
112 302.2692191795263 40.965267204554365
112 286.08473236211967 21.7931074829296
112 267.6119230215297 12.107910017783318
112 257.96384967988405 3.8866504217011495
112 250.1753729003933 0.6375199666779666
112 247.06691155159635 0.10471183715723592
112 246.275175114626 1.269375160340648
112 246.27337606254756 0.12598379959935693
112 245.37215564824484 0.6003891908924508
112 245.09044918322567 0.07698352627146732
112 244.5728761991682 1.1707939097490527
112 244.9621734744436 0.08365734273683961
112 244.15815533251978 0.7024029249546665
112 243.94535153169494 0.3614052518136013
112 243.93889832125944 0.48231682068475606
112 243.53790698613886 0.5860186439245997
112 243.76631782854932 0.9821479097326548
112 243.6153443393375 0.1446994016056589
112 243.0428924106852 1.2639387062742369
112 243.5479233935372 0.22354614622913352
112 242.92113275068883 0.7954590607134863
112 243.01533723381885 0.6317150963320147
112 243.1929169487372 0.8588234969047587
112 242.86102732844486 0.7509149389877807
112 243.02322893104179 0.5307766183893378
112 242.52011276208646 0.2113184264582551
112 242.04552235069437 1.2496901025266678
112 242.32359292141035 0.15030201673119242
112 241.33587797890152 1.8233634282083089
112 242.27650455834132 0.23159103829044772
112 241.09936773809324 1.3985537634871181
112 241.51594798834455 0.2846595079527757
112 240.91193426753236 0.7721587177655074
112 240.91427538524246 0.5536510615887035
112 241.1539549955841 0.07709991346339226
112 240.33209692774182 0.10507796666464085
112 240.18737899142073 0.11487829447136585
112 240.11548093370047 0.10368832898311214
112 240.0798705653087 0.101041618804573
112 240.06062531946264 0.10012778674457416
112 240.05161733322615 0.10014885517668257
112 240.04718534537767 0.09978495065921136
112 240.04502044022968 0.09960595642801962
114 848.3904733236112 589.6073026823045
114 829.7438685048589 565.4284257866605
114 805.8449321920634 546.4201305987904
114 787.216894644267 519.2932516428139
114 760.6643880645676 491.5699308730459
114 733.6316301724956 464.44965684537374
114 707.0304898753468 440.6268668397395
114 683.8246885051326 419.068795006401
114 662.9337065060262 395.3643154029751
114 639.9038259227742 373.8051379557295
114 618.574956567247 346.74593186381884
114 592.1245660227225 325.2491867116247
114 571.108317645025 301.122506112228
114 547.221628307515 280.04776310738055
114 526.6354510928418 257.01427266525025
114 504.0793591542914 240.59787723845318
114 487.7880685566112 223.05345350029262
114 470.3595725541462 196.1752170514086
114 444.1000780935247 172.41022019134135
114 420.97471897667225 94.6783587804168
114 343.8892088183974 49.83470016247428
114 299.29995114538855 32.45447625839347
114 282.0310415314707 20.380757117899346
114 270.3966749343988 9.026340997760492
114 259.4833551843741 3.9440955837278135
114 254.55992259350285 0.5809245670135944
114 251.3058019551375 0.09893466169421254
114 250.3774292033835 0.6480873047085706
114 249.99789151464444 0.3270221664719761
114 249.6086561268772 0.3828740029613683
114 249.14259476639836 0.5174865857819353
114 249.34588641955014 0.4795022495149043
114 248.80143379160688 0.21424782210228135
114 248.64053729849883 0.7934573536141418
114 248.55749563462993 0.448213458436803
114 248.4561173291544 0.6579883757498537
114 247.97879402484924 0.2194904212915024
114 247.66196540295488 0.6334415301382724
114 247.5114946973574 0.5617347238657358
114 247.57993405703263 0.23830122627502442
114 246.87613317898794 1.0154668813640828
114 247.89545111749186 0.09801777941892938
114 246.43539438974673 0.12031893949546815
114 246.0805569972775 0.8120716415587124
114 246.19820628335953 0.3364967131228189
114 245.94262773043516 0.1924002622271375
114 245.5187364577814 0.5875504746098388
114 245.84932502641968 0.2296454470929279
114 245.08036672345378 0.49710556105753045
114 245.44854607796137 0.4415236329095821
114 244.7815118335098 0.1603120041580181
114 244.54360841381478 1.4485796345594364
114 245.17750446341475 0.07543572969322315
114 244.07110448388934 0.5805232644882564
114 243.9447687996834 0.17010146883796426
114 243.62459703644734 0.509973052159163
114 243.48441003858974 0.9449716453539501
114 244.2302668615368 0.3428274262453118
114 242.96713158731208 0.29068821610453965
114 242.88316225851176 0.7933847063730198
114 242.93838552851722 0.5035809260310582
114 243.02666942166192 0.6599030527043646
114 242.56327463433936 0.1050847993959112
114 242.2036220615827 0.17379852067404986
114 242.06982726656116 0.14151507181471096
114 241.98916984691297 0.13115925145647
114 241.94756982247392 0.1276466495116847
114 241.93164539225236 0.12556111538408343
114 241.9221291007159 0.12426254618633205
114 241.91716063423357 0.12382638066727364
114 241.91452645683015 0.12374322195626564
116 850.9081994314099 584.6247256506709
116 826.791839292375 562.2651537935974
116 804.9382244207382 538.1467605228706
116 781.3741578303163 516.9932133866473
116 760.5952953736893 493.65697479242687
116 737.9239147213024 473.30063232438715
116 717.9178767756692 453.91850733119026
116 698.8587164052656 432.2401984197378
116 677.832725094785 406.2693187582278
116 652.4936863492769 378.8113346025401
116 625.5286243147004 360.5646817158714
116 607.6881651587373 336.83647743637744
116 584.3085076291845 312.7969593302415
116 560.6432204887958 286.1655597575585
116 534.6034786999655 260.97223111751333
116 509.8933025869544 236.47269135672389
116 485.97786101275267 208.78924335966167
116 458.9751704953701 180.4951416877798
116 431.2925089547097 162.23275324167784
116 413.6595038780591 63.28514060857222
116 315.1685424870012 42.04750558826062
116 294.468827281195 27.26320662305636
116 279.6769282597753 13.683751631130212
116 266.9299601597421 6.7684231804124355
116 259.93086749739933 0.9429639443946294
116 254.5560612065945 0.22942566389318864
116 253.96745457798062 0.27306616596788436
116 253.06857430232384 0.018051002790797938
116 252.33928849417586 0.05781753371750282
116 251.54574696298084 0.011590654377977787
116 251.00329367659873 0.03039507412392288
116 250.37463826433955 0.10693816578053725
116 249.78702857985724 0.10770629458376879
116 249.40470414416868 1.0445153724433625
116 249.81310774647218 0.01776070649690477
116 248.95033260213006 0.5334529887280989
116 248.66183186925198 0.16933391759265803
116 248.48239038920255 0.6532604184873831
116 248.45346967833382 0.13721420532089945
116 248.25019413193195 0.8491589935004646
116 248.37543814089221 0.2749366373520525
116 247.9593445403214 0.5544920594316362
116 247.5531010135123 0.16183358567690787
116 247.48718246812481 0.4182001086645876
116 247.16480367372657 0.1657933930177775
116 246.9489768790871 0.2925939919999758
116 246.663106251007 0.21287515180556366
116 246.65322851048688 0.5227058184418322
116 246.47470607688814 0.44891894436662116
116 246.70683410539914 0.4091737253373092
116 246.31477153267076 0.3896559519184038
116 246.46547747696783 0.8840097675740065
116 246.59376629291305 0.1640595677093616
116 245.89433581663798 0.4860420572161696
116 245.71328258354222 0.3349268689905409
116 245.59749424512148 0.4522498500317553
116 245.2300361777152 0.602930577854657
116 245.59249720758967 0.24063976058119324
116 244.8050772010325 0.47199998600428084
116 245.02991274564178 0.762115582789491
116 244.8253338681734 0.3319067188348065
116 244.7512182761687 1.241846909242321
116 245.1099762778713 0.13288074324825144
116 244.18530097776423 0.3959560928434849
116 244.0389765173613 0.9564336420627357
116 244.73888759960695 0.29069081783142253
116 243.77919895225577 0.8947158190742743
116 244.4669655713471 0.35459730294166864
116 243.33996620278603 0.08683636617790723
116 243.17460181082473 0.08770258624447473
116 243.01308673082434 0.08710492024451137
116 242.93358621790242 0.08558406335575208
116 242.90063295128155 0.08858198684963266
116 242.88156786165405 0.09005120185639694
116 242.87215936691527 0.09115965185066743
116 242.86783921142137 0.09094264383405778
116 242.86556808395144 0.09088723417319154
118 850.4655454697033 582.4698636011915
118 825.8301331896023 558.9864852826554
118 802.720896253008 532.9683520094619
118 777.133145172507 505.95362603729654
118 750.4838468598435 488.55773109395045
118 733.4087512613517 460.6709794183206
118 706.0224729509765 434.4740637684597
118 680.3700256121765 409.41217937977336
118 655.8167126641666 379.348885795503
118 626.2880823172433 355.8698033914087
118 603.2257194343098 327.16598900399686
118 574.9721762187011 303.6874450728977
118 551.9321618625054 282.2908109470212
118 530.8818215917865 263.56465892201754
118 512.4910243930069 243.37505554096194
118 492.6244174777156 221.40042826682472
118 471.25046118490104 198.619345506974
118 449.07695207061624 171.99318045564294
118 423.2269760362607 96.13003382737783
118 347.8353843472249 51.95127935135753
118 304.3351043448814 33.3648189772486
118 286.45840825168466 22.518378477610874
118 275.8375918937531 11.669563534646286
118 265.1865767783913 4.419379418939549
118 258.26007334816654 0.5185253033301122
118 254.92857600555814 0.349494812929354
118 254.53377197914676 0.46674376971086373
118 253.93864658680468 0.19445437943642999
118 253.48193935185273 0.2260834157916523
118 252.83346862085608 0.3166225145868125
118 252.68745110656138 0.49099780224138384
118 252.01294118154917 0.6724271692471571
118 252.45009817247174 0.10223235058447905
118 251.4177015976172 0.07326672150931243
118 251.10030453878582 1.178767185925087
118 251.50135318083835 0.12953591176944668
118 250.86551392846187 0.3712563270813165
118 250.54391597114613 0.6735097813809059
118 251.10922813103514 0.5329820803228316
118 250.40066225308692 0.12373473654690922
118 249.98755552819324 1.2196125796024853
118 250.44235540528788 0.046843614003164044
118 249.32120598745036 1.0067382950277415
118 249.60126915396282 0.026186734429209553
118 248.77630457667794 0.7662876617272023
118 248.93393754458828 0.23065139792777375
118 248.68111104138228 1.366511259336309
118 249.36511242376284 0.033605184202180984
118 248.2115681517188 1.004227530339357
118 248.59014419340406 0.09905863913100257
118 247.86768195450801 0.7665986085231992
118 247.91363187177984 0.5980682921992337
118 248.23214179514173 0.6305557333137112
118 247.8071170673616 0.03759356207577202
118 247.29901918610938 0.047531778771405325
118 247.13080639956095 0.0349533665239317
118 247.07847431995688 0.037907840287277936
118 247.04118163266855 0.039392540362867975
118 247.0217047050341 0.03906601933446138
118 247.01219061407647 0.039207602526776145
118 247.00717487464829 0.039434501906835485
118 247.00522376928362 0.03948527221054834
120 855.0430276961173 581.4834802145974
120 829.0470026234663 555.2946931852354
120 803.2624577487131 534.4923853596529
120 782.5767065325605 514.0886234827891
120 762.6388297925477 493.90774323104347
120 743.0591424762547 466.00354880503403
120 715.7722915150885 448.51765226023633
120 698.7317150966774 421.1208685595635
120 671.6860792588324 401.17174187906505
120 652.4389974725614 372.70079322568205
120 624.7715749322125 350.70786802485986
120 603.0592937203432 333.1707308204734
120 585.8732157937826 307.73329797103344
120 560.9481550036846 284.13678743891114
120 537.9812024324993 260.64508636943987
120 514.7204331158161 235.5742802305727
120 490.2621544274136 218.71743984686498
120 473.4360004089702 189.1580694732431
120 444.55741860515764 160.89054350739264
120 417.0444602968916 61.25559492430985
120 317.9295604681717 44.72403695261001
120 301.4816933745251 29.647653609477565
120 286.5009661440138 15.655916500899696
120 273.0679624516878 8.555670989507298
120 266.13023983358806 2.117695249194435
120 259.9988511864186 0.10819266027563752
120 258.32883031952423 0.07227879642892601
120 257.69531544756217 0.861313118563438
120 257.9319656895227 0.3516385975158016
120 257.598981499385 0.4957286337207973
120 257.10068085413246 0.420905640764647
120 257.25072985966756 0.3341116112135942
120 256.43860758371693 0.3896743350005617
120 256.57273026523427 0.34632005147363876
120 255.96824716851233 0.6953022445119077
120 256.58824778155156 0.20670085569969318
120 255.44131811600084 0.6968245370526682
120 256.0050110133786 0.030644217994496042
120 255.02998390059744 0.05563987684714637
120 254.37847883575597 0.028737142796882404
120 254.04660620068287 0.7887640042348575
120 254.1760883163821 0.23293674011771945
120 253.89001496543437 0.8810716708257176
120 253.90321265605695 0.33322720155982477
120 253.60062896624981 0.8357511625233172
120 253.59004819076586 0.2272548934692985
120 253.3350207789129 1.0294794996951613
120 253.60194278771382 0.11937404140490997
120 252.73423170037108 1.1960848798595478
120 253.13639575360256 0.1311685718241903
120 252.27016599270186 0.7720379582089246
120 252.25073748311442 0.17693416451923208
120 251.72346225765102 0.759998143550989
120 251.77040790902984 0.3127337954421352
120 251.60308300689468 0.10302682517743847
120 251.09265728242934 0.0730975029955267
120 250.93117619744382 0.07463540316457622
120 250.8449439199883 0.07004555446813843
120 250.8110627047578 0.07208413081380606
120 250.79573991683884 0.07075435955558305
120 250.78597872060976 0.07023677354591042
120 250.78145198281533 0.07010157569151133
120 250.7797178997174 0.07002396215022684
122 859.1889617058382 580.6401112498105
122 831.6465099610989 553.5455520493482
122 805.1149543657374 527.343878201898
122 779.4147107617794 498.5587960646387
122 751.1216120915398 473.2181656430278
122 726.1669306067829 451.1176192797683
122 704.3102498162904 432.2435322350393
122 685.8651915962324 405.3443301980564
122 659.650069811074 377.19772471646706
122 632.1454692651777 352.4948309739506
122 607.9504731768702 328.1218319502699
122 583.9285295631855 307.9168786127484
122 564.1430990154804 283.9826685913272
122 540.5159680941208 261.5692346273613
122 518.7109202343909 240.9722461301356
122 498.6190937609662 215.2848279360864
122 473.22653134717115 190.92943239924944
122 449.40668469133635 172.1019958487924
122 431.3607354676724 97.5269072715781
122 357.51196135983184 56.96617112739604
122 317.23239852029724 39.131864165268226
122 299.89709227184625 23.5544809220008
122 284.85780800319594 15.50026753385656
122 277.0359068717071 5.762507887886782
122 267.7679852410391 1.4501300349749928
122 263.7168831153976 0.0192871574899663
122 262.3332237478508 0.44546447599220057
122 261.4687346888567 0.21678731180446764
122 261.32559906832284 0.5257649433505647
122 260.59863816006293 0.2579370062603023
122 260.3282892590568 0.36692426048443605
122 259.63009996679403 0.38236489685238095
122 259.61903651912434 0.6262249016657799
122 259.1538757551145 0.23242497379154314
122 258.87560387896804 0.5916963925177693
122 258.650416080662 0.26918461857372106
122 258.5514670045303 0.37445960509486065
122 258.3637678069246 0.3796247080889694
122 258.3661721010925 0.471212714845371
122 257.9759434979123 0.05637764975517168
122 257.5429356573102 0.770595662846764
122 257.694665230584 0.13056774969113247
122 257.1908767367678 1.138094947642997
122 257.598758410397 0.04634016212246069
122 256.677970739245 1.4914576350765711
122 257.38159290552824 0.10993776530984938
122 256.2796627206196 0.22793814571558518
122 255.9167601860587 0.4701362172333001
122 256.12394923018746 0.38994135171729916
122 255.63309808078242 0.6066949421276846
122 256.1681487637411 0.32891890695452336
122 255.2741727852694 0.20268696806205888
122 255.17339351569072 1.0302095820861945
122 255.60896831182373 0.35672153652867167
122 255.32893952769834 0.42820698976920923
122 254.934049169966 0.631734491024114
122 255.26176614116739 0.39123792170252203
122 254.44909000404485 0.4406792600753212
122 254.64098503598194 0.36790906917508953
122 254.20345458847845 0.4710258561273701
122 254.39013352729728 0.7646784292980717
122 254.0911037971227 0.10656351989744425
122 253.5660142488077 0.05679803818798585
122 253.41895449828203 0.07258190193126246
122 253.34350464220924 0.07755109344718361
122 253.3070657505165 0.0759218122699153
122 253.28668295573587 0.07640480102107997
122 253.2771047894148 0.07574217658717666
122 253.2727109618463 0.0757107980142975
122 253.27021682526058 0.07579212661514927
124 861.5964566510988 579.1757305910039
124 832.9093673402112 554.4591325858162
124 808.6753003168219 527.737632980243
124 782.4768653346341 502.08131524848375
124 757.3367647151756 478.84856642088187
124 734.4204493781411 457.0949229896337
124 712.9455901617537 435.39249384159984
124 691.5665924612863 408.4654683931333
124 665.226660259769 383.92951088123795
124 641.0498619902187 358.41299278734255
124 616.0736772993282 335.6979964042828
124 593.575170182353 313.66447828108153
124 572.0077341502981 292.2311800139621
124 551.0779697191889 265.60245947832243
124 525.150065126774 241.24675200845934
124 501.1140848668705 216.36551904263612
124 476.7707171500639 193.3930204423162
124 454.11282087230916 173.0546287103607
124 434.09224799107454 129.1808796895482
124 390.3827248933001 54.402822108603
124 316.2259520906626 35.793974867127226
124 297.7401610013817 21.351892242259872
124 283.8548149756082 10.739811093346727
124 273.4916859019229 4.154346926181554
124 267.45828081832565 0.7501485650803251
124 264.12511114373194 0.15734293230855512
124 263.2944842808522 0.8779530114684746
124 263.0456621044221 0.07413972280208701
124 262.54179972640503 0.749173627833019
124 262.5729233766963 0.14885105207467797
124 262.1160535172543 0.8641412604986017
124 262.1826428144401 0.3073483179532588
124 261.7579033405321 0.6510539905465761
124 261.50223498813654 0.15269270277003388
124 260.7987380722041 0.7960897741054496
124 260.8362327594173 0.5585356225859884
124 260.943941693691 0.24410578413260617
124 260.1463948629196 0.49134672100555243
124 260.4782112807549 0.6982754233578935
124 260.1399202238363 0.07048313071699605
124 259.423237956079 1.280033523625478
124 260.13990225149007 0.2694560574870516
124 259.48481450273437 0.6505716324319141
124 259.212657695108 0.4782805810390518
124 259.30775229047947 0.649801902184288
124 258.8570397738454 0.4374245166032241
124 258.8232274420658 0.6400525983313503
124 258.45381802868667 0.4078980367446608
124 258.4258611142548 0.6394405820942216
124 258.140403107296 0.42693862565432406
124 258.24510450741786 0.6993367744424757
124 257.9542899742122 0.5157966156107221
124 258.12562115260147 0.4760937244670221
124 257.4325301888811 0.512926510949745
124 257.7649681869605 0.3914434644850862
124 257.19480652974664 0.12783547288584937
124 256.9187036558854 0.13761318523854918
124 256.7398351292559 0.11934300799759388
124 256.68024081095285 0.11552596269804286
124 256.6378135339687 0.11330461132190127
124 256.6190550848769 0.11552951913111946
124 256.61056899695893 0.11556947391919628
124 256.60492747861963 0.115803737531664
124 256.6026627613368 0.11578787737660669
126 864.4899784501124 581.2849124818098
126 838.1250777332743 553.3427520235446
126 810.6139301947694 533.9563649090517
126 791.7437794299649 507.36571210037386
126 765.4873693887196 481.46837557420326
126 740.1611987002386 459.21815858092964
126 718.4382256490983 432.3954986702016
126 692.0300629819044 413.14489184642207
126 672.9816050493741 388.7665536901208
126 649.1146748527876 364.61521334140156
126 625.6098203848794 341.2616577168892
126 602.466307267347 317.7445662095546
126 579.3322560801962 292.57604380448663
126 555.0455417556059 269.73144190372
126 532.5323768567246 244.23588745560164
126 507.78078147965755 219.56696211178797
126 483.67782016559073 193.313662524206
126 458.0628894883608 171.66580307081733
126 436.9522944272682 70.51075332956964
126 336.3201963691896 50.58808897935488
126 316.3614333191445 32.91449956405023
126 298.80080681383976 19.89878847556469
126 286.14768211096805 10.906282295506095
126 277.5095268325214 3.454953422968384
126 270.6429233111918 0.15548993375014059
126 267.30515538855866 0.026758545563964974
126 266.3473882436115 0.3718684001881273
126 265.59496594255825 0.0499654665552769
126 264.8487896926446 1.400123449945613
126 265.25688073123314 0.0041565604506224995
126 263.71536390274673 0.8554466689424347
126 263.89181797097336 0.03680834036161918
126 263.16964954772794 1.1649636997397201
126 263.64001963522855 0.030935890760041718
126 262.55064231399064 1.3747658918432153
126 263.2336222765768 0.1501862607829246
126 262.39354188213287 1.058181801163409
126 262.84556325078984 0.035689308546951765
126 262.1054960901583 0.6952839491650844
126 262.11673960341074 0.09825426284897257
126 261.6519143601349 0.5477310666923039
126 261.60556074941036 0.38199240120063493
126 261.58548537032385 0.131853692883727
126 260.92585235651734 0.4617915407154096
126 261.1299754112395 0.24122085872227653
126 260.3282809989253 0.37988336153506663
126 260.3187679779816 0.5902854775144993
126 260.13254280259144 0.27053137547991973
126 260.1254943302439 0.25088256804784753
126 259.66033423437403 0.9735796160201565
126 260.5158721827913 0.31236127105957173
126 259.3178884208951 0.6467111946852384
126 259.684740720118 0.7220589197339025
126 259.3887800399868 0.1299784794247989
126 258.90219982862595 0.6178564422100316
126 258.9746497627531 0.39771004387100695
126 258.95168114072123 0.02088968953456581
126 258.4127403279303 0.07238216147540781
126 258.3227703304245 0.0329958838014013
126 258.24249644902113 0.0354516819490824
126 258.2099027859151 0.03645923738574698
126 258.1948024894165 0.03553311565625253
126 258.1878741139347 0.035183030038859094
126 258.1833613256343 0.03522639547357838
126 258.18129596110987 0.035064634711287575
128 866.5823732989888 585.034243793745
128 843.8479524614606 556.5844164303901
128 815.8888214967129 528.8265721036023
128 788.6001526802402 505.7391587519877
128 765.8087331910551 482.6499097439352
128 742.9852054877622 454.4542836011911
128 715.3456262083971 432.7227444708792
128 693.8157148490366 410.575837031304
128 671.9746025081197 385.2016931327573
128 647.0750543703477 359.0249240470644
128 621.1662236628074 338.3787440266595
128 600.8988057106458 317.5823905487052
128 580.4215406814523 293.6484419556873
128 557.0852701449617 275.2508523664088
128 539.2182965099558 253.9569503570571
128 518.2320555295837 227.554777998884
128 492.216813870572 206.06989567919953
128 471.1713823978501 178.66532411724646
128 444.45316383771194 131.17509612104797
128 397.3319164780187 58.05391991516195
128 324.6240066977088 36.90236814227079
128 303.8062829588143 24.765358536178027
128 291.8169997059024 11.08974747336346
128 278.60674394654956 3.776955534200681
128 271.72971894872836 0.9641600779397504
128 268.95580967041184 0.3983456624389826
128 268.1609299742019 0.6783366826918021
128 267.63424054680206 0.4800501746908337
128 267.31230920219133 0.9989876780537923
128 267.3040462844377 0.5205150759897319
128 267.0917679965455 0.5642117882245337
128 266.6241055998997 0.6286108726404023
128 266.6074325704962 0.3099271931509497
128 265.9001406499184 0.4443687885443329
128 265.75316585265193 0.851339840376675
128 265.7093968587871 0.2988004918903093
128 265.26520871792417 0.5866068961408921
128 265.18083174642413 0.49287382444784206
128 265.1702613130602 0.5364243249819778
128 264.6330949576099 1.18230804252159
128 265.40692260147875 0.13745990199129535
128 263.94290864963773 0.5608728174603631
128 264.0874808572506 0.2759679161914791
128 263.5816807242837 0.535549995922652
128 263.69207594089636 0.721867882071798
128 263.38180720478215 0.18212987254321095
128 263.11101674075076 0.6142251710655106
128 262.9704169328733 0.358899129723735
128 262.73763171737374 0.7065032082506006
128 262.53218607510433 0.7849787503890773
128 262.9431493559427 0.5822308007641264
128 262.26075514912327 0.2178566428350601
128 261.55869007284207 0.7523421735291179
128 261.49880415471983 0.2686463196656257
128 260.7961900181938 1.406132923329963
128 261.4119055002999 0.31740665597400197
128 260.566362853434 0.9072578661581454
128 260.6097391296438 1.0468948041957615
128 261.201502984749 0.726722375370514
128 260.4431798591447 0.2872305332717283
128 260.31673545970057 0.23738783306986802
128 259.9741029995243 0.3392486167842335
128 259.8973129892116 0.8703133767486388
128 259.9676207110997 0.15735130393331528
128 259.2764150273622 1.3465261987122608
128 259.9438982818534 0.29877649240344195
128 259.2758667254368 0.5939623289186906
128 259.0767812254385 0.7963391749799116
128 259.48520782169726 0.5289637364751321
128 258.73749212957466 0.18381237607077594
128 258.42878186706776 0.18440745690691152
128 258.2830018271606 0.1663084500994933
128 258.1948084173494 0.16193400684511258
128 258.15909289309536 0.1604557504274156
128 258.14060108641183 0.1593155507224287
128 258.13028673295474 0.15912940713756332
128 258.12595748638324 0.15904826942371567
128 258.1240136623211 0.1589991629594259
130 866.1881115807952 587.5534771222424
130 845.8482616750368 561.3195566260054
130 819.9806703058343 538.0914985118035
130 797.0893775468354 516.9361727479904
130 776.2235646841309 492.4699669521382
130 752.328373113512 462.0597271982341
130 722.3252551444116 439.7464947225727
130 700.3622316675703 412.64476196101185
130 673.643780578165 381.3264119124216
130 642.8734714241236 355.57772379870346
130 617.5824732263254 336.7132281551988
130 599.0611340572977 309.9424949860885
130 572.8496525940643 288.81302800298545
130 552.0382957359317 261.70020503486046
130 525.2832910068452 237.58451713521424
130 501.3422137681563 222.9076077053005
130 486.8787164939136 196.8173247247362
130 461.3073393455767 171.11073340335014
130 436.0590440539904 97.85620339495254
130 362.9311869694546 51.42391437866146
130 316.87112806990626 33.34783064307284
130 299.3163953790775 21.002713627701773
130 287.24161390636016 9.091195001900807
130 275.82127665907626 2.4609706169401915
130 269.4718335235703 0.7661048079291011
130 267.6282369614106 0.9050756785708971
130 266.5677078320158 1.176682279784041
130 266.93369238705964 0.5321679366384929
130 265.69467462273633 1.1681385855472546
130 266.2968823452933 0.4395790291533773
130 265.2218945703209 0.5047825549307481
130 265.1880465647169 1.1520413966780523
130 265.30386128286887 0.15024493286673213
130 264.236452035592 0.22638979552400834
130 263.83829288865354 0.6468434785257697
130 264.0910686375595 0.7430935005807763
130 263.67617720555097 0.36385077577138786
130 263.63551007315755 0.6607788177331535
130 263.341318324022 0.564054132657881
130 263.53007385826487 0.8068048626471838
130 263.45263409096697 0.37589596602248787
130 263.22683639921604 0.5664284422450071
130 262.86114261317556 0.250143491904279
130 262.6696318329926 0.7211072323615059
130 262.4673825893313 0.3793075068271842
130 262.2916121323476 0.8652816076281281
130 262.33876468605564 0.39177328489221164
130 262.0323898432095 0.45340874332061326
130 261.8630729473431 0.6592648809002621
130 262.0706781512079 0.46601022504101325
130 261.50492702201683 0.8680197344070004
130 261.8267766458453 0.21999808794721906
130 260.82651357400215 0.4454557452758404
130 260.9900645193564 0.4260983487664619
130 260.5828777784545 0.5616705195661176
130 260.846805066403 0.5816257248318306
130 260.55770821419037 0.03088849505993854
130 260.0625043393499 0.019943078078832367
130 259.90564192349694 0.03374838137616299
130 259.82650878243095 0.03461119956767407
130 259.7902676984123 0.03689322016463086
130 259.7735016703453 0.03738757352127808
130 259.7656498212848 0.036987071478399934
130 259.76102846212996 0.03718484808847042
130 259.7586311736461 0.03700418318070301
132 867.9995300251143 584.6103119260592
132 844.6596360077983 558.5856936931788
132 818.9190999082973 531.9250521974084
132 792.5785386444134 508.03155722701104
132 768.9330746813789 493.838077770048
132 754.9085084623517 470.43821778175675
132 731.6445937772371 445.37004325239104
132 706.8840398974552 424.7730253700155
132 686.5416901308295 398.99697657755473
132 660.9288358942324 379.64381585325447
132 641.8790254251817 357.24961244615326
132 619.698485375538 339.029511799116
132 601.6709618116237 320.01625677296585
132 582.710129329241 298.32422644997524
132 561.1998301067551 276.5142871763859
132 539.8918359451864 250.3097744912175
132 514.0096421195053 231.48165933696728
132 495.3208476520581 202.03154871595964
132 466.13051058318126 177.92738296255496
132 442.3332976269194 157.74644797966084
132 422.4818093471899 57.44478101382318
132 322.5240366230245 40.22935401773739
132 305.6497858880266 24.137473373964713
132 289.9972197073105 11.766693862321375
132 278.12886807362884 4.550146738125303
132 271.2133437067666 0.390856175449111
132 267.3625172616338 0.4472562903198848
132 267.1647357271158 0.8778502273671002
132 267.00460385888005 0.2527558569314636
132 266.66039325877693 0.7571881547299786
132 266.43511548229276 0.6555928278134835
132 266.5087674300462 0.23425783419801158
132 265.62612541931344 0.9538390129095264
132 266.38674058862165 0.057771377601679795
132 265.11059897782354 0.36333742880247033
132 264.9651918987797 0.4683054663110063
132 264.6273761965951 0.9345880380408715
132 265.37019370792035 0.4554023141321344
132 264.43929776856396 0.18255270650742345
132 264.33260862783044 0.7790982995387904
132 264.496128715901 0.14075414352201773
132 263.9057950621608 0.8467710390932949
132 263.9982455573702 0.28279125507859215
132 263.7476165233504 0.5345627100559436
132 263.5680630333966 0.15243803489155144
132 263.2819859721518 1.384890129393932
132 263.9946940230041 0.015960872872991666
132 262.7471183954985 0.8264992220521001
132 262.99942121421697 0.20612989432482423
132 262.5103973335308 1.1200817143886435
132 262.84656232295254 0.1034826601349359
132 261.9840884843004 1.2328272268815499
132 262.6523448854012 0.08146144920230573
132 261.47973208862294 0.5257985504784841
132 261.744559247498 0.6743819294018236
132 261.38053266619283 0.049356041286512845
132 260.8341093136109 0.07028375029861077
132 260.7138980014769 0.07758583297592374
132 260.6472780320605 0.07319966000075895
132 260.6112459520798 0.07146918018234767
132 260.5944153748682 0.07161582142082648
132 260.5856063677965 0.07230403356398815
132 260.5821604949758 0.07193282642643971
132 260.5801283294268 0.07157664948670651
134 869.3064181006064 588.1146101553636
134 849.1201729669622 561.021343533592
134 822.3609653681094 537.167255743316
134 798.8661576403543 510.7817549491367
134 772.9076533096379 486.57223037401616
134 748.9793252514319 462.4027769778461
134 725.1710106140983 433.024676639655
134 696.3777743511696 409.92604236697036
134 673.3712256347609 390.5272290039519
134 654.3237998492984 371.0712044856801
134 635.3673754603374 343.9766990894588
134 608.7376320870278 318.16587311609413
134 583.2042299915036 294.6327898521495
134 560.2417675513126 269.0598670681554
134 535.1120261952274 246.8246344853231
134 513.222993367579 223.53799068552726
134 490.53111326184114 196.92013843439548
134 464.2898245867283 174.4742705859026
134 442.2927601657717 96.60827954395626
134 365.21752344328047 48.06009281063205
134 317.0122493148148 28.29730165375032
134 297.4903158263925 13.670712573138358
134 283.00966695578296 4.783144114335602
134 274.5435581454938 1.0556361162197105
134 270.61602666786916 0.3440751766687988
134 270.180154310194 0.18576621190742376
134 269.0630734016398 0.04215887219172261
134 268.3985924076573 1.1850229829020351
134 268.7870420808257 0.19062360601649586
134 267.8725434100063 0.7871372371060052
134 267.94863095160696 0.2727785981682956
134 267.75286138728325 0.16054499295321806
134 267.156888105795 0.41917112517332594
134 267.1313388829056 0.23047994629886304
134 266.6964112737906 0.7097367407690925
134 267.1354090020057 0.10744309841144968
134 266.1154720954227 0.3761434206589083
134 266.12937063147297 0.6457324676234213
134 265.9751629630327 0.34099344410061333
134 265.8025346428196 0.6122404524637493
134 265.5501142804402 0.6606562208740121
134 265.76070094753504 0.35524279669000497
134 265.14288710385875 0.5396194652722963
134 265.3470551171127 0.6325327998744878
134 265.00335077866737 0.551127208836701
134 265.0355854866876 0.8150893833260425
134 264.93292617506484 0.6101268218046082
134 265.0235710561185 0.5391305253618873
134 264.3983601428103 0.1004102089332998
134 263.9547203826517 0.9715443315128123
134 264.21442630598045 0.07233853682006265
134 263.5014781329093 0.8852323218746871
134 263.71717723842386 0.15883696504748016
134 263.2736148364544 0.22513351929770092
134 263.05892952765726 0.07803566574804972
134 262.8732140275878 0.0883522634818164
134 262.8197556404363 0.0941745711761648
134 262.7885086877292 0.08980843201511782
134 262.77304349207964 0.08982571972285422
134 262.7658639304003 0.08938401378156105
134 262.7617833895943 0.08975102145301621
134 262.7596494252933 0.08962545329940237
136 870.7979581781728 585.1686903275288
136 848.2034875575044 553.3511748556075
136 816.5867443595178 533.3032293877537
136 797.0774118427084 508.2075123135477
136 772.321081039037 480.7550330165134
136 745.1839291727617 453.6292455172042
136 718.3318449010712 433.9162364824012
136 699.0504759545324 409.23315122333156
136 674.5500841160266 382.69187681585936
136 648.3953157353251 357.79511594393523
136 624.0314188576831 333.444399874776
136 599.9043434317354 307.11962501507537
136 574.0854474982161 284.4451936517589
136 551.9207047167573 258.75998551143863
136 526.5052647368173 232.4368221957651
136 500.74395428374544 212.45959178907594
136 480.772892813422 184.18190714835745
136 453.1769122967962 159.9884484744707
136 429.4259567537455 59.916497938062626
136 329.7805713534146 41.86311031151587
136 311.9220802891634 26.557234603430167
136 297.1176874467765 16.147232776856
136 286.6590404335693 6.256728513587299
136 277.11989668279955 2.0134134933536254
136 272.89104867041385 0.06752804242852983
136 270.8691996000638 0.21389664729839183
136 269.8108720207622 0.6453572405492694
136 270.088087402641 0.03664251155734007
136 268.8939175202739 0.05958996952637683
136 268.2048649660216 0.2865748138779563
136 268.0105222534547 0.8599088492611526
136 268.1889613800776 0.2039657951191648
136 267.6296515689502 1.2394484516371946
136 268.16251510197844 0.052001761699558016
136 267.13166309939425 1.250844514529083
136 267.8941868139444 0.27037081917590344
136 267.0835260838761 1.3599728911457425
136 267.63737142732896 0.07333707883865216
136 266.5313780754052 1.2822876891724397
136 267.03856053763866 0.15496216770274382
136 266.0688141905738 1.222866964076901
136 266.60925145279214 0.10681046086583176
136 265.7059743835136 0.41334385769849347
136 265.59986544312585 0.24190957663021992
136 265.3945781408978 0.6472503409278485
136 265.31379369176636 0.6660106986614021
136 265.497876390283 0.46869510156374833
136 264.9900072471276 0.5774033388669465
136 265.2145719140233 0.5393428618113625
136 264.8085599772676 0.7577340805542752
136 265.12113240872895 0.17413736459745113
136 264.30603328284604 0.1229027036721366
136 264.2348844334513 0.03306964390185578
136 264.0403262812277 0.042268761365608996
136 263.965644887346 0.03954175851973668
136 263.93352028555245 0.040224947108920085
136 263.9147682365967 0.039416511469440405
136 263.9058644592707 0.039536157548145406
136 263.9022692833107 0.03948075075384604
136 263.89991721133947 0.039540387146355584
138 871.5767573163785 580.0050864910467
138 844.2442870007892 558.1497982877037
138 822.617535379613 531.6944154070691
138 796.2296978040323 505.1789235887161
138 769.9655617204002 485.3003027155322
138 750.3001882367548 467.8097347923193
138 733.0748398454634 439.51986644300996
138 705.3145178563069 415.5440399626631
138 681.6678108656959 397.80587477239897
138 664.233517875073 372.0833087131714
138 638.9423979675362 343.0109752907051
138 610.2620859296894 322.9514948559075
138 590.5850039552788 301.5924355413846
138 569.6108464617412 278.05502414034675
138 546.4691422057882 258.5648273031116
138 527.1676161118892 235.69553525576217
138 504.6802719610763 209.94896261373964
138 479.25529514338075 183.50741442558103
138 453.0642919951622 162.14585929008373
138 432.03478078759304 63.81148636516008
138 334.18723351979384 39.85235927487608
138 310.77402278973216 23.580091076434798
138 294.7905068041405 11.34004211525809
138 282.9765130033596 3.100318787761998
138 275.2387173182847 0.8807671172199697
138 272.66804917165445 0.34637839630247375
138 272.0584729515504 0.45555948545726516
138 271.32986539463366 0.21884091719506651
138 270.60604803733725 0.45239108872518796
138 270.2273811539926 0.35630220544120916
138 270.04743119668046 0.3708905548597171
138 269.46976939737465 0.23435903757532758
138 269.1783260747657 1.6101985032634027
138 270.04245825401347 0.13100221924100947
138 268.8628437651464 0.5685209275399205
138 268.844156252647 0.6451418642894475
138 269.13967889351494 0.14810854031875983
138 268.2862094380123 0.22697160510672873
138 268.2876823442439 1.0307369951777339
138 268.6545939922109 0.13367247277769292
138 267.8108884495009 0.36903090428374125
138 267.6458033199546 0.6875887124788265
138 268.0373921150405 0.27779282826584595
138 267.23070702662767 0.3769963280641636
138 267.35265677728955 0.9839518064866897
138 267.48468774676985 0.5058975377615924
138 267.21765702019786 0.8254455623688312
138 267.246718883293 0.12399323106659835
138 266.7366186159998 0.4138081587314456
138 266.5958443905051 0.5396746549450487
138 266.957701709138 0.4968162441554893
138 266.4424240497899 0.16314299419040124
138 266.191122902467 1.3739226780715317
138 266.9753318515048 0.28835932700740735
138 265.98803772947184 0.10780085146906546
138 265.6071422203567 0.10870089264828316
138 265.46664036556774 0.10328189242989358
138 265.40846513260084 0.1017399895094028
138 265.37225069686434 0.09942458866280966
138 265.35308926353264 0.09942572376750884
138 265.34415475201064 0.09913655076904138
138 265.33989781990823 0.09893254276700203
138 265.3377413864388 0.09898188031409924
140 872.9936186939639 582.1300227470094
140 847.7366905506262 564.6309691937535
140 830.4934076106956 544.1795759546775
140 810.2602140068673 522.3418983531469
140 788.7006052466488 497.34995905525324
140 763.8606628254822 469.2034777046272
140 736.0380279094159 441.1666117087609
140 708.4688062293582 420.3047560823436
140 687.7571918033293 399.76183656412314
140 667.5821702213414 373.85140698665384
140 641.9801939427086 349.6252619830287
140 618.2533680513925 324.2682820518539
140 593.0559889196095 295.79785407280565
140 564.9232642837754 269.58039616578276
140 538.964603899804 249.1967314633814
140 519.0204583381237 223.21475221984022
140 493.58680242295827 197.6111790631152
140 468.28554252883055 169.18856238081315
140 440.46671849976514 97.0965391591777
140 368.5488007563663 49.66508760028964
140 321.26938737313526 34.159699309831694
140 305.96231962549626 20.847109222100503
140 293.35066725565264 10.194328458247622
140 283.6859562729136 3.9667486756262478
140 277.96938569162427 0.5163252059933963
140 274.4461419283894 0.4156932089604224
140 273.24636799109135 0.425658348819023
140 272.2880830659891 0.38549734989257495
140 271.71421583573334 0.7127229679318348
140 271.4622473885902 0.3313402376268611
140 270.9943020446494 0.8496800269269051
140 271.0340031919175 0.6151118609163689
140 270.8707789643103 0.4138471392277191
140 270.4322552764476 0.5424098433040807
140 270.4226424633481 0.7976948291671492
140 270.28868668228307 0.2654104733759949
140 269.86409431234546 1.1727779042125939
140 270.4246187063064 0.28954398070183346
140 269.659029392294 0.8368329033927939
140 269.6367404874303 0.8022861120810081
140 269.8698042548196 0.7227197870407999
140 269.3902760594324 0.2595465371741766
140 268.8591062759804 0.9834837316558804
140 269.215366037466 0.2682021764484616
140 268.6048463364661 0.7012018355304664
140 268.88496211228755 0.3766430901530296
140 268.656612052462 0.6391538059490837
140 268.51427139832845 0.8746239862394881
140 268.90236881144665 0.22300156714107458
140 267.9568752844531 0.747892231643805
140 268.5419276036481 0.3957500548523409
140 267.87950236830045 0.7130632295728241
140 268.2126664369438 0.38490924844444524
140 267.5394133431721 0.33505527230412
140 267.626068634628 1.0316827121287873
140 267.8824667587267 0.149470444293918
140 267.0748428946988 0.23518547238091422
140 266.91507524239324 0.08499388416538164
140 266.7363266932883 0.08085001056827254
140 266.6665406581626 0.07871695444685052
140 266.63013809814294 0.08020348132693313
140 266.6126682796956 0.08083621578513991
140 266.6055541873256 0.08089899055702049
140 266.6011373457678 0.08077633550616065
140 266.5991203312047 0.08088545873006084
142 874.1401899422408 582.0500818095464
142 848.8594715128886 556.3991840974602
142 823.4679889950601 533.1167739931386
142 800.4629140642257 506.08754037752226
142 773.6441904243827 477.8278589196283
142 745.6014214755152 456.03004749117156
142 723.9666671360371 435.9879080243601
142 704.3519891413292 415.9505770156313
142 684.7388993678348 400.75553968746067
142 669.8217650779086 372.6259817775235
142 641.9106080071456 352.7566501641077
142 622.4689293265615 329.3401223265979
142 599.6126779460121 306.60355660880214
142 577.3635851443237 290.52997468562046
142 561.3128081191098 268.1777726896106
142 539.2413501169582 243.75387380406897
142 515.1380208982409 217.87917913150378
142 489.9247712093785 189.0163249560306
142 461.4810324991869 164.76035217680484
142 437.6904837790024 64.9690819302456
142 338.0727417039665 45.46663157047364
142 319.1248029850185 29.86779540525341
142 303.532182036466 17.37012358169578
142 291.27790416181324 8.179049978958316
142 282.58745444440115 2.4077221741403436
142 277.12895245202924 0.09036588732198897
142 274.6792602047811 0.07337660741119188
142 273.4220154875894 0.1378277723891874
142 272.43516697890453 0.10907041327214201
142 271.8165664964562 0.9257118883193738
142 271.9179943750459 0.5399850205170027
142 271.7534898011836 0.866216775380953
142 271.6300078316692 0.3316765963351622
142 271.16046924269887 0.7068714074984273
142 270.985488782202 0.32760169012307955
142 270.75294187179327 0.7005587915126069
142 270.65429733086836 0.4005127787448224
142 270.56750342941086 0.8775089490582357
142 270.54984648402166 0.5169626177510447
142 270.43217510771456 0.5201873285857406
142 270.08024570543415 0.24486745100278814
142 269.6690080287016 1.3508253041380989
142 270.39727876036875 0.25026126561270284
142 269.6299469857183 1.1913158475590193
142 270.139291145515 0.2573330094717168
142 269.30900775606426 0.7265940733677994
142 269.33802979378015 0.1932486074765075
142 268.79044174132076 0.8168802249581655
142 269.0034880570807 0.2618523077869951
142 268.50837023226416 0.6263216765772232
142 268.61770513669785 0.5488158714803987
142 268.5796644614219 0.7354219023898388
142 268.42290000560945 0.1537703645487169
142 267.8818092605659 0.8091856151365089
142 268.1469454926657 0.13181498219408164
142 267.6091506205074 0.7267679925131032
142 267.82946459443286 0.6236620827345398
142 267.8812249759645 0.48222148447281354
142 267.3800335534387 0.7155227095400962
142 267.7934591674544 0.36962319247785397
142 267.22279225266186 0.010809010570282471
142 266.84396628306456 0.04918619560945127
142 266.6906006894208 0.02715827315571193
142 266.6130726260969 0.019808660089141342
142 266.5766566087677 0.018757830601097373
142 266.5572435812739 0.01989394733811712
142 266.5485375840717 0.020021341234820356
142 266.5439696748661 0.02004916961796531
142 266.5414627601735 0.020116962614940052
144 874.1363656521964 581.6131510123546
144 848.3792822006814 557.2713093136716
144 824.512450690974 527.7140566528127
144 795.3256271923456 504.9150854967288
144 772.8343764882231 480.87330615813164
144 749.0984529240042 461.360223778815
144 729.7535749992007 440.5789915494518
144 709.136553156239 416.38899635896723
144 685.2244786052505 388.5239872290148
144 657.8516239934681 365.1939319781028
144 635.1612163840143 336.93538946907296
144 607.2149406925475 316.54696013813543
144 586.7616868491396 288.6654874965111
144 559.3825989185154 266.38865523509025
144 537.5203548621987 241.3731389553697
144 512.721962190713 214.18120028206647
144 486.0257964079484 192.78801332509363
144 464.9707441505307 163.5467701970783
144 436.2401933149854 68.36983085457265
144 341.26679474753917 47.350475933494025
144 320.5390778367161 27.95180595415234
144 301.5496779056788 15.977895911687366
144 289.88934938040336 7.1457786373483305
144 281.38088257486896 1.8546881812137284
144 276.4676521894873 0.013373916502136962
144 274.2107992690139 0.30641140526476784
144 273.1557915711872 0.42160366514341463
144 272.95453110869954 0.404878734385289
144 272.21748389173933 0.31407018293861694
144 272.0088420210228 0.9959858348731355
144 272.29808355198344 0.15458354357778614
144 271.67959076880567 0.9508442500578002
144 271.98131443218216 0.3951734324708499
144 271.6828114561699 0.6718102070098569
144 271.67250404893645 0.6133123454224887
144 271.87671961760674 0.11017706314886437
144 271.153357752801 0.6524786001059696
144 271.5585745728209 0.5240636866632112
144 270.9142973939847 0.3608767537213838
144 270.7921578630369 0.9551308465166997
144 271.1313559312329 0.14291866897788857
144 270.3694047216731 0.5250996344136136
144 270.3125932554876 0.6227373725296199
144 270.49019982305515 0.21076792781124476
144 269.88420445720834 0.5170428894461246
144 270.05926722461066 0.4757972664991025
144 269.7051484107498 1.3163082561228108
144 270.73296867715135 0.10926464560768016
144 269.26300805160645 0.4745060594842475
144 269.4739331096379 0.44756095339299345
144 269.2721435006052 0.2829590549570569
144 269.0029716615114 1.153632171885306
144 269.49734212523623 0.15372104563213282
144 268.64671019529544 0.09974954253593793
144 268.40285052124716 0.05648893666366486
144 268.30315652144174 0.06233066977400711
144 268.23723562290957 0.06558578598697878
144 268.2044142626562 0.06356552661515577
144 268.18887426584007 0.062111614847692856
144 268.17945031888473 0.06189440629562711
144 268.1745220164771 0.06182777811168964
144 268.1725327113769 0.0617160098435395
146 875.6544988638391 579.1763886938495
146 847.5790938058831 555.6888388510628
146 824.5064783769074 534.8914232061209
146 804.0001082829465 509.83228041020953
146 779.273049990685 486.05987689361416
146 755.5396045068971 461.0303389261783
146 730.868794127204 436.09191162099273
146 706.3459167855651 412.16309677179595
146 682.4987987526193 395.0625937427943
146 665.6052453435183 371.4067044406688
146 642.1612660445589 343.36716758992304
146 614.3700534621387 319.3951749182711
146 590.8247977217388 299.85032367842336
146 571.3854969637616 272.85962456637947
146 544.7239386860904 251.19036992938382
146 523.2877497680439 230.2291085930852
146 502.8154312982941 207.301878413344
146 480.1312316929363 182.94813360736794
146 456.1224337862772 159.30776083376009
146 432.75889442098907 58.40112757965878
146 332.17264972320993 40.73643108788633
146 314.67844396264644 26.781986300534754
146 301.32636427511227 13.824852440957455
146 288.83294303667776 5.428796679577507
146 280.935900330115 0.6442794808465897
146 276.43827260690074 0.2683756441022713
146 275.58086975509843 1.0770105667028835
146 275.43280686344104 0.2920012472086583
146 274.63173193606445 0.6018690118015949
146 274.6612180523853 0.5266421516601039
146 274.5034318269114 0.15060805870591126
146 273.3284187029743 0.29499614206291247
146 272.92510934985086 0.8736130128394926
146 273.01235149263545 0.4907054545082622
146 272.76799852111486 0.36887356531136195
146 272.2489877865275 0.3657968899705967
146 272.14263221568854 0.4054451233604801
146 271.685317685044 0.6203515145514245
146 271.907688646211 0.0519636922551724
146 271.05612119726356 0.16897407514192467
146 271.04534560941335 1.146050857440311
146 271.55454909098376 0.06902635472224336
146 270.5719145938918 0.3271082254311901
146 270.4237818439117 0.6184171467094732
146 270.7098440672946 0.4771500102376114
146 270.27741329727434 0.468676034734985
146 270.3459965880485 0.6612232871816255
146 270.2228119009497 0.13272201704608347
146 269.86392689960377 1.1777775975780422
146 270.4622813911686 0.1554207023810146
146 269.51971626473636 0.87674379184842
146 269.85486364659494 0.20808717217067108
146 269.29654189913543 1.0455954278942805
146 269.57074677039657 0.01886645088082455
146 268.5896001820178 0.5169770898629503
146 268.5388839461441 0.28596585319101514
146 268.43603629246405 0.7497554634324872
146 268.46269281710016 0.15808887867429147
146 268.0991796135102 0.14583063269841012
146 267.87214191836506 0.04218718482402958
146 267.70690648876206 0.016887015614040685
146 267.6328271646407 0.021620711517941968
146 267.60486559541806 0.019112577981495606
146 267.5878584514244 0.018365561772965364
146 267.58061348237624 0.018347123720027985
146 267.5767947808606 0.018474083338269675
146 267.5746338509644 0.018556443515939144
148 875.0683550387769 584.6905085495147
148 852.4788238461429 566.3014965287339
148 834.3084487485116 543.486109020952
148 811.8255593713684 520.0526923114013
148 788.7381474290341 495.7186450247608
148 764.6065226456374 471.4350588087934
148 740.6549072720256 444.1932565467055
148 713.733269621096 420.011512954912
148 689.779934558851 394.06076909320745
148 664.1205043081213 369.0477741452769
148 639.3327105916305 342.35637323430046
148 612.8450902513123 318.5378428494223
148 589.3042680866915 292.36319698703994
148 563.3440571648008 263.16360499254677
148 534.5278251848397 240.77150642489497
148 512.2538017233895 217.97053232931682
148 490.1502552799271 189.78640843503092
148 462.43888984185446 165.56889201596368
148 438.8050972693668 68.59138169887423
148 342.3782990697685 46.63449391806206
148 320.8623279145502 25.343374403681164
148 300.142770857558 13.15342806903508
148 288.25015402908645 5.286448288967925
148 280.4414716439451 1.5339209333253878
148 276.4725950783166 0.17168233805447833
148 275.3440863926584 0.37411415211435817
148 274.7450091926112 0.20089694274190423
148 274.2072781805533 0.2689259667620257
148 273.3510426545758 0.25592674730784765
148 272.75501055982437 0.9241186156851477
148 272.7930112831549 0.08131069771762282
148 272.19642607899743 0.5009087816537453
148 271.9619178720331 0.5576208477580045
148 272.2449619669394 0.18182910554855633
148 271.3947390531688 0.1792034491332845
148 271.15528470435675 0.6873822538880041
148 271.4673693896721 0.670836492841248
148 271.5797534926259 0.3942903335809057
148 271.1389585024223 0.7155978203439664
148 271.4431442320646 0.5272558534927703
148 270.9848171369121 0.058918056730659946
148 270.5264756889015 1.0258817597975338
148 271.0058233720289 0.17931020564523087
148 270.1790764038435 0.8666192934131302
148 270.51526714629483 0.180889331865632
148 269.8216221457696 0.8075268660247172
148 270.27307397408157 0.013473737029987644
148 269.5675585275065 0.8040275776319087
148 269.8148512542536 0.32159870153733977
148 269.29238520405295 0.73840859332584
148 269.2940911132613 0.07564316090861092
148 268.72026280267585 0.13795007168979234
148 268.523818461301 0.015695627716658785
148 268.33771487221327 0.017358181148636822
148 268.27331620583203 0.020331292532468376
148 268.23663738970856 0.02057446618227287
148 268.21783721322157 0.020781580758398106
148 268.20921353743194 0.02088296266475205
148 268.20505198565235 0.0206844998078772
148 268.2028650808864 0.0206814006584293
150 875.4880214054828 578.9323810876846
150 847.4229583948938 558.8285138854609
150 827.4846897630796 537.1702759959041
150 806.1541313401744 506.92928971840297
150 776.2013395484414 486.71005173583916
150 756.2249677772876 468.45302332640733
150 738.0901050314731 447.0035900111791
150 716.7909383306351 428.36484738927095
150 698.4200764372217 400.7329344060096
150 671.3306691875913 374.01363137383515
150 644.7920688743075 355.38869183427744
150 626.6962141600527 324.67798254878886
150 596.3603040769244 296.60356547684285
150 568.7590192162197 270.2580601143789
150 542.9189834691635 244.74144903828596
150 517.779259301751 222.54210255200357
150 496.06024693218785 199.66649279142155
150 473.7896798839277 176.49927455022362
150 450.735076531854 128.21083353470038
150 403.00151907269924 53.240055494609265
150 328.0326182544892 37.0836263299005
150 312.53397706943827 21.339152073029677
150 297.6464525044615 8.942572130666818
150 285.4827408058153 2.8658957069198703
150 279.625231695294 0.07132634950095011
150 277.1890549625267 0.06967632951703719
150 275.7547319477745 0.3257291297989753
150 274.7557603779951 0.26482482243605443
150 274.5950178556822 0.47322855266939845
150 273.9705351086157 0.4642341215253255
150 273.93228238361576 0.5161991076740496
150 273.4915497201633 0.30186644297936216
150 273.1580990694431 0.5139158173836471
150 273.0405679190453 0.2920212193164331
150 272.8140400423012 0.5138068257161775
150 272.70682730796784 0.5523957309132556
150 272.80789390262663 0.38741066256247647
150 272.3880218141653 0.33735045390837876
150 272.2760647453756 0.46842182215210404
150 272.076895155623 0.5027155609889316
150 272.1026073280115 0.39481504878487356
150 271.4896276524162 0.7425449651008196
150 271.7492292798809 0.3551260322139239
150 271.13272578813314 0.8905549895581613
150 271.6563664492372 0.4295728874801931
150 270.72550209873276 0.9098331591988695
150 271.2203219256399 0.3082336219274472
150 270.4705848161909 0.7963711306418744
150 270.88858977003434 0.2923104331882893
150 270.15757366518767 0.49879455492185776
150 270.2870115764678 0.976977125013149
150 270.4991834915066 0.4350185900557568
150 270.13863958659596 0.7061834376433507
150 270.1959712641198 0.27508959021352924
150 269.8592623860608 0.9384479253895464
150 270.37342127434823 0.281259584728615
150 269.90229859244363 0.12834727076660532
150 269.60008741809827 0.05789884726719981
150 269.47494228467195 0.05649108026761471
150 269.4225892057654 0.055209385784384654
150 269.3819870417512 0.05433627030098425
150 269.36187579693643 0.054234309322549024
150 269.3534706366784 0.05402848144288505
150 269.3491770068002 0.05392273772970228
150 269.34694276104545 0.05396582708870998
152 875.7467369348494 581.0740633087796
152 850.5054286902123 554.4742263225078
152 824.2160180111667 525.6244355839268
152 795.5671918343796 498.39847797427785
152 768.7235273755671 477.2089814171609
152 747.8795431680901 456.77844638187133
152 727.8667868803625 431.1698575545031
152 702.5762921373325 407.5563655399983
152 679.3747035268952 384.10817810009104
152 656.2282041188023 357.7228489724748
152 630.2146056689235 342.0170940174394
152 614.4895759554665 316.16649440627805
152 588.8644186306144 291.69259947107173
152 564.6943201820651 266.63342571288774
152 539.8089870411297 243.93176985155975
152 517.2348046233046 220.49745518832876
152 494.28906556649224 198.25391691724593
152 472.29702782624344 173.6852428885416
152 448.34559325788433 122.36676492275095
152 397.4889732588034 51.92816764178423
152 327.2681216433547 33.73647605583364
152 309.1966657674906 19.34847110116578
152 295.11722211043997 9.784412437192989
152 285.62515806876877 3.8318772495901148
152 279.83177994936165 0.8503353808470745
152 276.47462348928707 0.4633575177328466
152 275.8252983133434 0.3351650556375367
152 274.76526691047525 0.3614573940032123
152 274.4339791750088 1.3117245849031138
152 274.6852527026951 0.35163912322570423
152 274.1170434758609 1.1584410375278775
152 274.3549355691482 0.360302287824955
152 273.59683282638895 0.8704200658039243
152 273.7095605877158 0.33097116728004905
152 273.2739717695377 1.2181580668339673
152 273.8110022899731 0.14495879405083287
152 272.8718957977519 0.8460954432956045
152 273.098071660154 0.016775238851083105
152 272.2051878790558 0.9272470027922214
152 272.5126316754222 0.11561342903548072
152 271.8301072923415 0.7912849488955102
152 272.04768549789446 0.4922264054837684
152 271.78171854277286 0.07911915570315099
152 270.8392498147625 0.4731423756148334
152 270.899284488321 0.4208919899291005
152 270.5161618047263 0.3205332993836933
152 270.4143866407549 0.7702113288694499
152 270.55481040690455 0.08728124039534478
152 269.90941038824604 1.242100765433835
152 270.52454697530425 0.0862523666405167
152 269.4371055317645 0.14938611901815535
152 269.22787755060466 0.010835178651093309
152 269.0520475512208 0.013866516565489593
152 268.98184632937546 0.013554699991020054
152 268.9487520407869 0.015096917995051862
152 268.93225308948445 0.01491390946365555
152 268.92231288758603 0.015133406136087596
152 268.9179781904002 0.015154398372489584
152 268.91610352153566 0.015288842769503026
154 876.3955009735142 580.2376427216816
154 849.5098673411696 556.4429024328654
154 826.1235448412681 535.657733937993
154 805.6303055087996 508.83263187505133
154 779.1553814075329 485.2935668377212
154 755.785608875753 457.26276155085395
154 728.0631725666456 435.13155718796656
154 706.2212724037611 409.0065609151683
154 680.1694079710394 388.42932506702124
154 659.7380393593176 364.961755180786
154 636.5738228090567 337.4936081210733
154 609.4403023930687 315.87789593126024
154 588.2354329032205 290.91484198217944
154 563.512825726011 269.4676164505516
154 542.0447801327291 245.913956755337
154 518.9507663662635 222.87743252697115
154 495.97796179284626 195.16893713645618
154 468.5263718960814 170.9766236827348
154 444.91564302014365 97.9726474277528
154 371.932309524235 49.17042124787669
154 323.48084246290415 29.826170501923215
154 304.18867560335974 16.730202771431372
154 291.34164878881586 7.928414737972886
154 283.0200707042244 2.7536639617823426
154 278.48705053872874 0.2363358416124895
154 275.91658759856654 0.2115006227825329
154 274.9573440019793 1.2412564454990207
154 274.85021492685917 0.5188935398302515
154 274.2316205219371 0.25166073114372145
154 273.43517898245057 0.25562225526724547
154 273.0442959452288 0.9255346627482518
154 273.1371941128887 0.7375650510359071
154 273.12390485087786 0.5435856507505946
154 272.50976444552504 0.10890151438497436
154 272.1407693065776 1.2074492015348772
154 272.67984724400196 0.19710741562399564
154 271.6338590513252 0.7755632837037589
154 271.696117259631 0.22380375129230531
154 271.104102512386 0.6315005398022993
154 271.0846263796921 0.875965868037645
154 271.3834332669282 0.014294105584101813
154 270.3883452148337 0.04521950127708355
154 269.8752878696333 0.1559330650994778
154 269.5434042131571 0.2559188791979294
154 269.5456690014377 0.3199085081426781
154 269.36595048439204 0.3651714067679609
154 269.2767653748152 0.6966633222637486
154 269.24084862787015 0.1707275717914501
154 268.75638744774886 1.2034096132744456
154 269.41599034405573 0.07547337837976542
154 268.3501256233509 1.249870221728625
154 268.98847638318784 0.0816727350546755
154 267.7473857397004 1.0647208172215699
154 268.29770529082157 0.08175426626786877
154 267.5210077149924 1.4318744602394993
154 268.39879601768985 0.14385606902411371
154 267.34032682696125 1.519584343590218
154 268.3544720486597 0.07442884885395452
154 266.9911622570355 0.13512682894348055
154 266.79689874480135 0.04774463908026418
154 266.6528169412412 0.05540153196549992
154 266.60227476518287 0.05599000310195066
154 266.5729302956205 0.05544670336440686
154 266.55538484578847 0.05531679883820448
154 266.548406135319 0.05537210673184732
154 266.5454308806506 0.055274543933400345
154 266.54345600657246 0.05528225476880272
156 873.2524379276042 587.2742940060193
156 853.9304418242195 562.9190688418518
156 829.7881302661324 535.1270355269944
156 802.1768266155536 505.9584384518279
156 773.2588276289212 481.53975858437724
156 748.9451805668523 456.1732851977607
156 723.9812000057021 436.7854392323301
156 705.0360750343136 413.45697972484663
156 682.03663109644 390.3659721855157
156 658.8925386265809 361.7238434480008
156 630.6690416364662 335.8561484037858
156 605.4810554614013 313.8814186714378
156 583.7947126966613 287.5999499780546
156 557.7292482721035 268.59852971417683
156 538.9847653813833 245.88371893150108
156 516.6153059762373 221.039558529339
156 492.2474164692758 199.01179617857423
156 470.66552701510216 177.15392461184808
156 449.5340481772934 134.6442617948845
156 406.96907925591063 64.38756290201385
156 336.70015699113753 44.29672677656416
156 316.6200807632266 30.068265643576368
156 302.69830454084945 18.14008695034325
156 291.02488547996575 8.138726526735871
156 281.0730517012596 2.1676336871222754
156 275.65018283799117 0.36889786251220624
156 273.50645735826356 0.31120945493719837
156 272.12069186106754 0.5245406646591687
156 271.5629829288264 0.32974904245649495
156 271.2651215094471 0.6707704711192929
156 270.93448628532406 0.34179463059566156
156 270.51410463155224 0.7257912164342954
156 270.4651526706252 0.471941309222062
156 270.2271338932173 1.0961249366816666
156 270.51091145832436 0.34384323766168934
156 269.9260769198744 0.3390275603939262
156 269.79790763202504 0.6340065527168333
156 269.92668973064787 0.2024390801078605
156 269.18614742290487 0.7301738696740421
156 269.56323603817435 0.5957179137117073
156 269.0873166521638 0.2558636302409474
156 268.76904703823476 0.8518526219135083
156 269.0601519717675 0.17091818296729872
156 268.4252020009859 0.8189443848203334
156 268.79474656416227 0.3477714617473128
156 268.54155944821315 0.35731352296862107
156 268.332770787365 0.5817857948378953
156 268.5522850708245 0.6310254045448535
156 268.2908942846896 0.07408576188632379
156 267.93137198229044 0.6229089871046363
156 267.9746790493489 0.23025099369020544
156 267.56676310068804 0.924524490651596
156 267.8856497598219 0.5146423897933956
156 267.64885205347593 0.49237470648291415
156 267.3525463104891 0.3489991503599038
156 267.2339935394596 0.1386792004492385
156 266.82942509491215 0.6545737211274315
156 267.1444301939509 0.13190098340576956
156 266.6190776321357 0.7624804227613955
156 267.08896510905635 0.2774059986328103
156 266.44437941740347 0.08663873393173567
156 266.212977221564 0.07708715505231623
156 266.11097103530165 0.05703457868305048
156 266.0289152281854 0.050578468394298665
156 265.98928287217 0.05170631441651534
156 265.9720981135796 0.04971788077242818
156 265.9655151841897 0.04950089670684804
156 265.96122193649126 0.04939404087965712
156 265.95932726111823 0.049178825701837625
158 873.3796071153002 583.8249368668592
158 850.0302221883748 555.5976765018622
158 822.0553868364935 533.375236648015
158 799.8612780063297 506.6266708096423
158 773.4056873370519 481.03873179214054
158 748.0385835547645 459.3617225585866
158 726.5345217980009 441.14014867647984
158 708.65091042923 421.4090558377982
158 689.3665649549682 396.7555861452854
158 664.795368664902 372.325201323176
158 640.6614509428978 345.9785076199462
158 614.8050067721501 320.9892249553015
158 590.2954115665348 298.69919434473815
158 568.0750946837315 276.6118783597004
158 546.3048677201582 250.08902455416316
158 520.205917855814 226.6069576992091
158 496.9220689301781 202.31334421701553
158 473.1232258193359 175.1313084198891
158 446.4051604800636 128.35114047583357
158 400.3322047697043 53.69894563888141
158 325.613300964387 34.404101435508494
158 306.62738341977916 21.40680995038572
158 293.4380115045594 9.613502568323648
158 281.79962490015447 2.586656318219581
158 275.13545051153056 0.6418270722871852
158 272.78944196417285 0.2172688435699918
158 271.6143024489998 0.48494355617217955
158 270.95392691782337 0.34768946024354297
158 270.48496622602823 0.895229276967934
158 270.6437125567327 0.05931351525911011
158 269.75852287054687 0.9951811012515285
158 270.1135720112517 0.36348584037970155
158 269.51722182169226 0.4015759498047165
158 269.14594845210513 0.42193726174679086
158 269.25782169217257 0.9961285435215119
158 269.38518109577115 0.28113655986963604
158 268.9879935288276 0.8158647509649671
158 269.07131347471926 0.2639307463467768
158 268.6248601480649 1.0041950708098046
158 269.00019710485634 0.4057618125695371
158 268.36269327306445 0.7488380463449439
158 268.3814103514414 0.1825187659554551
158 268.12319619328474 1.2490515475964554
158 268.8383027466036 0.18570485334455153
158 267.95386479374366 0.4293178975042178
158 267.85397233310994 0.21818659574274915
158 267.5916970207307 0.31918447467297856
158 267.3983794382533 0.287248942567997
158 267.304710745387 0.7967863933185588
158 267.56168385519135 0.16819372567048763
158 266.9520524532678 1.0384821477680468
158 267.46762051369905 0.0719847756237884
158 266.45068144804503 0.2815469654402383
158 266.4938158211454 0.06340182671490012
158 266.2585381816431 0.0294349634754664
158 266.20045786041806 0.03209322546725783
158 266.17459542266903 0.030945846940207265
158 266.162620137936 0.030104138069897514
158 266.15354074721995 0.030350182427952455
158 266.1496330048864 0.030295614118033894
158 266.14742458151153 0.030259407804271433
160 873.2473604353552 582.6353759218672
160 848.9442086837125 555.5398356054386
160 822.0306612444798 534.8717734348818
160 801.6131018453734 511.99910768814357
160 779.0550993167167 490.1712585576745
160 757.7841219659739 464.8540258516154
160 732.5600459992237 437.908525120434
160 705.8633516701799 416.37524970168374
160 684.5713332674744 391.58327707389697
160 660.1894887551764 366.64933192414037
160 635.4459720329709 341.4067186015912
160 610.7699336056163 317.4879140777209
160 587.1544379810564 293.9617724598631
160 564.0436350325373 268.63307628335554
160 539.183927741261 246.30155896344652
160 517.1248969842195 220.94553837370466
160 492.07464746610196 197.1294325436612
160 468.3865261125077 167.9834810972647
160 439.8043255653294 69.58545489387168
160 342.2589489639645 50.25190114776974
160 323.64744541955884 33.59059791558465
160 307.34384867038636 17.720956902588675
160 292.0781362133647 8.0780566106902
160 282.4013369791726 2.2601517938193325
160 276.73362889159864 0.042659902245229746
160 274.31861983382964 0.04819720201895399
160 273.1012909131718 0.0672248687897826
160 271.73277595945257 0.22756129571759237
160 270.6388539463782 0.5395768130568012
160 270.6056297729397 0.6543074084859315
160 270.15889751757163 0.6786939047566094
160 270.22269317834906 0.33361773203854467
160 269.5102662109243 0.30865842632780527
160 269.3436493875687 0.4526838491774182
160 269.1943931199263 0.4786826426998644
160 269.39920090281186 0.5281637338732263
160 269.11837715107646 0.6663195792038752
160 269.16317683034845 0.30588013149162924
160 268.51405522431463 1.0195559925201105
160 269.19492578891123 0.22093938400529303
160 268.0945220077382 0.750129131352826
160 268.45904096741714 0.42142432836915183
160 267.86297273249426 0.8005182151818191
160 268.39913000296417 0.15388802466139506
160 267.6875629874307 1.0114131635448025
160 268.2579833578438 0.036919677622458597
160 267.21675469510905 0.09647849230454021
160 266.85466654650605 1.178891033579429
160 267.62851991300784 0.24480547693401855
160 266.8494419645386 0.7093444107543008
160 266.96359280839283 0.1555994323864855
160 266.3965835812638 0.2597654395311565
160 266.16780092374296 0.5048195427952339
160 266.3999579482894 0.6724408334478196
160 266.4011933159576 0.04558819680357885
160 265.77413852207263 0.050965096756535384
160 265.65139422011305 0.04189018765672667
160 265.58366862335293 0.04404546634576773
160 265.55227562630455 0.044085603221375225
160 265.5355831855686 0.04394510780320056
160 265.5275105530303 0.043656800728484664
160 265.5236673541878 0.04370881297597501
160 265.5216289432149 0.043739513706374446
162 872.3619565013653 575.4290258786133
162 841.0927429417692 551.6221057197713
162 817.4708668299681 530.6790541043415
162 796.635329073672 504.7731205099293
162 771.0708929095947 477.11282180244564
162 743.5212799621454 448.3931018066167
162 715.0540489261203 426.808989737899
162 693.6398014873189 396.45948783601835
162 663.5615586273027 371.86045273928323
162 639.3974295132075 343.4900488257608
162 611.1426180633533 316.7712043254212
162 584.7396347709873 289.5872584102044
162 558.008282282787 263.1905603222573
162 532.1073920710396 240.31135397127198
162 509.9143039565886 215.93521054244835
162 485.90878042883435 195.60784079724058
162 465.9930944356437 174.75453009502706
162 445.30593601364075 104.19993238561378
162 374.4976736452892 83.62297629953537
162 353.81983148359126 40.34805258026987
162 310.47873393159455 26.572121330668548
162 297.6392580501856 14.537103654423039
162 285.8335877237544 5.7000261791081
162 276.83700198965454 1.1472741965646396
162 272.03145233882907 0.5756259454086351
162 271.472520559513 0.8636917121412028
162 271.12869486250105 0.5438420956805559
162 270.8993616981929 0.3865084119517864
162 269.7938305650358 0.8866452956376188
162 270.3003009604011 0.12466406116617787
162 269.0368994417595 0.1684344537759564
162 268.4205497601952 0.969410920915357
162 268.9123862429084 0.5236468120943247
162 268.3080388307907 0.5019839894514614
162 268.33001162544826 1.2465155452619165
162 268.7654699441345 0.16968455209670014
162 267.67376935529416 0.18574289606015257
162 267.16009828469976 0.6470622456371804
162 267.5046001895394 0.2954556501894977
162 266.97903636013547 0.6269595321683544
162 267.199038313122 0.283520640701406
162 266.6373026773205 1.0082695940436106
162 267.3376182531823 0.08129648287990443
162 266.3568767806009 0.4881689900953635
162 266.40896987209896 0.6433306507560947
162 266.43926796828714 0.33369024194274616
162 266.007118404641 0.2751599546931365
162 265.8781002271564 1.2418590648874317
162 266.7405373920426 0.14979617216153143
162 265.6191609888764 0.14339857836563402
162 265.40372667132885 0.05487964372209508
162 265.2864549597471 0.05684225769856665
162 265.21343668664383 0.05392095287453015
162 265.17600595278793 0.054121094364275354
162 265.1575639751472 0.05323959898589277
162 265.1497333513256 0.052702284328851226
162 265.14565364615515 0.05266573365739055
162 265.14375002293207 0.052600438134142044
164 871.9575160283097 585.5716213336093
164 850.7862399289038 563.6473161747202
164 829.0175379861789 542.8242241821946
164 808.3562052079174 513.6700868659116
164 779.4501695771512 488.7002968205523
164 754.8099319608252 465.89131352509753
164 732.3215754843292 444.08900284859106
164 710.874176465379 417.6707457166539
164 684.8189762949544 392.025296603542
164 659.1568829498724 365.3795965973905
164 632.7477009172019 338.98288837562075
164 606.4732013682262 314.12789004910957
164 582.2590337901307 287.4574908568772
164 555.5741604686002 258.68047127677096
164 527.0542008277449 238.0564324314327
164 506.3387839161069 208.42868407263236
164 477.15263976626386 184.80985688187346
164 453.53645016337543 134.85543538277454
164 403.8530833009711 60.45325845811904
164 330.0367604489766 37.68760629974001
164 307.60797386098807 23.04062608306306
164 293.12915043921066 14.532461316209488
164 284.84853922342626 6.041409199373833
164 276.39706048122105 1.8141428753588351
164 272.23310985540195 0.4807630314771922
164 270.2959643841328 0.5535257301028074
164 269.4217913636029 0.3850432828937604
164 268.5339420660579 1.2628944752329279
164 268.8667033484872 0.6142947850350504
164 268.23459815049375 1.000070413878012
164 268.1939622374596 0.4464495432777055
164 267.5583446651972 1.2148317665064345
164 268.0591863566376 0.38062257792161325
164 267.1904458397857 1.2295034958671263
164 267.7748910773885 0.3170700446673315
164 266.99319540349774 1.186488197599685
164 267.6967942584037 0.3561270216751883
164 266.96192449415184 0.7555425658337722
164 267.05064357707516 0.31958504232121265
164 266.61343663704 1.2209401978386636
164 267.2869838201093 0.15475381109242836
164 266.22030168136547 1.128830190376471
164 266.7964117912118 0.23982745122320087
164 265.85268880212374 0.804979083248743
164 266.2940229352699 0.4248848734088649
164 265.9400306231536 0.9892916303896797
164 266.4266280223312 0.3127995175523579
164 265.8086763839109 0.6900093283502767
164 265.9056605934645 0.21011493781701807
164 265.61307338731103 0.043085621078564486
164 265.27006123219525 0.024722234719533533
164 265.1264040063701 0.020853783399324883
164 265.06816735994954 0.019708366706443024
164 265.0374557812569 0.019728202594295207
164 265.0209404541746 0.019603789480629207
164 265.0123340642594 0.01940925446095283
164 265.00830726771824 0.019346248989008077
164 265.0064789671337 0.019336891009971473
166 871.7012541511245 586.032964040446
166 851.3510313084064 565.3607785305214
166 830.9262423421695 539.7565751194566
166 805.4222997638332 514.4126697839702
166 780.3590075997487 490.6761197744402
166 756.646623621182 465.8916319744466
166 732.1123183359923 439.85144996881775
166 706.4548866952214 414.2401754076808
166 681.0732240391894 384.86285977645366
166 652.1019392401727 362.13839082890996
166 629.6399562610693 334.3074843562488
166 602.1893007630728 314.37748405988674
166 582.3950232569773 292.0483557400977
166 560.2547868407355 264.00895502601384
166 532.5299695699246 240.33468219152974
166 509.19784181136646 222.33837207542794
166 491.3769279900332 204.14679507967605
166 473.91557378828173 180.48220418019235
166 450.9270401087575 131.42473847349981
166 401.8873977071061 59.38904754888098
166 330.10313755243783 40.41379202214305
166 310.96102984749257 26.222070656170636
166 296.9801699741845 13.761794945204265
166 284.4005172838305 4.953321253364361
166 275.4651136134233 0.8182072781587816
166 271.5995504170453 0.5932813274632329
166 270.2029225176171 0.4160657516963615
166 268.66457861026714 0.22354357768206837
166 267.84171060122975 0.672902153333483
166 267.5629470421373 0.40639885032882994
166 267.15819169916114 0.9359114078629568
166 267.27904984928864 0.4585861246482023
166 266.645633637832 0.5278535614729416
166 266.4625657168297 1.3936689694223325
166 267.2581140869666 0.24246819753369925
166 265.88071728210184 0.7021914944260998
166 266.11422304073017 0.608786131539617
166 265.8735926568723 0.22353592093829883
166 265.37588830291213 1.08101698497869
166 265.89367814073125 0.1872609191516087
166 265.1564926266886 0.5556510851455546
166 265.2079829077291 0.42608288197856947
166 265.17787118359604 0.237366057991077
166 264.8493743254805 0.28171660752784716
166 264.8320452010166 1.1915385548688098
166 265.4092748070181 0.11526364137382779
166 264.2834652716743 0.758174162432173
166 264.67510113030386 0.5232710563373921
166 264.4695123560719 0.7551082584874589
166 264.6106288900516 1.007620921645273
166 264.8740831576663 0.18921128759421835
166 264.01853470410566 0.2770417333604051
166 263.75984475036876 0.3929413249726421
166 263.76693203670857 0.4619535651197983
166 263.86369792699423 0.10677755662574075
166 263.39239402862233 0.06968076629269068
166 263.31243557008014 0.05382670391552902
166 263.2393608075235 0.05373843263294306
166 263.207590663738 0.054364220690284876
166 263.1943053363621 0.05433051455341199
166 263.1860991394013 0.054346471308768705
166 263.18207565947336 0.05424282716794994
166 263.1802610874594 0.05433860934509002
168 869.2385095379004 584.5580564744579
168 847.6997735303491 557.4367429390215
168 820.740541497999 538.5678766531954
168 801.9419842834708 515.099252056641
168 778.5741690474825 489.67777635513073
168 753.3276895066717 466.86388924153334
168 730.5958532726522 440.77790014664055
168 704.6158465733652 421.24715476030696
168 685.259332227898 394.3923292453766
168 658.5493172795833 367.6268215178658
168 632.1058936140444 340.027099920257
168 604.9024841438361 314.5768791752568
168 579.7322691094521 291.9441531806832
168 557.4829096130302 267.82695448324347
168 533.5793949523336 246.35566118600406
168 512.3360876862721 224.71361981873048
168 490.6680116702582 203.00869663846697
168 468.9411068645584 175.80738735554436
168 441.82383351042665 127.06130326477607
168 393.669147602061 56.28614727573649
168 322.7527555476824 38.164042961132814
168 304.9048949886168 22.5347533935005
168 289.55431653881703 12.727132083179235
168 279.7878394157186 4.325861888104441
168 271.8902625405696 1.3119701064352574
168 268.8756016727821 0.5359718114554116
168 267.61420430305543 0.4497654877171807
168 266.31508057943336 0.9880488577075346
168 266.10554622485796 0.5071970313132463
168 265.7123044554261 0.33746467805381536
168 264.990651070522 0.8980058079435639
168 265.4460126619053 0.08596769432818131
168 264.55192652922585 0.5717906595099651
168 264.5395560675339 0.17890202203122954
168 264.00215110147917 0.307473177654802
168 263.94765327704704 0.5056655550790115
168 263.97678159386606 0.5426581041070085
168 263.92211894015946 0.48832361017628434
168 263.60234074505223 0.8290744957171629
168 263.8449608519821 0.5494293022252809
168 263.5333575010608 0.48625389255520035
168 263.418468488775 0.2720811733605512
168 263.08156433172536 0.792199536896587
168 263.4264190317602 0.23590732238660553
168 262.61751569357506 0.2729110436398162
168 262.5657431578744 0.6030807356861814
168 262.7713757831139 0.6365290052470525
168 262.8723405984367 0.45461565526433273
168 262.4140589189715 0.9688574512576069
168 262.8756396283143 0.08200618856328223
168 261.75298528711545 0.5054009790166303
168 261.8050008771829 0.30882812171202056
168 261.29959578821706 0.8597975562113735
168 261.9875716669628 0.0381627632283434
168 261.0279998475547 0.04889148165157916
168 260.61225990594187 1.0026335865147407
168 261.244067970915 0.13939808926214095
168 260.4099769037415 0.09918987855158921
168 260.2941020442183 0.039010483426014035
168 260.1727598638242 0.04057930733585
168 260.11085286677127 0.03865287152893248
168 260.08043189032435 0.03722412212235168
168 260.06643822067076 0.03777808270672419
168 260.06028337604465 0.03739709051759052
168 260.05706299908985 0.037426472043049
168 260.0553670415751 0.037423318693237985
170 866.7350355717783 584.8352101315002
170 845.0149954181738 556.4875261738522
170 816.8277716219711 541.2352837991953
170 801.9350353440459 511.48807790458045
170 772.3809470847605 490.4972124240658
170 751.6363854877985 463.2410913305373
170 724.5166706312664 438.92632462467554
170 700.2750570004545 415.36235772951625
170 676.916533540313 388.838982802826
170 650.9003768402492 363.7101143267629
170 625.9846098762208 345.69560657417895
170 608.3570614695915 325.1884929341942
170 587.9443349488845 306.1222069592251
170 569.2703495359553 284.52339416682014
170 547.973189185562 259.5445535462182
170 523.583076436468 232.4413074735299
170 496.9794712604415 205.69490791687127
170 470.4278578389544 182.00445679024125
170 447.0023217698563 157.76670704672034
170 423.01048424521974 60.68754269901403
170 326.2045212924453 39.39848269094605
170 305.1147640916734 22.496489203680973
170 289.0322039567411 11.125269476704407
170 277.2767460197431 4.72967277185855
170 270.837636272541 1.1366237559468555
170 267.1589552198402 0.10244130578112205
170 266.2661315865195 0.24263245085391572
170 264.96024593747376 0.48143390420880894
170 264.5553709429135 0.41926416999993465
170 263.95186781101665 0.24807130611057165
170 263.2191804672617 0.3876420582700969
170 262.654462064948 0.9853574726056067
170 263.0392628188028 0.45039389201231245
170 262.10909630950937 0.33256422744640646
170 262.1934031773953 0.2958807756599288
170 261.7507022136316 0.3910609755102349
170 261.881446125064 0.47219461711569266
170 261.68019392245446 0.6738898041748438
170 261.8851958727072 0.1733951010341217
170 261.1094682848254 0.8589616041318453
170 261.5793256711829 0.2889040841067806
170 260.75883513574894 0.3481770803906128
170 260.71600171916486 0.4987304506265522
170 260.5031336938171 0.7420448701253255
170 260.6369432999344 0.5407438689399517
170 260.25900270130114 0.3639801890982872
170 259.95789234055786 0.6180271793710777
170 260.1591311871209 0.5574664047999606
170 260.14416884530857 0.4620616316844985
170 259.92070131014646 0.7339956583762053
170 260.33590850221265 0.3739406152637872
170 259.6624525208626 0.40508790668927097
170 259.55844147122997 0.9028986517244221
170 259.8684290308119 0.11875646588120113
170 259.2041790658898 0.9057790752488184
170 259.8415009090548 0.10799370481294175
170 259.077988773603 0.11745409602988331
170 258.92359143687275 0.03235196814523558
170 258.7769697116275 0.03546461347436405
170 258.707619826705 0.03798404445870641
170 258.68276462351025 0.03723612939515341
170 258.6676255201525 0.036775672472575904
170 258.6603112363611 0.03649307115516258
170 258.6563278371678 0.03642935565656152
170 258.654224937955 0.036434398500631265
172 865.0486148250639 584.1292530424269
172 842.7875024492319 565.4966908633141
172 824.177227920821 540.8452533918685
172 799.6649448629297 518.1395905865993
172 777.1531969203828 488.88013366585216
172 748.3073946979359 465.87140126594704
172 725.6642631783203 440.26675061668016
172 700.1628341820285 417.87041232973945
172 677.8537788568581 396.8412245016583
172 657.0328322667243 370.86217591478345
172 631.1748587475316 344.85662601007715
172 605.3808865410531 316.5099162948537
172 577.2955371900491 296.6955477351418
172 557.9266366367792 273.9370219568293
172 535.6662274788138 247.70125568776444
172 509.431045782065 222.28647861938458
172 484.53499755171526 197.02469715187965
172 459.6384504004394 169.65356462744552
172 432.592565685891 126.31084708623922
172 388.931204608925 60.05496308209703
172 322.62943353988146 42.437008308740474
172 305.2308574451293 29.897444555082515
172 292.4961901638892 15.834217890187592
172 278.7209098498241 7.557142036861892
172 271.0219541901684 1.83518211196184
172 265.42860616770054 0.3916327180266738
172 263.38005919670945 0.40283530659129335
172 261.78625301810695 0.2647892356054934
172 260.5818730122835 0.2833559836157773
172 259.79038352813325 0.7589425586534985
172 259.542327374224 0.7205564701504139
172 259.5299630890851 0.8601412571951568
172 259.45619301611265 0.5320476362617569
172 259.3721305003255 0.18715370019678557
172 258.7370266471767 0.6457998008610109
172 259.0045071243673 0.4238248040549087
172 258.64486715990483 0.4136565939299206
172 258.51966507952704 0.6894654400189164
172 258.8761173275298 0.37494475719330933
172 258.5940665635379 0.6535288448059582
172 258.7296937405231 0.13816036799174217
172 258.13290591476596 0.8245061304056123
172 258.4000469962778 0.3578409585649062
172 257.80291120741225 0.3464660197350725
172 257.86648239021815 0.8045038204678123
172 258.3031850933969 0.09782356972631225
172 257.70656129177115 0.5385696739097856
172 257.8411042306635 0.7699763320076751
172 257.9159520012836 0.12650194039529108
172 257.2016527609161 0.9150701784567425
172 257.7887591426866 0.4090359648446781
172 257.2644662515688 0.5348450415172085
172 257.108750696961 0.38926830256173117
172 256.9344075418634 0.9121399656179737
172 257.28309900645274 0.3514428597849764
172 256.8994255420967 0.06634230498389111
172 256.53384474396034 0.032832954774994726
172 256.39904398687287 0.02436701525447491
172 256.32237182536954 0.02292064060749698
172 256.28755657230084 0.021852882215040538
172 256.2707233150242 0.021766857833597667
172 256.2633777849514 0.02150871067856094
172 256.2592569553708 0.021398909906363194
172 256.2572321755905 0.021336525341582185
174 862.4594066921934 582.937577908944
174 839.2053075259531 556.5531945124702
174 812.9007560546704 536.1016712178034
174 792.400726906032 512.8368646466819
174 769.384016208832 489.3767040471753
174 746.1058398125608 463.35878033275213
174 720.0563623643297 438.03293684340883
174 694.9248969210526 410.9891339937532
174 668.0701588135944 382.08669156849066
174 639.3920377739066 359.46309988376333
174 616.9178586983227 339.3293372923978
174 597.1425608020702 314.3456656784882
174 572.2413065905471 289.3392520362337
174 547.3911302062079 262.4601450218611
174 520.886646255611 240.87852481186945
174 499.54691084399315 223.86086200351096
174 482.3094902548795 197.91652416914826
174 456.047247328966 172.03031480117704
174 430.09897436653205 123.35536662654896
174 381.7293054352297 51.91659895676966
174 310.5302172568995 33.09827609788448
174 291.79619351578344 17.516427535512364
174 276.29277999258136 6.828003748944493
174 266.02434188346473 2.071329678604874
174 261.2712574809073 0.09161242854550988
174 259.24585181654163 0.16338115542675768
174 258.13891729251077 0.09607609464584357
174 257.31877623430233 0.30027915600051946
174 256.64645783412976 0.35674065844378305
174 256.7260307279123 0.7572274607489848
174 256.95513991794655 0.11118712746140258
174 256.0199449554343 0.2734662379004395
174 255.9108130937182 0.7058818637025286
174 256.358949517071 0.3435304594550572
174 255.80702204190672 0.5360716816620191
174 256.0212877589202 0.13027756602316187
174 255.64357749859377 0.9022382413296403
174 256.2297020550713 0.13174953300851586
174 255.14998285099298 0.42572687333749404
174 255.21608611969813 0.1318056371229068
174 254.63753347026548 1.3607466600130964
174 255.90345844780344 0.06518577903607242
174 254.5380622313691 0.2634237408988733
174 254.54496093289436 0.24024259785405255
174 254.50222214888137 0.6423763966425399
174 254.7244528205723 0.5325833966514854
174 254.58348074541863 0.37466776043859845
174 254.33031413808817 0.8652110043326148
174 254.65074718683996 0.18036702741884153
174 253.92962296581806 0.023595853732071827
174 253.67653241391702 0.013069839308751018
174 253.56340640355242 0.008889166757851756
174 253.5013518204019 0.010393011663381534
174 253.47248674023683 0.010307748949758314
174 253.45726118155252 0.010280241046338599
174 253.4497511784259 0.010352039174913142
174 253.44595373843018 0.010284037973168675
174 253.44430733563428 0.010314719023438806
176 859.2671346825709 582.0249812385092
176 835.5459144601655 558.0496848344562
176 811.6270298204707 535.8744433359086
176 789.514858064195 511.52306330071394
176 765.3017705113065 493.07738656584775
176 747.0929873659196 469.1292140769665
176 723.2908854270376 446.30548392625485
176 700.3777943341204 421.35994514124866
176 675.5799190411398 398.9068056618139
176 653.4771750790678 371.990183039046
176 626.8598128174049 346.69511469384463
176 601.675379873801 325.5487049799233
176 580.9364025062874 299.86967311862895
176 555.4113654246825 274.38205753184786
176 530.1038104327134 249.6225921950246
176 505.69600942899416 229.06383338809457
176 485.4576089646383 205.922634903466
176 462.6377911160274 183.72507952132412
176 440.64906659514855 137.95661089466802
176 395.1275424099839 96.93181581279714
176 354.1208510923814 50.48764549561306
176 308.27856908071504 32.88811828733476
176 291.0825905760442 19.743047594395236
176 277.76250301235615 9.576642283466619
176 268.0278096410681 3.2046278835685023
176 262.0379409671654 0.6658274712671016
176 259.4210120231178 0.3922475373599281
176 257.6527500276168 0.5838909016113759
176 256.2642286295327 0.4493312034788752
176 255.49103966091022 0.782616486009509
176 255.23500977377503 0.35853874614310766
176 254.6969764412878 0.48625571782294974
176 254.24009174509197 0.18807086864677272
176 253.59788166869475 0.7698273377575395
176 253.87176080672106 0.06827913176545063
176 253.13990085395258 0.8764090693868649
176 253.61354455962103 0.292311167680674
176 253.0574431941726 0.4508950284508264
176 253.05635692379633 0.5644853542783494
176 253.0899276737544 0.5716931995405639
176 252.93006578618974 0.22301844576224916
176 252.51190511961772 0.7366943797317014
176 252.7170278912438 0.5898236262399343
176 252.5038034496245 0.41955683916356157
176 252.2446530213631 0.42068978424686876
176 252.17471963147068 0.5196851885976008
176 252.16897155674957 0.3067971089602043
176 251.92586145116184 0.6574701366093372
176 252.077695041074 0.2984954636607214
176 251.77587855794346 0.6382639048866021
176 252.00663425687716 0.17123703917026833
176 251.42419772915517 1.0527437143625347
176 252.25212761699018 0.05693369440134092
176 251.27801658572037 0.06389350025817912
176 250.89706605090907 0.1368433642965589
176 250.76894730321 0.5672621288209696
176 250.96031627813878 0.13779431452744065
176 250.41512210886157 0.6521586442292294
176 250.77286034685156 0.3395887483886414
176 250.25801679305172 0.23067731940001204
176 250.01049043331622 0.7510445232162917
176 250.32293448458765 0.4489759544644637
176 249.97943115702984 0.10824159246194501
176 249.62139008214888 0.06921133567897077
176 249.4926144289979 0.06627128461347198
176 249.4332785696725 0.06624552300626707
176 249.40359938472227 0.06632027610797414
176 249.3901471237624 0.06484355636094594
176 249.38184204542785 0.06452344838514394
176 249.37842116310273 0.06434328742134551
176 249.37636725785867 0.06429828478975261
178 855.4237712894599 584.947960133404
178 834.4772261995031 560.3567341284621
178 809.6912832602629 535.7974624812223
178 785.2483768850029 509.5596791909118
178 759.0134874430022 492.11520598361204
178 741.7667445281837 466.3699356214423
178 716.3520775030939 439.55804229302896
178 689.801959780931 415.55649157847705
178 666.0979198231532 395.3263316990441
178 645.881834731093 371.65755415809576
178 622.5484929144648 349.05660872657677
178 599.8810395703066 322.26218147212603
178 573.5391536813179 295.48060114439335
178 546.6695413199561 275.35739027249485
178 526.749731961611 251.66563187651423
178 503.1591960685735 227.97586223415766
178 479.634340016579 201.24514896497692
178 452.84679803565825 176.78052643034235
178 428.8642797825414 128.10344402933245
178 380.83475105386174 50.42310958283043
178 303.5580794396815 33.11828707294454
178 286.756253503882 21.804175132663225
178 275.6953784119549 13.93724421401334
178 267.5033729342511 4.623337682934946
178 258.3976964912233 1.2356789826869468
178 255.69495776836163 0.3601801276902301
178 253.63504994865045 0.3499224913419804
178 252.14457584060068 0.4057802786464278
178 251.3029227739531 0.24200963642727702
178 250.44514292272765 0.2669591955008363
178 249.67357407552868 0.5232628713224017
178 249.44787027022352 0.5173874269099012
178 249.01830228938476 0.31014646780807215
178 248.82190083049986 0.698501773391616
178 248.97022334106256 0.11800078763135184
178 248.42892802194774 0.7874843510458183
178 249.03821949794718 0.1730554742309237
178 248.33177359971995 0.8288251241185388
178 248.6737357390202 0.14657295330728892
178 247.9523371186819 0.4658489693504491
178 247.90688214269136 0.294765415981719
178 247.8472451808605 0.8410686116429337
178 248.2003942418687 0.06031417787282004
178 247.21086640548648 0.7080523297707767
178 247.60470358067798 0.2713794852690825
178 247.21387757253208 0.2258940733085666
178 247.06367407158046 0.8101233909896053
178 247.48092302372046 0.18360373980605688
178 246.88848913628806 0.7202892388794606
178 247.24041455034626 0.36283464792798076
178 246.81062596600287 0.8185115197540718
178 247.4216526011737 0.2251902094687555
178 246.7241385953328 0.5832559369755732
178 246.7479935923067 0.5350980390510032
178 246.70974844853376 0.4281997133957841
178 246.5166392250093 0.5254272201916181
178 246.54957932958558 0.4757732137669086
178 246.56592136904334 0.06733318006253262
178 246.07909264095483 0.05305292247042575
178 245.95640000863622 0.05328245138925741
178 245.8894361044392 0.0520242463833467
178 245.85542857236558 0.05263550143444576
178 245.8412825726366 0.052117393130932575
178 245.83404550863034 0.05224091410996859
178 245.83057660963894 0.05238865048574011
178 245.82891824867596 0.05234297257859227
180 852.0013997538921 585.2120745374111
180 831.1920948615478 556.0650059777905
180 802.030927560653 529.7324835097039
180 775.7372175625364 506.83779329514067
180 752.7516227487725 483.67713398907995
180 729.5537687884712 460.96893927173085
180 707.1389435803642 434.5026206109659
180 680.8565994642615 408.3195545639984
180 654.8642281539992 382.3660604404955
180 628.9647880521838 360.81633345803164
180 607.6195666836661 339.2418118119256
180 586.3370545028813 311.96624635829505
180 559.2619099367654 285.28346591046864
180 532.7267275974539 261.01933108716
180 508.8163129869008 239.78093176154624
180 487.9196038097831 217.79376821469575
180 466.70747982769797 195.73923869935507
180 444.98819522132396 173.70576744089482
180 423.1874177189902 94.53145339667421
180 344.4392241057634 47.76795449033092
180 297.90143429509504 30.639262302864086
180 280.9585440693477 20.54813531183372
180 270.95590148139206 9.777866408803144
180 260.25256813229674 3.5214032026447737
180 254.12926588779186 1.1595854274908204
180 251.8839831301279 1.0847750912845775
180 250.2596103056587 0.7195986607977479
180 248.48689316860833 0.33040332068917916
180 247.38090313616195 0.7943001769182167
180 246.93747415268263 0.7032882497086725
180 246.7657206632171 0.43256701151711247
180 246.41115873377063 0.4460627307086264
180 246.12752967244595 0.635166422083192
180 246.16468345785034 0.2525798718480548
180 245.890308051128 0.9202240811437218
180 246.29917066219335 0.24206062106898296
180 245.52846277573815 0.7506019835310352
180 245.86512373027304 0.5303414103676105
180 245.66200898954062 0.7853415735681107
180 245.71506089136346 0.46735224098348516
180 245.44481289863813 0.33358493201698397
180 245.11246894271338 0.5441564600441866
180 245.2355768107654 0.6820197058721654
180 245.36429560845826 0.18531794361450285
180 244.64280767909142 0.8407039435789558
180 245.2579808763598 0.1289245648238188
180 244.4148048705786 0.6068112610885489
180 244.721758794153 0.8171842631446624
180 244.89839625023848 0.47359163250447583
180 244.52623988251347 0.8923749244805271
180 245.03197864237012 0.5397898458919332
180 244.63841135781692 0.313603375794585
180 244.35040289505656 0.20946537966202156
180 244.18562783163597 0.18242190042364997
180 244.11881249395034 0.1754935095304949
180 244.08407734446084 0.1701916964446832
180 244.06877985949305 0.16837674110461764
180 244.0632184853558 0.16796960541217607
180 244.05864962880483 0.1675324580115492
180 244.0565717716709 0.16741587879481648
182 849.6312432036309 579.0034640862162
182 822.7590346637165 549.9918719260033
182 793.8185430335151 529.4553914364664
182 773.527667710363 505.91897291244027
182 749.9631472693798 485.262655801284
182 729.5394197141683 456.0917983466606
182 700.3479510565714 433.67210645358205
182 678.0145706822086 408.1275176789623
182 652.5770665142851 384.3551799083067
182 629.2209198302669 359.81671731712515
182 604.7788739439844 335.0308367381261
182 580.2600658679542 315.852835817263
182 561.3317879687395 292.18479837951566
182 537.7159604099729 262.45605265038387
182 508.4366189289468 239.05360495325212
182 485.22821635096705 209.97826491699234
182 456.31944882612436 186.4366577349852
182 432.8647217528377 165.2660571437403
182 412.0919147167258 89.37856423006437
182 336.26189159826356 47.463451728647634
182 294.14545689042495 31.398100498162552
182 278.52736180755693 16.711889446517876
182 264.19988021725624 8.067372645460717
182 255.65499625137952 2.5295613576433222
182 250.60552333808337 0.485192707899377
182 248.4479820707006 0.34606529343267395
182 246.91300141555038 0.5830287932147267
182 246.0121466965792 0.3489529348946462
182 245.27935377380317 0.6860327596806164
182 244.7240055623288 0.3564539459039813
182 243.83862628095343 1.0243525443401398
182 244.11213853207695 0.2540402640360292
182 243.39006415677244 1.2941686305982378
182 244.0775002048805 0.12150237638850298
182 242.90656403683215 0.38476542001372693
182 242.84796209926094 0.5046467810543407
182 242.82215920341818 0.4934658214717167
182 242.76189384414033 0.1971019831437391
182 242.4215057786343 0.3575982124002187
182 242.56389625682368 0.5155500442746989
182 242.52693704789314 0.32281680393004497
182 242.24037694990014 0.7567603012844153
182 242.47535739461503 0.19415749611306382
182 241.89822175677648 0.6158952081613571
182 242.36028976334967 0.3166240064202827
182 242.02142428925706 0.7348236347334149
182 242.3141592745275 0.2139327293583018
182 241.68195730796694 0.4276024039282089
182 241.8176474670562 0.7139203182136054
182 242.09923405576902 0.36852338796523254
182 241.81177936497707 0.7190333615255862
182 242.08507214416497 0.6336532807529462
182 242.09872401686195 0.3438730603095144
182 241.5224246974761 0.027405010966175064
182 241.1951024143861 0.024488290479822514
182 241.08519577450286 0.028724217141783782
182 241.0318918258589 0.028240914588805646
182 241.00478609174456 0.026754179035551773
182 240.99263423570886 0.026548734384324507
182 240.98582446761222 0.026356744546117326
182 240.98235655408067 0.0262343263697204
182 240.9806558898894 0.026135275210258345
184 846.3432907488939 582.3905658777128
184 823.277990369071 556.7861012516695
184 797.7002899391344 528.2484829783796
184 769.1832546799604 500.77134127221035
184 741.8998053819055 477.5051603682789
184 718.835234421103 451.4499134344474
184 693.0333941833088 431.20745271834073
184 672.8101363814999 406.96602247226156
184 648.625505829715 385.12165895462584
184 626.909608331781 358.6516589592104
184 600.6327202120015 336.21464695433144
184 578.0551031456718 309.56128844174873
184 551.6204505893869 285.91673042583255
184 528.004773247791 263.20284826130137
184 505.0934019667111 234.59872784976633
184 476.6429055522169 210.1977944357847
184 452.4133836761199 184.57022890888908
184 426.8651431044733 138.41470339251921
184 380.51565488316317 90.98800189366042
184 333.176089863376 45.54709787268741
184 287.82404180754384 29.94044677906244
184 272.4895252152682 15.583564706967605
184 258.5124918506541 9.21633535560437
184 252.0578450389768 3.248344992864962
184 246.04299600614365 0.5166107773374029
184 243.11722492861514 0.6997141085116003
184 242.59775449563062 0.5540109251079726
184 241.8833903311514 0.42458818248273256
184 241.5857900934178 0.714049363187972
184 241.4835951841585 0.33955012073551727
184 241.0477959971569 0.4604005169132036
184 240.8320302001917 0.524817766121408
184 240.8252779282738 0.5392166492449936
184 240.69550714125603 0.25344147997265365
184 240.45984608565925 0.8557769500270687
184 240.75922993195533 0.22980746027941495
184 240.3188653517281 0.8777156960440557
184 240.87398558406952 0.053742212148697725
184 240.07634694206698 0.5958748004539975
184 240.21677485371472 0.12446756817859946
184 239.86926764865055 0.6451779846786032
184 240.17000574047492 0.3397854082805637
184 239.785615505646 0.5816023570773509
184 239.87069833624486 0.9563874918206212
184 240.199223667698 0.4552103765834541
184 239.5967736153107 0.4794326802742804
184 239.50954497913676 0.5628469918232293
184 239.5186972620404 0.4625925113340115
184 239.34757212150262 0.45111059682090165
184 239.34476036567142 0.39785198914675746
184 239.14375645492552 0.2990368563488208
184 239.12936308493843 0.6772571845501034
184 239.34131011850621 0.6459394677050951
184 239.29060293119164 0.2910505626980139
184 238.9041087993166 0.548087181882994
184 239.01510194405708 0.4876259173109757
184 238.89635176029597 0.397009535342481
184 238.6466135917913 0.11176706149316022
184 238.29914837989216 0.47362042885218547
184 238.4401645214251 0.42913660909691265
184 238.39859439235804 0.02100208599341071
184 237.93642853394044 0.02601108693254263
184 237.85919952994996 0.02176815464573344
184 237.812895111779 0.021342424932943575
184 237.78516549531173 0.021144656799383515
184 237.7751610355007 0.02055461471978817
184 237.76765132544656 0.0203677602845964
184 237.7644104968051 0.02027180326649925
184 237.76256159054034 0.020195042872664257
186 843.3373563543671 579.2089542457579
186 817.016806031509 553.8956497848878
186 791.781493943013 527.1836538038909
186 765.1204532281928 500.98571714268576
186 738.9522573901381 478.16469355026703
186 716.3022083301856 453.94971826946187
186 692.1595557996459 435.430569694304
186 673.6417473154623 412.8247655407758
186 651.1521672826834 388.99015455009066
186 627.4822405760948 366.4798563789251
186 605.2110108333584 343.6187012497571
186 582.4348648490187 320.2474947569489
186 559.2724965204319 294.9964135516936
186 534.2069734116569 270.36912054818845
186 509.90734116201816 245.64205969495046
186 485.76213637171077 218.84902765319623
186 459.24279296078896 204.63486314612257
186 445.1919233166136 178.2432931924194
186 419.27356637057665 131.39505932673262
186 372.9700302098121 57.679079689530525
186 299.9338226710975 37.896775692461745
186 280.77427048998516 22.4256382307408
186 265.29157328760687 9.937549128806982
186 253.01701909520145 3.2172269298369076
186 246.03689799014782 0.6378778746203239
186 242.83666201248107 0.31106107476702505
186 241.18342060782896 0.6149683104857109
186 239.9310481423759 0.33642833367470354
186 238.96469515881887 0.6680595689937658
186 238.21673303597294 0.6555874920140152
186 238.053667070017 0.5332289604437894
186 237.55923580261847 0.8514099744540709
186 237.755131026318 0.2259272137622983
186 236.98074129546427 1.0995809796703322
186 237.6007169526293 0.20430322401650217
186 236.57885804514382 0.5346960965018341
186 236.59171809386459 0.41391422060084243
186 236.62564028732663 0.28611881443800957
186 236.26450767752263 0.445677498011146
186 236.34227700027674 0.6969340716314124
186 236.41574720503715 0.2616173333578835
186 236.06597705088421 0.7567661490604971
186 236.41335158325754 0.4431088582891482
186 235.99002658571638 0.5584767342982941
186 235.94464308037368 0.4440536217533493
186 235.74893670517545 0.36985893244568635
186 235.5523443502683 0.6986235316764268
186 235.8754670863788 0.34746242905838354
186 235.51929377595778 0.6901446106770484
186 235.81330476420953 0.22282302083618738
186 235.22068363102682 0.7553843044813434
186 235.6966371776608 0.4132919801992927
186 235.31789840804643 0.038381787968778475
186 234.91119667180226 0.031892356240732236
186 234.82294623356012 0.02599730917618931
186 234.77009094506684 0.023366202092462755
186 234.74643120910196 0.022326349264752854
186 234.73362021704162 0.021562492256574108
186 234.72665996526112 0.021260593205940804
186 234.72352644493364 0.02115831934343183
186 234.72176371144076 0.021095866781681488
188 840.788393495069 579.8120532646211
188 814.5902322613592 551.4029047334224
188 786.1888239354198 527.4240160807219
188 762.1408507071808 503.05864370142393
188 737.8649100816485 476.9120904117563
188 711.7902176384249 454.4956375293308
188 689.8025204586323 427.0227666839421
188 662.4877738965357 403.72188655997115
188 639.6175050224225 378.62862521073066
188 614.6968785956838 357.93942277292604
188 594.2806032396336 326.9978885768454
188 563.5192413701384 305.3149406756095
188 542.1374393151286 276.94266895944565
188 513.8066960048506 250.98922950656853
188 487.8012039710829 227.63203777268484
188 464.5089433263487 202.73411720003187
188 439.93327849886464 177.07406775681943
188 414.4656178354617 129.35806290349984
188 366.59477806125153 55.846267565507574
188 293.5368094520734 37.11222094958398
188 274.96485213285075 22.154166708254404
188 260.1544212926427 12.292056891946187
188 250.79941590714856 4.464310403270509
188 243.4618701632685 0.5612560758599927
188 239.08588294233118 0.14692641191682165
188 237.54741482419334 0.34940636947442616
188 236.54994352829902 0.15231648039166157
188 235.4660328486756 0.3307043912033082
188 234.57596084294153 0.40549881393095405
188 234.16947852487036 0.35032874767881894
188 233.73146731640924 0.49922441498789816
188 233.78829463689758 0.34145125829853235
188 233.46835327224952 1.1519638997017032
188 234.19480589215857 0.17836310051438473
188 233.16711093094904 0.14357943136682028
188 232.844318700302 0.9667539152634028
188 233.3917884401244 0.21111553244922865
188 232.60024394816415 0.7022747379841072
188 232.9649341582365 0.37814304382292196
188 232.57131085113005 1.0882356922540217
188 233.17616338600013 0.12421475315128029
188 232.22015054290833 0.8513303246002664
188 232.81732936016056 0.21569528281688127
188 232.2919475005686 1.111796068218067
188 233.1990577659383 0.14366817524587014
188 232.13249169703266 0.9781650524901802
188 232.79500208719602 0.019006081195587474
188 231.90915890894777 0.7088484312180666
188 232.3139353896159 0.21377218042064816
188 231.81187439783224 0.8287469602765132
188 232.32010907700632 0.17597609817916893
188 231.6976910421189 0.052570921019827896
188 231.45170710809515 0.021684620470149057
188 231.3633411571356 0.018194659717625388
188 231.3129558679432 0.01595424754417331
188 231.29029760814728 0.01686077915853607
188 231.28019380661726 0.01682314789619142
188 231.27331038630936 0.01683908110007182
188 231.27054735322625 0.016760226422077383
188 231.26896426359974 0.016741734489530122
190 836.5707095760436 580.1430458066915
190 811.46552789497 555.2554067085703
190 786.540520870992 526.4128029349035
190 757.7433915486758 501.73386345587323
190 733.3235102850333 482.9924176392053
190 714.7544776085422 459.1619236864575
190 691.4058067167887 434.1143977462192
190 666.5228448664307 409.5547992521231
190 641.9409488623365 386.0806445560594
190 618.6839466042342 357.16648039289424
190 590.1463335676668 331.22200477591736
190 564.5325979271117 308.71721354522873
190 541.9805409634572 285.78684022773524
190 519.1394158705506 263.1988195753787
190 496.48921090967923 236.65781915179315
190 470.30113462976806 220.5073762328058
190 454.03371148965124 195.02814028418803
190 428.67559888760735 168.63457563710992
190 402.7216125187995 93.61013901283785
190 327.7480435053748 48.08303740474169
190 282.3861107317867 30.27954833170622
190 264.9079478649881 16.401034301643826
190 251.34000383859504 9.219081847306619
190 244.3671137330184 3.2655923814129597
190 238.68658478309206 0.3274142264638054
190 235.5017203325122 0.257709479648317
190 234.02873365694583 0.2985854153283913
190 232.82438072876192 0.3691803784062698
190 232.0144418528162 0.5326892329193179
190 231.37168818725243 0.6189023219487725
190 231.33102754164912 1.0173199788092204
190 231.44032831396436 0.35315782806798207
190 230.66363778211303 0.23655095875246188
190 230.21235635396692 1.298269254378415
190 231.1307396272431 0.4506833152749662
190 230.25033971505425 1.3390756855286012
190 231.0018515844041 0.1773862061971277
190 229.74630985097542 1.516211113039165
190 230.89040695510892 0.07571035878395939
190 229.3469770156561 1.3817425479027736
190 230.36531182415408 0.019718352757635824
190 229.03373527904557 0.10538204871997256
190 228.7313590410967 0.862331195868292
190 229.39998348619216 0.231320915555023
190 228.66116226508237 0.5055944850541695
190 229.04667994558537 0.16084681410795323
190 228.5534872737009 0.7338493309574394
190 229.16887673596537 0.5536568228164509
190 228.8806114168076 0.2765385490518893
190 228.76970505445524 0.7501674366861248
190 229.01931929174268 0.200024233150407
190 228.5183292046373 0.9112987123031047
190 228.96615646467637 0.1475511319945855
190 228.35113942998188 0.2652714007552727
190 228.39541746786614 0.05926997821969909
190 228.16546004566487 0.04416299346425469
190 228.10980929883306 0.041413372209488805
190 228.08046650688033 0.04082576271109679
190 228.06655775703516 0.040464197959520914
190 228.05973624112306 0.040153213062134124
190 228.05625278058253 0.040138544538309597
190 228.05483843067748 0.040114599949372574
192 833.8214384139562 579.037771500459
192 807.0242477791073 556.1801464110606
192 784.089641108591 533.4136004441881
192 761.3079010997328 510.1391130904465
192 738.1951549865786 487.8030291867974
192 715.9392525871932 460.4864368690587
192 688.8197914816566 436.59312453709464
192 665.053365300857 415.4906339166797
192 644.4618693722482 391.5656084440866
192 620.775158696777 367.0237642434104
192 596.4082073480182 345.8105008759582
192 575.4967012398874 319.5174456578642
192 549.3737250254085 299.3980270442287
192 529.5930258820534 275.7407546831536
192 506.0518735694935 255.26628656797004
192 485.8650816824203 233.03957009585207
192 463.66364434032135 211.57645569205073
192 442.51240521708786 188.08443833769007
192 419.1027810649807 165.5217832511502
192 396.48840897562195 62.27253101651152
192 293.5415935144988 41.52134422441067
192 273.48182926493536 24.416940316929622
192 256.8890499169479 14.264394437121311
192 246.96007017165914 6.742742251134192
192 238.98481955748355 1.2530925508036057
192 233.45439472201804 0.18269600013846354
192 232.0406321726337 0.1915015503900312
192 230.44565273395747 0.0589031764168814
192 228.92785815212792 0.20913636944907846
192 228.0830600395024 0.2731799612488698
192 227.75750295077182 1.0053886268834096
192 228.07367613387342 0.21998418270568906
192 227.19656938437765 0.45747746635565145
192 227.21887105980346 0.48075265933712197
192 227.19702763955624 0.23907024757677348
192 226.72517317351958 0.5917030125573772
192 226.8901382833409 0.23716294614881153
192 226.48012579785149 0.7390965310082602
192 226.86247603368693 0.22222547335820883
192 226.32044850745947 0.4042449212366077
192 226.4266375657025 0.31560435736327885
192 226.13796546788552 0.3139746575633411
192 226.0480783868081 0.8213143664629432
192 226.47427487190456 0.39220313329868944
192 225.9811524456349 0.26213698693805704
192 225.8712826473626 0.2396113810380429
192 225.57313770835066 0.25109199666137333
192 225.65393671382066 1.1353366008375088
192 226.2531811198169 0.21557011030818293
192 225.35186806250798 0.6439315723187651
192 225.61713743997484 0.23532007125960624
192 225.3514182948274 0.7634129188817981
192 225.6228519050414 0.2922870642196441
192 225.20867996689338 0.09550787379587433
192 224.90528803501252 0.051337460017129403
192 224.76875779163933 0.046292660651665096
192 224.7164016235176 0.04381011564180429
192 224.6843595420605 0.04232345025639938
192 224.67127800461873 0.04077068040797849
192 224.6644571712624 0.04038005700149381
192 224.66049212457554 0.040413215329313704
192 224.65911289940152 0.04030395408950946
194 829.8842454744431 580.535378057112
194 805.0786787834563 554.5636419185373
194 779.2296750950528 533.4537248572246
194 758.0130980418764 512.5746651254981
194 737.250534272594 488.7590203447245
194 713.5054535541746 463.1689766183133
194 687.9172990496013 439.6291335442148
194 664.3099150279729 416.4962687364837
194 641.2858107419229 390.77329477011034
194 615.6887097551651 361.68473276026793
194 586.6560810530395 338.2789245274665
194 563.6841795677558 312.76338625398466
194 538.130593858921 294.1043916758801
194 519.8029290780746 267.02813533231677
194 492.9740686712797 244.7209213815027
194 470.8646849035664 222.2846691852709
194 448.3174370063803 200.86041677696232
194 427.0936415842625 176.60534911418057
194 402.80354357353576 125.98324021148608
194 351.9540926536086 62.53352292610175
194 288.33519788847065 40.74489134201237
194 266.89025190960376 25.594214496622158
194 252.0325709876052 13.815891657605054
194 240.44264584997174 5.143764671540277
194 231.76708033775094 1.6236800714677737
194 227.72987847260143 0.3603508523021523
194 225.89099127787784 0.4140699223677128
194 224.57222859083902 0.1368738582028676
194 223.64632171526586 0.3072045155654911
194 223.0025920385417 0.5082976758436862
194 222.88111072667604 0.2072156135355577
194 222.48204630111118 0.5081442260977622
194 222.66596582276378 0.7617584391872437
194 222.91954848019273 0.1538055031581769
194 222.22235470195417 0.561795397414295
194 222.4378281853504 0.4617308041904231
194 222.29299649903322 0.6179065918546601
194 222.28876636421037 0.43132468134459623
194 221.9436976075574 0.7011484535516594
194 222.27443354606243 0.09631377356868026
194 221.5044536944515 0.5858683146564451
194 221.84398880735517 0.4107556477873566
194 221.6688651794961 0.10489293080228278
194 221.34755800614556 0.36936511314614673
194 221.4993528312871 0.565003784566786
194 221.7097313804777 0.4236037316534008
194 221.45366094801204 0.4946436538880274
194 221.66742054939735 0.4226973573960904
194 221.5047920702394 0.44522322605470405
194 221.62818266646502 0.3618153849046738
194 221.32180080998913 0.356203799438861
194 221.19977606402506 0.46624469491022896
194 221.3226354138589 0.9318890012272758
194 221.8284231496372 0.17025630898753272
194 221.01745052161283 0.02638999775412429
194 220.81808992657662 0.026963584645063765
194 220.77426610500885 0.025826773020353664
194 220.74875772123232 0.02545069597021499
194 220.73521820985374 0.025179921348389027
194 220.72852634081283 0.025136651146223682
194 220.7253503965987 0.0252043717484213
194 220.72378596201133 0.025139324071869928
196 826.4540548711774 583.6569364225297
196 804.2774499273773 561.9538706847637
196 782.5280426583511 538.5558863128282
196 759.0323630391729 515.5172656447161
196 735.9988353573206 489.8642877374359
196 710.4132049076088 464.9958924106823
196 685.7704638966582 437.7485602174147
196 658.4993010965547 413.65459745382304
196 634.3395973885259 386.7559374668472
196 607.4458508975631 367.75086763053855
196 588.5700722493916 345.67365241478626
196 566.7713743297371 322.25761433068544
196 543.598241605171 296.27830482994887
196 518.0404590205054 273.7565004668685
196 495.89598050073937 250.80585415367062
196 473.0584761328603 229.47508068748232
196 452.27379705959777 207.40115695694118
196 430.2020730205405 185.6122689814299
196 408.42558372711983 135.28475116913313
196 358.9787134698836 90.74732112108288
196 315.0861749629327 47.137755111041784
196 271.4642553573973 29.31679796183186
196 254.2267019283516 16.91852831121295
196 241.58456454232547 6.737478374912683
196 232.18725978285295 2.1435477853857723
196 227.31013372717172 0.9711551562947454
196 224.6209597667969 0.5853151546747088
196 223.16339299825006 0.6209455301620466
196 222.0005210586063 0.5071281289902415
196 221.05559878701678 0.3102467247275877
196 220.00373474976257 0.45825599591185706
196 219.54040801389814 1.0563122763619195
196 219.7389769472256 0.2842677663888071
196 219.01724485395107 0.905552064064478
196 219.32997592975752 0.38633452352180575
196 218.715485085113 1.3049117025562615
196 219.61635580570257 0.2334241512223983
196 218.5228616734747 0.5428461654571237
196 218.62193142987385 0.6320263354331317
196 218.58474405594757 0.4434713902319743
196 218.40129881102206 0.30484992653275056
196 218.10945001384331 0.4563218862890954
196 218.31324887816086 0.48235367581501015
196 218.1383686548635 0.35229541438407425
196 218.17588051668523 0.8527136428953994
196 218.4625247674187 0.15593985697537172
196 217.8252680279502 0.7420348982375153
196 218.2316650932333 0.358599429307036
196 218.05396515214122 0.5084189857698991
196 218.02299144908056 0.2311026044203644
196 217.7608812005643 0.7638434120673666
196 218.1153168115953 0.482619510026714
196 217.97905717485267 0.31864916082678585
196 217.73228022368042 0.7640509270606288
196 218.30920291021337 0.17506494449707294
196 217.54399268094988 0.05032622623384679
196 217.38078445524178 0.008489754153847468
196 217.27551834567237 0.00267764095827295
196 217.23015707094874 0.00295379104275455
196 217.20271798365178 0.002373239133397053
196 217.1938491397194 0.0026528840821387466
196 217.18829589575859 0.002579043615254093
196 217.18513357507885 0.002563964048990109
196 217.1834985045933 0.0025588606380853715
198 822.3355589793968 582.0955030575315
198 799.2965742840745 558.296399050382
198 775.4618626920865 536.390534892419
198 753.4828262725478 515.8115090461001
198 732.8940484126302 490.29043388662205
198 707.3696760014462 468.34954620713853
198 685.5609880584768 448.51527660713543
198 665.8808274221169 422.7957880519839
198 640.3294617737241 400.95981748131453
198 618.5868973252526 377.7369830505139
198 595.7959085956835 354.03047739272387
198 572.2825007412068 331.80917954713783
198 550.2625797093615 305.9768709516852
198 524.4344052677529 281.5525637411898
198 500.2380395910186 256.05302860527866
198 475.07664974859847 230.03131085865158
198 449.35880739527687 205.0180029039783
198 425.35970562893317 175.6692032859508
198 396.4247494851242 102.3041544679763
198 323.595954573737 53.44037539795152
198 274.7908532918829 37.00721350976428
198 258.2769865004821 23.55478843931647
198 244.9813918694037 13.828019032488315
198 235.42234372604597 7.086702313446791
198 228.04391213014694 1.4547355108982047
198 222.4897760343746 0.039428458047972986
198 220.05590255297324 0.1105477412357824
198 218.15098286330138 0.5088472523397202
198 217.3318742267371 0.7000243659763419
198 216.85327611011888 0.15194981240637395
198 215.79720296883357 0.3808981014161714
198 215.55853456966986 0.34721191015475716
198 215.2255749900038 0.5125769429868774
198 215.08088854765683 0.37638364465331414
198 214.82453704205025 0.6273951946735493
198 214.86452357518357 0.7772058490121061
198 214.90424667465092 0.2833441826936509
198 214.42863869923352 0.45297589055058296
198 214.48493362770236 0.40156545974345303
198 214.37999923302027 0.31536892562382884
198 214.1737790181574 0.6139928048036198
198 214.46108050232957 0.4524592885681238
198 214.21996945468584 0.34139514428550094
198 214.07924771928003 0.4072537971994953
198 214.16475926806 0.23985730682444067
198 213.92459405820452 1.0684306480226844
198 214.54884168398334 0.09733993091314537
198 213.61491662414193 0.9402545571565117
198 214.37341853336406 0.24990285185078762
198 213.75081111526057 0.897260970943418
198 214.22553040721976 0.17396815567168286
198 213.65859806384134 0.539472011561878
198 213.947297281816 0.5641380860947255
198 214.14131168405893 0.09334846566320833
198 213.55960829155723 0.0760934014589986
198 213.47136924956652 0.00255894556323132
198 213.3065439966785 0.0034353756140277623
198 213.2600287706689 0.002541156220691493
198 213.22775039693178 0.0021609599677846975
198 213.21501700837564 0.0023842439192246134
198 213.20880837769468 0.0024836387738528887
198 213.20542149787784 0.0026060411990188014
198 213.20378071742815 0.002661287547059048
200 818.6396291585772 578.8031982182163
200 791.9533822211516 558.3363743134107
200 771.4281718947598 534.7366349836058
200 747.7709246891825 509.9988868144711
200 723.0020884959589 490.8536517755469
200 703.8544841693749 465.8287558387375
200 678.7691145008492 441.9704589509332
200 655.1445419219223 417.5241329287371
200 631.009395467604 388.2143075288868
200 601.7321724272947 364.5537509667363
200 578.0221878360195 340.17085340072526
200 553.9687248126195 313.10807211980983
200 527.0854643306502 286.70768373807
200 500.97217613396543 266.13639686450915
200 480.5659169180303 241.6301433653145
200 456.18963487985445 216.60430530794807
200 431.79176794583896 195.73841938953063
200 410.5703709796446 173.35865508558035
200 388.48246480448347 100.67013655458129
200 315.9936843701299 57.221191322752254
200 272.61814416617347 38.7147268215936
200 254.29778297247782 24.104289417337828
200 240.03879567893767 15.201197858106967
200 230.7898932399657 5.702732873995199
200 221.4006987338788 1.141203933871012
200 216.87385663816494 0.4108494784999802
200 215.4265302471091 0.3592258025629923
200 213.911109576336 0.36848546251560166
200 212.70807196615897 0.5132242104879018
200 211.89135808676076 0.729356520173178
200 211.80579307297506 0.41942209840457795
200 211.33263436768488 0.21176156722394088
200 210.794653766557 0.6579732990539382
200 210.99660920542874 0.34039059429776275
200 210.6348917984086 0.4288369432683745
200 210.68265435137238 0.5391291592116796
200 210.6909967992008 0.2647885111135774
200 210.42232579914065 0.7082997443047492
200 210.85315340251285 0.2525319437993325
200 210.3713332841134 1.2137137492651817
200 211.14116980555178 0.13842749771093257
200 210.15223490482455 0.9176632132262703
200 210.74697060555613 0.12780935680100325
200 209.97055389341844 0.7688918862761878
200 210.53074052447766 0.2739156282331075
200 210.18190243311292 0.7956528359981939
200 210.57058426750783 0.07814165750123214
200 209.84579724703244 0.9410136350689601
200 210.55296052919223 0.2229080622320097
200 209.92735543355002 1.0888909153208526
200 210.61084535793557 0.0540467395267682
200 209.62487168785182 0.10063831858087537
200 209.59960035117743 0.016335837256958963
200 209.47760276404063 0.01550970168647416
200 209.43887029635732 0.01445149648518957
200 209.41609249207116 0.014572933860898783
200 209.40500547432364 0.013860150568029292
200 209.40024168429093 0.01393728773686643
200 209.3971359506893 0.013930043058429754
200 209.3956711493385 0.013892344945140266
202 814.9619538390791 584.8007336682448
202 794.1619117281664 561.1970406713151
202 770.6449271678163 537.6294229101752
202 747.1509948033598 515.4610655448932
202 725.0377937800055 493.0500465096177
202 702.9724372867981 467.47814256217214
202 677.424755884303 445.37633337147884
202 655.4504874156156 420.8789589212469
202 630.8903143388368 396.3217826207033
202 606.4493746797647 378.8332253338833
202 588.919045513305 351.10793372599596
202 561.5207132673215 325.6739840499856
202 536.7237547194933 300.5787763522849
202 511.94426582643183 280.2691124237566
202 491.5858039263759 255.22029413664214
202 466.6452333688884 233.9454325763546
202 445.2777657907646 217.12101273654972
202 428.90885126689034 193.1929785320885
202 405.35855858068464 146.17067116766574
202 358.40092471962583 124.63308335067299
202 336.9557384172516 49.783535688363045
202 262.3764076371623 32.14188757786582
202 245.48675652123413 18.3407197972552
202 232.4642210967068 10.0392246943769
202 224.63875006043696 4.104373066841828
202 218.173753727753 1.5842081201761875
202 214.99518452729612 0.853172659515716
202 212.86551410233173 0.8783512127350315
202 211.50182565373805 0.7080478432755863
202 209.87701417478587 0.4364216893778985
202 208.53449023427828 0.4678064984384066
202 207.93842136450598 0.30308294672625086
202 207.41047012606614 0.4666662920081715
202 207.30035239094593 0.47478058349854857
202 207.0508256401121 0.5236448644090725
202 207.07945922389754 0.2905513943612819
202 206.7869556139653 0.602343427215559
202 206.9336662541883 0.2955841739189296
202 206.42278079230204 0.6350462183236941
202 206.5448702738289 0.49372749403609306
202 206.3811720659257 0.5069590671691662
202 206.34703221595814 0.5938104921949017
202 206.40033219255224 0.4205032603003275
202 206.18386901271214 0.4061788712284683
202 206.28748257807192 0.5716272718572832
202 206.23132423046374 0.43058327351413883
202 206.12263667516015 0.430625526019462
202 206.01343471197023 0.5569849756210494
202 206.2799242675644 0.4044455703163231
202 205.96231175141 0.10829667117604769
202 205.5172927985912 0.8356612721352019
202 206.04066103242914 0.17486649544624572
202 205.50728841957692 0.4192441486798498
202 205.58054924854815 0.5138172935607198
202 205.7732072382248 0.6336177315460513
202 205.77369676034647 0.28227413558591063
202 205.44787027961408 0.0334197599410192
202 205.1084562361 0.01348268671370236
202 205.00628069532758 0.009425078250474212
202 204.95608192692123 0.010064121102071923
202 204.93957706585712 0.008516208058258973
202 204.92964593219492 0.00806195098496356
202 204.92502669764298 0.007862135552765607
202 204.9225605244359 0.00786064054625039
202 204.92140527242367 0.00782397977916178
204 810.2926083880586 581.2386030219873
204 786.2453277903348 558.2221318525371
204 763.2197456915812 532.4792292870395
204 737.6297043199476 507.8394608656289
204 712.9432234093126 488.5525718140449
204 694.0567723679504 466.50692596446714
204 672.0267116051874 443.0448866419034
204 648.6473792461479 422.13439781157103
204 627.7632220637482 403.1655950105861
204 608.9138744504834 384.63996022069176
204 590.7046911114478 361.70166384731584
204 567.6005488838659 338.0063748085305
204 544.4523961487253 312.9979550777517
204 519.6524949278132 289.2106497899105
204 496.3101174228931 263.49272607550495
204 471.08719159628487 235.87499728990434
204 443.8819111022792 210.90922126771883
204 419.04223006211714 187.53911048464465
204 396.08640296571355 163.49762029983506
204 372.5909003540752 89.2918394464644
204 298.7089968031344 46.29129805969573
204 255.9236882450213 29.690398685310093
204 239.55462559811036 17.12732468195525
204 226.7809219749156 7.790882042460887
204 217.66764737133593 3.0214516083402554
204 212.2247035756373 1.165148255504676
204 209.45349803976097 0.5962053612710793
204 207.80521717637677 0.6734397216483438
204 206.13695024470317 0.7412710589541083
204 205.09773348731287 0.5988979464120234
204 204.2077174547947 0.5889387130972219
204 203.56903372411062 0.71222754063948
204 203.3883494300727 0.2676087499688997
204 202.73595478040693 0.7035544003037255
204 202.8030646786888 0.5021343031650406
204 202.5812471634474 0.6372094794587551
204 202.56519917583063 0.48892753334731115
204 202.3995448546573 0.7468775349865523
204 202.49288757033884 0.3141980867211995
204 202.11726055477638 0.7772857289832631
204 202.59032728482055 0.22305257804047887
204 201.97423139177107 0.894162551702772
204 202.4305964438542 0.23801268916429288
204 201.97000930389436 0.7486223341164613
204 202.36429905556986 0.8882742109832097
204 202.62522710480727 0.34016526796755725
204 201.92204979254288 0.6608807451356733
204 202.37047719658196 0.5863534020646352
204 202.06862900775877 0.5371003250725429
204 202.2211825695484 0.6330361569541456
204 202.06426387958945 0.47218107519041547
204 202.0817863511437 0.8031846587517273
204 202.2727900208149 0.28887589484394627
204 201.810587914975 0.0848730606974117
204 201.5427622915061 0.030118107780717857
204 201.4818635958046 0.0348022566560113
204 201.44138764633144 0.030892355075522432
204 201.4219181496129 0.027844042118563443
204 201.41153448084373 0.02676810843828743
204 201.40666718907272 0.026795402423925613
204 201.4045284311575 0.026663583743645143
204 201.40320501312078 0.02672102167920202
206 806.3956563512268 580.3913666120253
206 781.7777144969621 552.8318438811986
206 754.121981253339 528.1810904576535
206 729.6677628097514 506.3869452282122
206 707.8791092610556 482.98897721607227
206 684.4671783210717 453.48785823366325
206 655.0206329251068 431.13757492522666
206 633.1236952393898 406.59820189366644
206 608.9776849299781 386.31673546566384
206 588.6417775101536 366.73356326119676
206 569.2371615294359 345.3164081892179
206 548.184515814034 317.31838385658625
206 520.694654276562 292.9823396200559
206 496.5238216943737 266.0977054544667
206 469.73376630537217 249.98674735939642
206 453.5671030294601 224.3043075448714
206 428.21749837523066 203.01195223745515
206 407.35721628839497 175.74800926598354
206 380.30529356623583 125.88847497001692
206 330.8763130479471 52.07220322529059
206 257.82147765316506 32.514205525215715
206 238.61686671611983 19.29918617414433
206 225.60452546423386 9.863775698739957
206 215.90066872709951 3.3037451413068584
206 209.22994517845763 0.9322188633103903
206 206.46494959994658 0.6561775343644105
206 205.18007091118187 0.7799968035178788
206 203.25031244289792 0.46950095118346163
206 201.64785061595035 0.5882740855698162
206 200.63191755574596 0.29941393259234844
206 199.66612169114066 0.33257818702565806
206 199.1749253727517 0.3260270877619776
206 198.95148327389975 0.350265399516139
206 198.7268768633258 0.49244250344935425
206 198.85954448804907 0.3315029885700977
206 198.57872208171872 0.9616981782124325
206 199.10086271827697 0.0482141863078301
206 198.2118557358103 0.23452930617355833
206 198.02175422984567 0.9887060139192883
206 198.84208807232625 0.22404288376596795
206 197.94385110260666 1.445400562690778
206 199.17008082063055 0.15886609802822024
206 197.74695312513404 0.9021063550676488
206 198.45729477752874 0.278655426684425
206 197.76667284602115 0.7036933235235874
206 198.2319995235799 0.4311017835030282
206 197.861117927035 0.5072200601765949
206 198.02308762555302 0.5743895400334744
206 197.957120399719 0.2769703616447682
206 197.69578960790614 0.3088484547127328
206 197.6163110617805 0.6340457439827581
206 197.88979237920663 0.418067012823489
206 197.5995060551834 0.40650819614638406
206 197.65890975775292 0.9708846209312916
206 197.97435020502053 0.18419388815945603
206 197.3538383302456 0.11394421261291474
206 197.18153122628547 0.01042152480110929
206 197.0836933093635 0.011099097906971101
206 197.04305858555122 0.0070820880900448
206 197.02817759483835 0.007361744384103043
206 197.01901663044748 0.0070459660475501095
206 197.01441651826855 0.007187392094819821
206 197.01246165813717 0.007189714341010113
206 197.011330721583 0.007218894759302781
208 802.4153983459399 581.4629517568836
208 778.3928574181633 559.0460549672227
208 755.9820999947979 533.9540395133536
208 730.8396088127822 516.1560457300363
208 713.093655220314 496.3120808282629
208 693.2209999348072 473.6704115803159
208 670.5277357083173 449.9177658765508
208 646.7502856932011 426.2026383711559
208 623.0590369895966 400.13787657051654
208 597.0453574005719 376.71098553129667
208 573.7887823382954 355.3320180164654
208 552.4249273496082 332.2858295805853
208 529.6681198801747 308.0052567496838
208 505.151351286571 284.2557700542958
208 481.6698287728626 262.6989678973546
208 460.09820566289983 237.10455817997246
208 434.5647232306771 215.62733987949835
208 413.3899971810097 193.34041707040672
208 391.3942726082921 170.39881554833602
208 368.30957339756435 96.44272350127747
208 294.6074158643558 52.80015470680472
208 251.0630931568868 33.64285823562995
208 232.44539374212175 20.40159835960923
208 219.41895157142721 11.483948637531016
208 210.38214816854125 3.6957584894719906
208 202.73902734127358 0.6708370750117806
208 200.08596415973088 0.34522790529793973
208 198.3690952734666 0.19302950966791219
208 196.83155280499798 0.13114942727572584
208 195.71838799317646 0.034118772779519
208 194.87159942123998 0.253574778855595
208 194.5429988986553 0.7825901948276424
208 194.91746700919856 0.6840991093591501
208 194.82385349534516 0.3694357243456562
208 194.44382937233203 0.5838015939384896
208 194.59362424289725 0.8358132132388294
208 194.64395106243148 0.26354534081602915
208 194.20776107329587 0.9665467220599029
208 194.7317866781498 0.13799488203641241
208 194.00934268940432 0.38935864950303156
208 194.25359195071536 0.6359886663224023
208 194.46706265128427 0.6215602123426587
208 194.29706560200256 0.5341053481912912
208 194.28741501346948 0.4804424937046447
208 194.27923406371394 0.5389531862522599
208 194.31173453606112 0.11134375002242435
208 193.750308752833 0.4142629733166888
208 193.99265743844958 0.9094125037883942
208 194.38894620365232 0.033725524837661155
208 193.66962664191706 0.3965116970771893
208 193.776309975872 0.1643119202463572
208 193.7417809326578 0.14476425938344897
208 193.60697356666878 0.016397636424764737
208 193.47289318305855 0.009498375255513909
208 193.43251922651518 0.006470695039679882
208 193.4091538765332 0.004004511879729381
208 193.39823510979252 0.004025575176432084
208 193.3925953964752 0.004086165693421866
208 193.39040542162854 0.0039405151705565284
208 193.38889606771116 0.003912752823490639
210 798.3548726747701 578.3230973229125
210 771.5706085005617 550.2645371206238
210 743.4044796551998 528.1067188072575
210 721.2638427024617 503.6154136588334
210 696.7436601599632 480.80163463279035
210 674.012805559243 460.4206529920085
210 653.522199679328 435.98788168418116
210 628.9539004695345 415.0351303807187
210 607.9552876908692 396.38367392576424
210 589.7118698048644 369.204352346395
210 562.7275299231072 343.07880859559157
210 536.7849929994601 318.72584838941395
210 512.4235905440767 297.9426361159643
210 491.77339413301024 278.5804592377805
210 472.2724160240849 263.20657739823616
210 457.3803495579815 239.5095127151814
210 434.21106210568644 213.79729385999858
210 408.68409094028505 199.51961870001924
210 394.7133484065061 178.2066236291979
210 373.59201277859074 102.9711216030111
210 298.37562075157024 85.16103378394534
210 280.33599571380256 43.84577945163778
210 239.55076420902125 26.929942298601667
210 222.8515303317163 16.15894295369134
210 211.79698141125553 7.693222928396137
210 203.35930883030136 3.178629413507425
210 198.45451321051243 1.6837004472176684
210 196.38630335011766 1.1819262841981293
210 194.60226989351216 0.9409439089361074
210 193.5362436023377 0.6667992646257981
210 192.3544888229103 0.5086076995895372
210 191.6548181208297 0.5556696655249018
210 191.12620110565865 0.6897742320572947
210 191.0750936644108 0.41765867463151046
210 190.67947312379954 0.3160089115434963
210 190.46706702635285 0.7638881034350844
210 190.81924206618663 0.2490134998827373
210 190.10107566325516 0.7443903076383855
210 190.56973245903546 0.33947737401525957
210 190.01006002561064 0.28919673588361416
210 189.9180797476692 1.0432330889606805
210 190.5858923802357 0.1550456633554918
210 189.77972292987826 0.8659828250245947
210 190.32235060470828 0.15816687153779613
210 189.7887813133738 0.6807758751667894
210 190.11829913590086 0.40162005871784107
210 189.83177005176125 0.5222215380402144
210 189.85679001113195 0.465358520936321
210 189.82797059886698 0.31589746027190646
210 189.58027279490915 0.36612703347338627
210 189.72922036947833 0.407410199985894
210 189.61482122826848 0.4193717590136794
210 189.68406098451803 0.33313051042571057
210 189.5473306012965 0.7684068710069142
210 190.05454945604902 0.24551753244586397
210 189.34401152847306 0.5929592665991279
210 189.71161640803936 0.464918016028236
210 189.5313210282553 0.08259054924974779
210 189.23873818821994 0.06937365199250592
210 189.1481733832727 0.04902760960951844
210 189.10382587924937 0.04287629552105676
210 189.0778261488205 0.041928943171364225
210 189.06603225878158 0.0404265988224783
210 189.06122929182672 0.04025272049090056
210 189.05825224126974 0.040003823650175505
210 189.05669923291242 0.03991796897591186
212 794.549714333187 582.0814384523753
212 771.0976267546048 562.5915913921519
212 751.675369900165 541.2278703033846
212 730.276773810972 522.8443462243715
212 711.9972470128254 497.79765311216863
212 686.7841967969929 476.3373379733715
212 665.5317736030383 454.7834017356478
212 644.1871970827012 431.9333836614203
212 621.5607822091516 406.79716630109607
212 596.788807338472 381.81073894065554
212 572.4274529189893 360.4509058222716
212 551.8258565890012 336.4996514147189
212 528.1810228262342 318.50525334608636
212 510.0283357636093 297.74019341788585
212 489.62003137170746 276.0885266591107
212 468.50171662616367 252.623926971598
212 445.60889663541695 228.37132184469812
212 421.5066686066857 202.3598360684309
212 395.7079786208607 178.62444467002803
212 372.32535055707814 132.1188950185239
212 326.17995169632667 85.86725049305369
212 280.4364334034411 41.40912386791486
212 235.7152515540443 27.01682023234993
212 220.5169856481753 16.362110577217898
212 209.4430423295704 7.159858017807079
212 200.66466584582986 1.6754950848250514
212 195.75043936948816 0.41023587582241805
212 193.09600968990384 0.33822420243782103
212 190.68044293478002 0.5083896362189836
212 189.24535325047293 0.40981655301133635
212 188.40082409972786 0.3260531817090796
212 187.34649622762797 0.45033614849842607
212 186.9102122579657 0.3680929883647343
212 186.47025194762819 0.5275275448492243
212 186.39560132465465 0.22312992972107001
212 185.78303622650975 0.7259242491100486
212 186.08400957189576 0.2901688942035893
212 185.71643214221214 0.8039954891716233
212 186.17104678767723 0.18167109394479597
212 185.6319659708433 0.9563733422681535
212 186.2652011868316 0.1825715599041215
212 185.6416700447181 0.9649319757861616
212 186.30852235147466 0.24719546337278936
212 185.67393395197382 0.6216733714408814
212 185.9500237347707 0.0601421203597906
212 185.41750374268875 0.7168109537953481
212 185.8102035775935 0.4176883050797465
212 185.7289961599948 0.23203623629344836
212 185.30096232105615 1.0472416836658167
212 186.29624286210537 0.20156444297836645
212 185.3103796017437 1.246771784393058
212 186.54668366150403 0.15256181437768165
212 185.26431865264797 1.114793748195345
212 186.23901115356648 0.2685622621666831
212 185.23273386972826 0.9141827298219303
212 186.03465390767616 0.19167116588014177
212 185.25938975315108 0.07699173210179691
212 185.17544812037036 0.014828216946475662
212 185.0463660347658 0.008941777698451652
212 185.00620697262858 0.009667915838441605
212 184.98764343630842 0.009775805754602426
212 184.9772627476967 0.009130719485517825
212 184.97368159896476 0.008689205497744388
212 184.9713444966275 0.008513889325217641
212 184.97025566084747 0.008518603551290164
214 790.0084968737982 580.6005698197758
214 765.5022229003982 553.0910442925597
214 737.78153067058 530.946876175309
214 715.5836451909777 508.5506707879861
214 693.1237071174702 489.63356143371107
214 674.1561337194271 465.8228976766998
214 650.2897886494445 438.6669960560008
214 623.2141970016316 415.47003278014085
214 599.861681135587 397.8443813425358
214 582.3340042304144 372.4154442941785
214 556.893531747799 349.1128289431766
214 533.6104152437907 322.46808557562235
214 507.16265652026766 303.08521217007115
214 487.82815395147696 280.2932849440443
214 465.02833525289407 255.97109696278596
214 440.84609766785877 234.37164679106058
214 419.34948693037677 211.6648885117023
214 396.6939052132562 185.7310661290912
214 370.6533052217426 140.08898611839493
214 325.0839307395602 91.36826427873326
214 276.7687416409148 45.064156670753896
214 230.66275676192734 27.306630556233582
214 213.3735060479314 15.151477123855315
214 201.45164977698806 6.629182597141371
214 193.20513800920224 2.2013463663662027
214 188.70671006903189 1.4044573678696806
214 187.10863533156513 1.2505113044679061
214 185.6953604926236 0.7634008792449896
214 184.29024009243415 0.783468775994247
214 183.42672064761507 0.8387371298722963
214 183.24820351216624 0.5936271406463782
214 182.57482567932422 0.3986926526762776
214 182.26130532769352 0.6527408008314152
214 182.2653365569893 0.27119776902983117
214 181.79134538640767 0.3666760935608159
214 181.80432578223088 0.6029802924351577
214 181.99098875761666 0.29068268467887204
214 181.6565689885676 0.23709796486713008
214 181.449608076686 0.5924984831295936
214 181.89501838995358 0.20481054394106007
214 181.4284022231259 0.5310911709981079
214 181.8076744332454 0.5086672752775282
214 181.67522658645782 0.40315793385577825
214 181.64783126503772 0.33444176712189433
214 181.49836150149085 1.148200398627225
214 182.37274534523863 0.24355420616632562
214 181.30791761845646 0.4225642447065988
214 181.4397783846942 0.5930447593904725
214 181.48234849452194 0.2654583982207253
214 181.15351781254674 0.7443692713699588
214 181.45243857387584 0.17787621313161045
214 180.92652361140833 0.7238210738533644
214 181.2769284816701 0.22725024654915674
214 180.94751451303955 0.11900331098730066
214 180.70583309683403 0.032553477331794235
214 180.634294892494 0.026937800840244816
214 180.59306359410155 0.024350136972707402
214 180.5729109301413 0.02265582939481452
214 180.56447891634812 0.020843863871916224
214 180.55941844317397 0.019921022854581527
214 180.55760805640895 0.019713220910335824
214 180.55674776200644 0.019667612731343785
216 785.6807061380456 581.2464302850873
216 761.6279398456855 559.9922255736889
216 740.34109776451 538.9217692086668
216 719.2339248284767 514.6832989961414
216 694.8985179893151 489.1150450909554
216 669.3368590970084 464.5648914954803
216 644.713201009123 438.2419622346712
216 618.3112406259784 413.35877779497207
216 593.5194546007124 387.00507899281916
216 567.2734210167388 365.9807475283272
216 546.3030516133668 341.7446705836147
216 522.1981816380651 319.8530622577711
216 500.18372328638833 296.53040987678514
216 476.85137448495135 271.2180144246013
216 451.65171614641133 248.2213071793482
216 428.62868460580876 223.83618078377856
216 404.39680385154685 199.92649291892928
216 380.6963346864968 177.4786685680496
216 358.5681744819902 127.61294045101118
216 308.7552096261577 79.03266139797843
216 260.81614692629717 38.01836692775198
216 220.23611948129493 25.16137771120626
216 207.35168730156036 13.515129434547406
216 195.6634157349971 5.788382633212198
216 187.73779972693038 1.920683659639843
216 183.6050050043358 0.9246256303386442
216 181.85239068311182 0.5972047746352976
216 180.40363190567518 0.6470137789308502
216 179.57073212958426 0.43467206472894243
216 178.75709906628265 0.5183372319011337
216 178.24105020733495 0.4598963360109035
216 178.16334525973073 0.6001684956469625
216 178.0425790778023 0.3375786505138217
216 177.64665526573597 0.5317407750965015
216 177.8587829521205 0.4758087385843619
216 177.7320268398946 0.5660286066471887
216 177.88220618079612 0.6366488032985742
216 177.80751939068918 0.5786328602365522
216 177.86100417302046 0.4635982587674537
216 177.65308773911278 0.7121443296323391
216 178.0776800929453 0.10981802203135856
216 177.29355303042723 1.40610068166257
216 178.6402899307659 0.036328873981981105
216 177.1570366441949 0.5721873869858349
216 177.59409355054942 0.49482631261968246
216 177.44692497568514 0.7014657888422182
216 177.7205286575319 0.4204859389078581
216 177.26182373272442 0.5853561478284508
216 177.64774231384607 0.6193650504363849
216 177.51087279747497 0.19378276219870227
216 177.1502456879512 0.35576852991483415
216 177.1907194327778 0.32799676549564283
216 177.2462361960004 0.5899344664704471
216 177.36576812133268 0.01838213089030579
216 176.80981076518 0.03514971502779323
216 176.7643230026881 0.008002899426955463
216 176.7252060692752 0.007296894953704327
216 176.70966029833156 0.007244519756273612
216 176.70219759578907 0.0070979643005388265
216 176.69864175307484 0.006900437521943284
216 176.6966528262121 0.006943159117996222
216 176.6957054208142 0.0069576421225455
218 781.9389195689811 579.9973475882036
218 756.668740174134 558.0623418256048
218 734.728000697867 529.2586457294424
218 706.0402758177945 504.0836112967572
218 680.8641644243099 478.96433876515545
218 655.9146036941203 456.6951259801755
218 633.7365761474491 431.9168527309247
218 608.9437852464545 405.97235956922
218 583.1746606562344 384.5429096826991
218 561.4982389801555 361.83648969118076
218 538.9300055969012 337.0710628201334
218 514.2646289562406 313.80697011135663
218 491.37474740291907 292.41603954786257
218 469.9279916296117 269.54772500650927
218 447.2340518126573 248.12162729524576
218 425.72603651271453 221.3717849640995
218 399.5430717932425 202.2223061367967
218 380.5017044533921 178.64610899290813
218 357.6142836832944 130.48265025765954
218 309.4451081953814 58.159551390000495
218 237.15911521338975 39.52579771142796
218 218.37156217650133 26.304882366493448
218 205.28319190340986 15.314962051135495
218 194.91500697317886 7.2079437005530975
218 187.8649527154752 2.3294986353561025
218 182.6589406978571 0.9180748419977254
218 180.26144200647406 0.7274153859778855
218 178.5945597512219 0.3880362038676572
218 177.29922574028728 0.4577426708480045
218 175.99248511864513 0.27489530978313703
218 174.91866024053354 0.24328390367367367
218 174.03826044759958 0.32265868227197303
218 173.7846982039349 0.6370491474791127
218 173.79147645214178 0.27052563974618277
218 173.26588503491055 0.31858223994049417
218 173.11762896389513 0.8349624982468415
218 173.5436203264389 0.3671596111754162
218 173.22391625307435 0.7874386532282521
218 173.56912641290228 0.2443868315916355
218 173.0680221239298 0.9979557565329191
218 173.59749954092038 0.14285551589005088
218 172.91349982578703 0.9968579516407392
218 173.57090750967325 0.11863624526030161
218 172.83211818346945 0.32662705269483644
218 172.81555289924407 0.80931428751464
218 173.36389243004186 0.08620198345047242
218 172.5108340692558 0.02557302412510354
218 172.30053293742418 1.0978526059353388
218 173.2389824485267 0.02510637040481931
218 172.26305567167518 1.5087073821201498
218 173.54284145304217 0.014614461345729234
218 172.29722531134405 0.5673026157127135
218 172.69210581210916 0.711299447648712
218 173.0584232351495 0.15175101620590672
218 172.38873933004686 0.047712328845379695
218 172.3398131780442 0.0064497457685534325
218 172.24061843309335 0.0029629060141489706
218 172.20650083233016 0.004325577175824317
218 172.18656942574708 0.005517079261649397
218 172.17753693206782 0.005069268865148758
218 172.1730056503243 0.005309084103209443
218 172.17059914511407 0.005152634269406532
218 172.16944940954954 0.005069612633471543
220 777.0165967593036 581.4993885333841
220 753.473523389983 552.1651094769275
220 724.0002676151247 528.4269798712015
220 700.0874268855033 503.36861699581846
220 675.0538005191363 477.4160370542635
220 649.0237120625566 450.04848922213677
220 621.7489572164563 424.86609716676503
220 596.6213096643128 401.2813607840293
220 573.2839617757272 380.2941270737015
220 552.5316857754509 357.9238714208777
220 530.465854541579 335.05822825886435
220 507.6313743227921 306.3933996703638
220 479.1568621464228 284.96303924710367
220 458.16485507049305 259.5099150497493
220 433.16670072508657 236.7417695222773
220 410.4677522645371 213.50951784366413
220 387.4796167574226 189.16241342820325
220 363.5879184045293 164.44664412060825
220 339.29516501758246 63.090220179853745
220 238.65328290259828 45.901141431062776
220 221.68429838934546 31.078551796596187
220 206.97946271001342 16.28084141201224
220 192.8808586584424 8.143476061792972
220 184.7330321685895 2.8536227006848596
220 179.6089201751845 0.3168028941819846
220 177.1016207626542 0.2517850823989296
220 174.56606316149464 0.09909560342576562
220 172.6401132619559 0.07910465474422197
220 171.06933960096703 0.29284204648656176
220 170.17720106203475 0.27212162194109335
220 169.56507836440875 0.45081919694694667
220 169.32596736504982 0.5700964255417807
220 169.22129069831152 0.0672354248747952
220 168.57720756757126 1.047449339529464
220 169.35222263425703 0.07510520857605514
220 168.49775840575322 0.8772127313433996
220 169.19165420590957 0.39281486715909175
220 168.88766983507952 0.8788185040520073
220 169.19880099627935 0.34170328780547615
220 168.7526273464442 0.34732297090410785
220 168.62341198705062 0.9579270665900259
220 169.3561715853663 0.09124516256465158
220 168.32131427062163 0.9995561312681687
220 169.26293162399892 0.08260244132695851
220 168.29166279580193 1.0610056218275796
220 169.38493400422809 0.27545166162487594
220 168.45112735272954 0.7331642464848912
220 168.93025901650458 0.4179065269673506
220 168.54251936031642 0.6061553788211937
220 168.80749156975378 0.6902966550204908
220 168.81649652664322 0.30414824874142304
220 168.52332183791555 0.4405752823738638
220 168.47461386848815 0.6514680196274876
220 168.82509353247008 0.1768832727134131
220 168.27605167756542 0.05094353555212096
220 168.10029052776258 0.05266195140769871
220 168.0500153195043 0.026499073466932446
220 168.01516343826592 0.021569948390428875
220 167.99785063049706 0.02158266704539343
220 167.99038723353402 0.022063214856643813
220 167.98642579988146 0.021768953536090922
220 167.98460760573678 0.02164527023794789
220 167.98349074027198 0.02154978300380942
222 772.9825051918286 581.5139676872394
222 749.3957268456328 555.0368223961777
222 722.7847449896482 528.0206401062304
222 695.7313833211576 505.13194813791347
222 672.9786036321898 479.145232500291
222 647.0634061993187 453.9156978867887
222 621.7391547975192 426.5446166496822
222 594.2979231162358 400.78344784594265
222 568.6670371910493 378.32896357380184
222 546.0990453476486 353.7412668021101
222 521.6998212938527 328.98587634827555
222 497.1362824406716 306.23158706955866
222 474.5468639581127 280.3300752755855
222 448.6488807645391 258.5729514438273
222 426.77316579122623 237.62549135611044
222 406.2769863139963 210.6365804173227
222 379.696990279829 185.9219332063411
222 355.0920307705933 131.8369176976788
222 301.26287316165383 82.45219206652294
222 252.08937140720488 35.98574239009108
222 206.07882039361542 22.155524667892607
222 192.52908359413976 11.749100330224104
222 182.4425919946015 4.580154458030266
222 175.29392200267415 1.5669900524660012
222 171.39674288845893 0.5037740240715789
222 169.6301591465512 0.33489886782351097
222 168.01600969061707 0.18842415017114844
222 166.54833874091062 0.13210364935610586
222 165.6315075491421 0.19649003170159698
222 165.1860192910809 0.5105426353054789
222 165.3658693472192 0.35734005831297494
222 165.2893321631952 0.6151352915090191
222 165.41349602516314 0.6754161741412551
222 165.55853648340278 0.29608212456014726
222 165.14250129965197 0.6403417955283804
222 165.4596214060068 0.6212973397052255
222 165.44441679480607 0.11038124474564563
222 164.8392484552707 0.7999348674587187
222 165.40046792250214 0.10229330540753415
222 164.76320940288932 0.8215619805030571
222 165.29116035723334 0.0824997394961149
222 164.61468780294467 1.3739916073603062
222 165.73523074921087 0.024808925207188685
222 164.4932006247692 1.7362083259560819
222 165.99649192430002 0.08798550935360368
222 164.4613811572102 1.2335891866061786
222 165.56014559270486 0.10231079199809831
222 164.43692973394164 0.9414971098643492
222 165.15093547999 0.16199373434127015
222 164.53330809367637 0.14290188906038667
222 164.43478577970086 0.02057822899924391
222 164.31338564856523 0.012372754893048295
222 164.28256061290284 0.013879942680363154
222 164.26534408772704 0.013142897432366154
222 164.2568140408119 0.01380752071437865
222 164.25351485605046 0.014055409644290489
222 164.25183574077582 0.014199979146658015
222 164.2508889785186 0.014160552536372311
224 769.5557204142629 579.4515072342055
224 743.6591698012104 557.4683506801236
224 721.7812792914106 533.2923200170981
224 697.7000353648896 512.49653617494
224 677.1365949335943 488.75332476992384
224 653.5225015304926 463.6284653425072
224 628.3942374948707 442.68600292637575
224 607.805202069069 418.1020329162966
224 583.3513181336841 398.9601554056277
224 564.6302618766208 375.6545912460041
224 541.5681185261515 351.2981922280845
224 517.27920773107 330.0916259743936
224 496.3752190037908 310.49021948508005
224 476.9645174631388 287.33659493591415
224 454.15975702362 260.23078448914384
224 427.57336381290133 238.83684974834063
224 406.0358867997214 215.93364608347707
224 383.17739590897907 192.74565258753375
224 360.2149809745494 170.19931646375272
224 337.9403812633307 97.89663881629535
224 265.8922078128281 77.57384396656224
224 245.6312694281451 38.324304604176625
224 207.17704949399453 23.88569956402147
224 192.7170196532977 14.1784856951809
224 182.96775366959255 6.903845562840635
224 175.23240716279957 1.7253856450636433
224 170.07515809835036 0.7132358453127311
224 167.59331209779586 0.820504534339257
224 165.54150568012554 0.3275242641818461
224 163.94290346379833 0.16201879695416993
224 162.71096718356893 0.13670194425272478
224 161.88307492403916 0.2632071549592844
224 161.52476559729325 0.8367977144801517
224 161.80151556440708 0.0565558537754241
224 161.0490147398566 0.1969072990375978
224 161.01391837665156 0.9695814545844395
224 161.5294755481249 0.3646775393466445
224 160.98443733060932 0.8571050242683578
224 161.28852932640504 0.34577338544887365
224 160.90242283575336 0.2026479179049186
224 160.59058000745281 1.0057349358042145
224 161.4886956852463 0.17613064396296363
224 160.52804946449785 0.7989395636327721
224 161.15569831749036 0.19724529816573025
224 160.43283812035568 0.9804564372519725
224 161.30557897910398 0.01433135432069052
224 160.3569989274388 0.05953683319261498
224 160.2246908099017 0.5967319632460055
224 160.71813812774576 0.44495117330271483
224 160.48941006260318 0.5618857641976169
224 160.77985581865457 0.3359364431849291
224 160.5096674108034 0.29960039583083214
224 160.44946165072054 0.4188190801028816
224 160.55301420072183 0.2797797753069656
224 160.3726677114235 0.7954481618991736
224 160.8079949983769 0.24745910047822978
224 160.33477437376783 0.013416097967682974
224 160.0817645909642 0.015203567326288418
224 160.00158024928973 0.01105633075510368
224 159.96583828380457 0.011324936619380528
224 159.94517250796972 0.011274999835753474
224 159.9352166306931 0.011016565039743378
224 159.93018663433395 0.011064516739349722
224 159.92782048543438 0.01093715138653681
224 159.92695556494124 0.010940283987664189
226 765.1928962179878 581.6985973424993
226 741.5650288600655 558.2686229236367
226 718.0852158897558 531.7924587988276
226 691.5793858289193 509.5699222840877
226 669.4837853031739 485.79092204187543
226 645.7305095757131 460.72968114220686
226 620.8505915271169 436.5724533399784
226 596.8348692882962 413.00026336281934
226 573.3534587996696 390.8485123118721
226 551.3247318938843 364.05155551066275
226 524.9309462814841 343.47014771245244
226 504.5891790428218 321.0169308531396
226 482.2476661592772 295.16860652154753
226 456.9703719577984 271.47418047432257
226 433.5602470540888 245.0792921673539
226 407.50923666628364 221.20695036234483
226 383.6623508874148 200.01927753589
226 363.1081860691525 175.31293472869527
226 339.2584922971188 130.1422891984484
226 294.2130114991461 57.7346955592008
226 222.6643319887661 39.234615232457074
226 204.3211813031714 22.918507035400097
226 188.7080600144306 12.004187989086619
226 177.98604609471724 4.624339739823771
226 171.6436766808702 1.1282952548310858
226 167.233870762401 0.24989632640222306
226 164.92927941682467 0.5146845053593307
226 163.31387629900087 0.17077433242733772
226 161.68527692277888 0.2041253351335163
226 160.49709371364963 0.046659824997860845
226 159.02140560355073 0.3178052528286107
226 158.4039669510318 0.49484714817407927
226 158.29479042931175 0.05845623427478379
226 157.66548464901547 1.097338914247913
226 158.49968190957952 0.2137387014850912
226 157.60044283373153 0.23403647505012576
226 157.4684909652714 0.863680263042313
226 157.9890040508404 0.23590914706882377
226 157.3307482321909 0.519008871564391
226 157.53526910446217 0.48061070847770493
226 157.4139110933298 0.5879637592184987
226 157.63294109687348 0.30009492915934355
226 157.13709937930204 0.6519021294823077
226 157.59452011424153 0.26338831050969735
226 157.11048455102016 0.6018147111136029
226 157.45714913486862 0.7742819104427743
226 157.47619855216428 0.1875053936828625
226 156.9465462091268 0.5240413452650989
226 157.1078556616912 0.36953349936813895
226 157.0682874008261 0.841157140847762
226 157.43756344114925 0.20353408380723143
226 156.8763753634101 0.5179992429652677
226 157.08295559738295 0.45580700956766096
226 157.03945953607908 0.004042262529815352
226 156.4754521347826 0.01762954224601347
226 156.3834354428584 0.014964287669585876
226 156.3513412981217 0.016259108479419422
226 156.33630592317814 0.017389791356520034
226 156.3278913836028 0.017084441997994297
226 156.32309045629108 0.0168843752361404
226 156.32107849825232 0.016917001315519518
226 156.319727223798 0.016876872207784756
228 761.4514763387832 581.1334378233246
228 737.3550253808827 556.413808208025
228 712.6015406026486 530.4471562811308
228 686.4553076888433 505.13974356410694
228 661.056316786048 478.0419207764952
228 634.0233153717139 456.40462048769155
228 612.3996864251986 433.95919342540384
228 590.1758190660582 406.98598790112953
228 563.4422244546183 385.7621399737576
228 542.1837405766486 361.8496243236824
228 518.8089214229594 338.8780642620226
228 495.98558530147983 312.92731804877235
228 470.1704339205522 290.77343247028375
228 448.56758195330474 271.0186877612774
228 428.97812096619793 247.97651637598062
228 406.1810734378166 222.89013371880938
228 381.4725144211376 196.81386326788618
228 355.6747696157672 171.83541044477613
228 331.2191917798521 120.9926024200222
228 280.0613560876822 50.58044003647113
228 209.76794358806768 33.99762940752606
228 193.8547689521985 21.695646095926033
228 182.21669067647446 10.828640413346966
228 171.70848542508887 4.687223401558947
228 164.78166253498802 2.087714441757298
228 160.8573995220197 0.507219989538533
228 158.66408455076177 0.2502718059847397
228 156.6632536162142 0.20216587695995564
228 155.20816505223692 0.11851174673474371
228 154.54745130831014 0.6156817221829854
228 154.5263204637239 0.05874040464919052
228 153.77454551581684 0.21111226214051954
228 153.4526795547223 1.0298311520681818
228 154.2451073751198 0.22172709892352394
228 153.3733922973722 1.100749619662683
228 154.19226667678157 0.2294530905568436
228 153.39811018661203 0.5676470583037022
228 153.59760555074854 0.5916785916232133
228 153.6957768949962 0.3557490774941238
228 153.30776747827733 0.4632258791053613
228 153.55560544253993 0.8356691394569904
228 153.8226983955643 0.2425431165177528
228 153.2656523022122 0.5464197717838806
228 153.3770729346129 0.6714081203321511
228 153.650953305913 0.5501614434958499
228 153.4416120873182 0.32942849853488354
228 153.3242729954882 0.9557929597970887
228 153.84079178991942 0.20301203513356708
228 153.29192770207445 0.6991125474574686
228 153.6293338302728 0.6794591257436515
228 153.6252748382688 0.2080748335735555
228 153.03027650921342 0.16617285651028837
228 152.92204050509943 0.13809296015397282
228 152.87501605188862 0.12649563454510176
228 152.85384701824438 0.11743063845933865
228 152.84041825620366 0.11408124570890321
228 152.83348093513794 0.11192932033311785
228 152.83018343940137 0.11125384373636925
228 152.8288391437926 0.11077774406499162
230 757.8757358531273 576.8718199464872
230 729.5518610417474 553.984445336071
230 706.6601616524891 528.6274480786913
230 681.4115649023094 503.92458100095405
230 656.7318468273481 479.77609884590544
230 632.6095528505 457.76703532850684
230 610.7146732804873 437.7257260920553
230 590.9167802216015 414.14693152478367
230 567.4617943605807 390.6799627144686
230 544.1818836794297 361.3561132319032
230 515.1761713818003 339.1447184563612
230 493.3314120434185 311.55899669154996
230 466.09020953231254 285.6543442145609
230 440.22383291558674 264.62384626365406
230 419.2407315246399 237.60319712516687
230 392.2402256090263 210.065892021325
230 365.42373165549895 186.93551486759662
230 342.3183180219279 164.00263523848935
230 320.1253626752222 64.69372827487187
230 221.52931754968262 41.96682340101857
230 199.19416020915293 28.742578269756496
230 186.76797125513943 15.975409858801777
230 174.16065860070518 6.571968583967625
230 164.91917034047555 1.9469966535063115
230 159.92771380523052 0.055840167971592
230 157.2073880601664 0.4645565833905946
230 155.2997431306937 0.1126326943328938
230 153.90085635246837 0.03578850663608102
230 152.69510648463856 0.06073576373204873
230 151.49470466350428 0.048239968148841406
230 150.6477641225534 0.6794633706173916
230 150.7098065460952 0.18966454175726893
230 150.1664100636037 0.3848844998623217
230 150.13741130916705 0.5121523629940662
230 150.32860135010475 0.16688903701934743
230 149.95999754510777 1.3514357866800002
230 151.0144552610634 0.08357736061659722
230 149.60606817510734 0.31775183224313397
230 149.5250540096478 0.3857949294508167
230 149.63815324657565 0.4375261753123804
230 149.56558443282108 0.6663701903211301
230 149.94580049608285 0.3590065766487741
230 149.49818556926314 0.5166221251722981
230 149.79720719136154 0.3177546263456398
230 149.44179380133704 0.6222055249717249
230 149.84396767085974 0.3536713023793736
230 149.38762310306868 0.33860285794135375
230 149.47098278474013 0.7382353215956268
230 149.75847104953834 0.20898585058131575
230 149.35064078151865 1.3025794933134363
230 150.32324570928714 0.10157548473684908
230 149.0500713181515 0.12962517782899494
230 149.0502513052754 0.009576929390904789
230 148.90832363658197 0.010819818250430152
230 148.875393464467 0.009737060084257475
230 148.85595510155466 0.010249351922988478
230 148.8460154257418 0.010585190157583033
230 148.84091171935515 0.0104927847608209
230 148.83894092505844 0.010462621733499405
230 148.83787760557607 0.010437811589252843
232 754.341860214705 583.7768928470788
232 732.5416756059699 558.0959022618881
232 706.8124953032808 533.64868092463
232 682.4345692021614 508.6659476011324
232 657.5406023056827 479.8800214370202
232 628.9241207286755 458.3282013928125
232 607.6298196668763 435.09311265083727
232 584.6984106681219 410.53357787258716
232 559.9707470869881 382.7472418123667
232 532.397820811429 357.2910123476225
232 506.87950734110973 334.3745824473765
232 484.45791120495755 306.85500931616036
232 457.43378120358295 284.7619676042612
232 435.51751977384515 260.567554421125
232 411.70220609390776 234.5082224599659
232 385.98518663447027 211.96805740874902
232 363.8312321609175 191.4278376017009
232 343.6159647933644 164.31653336379748
232 317.0895719392671 88.58513520422781
232 241.55945231231198 44.80766534882101
232 197.84926989328952 27.883366587300447
232 180.77219124450576 13.734927854706767
232 167.07795117151883 5.9431505645291915
232 159.03922015704762 1.5338051517579134
232 154.46920133646444 0.2621446336230319
232 152.21675652972456 0.38709947571649167
232 150.30481854605617 0.24105848673817357
232 148.78816289733942 0.2729878605771182
232 147.68377947537613 0.121738242901365
232 146.96068192658817 0.9737589186459729
232 147.2998851499243 0.1322174867627953
232 146.52876328199318 0.5219333756705442
232 146.57732632759584 0.3691499280158689
232 146.40741685244038 0.3084422890336694
232 146.29857187404733 0.5265131823025839
232 146.38254969294547 0.3880240321443721
232 146.2532755384133 0.11816875930788195
232 146.12814569038022 0.7512248539739206
232 146.60657115981644 0.28644856506112715
232 145.97684474743994 0.6730381439533201
232 146.42211437379675 0.49224243619462865
232 146.0890669039793 0.3970987263535313
232 146.15920332136312 0.5610158763494396
232 146.11353267209086 0.2983945567682526
232 145.89779824394356 0.373351056315349
232 145.82923316692188 0.6441828500315765
232 146.18168712868294 0.2974247729574851
232 145.70957515925593 0.27971154919545516
232 145.70020838719455 0.6336272932831365
232 145.97344278547862 0.16231732413690952
232 145.54158597531472 0.732921572146874
232 145.9833375131273 0.2686043260471409
232 145.63791762525895 0.7955921069874381
232 146.141773807613 0.2241640676313028
232 145.69564389318768 0.15594209166945233
232 145.47843230432773 0.06980964635805997
232 145.35971271089826 0.045861109217445364
232 145.3026391610777 0.04264074698270871
232 145.27655290150443 0.04036303456106656
232 145.26336253619638 0.038242853148388656
232 145.25677763948755 0.03758835411435101
232 145.252991301301 0.037177885202175985
232 145.25123016032248 0.03696861670786536
234 750.6489475413481 583.4692062475399
234 728.6779413990997 562.4385172366785
234 707.6276412379219 535.7535997594009
234 680.9812767946719 512.6602482005005
234 657.7875448544646 487.514707111778
234 632.8254749008668 463.23100540854426
234 608.6117830309042 441.59746001063206
234 587.0122919373812 420.3467537051875
234 565.913032562862 396.9902354520061
234 542.6999171761829 374.21019829421584
234 519.9573603346969 348.9657154726134
234 495.23509608925644 326.5263455000844
234 473.19485480077185 302.6996459454234
234 449.5219127337001 277.9404851933287
234 425.2051085535469 256.6532597132665
234 404.26647039508094 231.4882618551883
234 379.14757023725303 212.46873039063138
234 359.6854286931884 186.2239436266999
234 333.45714790038915 135.49614650137875
234 282.6193616703905 63.82420829213255
234 211.7795976399496 45.468612854724896
234 193.53658032568075 28.953362409899512
234 177.25016291613503 15.800296659967191
234 164.15869675715757 8.340970514275893
234 156.71514179787917 2.6667643529131673
234 151.52944069847084 0.41633362745598457
234 148.94415011944443 0.33096181431512867
234 147.14773841179678 0.3159230165629504
234 145.42027964622366 0.120404744267759
234 144.41292602163924 0.1676871973443553
234 143.45884916508427 0.1413589718088699
234 142.79234323175913 0.34731982216609103
234 142.74514667029322 0.8288326038892369
234 143.147213540218 0.07722001681011056
234 142.42529394244133 0.7281836475604255
234 142.80726177080774 0.11017846694268821
234 142.20265007289393 0.9170821893869252
234 142.86406209505918 0.05628447437159789
234 142.05184853475808 0.8097310245316511
234 142.7757657514055 0.05594446772450459
234 142.06873895762214 0.37999167536978556
234 142.20897715471926 0.45331151645340095
234 142.35420842297572 0.48233351978757505
234 142.36360834532994 0.5693982663306896
234 142.41537104355567 0.5547453116333301
234 142.22414430330267 0.3811379726371961
234 142.21193183981435 0.225284333502298
234 141.94747789543683 0.9293028533380113
234 142.68713950133534 0.1295430615214834
234 141.69337187943896 0.8821146008000746
234 142.3872301579614 0.4270509517402261
234 141.82825661960769 0.013621864745519312
234 141.43980930412118 0.03782058801773455
234 141.4159811764631 0.012456304137985352
234 141.37690267259703 0.013294343368850024
234 141.36085502676303 0.014362910403651891
234 141.35578902995132 0.014020622524884608
234 141.35246162918273 0.013696955161698717
234 141.35087238591484 0.013588026457971369
234 141.34993361299465 0.01361109363582017
236 746.5374569671637 581.9782761107883
236 723.2627205350792 557.8275420021495
236 699.0888444761873 533.9924819852926
236 675.1904420741448 508.9467445672668
236 650.1170162025741 487.99130800588176
236 629.1112197476159 460.8971730045597
236 601.9898561023223 436.0397803616056
236 577.3072097356428 410.379188499801
236 551.752724890566 386.3016323512803
236 527.8245605567117 359.4788796568493
236 501.1865413427687 337.2624647078637
236 479.4658516386096 314.7247649316709
236 456.8305293119512 290.84235589909247
236 433.3026618220275 266.93180286634146
236 409.8559469320091 248.85307497776844
236 391.76109769609866 229.85834363302484
236 372.97458467241813 206.87990314188332
236 350.4745776835364 187.55567232786598
236 331.35798653016707 133.89641858198794
236 277.9487047446645 117.00470842669311
236 261.890113322788 44.97591421491407
236 189.87720256406942 30.948519314557288
236 175.9791940040417 16.57565497417643
236 162.72543574082107 7.516825004012402
236 153.60413252213283 2.2196932970206698
236 147.92859943148946 0.4290080643153938
236 145.58415557396182 0.5044983663379592
236 143.86129123804253 0.22609754916863245
236 142.23319124222618 0.18443037372632468
236 140.74335747175178 0.04375883329886893
236 139.80536288894442 0.23505039186447046
236 139.16123821715524 1.0611439022717326
236 139.81401844480047 0.0316952828671405
236 138.7333972000775 0.2657663641065825
236 138.6228028665278 0.7396248797616267
236 138.94723308193744 0.4959232499855863
236 138.6136169298675 0.6173180882708506
236 138.71824647951723 0.722483324523699
236 138.78793012789416 0.4739871017239873
236 138.49968584086278 0.9233902958764975
236 138.8538751353536 0.3900768555556522
236 138.39442646271456 0.7122209930764098
236 138.71275657052232 0.45762105698124456
236 138.51263231390746 0.5134709925887007
236 138.42735684011663 0.7225575257155148
236 138.61305786596716 0.674546204304794
236 138.51081560550432 0.40089019411654914
236 138.3644735067458 0.41616487991895645
236 138.23013505809755 0.7053696020586107
236 138.5564656031497 0.6359745680409048
236 138.3662043584839 0.6071354048676274
236 138.4558447839125 0.6914499244738426
236 138.47023703944924 0.637538381562214
236 138.53882506737128 0.06444097257085721
236 137.98998991484234 0.06781802410297201
236 137.89007259792197 0.03215077288857527
236 137.83056368877348 0.029160287620613155
236 137.80706816536954 0.026262654812175924
236 137.7946769995641 0.02487563937054896
236 137.78958611128587 0.02460276185515263
236 137.7864154290176 0.024357233455080875
236 137.78493111765445 0.024315507187136143
238 742.694762280897 581.0672811639517
238 718.7430056401208 560.4485197859187
238 698.2128482508288 535.939000927952
238 673.8412247767153 514.2911226130775
238 652.2683367460975 492.0402925164469
238 629.9832804077305 471.12443499599976
238 609.2588428394129 447.4009668573298
238 585.4846323029996 424.81366567476147
238 562.8498990088312 399.45791984036697
238 537.8601592071918 375.4976350769157
238 513.9917730907981 351.12061596398013
238 490.0803409105765 325.52667985302094
238 464.92631703756774 297.6059926452068
238 437.41606244661784 277.7401162019899
238 417.92347866101244 251.30217943962307
238 392.3216427218971 232.00695571934602
238 373.53585928126233 208.90189639652723
238 351.2280944070864 187.92098443541903
238 330.14812947111477 162.11846003872932
238 304.9044375776316 62.303680362500856
238 206.05783297433226 43.972143206175474
238 188.41996073753128 28.259467124806502
238 173.63853552121932 17.358103214724174
238 163.01673581986452 8.056363706805648
238 153.27708093403797 3.1973379855986837
238 147.58131762848038 0.3529032665647336
238 143.6793941532405 0.37588109407025616
238 141.9343168336158 0.08923856303845137
238 139.72592036923965 0.06268137941770156
238 138.24797115099796 0.002670188836794833
238 137.2227084628109 0.012004654671570622
238 136.31285726711047 0.007444042442821677
238 135.6635903185998 0.2525805137508766
238 135.4755345692802 0.7193162851847227
238 135.92527586098632 0.4117084127653933
238 135.54988840336517 0.8831404523900726
238 136.07035434124418 0.3970086268776657
238 135.5016467422342 0.730328354643923
238 135.82422289953544 0.16653555784118035
238 135.27881253701003 0.7975462066766503
238 135.88959862853355 0.3054590212990051
238 135.30964406836904 0.8348265775713802
238 135.87554985150058 0.20814487961467187
238 135.15120166420007 1.028065420140078
238 135.93978065754303 0.3364045843170091
238 135.10275502154934 0.9036257339772767
238 135.73558232684243 0.3340455699889928
238 135.1306008786057 0.3946280730976131
238 135.2498287271209 0.7558198432955221
238 135.47790191336324 0.14686394526147972
238 135.05957809878467 0.7508212372676843
238 135.4255126898763 0.4931807969763086
238 135.32055802868035 0.002859154500566375
238 134.77767488110172 0.0016901594026820501
238 134.68295525500238 0.0041406751225263735
238 134.6305367353851 0.007087692053042173
238 134.6055309469632 0.006748515693142256
238 134.59475232283262 0.006557159853559494
238 134.5890104290212 0.006523865525330299
238 134.5863049175168 0.006588923399747542
238 134.5852013214729 0.006558739428157717
240 739.8733561682424 578.7462795398479
240 713.1710222371249 552.1105209432786
240 686.536685127288 525.6418667976592
240 660.086357805772 504.99446458538876
240 639.4529873690334 486.37077131850504
240 621.0335973730815 462.4860842534906
240 597.0368030718203 436.0499681260732
240 570.6552456397883 412.9071010304841
240 547.8829044974871 393.0457853105373
240 528.1616175251427 367.6692478297694
240 502.9458234971899 341.76674286890307
240 477.3826703024293 317.53653853425766
240 453.2744955863844 289.53349242024194
240 425.53371487576874 268.8972748708562
240 405.3860077773096 249.677048336221
240 386.15234358672103 224.7329442477852
240 361.60103706596306 201.46517557534162
240 338.83228614120026 178.4449678115796
240 316.10360945347645 125.26499868871134
240 263.4452136681323 53.342767592631745
240 191.74571271937396 33.4798203032591
240 172.28178457401168 20.538463742489068
240 160.38099139903707 10.972523732835532
240 151.19411232014343 3.95018363014775
240 144.8421195123646 1.302395857928342
240 141.3118295317771 0.638094728966935
240 139.18665699972405 0.7245046167767225
240 137.48206811375863 0.33499337323312023
240 135.80768550742607 0.6091312115677858
240 134.84718158414245 0.1979399082904827
240 133.9021704686408 0.5218527596101356
240 133.70504953755258 0.42012390785329157
240 133.31282714070937 0.35610207441850844
240 132.81679369587513 0.2758828494644103
240 132.48619252567758 0.8419387114768402
240 132.79511291022988 0.37791278581300747
240 132.32646175507838 0.5903021698309494
240 132.4228151307618 0.23422652713017053
240 131.9200189449587 0.5966735536707073
240 132.20257532990817 0.3941281887517767
240 132.02392836100856 0.8172853114052605
240 132.45931111259594 0.3150120085680734
240 131.76261018201535 0.5906010900473726
240 132.04213907948974 0.4081497314956338
240 131.835188276262 0.5153603244380645
240 132.13613579060777 0.2847664010584296
240 131.84198127336637 1.0753239586804226
240 132.61723498446128 0.11517541076803642
240 131.48502113433918 0.8588315080658065
240 132.1621652155704 0.28160505487907933
240 131.47539646709896 1.172867385594162
240 132.42543336934668 0.07965552520024856
240 131.29348810531522 0.11878754955692526
240 131.13957967528182 0.8152043818289579
240 131.6887853272567 0.3186106969654655
240 131.20668769316782 0.022462070955499073
240 130.8552621849789 0.03663463981945689
240 130.82354379554099 0.02587297719967292
240 130.78403960063315 0.02594122126215856
240 130.77121654169892 0.025859315003620313
240 130.76391109718423 0.025574601986134482
240 130.75960623782788 0.025551034364008733
240 130.75727586203715 0.02552196940229832
240 130.7563787208884 0.0255711204898721
242 736.2472454853353 583.4709193134802
242 714.2145081167054 562.9933999679482
242 693.7950910322724 543.4421515893573
242 674.432974170643 517.7871551911517
242 648.8813829960086 489.16821867980747
242 620.2729744529555 464.968434563251
242 596.1007730956956 439.9654494615013
242 571.4119176881676 414.1934371297817
242 545.7707901367799 391.9496320188465
242 523.6599882306874 368.1876531151018
242 499.92634322300773 348.2728893841047
242 480.0814565815017 321.3060836369053
242 453.3480681865154 298.836044356583
242 431.3918202731744 275.17148437348646
242 408.2328829814871 248.8817100771179
242 382.4265905470911 227.23891835694454
242 360.9387188957031 197.23284789338047
242 331.5041504208168 174.09451394493567
242 308.50807218956464 124.26829163350139
242 259.0853446243816 56.3002077951018
242 191.59002284034858 36.8313608735332
242 172.60885703676325 21.547296929991518
242 157.53592073671945 12.42916624520114
242 148.6826174079271 4.533517749668807
242 140.8623848254873 0.7768884573650778
242 137.12804345566002 0.39700560014790265
242 134.85145380673157 0.23336325691925866
242 132.98526011844072 0.028974772128711104
242 131.29142477450043 0.3182758466547365
242 130.60586934467472 0.3091796931966427
242 130.20469196239443 0.3340694415432069
242 129.77185250995603 0.3416935313797559
242 129.31673457301818 0.5295151577912676
242 129.1272339045697 0.411448232383401
242 128.9169933752324 0.9167827176354122
242 129.29182469899126 0.24088993379989854
242 128.71941419141152 0.33174936872728783
242 128.58648917571162 0.2653628524819216
242 128.3416803389774 0.6248404658551446
242 128.7168390312449 0.7411936209046408
242 128.85181699421796 0.6752968715363951
242 128.7582793079471 0.249001950277838
242 128.33376462020036 0.2564439286302048
242 128.3313473175482 0.5827055890209054
242 128.70822514978462 0.23087359659448417
242 128.22367976997865 0.4290758951185556
242 128.28493749496138 1.0133820492416787
242 128.9112522937725 0.22526107326016676
242 128.00208629393546 1.2081572900950917
242 128.978879634557 0.3011743222302436
242 128.05886405899628 0.8445183794818979
242 128.64808190220734 0.22801763794377308
242 127.9033409932581 0.7102637396212343
242 128.53679063463215 0.4028915583978645
242 128.14553137434427 0.5469314169945143
242 128.26065590146422 0.602235341749364
242 128.14541623905674 0.10408344870980257
242 127.61873045161578 0.08111406695197668
242 127.57575733447854 0.06681557133219149
242 127.53057945579629 0.06234585566761055
242 127.51235075415242 0.0633364508530038
242 127.50389471400482 0.06337031699371919
242 127.49939521657905 0.0633168997206491
242 127.4968349243561 0.06316788709282208
242 127.49546702352428 0.06315633938629037
244 733.3864906534673 577.6645824098225
244 704.9969760294779 554.5728548533924
244 682.0056627157121 530.1723982694706
244 657.7654625082625 506.5259565816316
244 634.1137446816983 482.9825256084197
244 610.631479806946 462.1963675166807
244 590.1003647775399 433.4820376883797
244 561.5616468206122 407.2671733210287
244 535.5437897934477 378.98323979333793
244 507.66982684322363 354.20630289197504
244 483.04785451594057 330.23961118705535
244 459.485967874008 310.68328676530086
244 439.92730478893014 288.04270266963977
244 417.807194555175 267.656887453156
244 398.0800148422619 245.43831693073503
244 376.17687725600354 218.07171972270555
244 349.1926701784314 192.54309126975454
244 324.2500314210721 168.69943702892297
244 300.88617264235904 95.80725159223519
244 228.5862501619383 53.209720790569534
244 186.37090302302715 33.68053192685769
244 167.42559167147937 19.646626459733902
244 153.35465990917947 9.911222612761692
244 143.11100476111997 3.1201450551181
244 136.39267391473874 0.4187684425968426
244 133.47457996607537 0.39602734984622573
244 131.2199728125172 0.24562446104454683
244 129.54869509343635 0.05440095177456985
244 128.2190506163722 0.47947678128817084
244 127.57482609863013 0.4723051434430761
244 127.24856458809563 0.2734768213212153
244 126.43030416871073 0.488272802523447
244 126.3904557972811 0.7194929139702916
244 126.41324941176877 0.29303480300396595
244 126.04020903864718 0.8886276630852343
244 126.58373447476583 0.13264835241413064
244 125.73906494738618 1.2850773745127486
244 126.78150079629957 0.2997493259697176
244 125.86955965653601 1.4288928951480835
244 126.91420134833571 0.025405612006576466
244 125.52674649404193 0.07197493875601449
244 125.29472180438636 0.823591314164721
244 125.90357769068544 0.01994301591845847
244 125.21293377263478 1.2284401982810318
244 126.2648205985505 0.2990725229920499
244 125.26555029067063 0.9398987493893727
244 125.77487390911571 0.4546617317954203
244 125.37816011010466 0.6666921654808191
244 125.46541632960874 0.7966754526049471
244 125.60159638519752 0.15849907224577023
244 124.9294882374646 1.1859922418203521
244 125.79858099963161 0.08170656059099976
244 124.73162948221106 0.1809440536807491
244 124.74905587659056 0.02793122528797809
244 124.58248486178456 0.02844010559309277
244 124.54265403758141 0.026618639288449777
244 124.52253961515076 0.0269028251984917
244 124.5100619774899 0.027570474697304545
244 124.50441520016881 0.02776649357989453
244 124.5019744434161 0.027892750523352158
244 124.5007697299714 0.027999839383663738
246 730.0548426278685 578.9446338555738
246 703.4947472856668 554.3149688300364
246 678.9590452557683 526.581826394199
246 651.3806090442416 503.86436785386127
246 628.9268033521323 476.0828308384357
246 601.308743625094 449.17938427364135
246 574.5966388325432 426.49575665857805
246 552.3934392302393 407.9753375981743
246 533.6246657466631 386.4610266690249
246 512.5772995750267 359.9937175420242
246 486.46266172375215 330.02599592402146
246 456.9745921524515 308.64530731146147
246 436.1131733270024 280.37781211719624
246 407.9959008283506 254.40397761036016
246 382.3635669228937 224.50780680499219
246 353.0298162006403 198.85591115018195
246 327.9722646640075 174.92405779060857
246 305.1580960040733 131.489964099259
246 262.51255835760094 58.031931270339484
246 189.22670944494962 42.407621889258834
246 173.73665586534935 27.381193193218863
246 159.06548320985172 15.025016363785882
246 146.9092648370706 7.847970272103051
246 139.4986060867913 1.955338399377753
246 133.42709432918986 0.2994654094902313
246 131.88094682453934 0.3825165285627022
246 129.5963145350573 0.24243317751335158
246 127.99576501977984 0.32020831278650463
246 126.97558632759727 0.08873770509632727
246 125.7268374905643 0.3409758047482219
246 125.05629184758645 0.6033359299287095
246 124.83530179410928 0.27906632551728555
246 123.74113910858837 0.27003676155512946
246 123.3685127425814 0.695117738342668
246 123.49520858119271 0.3510164418303579
246 123.11742653207186 0.47325134433813043
246 122.98065747835756 0.1336177742934918
246 122.63119227920146 0.41005867609841506
246 122.77535389678583 0.5994233889361649
246 122.8832211929718 0.36367946239226934
246 122.5662650737759 0.6673345302437845
246 122.85893752701351 0.21266696624304032
246 122.43070299108068 0.3935148074807397
246 122.504285401826 1.0322269055581306
246 123.00365278595501 0.3787704725616934
246 122.31945153021306 0.6579627061854709
246 122.51862380528823 0.4327666447712738
246 122.38987797731893 0.7812496112818721
246 122.6724967581167 0.20557229811866926
246 122.05010634731902 0.9550446782740938
246 122.68959665712526 0.06651174337740906
246 121.72008759054796 0.1489444685714719
246 121.46744554776159 1.146409482125946
246 122.33846039187429 0.1587614238045531
246 121.41505368895623 0.19577899038075278
246 121.33392228641124 0.08998824368792893
246 121.22746983885219 0.08013072225302385
246 121.17726767007399 0.07917605831075991
246 121.15746503798502 0.0786078915139112
246 121.14778155175223 0.07760937872928965
246 121.14257086696298 0.07672229244335801
246 121.13988735751832 0.07630391075009789
246 121.1385800895544 0.07605822997738419
248 726.7009023304369 590.3202901366744
248 711.4845662561937 563.9892095332111
248 685.155226119582 537.2769510765773
248 658.5907484505797 514.6893775243266
248 636.1299083205466 489.039006860732
248 610.5276851899063 463.02811785837946
248 584.5483053107623 434.3295256137569
248 556.0959016988616 408.18056690803627
248 530.2087635246519 383.26642830263546
248 505.5544594426929 358.227105989759
248 480.90509422378193 332.7694242318491
248 455.7630530094465 307.87673349291555
248 430.86870086140476 285.7970019245215
248 409.46324237623656 263.8404015670237
248 388.094141394959 243.788017907971
248 367.972277085826 217.87100603085418
248 342.60937749173365 196.99153804540572
248 322.23536756942104 170.6590079554271
248 296.252198282179 123.64936415253955
248 249.47275465955613 52.847072902728215
248 179.2415559969339 33.59989117685825
248 160.38796095266554 19.814264511818937
248 147.01105962924512 8.522564950704991
248 135.7892285090246 2.326636525203857
248 129.54026847578257 0.3336309907558383
248 127.36091999317696 0.06155763899772265
248 125.5090197762503 0.06393047007690247
248 124.0618050893524 0.375864602001826
248 123.0574517300721 0.36373826525652975
248 122.41809053068803 0.4460694942068225
248 121.49452656946252 0.2814445685135765
248 121.1392025845942 0.9287170186175782
248 121.33729149110441 0.1622947451865809
248 120.63984627791147 0.594025751582986
248 120.71510463826436 0.4682162031485399
248 120.61625157122441 0.6906915900971686
248 120.43400363278634 0.22012874320925002
248 120.00847015551054 1.3245741539172222
248 120.86314160444354 0.33037727873947587
248 119.89202128205163 0.8398539896903157
248 120.27234278554893 0.33008342315054623
248 119.74655662508533 0.5541990654500675
248 119.87487101154997 0.37716879070816234
248 119.7020440380246 0.6903555971813404
248 119.8854556349845 0.4157903491373679
248 119.70318798962735 0.3982133257050763
248 119.63947040178215 1.1554603441876488
248 120.34560303863606 0.14120350377369992
248 119.32224859218961 0.8972734012818537
248 119.92582601434941 0.2888389031017478
248 119.26200887121453 0.8527932711669152
248 119.67857238561126 0.570570972815497
248 119.42475696382895 0.3728735722499895
248 119.27160198302381 0.7700501297470776
248 119.7199472151303 0.3089224667356071
248 119.22411817840694 0.17044755905701003
248 119.00911620530539 0.10631551415811273
248 118.85941467887112 0.08497083538675787
248 118.80234982295718 0.08083084583186353
248 118.76743747119471 0.07912658942527193
248 118.75692531844615 0.07797509384234863
248 118.75125555924798 0.07776101358641378
248 118.74789445739796 0.07753054812599261
248 118.7463132976555 0.07738489043498473
250 724.2546724446503 579.5713505753341
250 698.2488322469013 552.819273966385
250 671.5671020801962 526.3705996242574
250 645.1820813804436 499.197188546745
250 618.0030363529377 477.5745336543081
250 596.6381207114999 452.48123296807387
250 571.5995399743346 429.79590644465
250 548.897617135924 401.4478101561814
250 521.0373458465951 378.89500697655626
250 498.70687638860954 357.55589827600966
250 478.0229888296894 331.8547964863239
250 452.82758685560464 306.78625131459694
250 428.3664497643407 278.1844082723328
250 399.9985802082115 253.51259158939763
250 376.5136483714415 227.21746432418752
250 350.8714093031912 206.44264026245864
250 330.34041300710993 177.6204023872796
250 301.99852550730833 103.90106317332675
250 228.91672359868633 57.475990220535564
250 183.50430005543018 38.80477234256516
250 166.23425493123497 23.20628658281561
250 150.92103678875637 14.38649314167936
250 141.55345228662918 5.033366074707659
250 132.92628119471456 0.9311843230603515
250 128.07829199112038 0.32740621816138443
250 126.00310244034408 0.16899509118866954
250 124.07693080677404 0.08942948362242026
250 122.23415714096053 0.18796446024641697
250 120.82144420660799 0.11921988286138349
250 119.59773170100023 0.4066334294314412
250 118.74010373665354 0.4432279535185488
250 118.5898320668834 0.33794798381265756
250 117.83864928012652 0.48919860188688014
250 117.76135372231857 0.3421430887356406
250 117.4233807401398 0.4848334604603831
250 117.77698136556963 0.4307740979759254
250 117.54192513044322 0.7951184931678275
250 118.05448022897019 0.6306998639988146
250 117.7729890751086 0.6637586225772046
250 117.80823764289973 0.5440498637651351
250 117.55500386909013 0.2729218991094369
250 117.36375335489312 1.2171721482810272
250 118.15397335408666 0.06514476703866248
250 116.97927159005464 1.5446362149885569
250 118.15883971169421 0.08388059766989539
250 116.75369514763936 0.8266630868129743
250 117.20128281523164 0.37953162866202794
250 116.66793782402647 0.44645203642701314
250 116.5873367114129 0.8326629241389966
250 117.01880523606859 0.6760160056492792
250 116.87602625919683 0.3314926425216169
250 116.50853845037099 0.8509978948365575
250 117.0784331027383 0.1364665487166343
250 116.42344712531343 0.7494881751076277
250 116.87228943637287 0.5026495874387187
250 116.56271532174945 0.6936307049633463
250 116.8930766471649 0.1861661351925745
250 116.39725778518289 0.06428634963432875
250 116.12173181778621 0.06243987496496231
250 116.03334350324334 0.051267242107713766
250 115.9823775787084 0.05111313947376893
250 115.95358212105829 0.05151152047082291
250 115.9433549947495 0.051319702403541584
250 115.93647565437526 0.05153887281496089
250 115.93337882402868 0.051719576483116196
250 115.93158095578296 0.05176613010126034
252 721.3054204565475 579.3125242162378
252 695.318321581879 556.0645043433632
252 672.2424960445139 532.528650988866
252 648.9754118309719 506.2278402815701
252 622.9251114018754 483.30727827744715
252 600.3746698002291 461.1980185617526
252 578.7984720300694 431.92652829594726
252 550.3658602423895 413.73118348501987
252 532.7045717070472 388.6035806926591
252 508.13336850156105 363.72085691253494
252 483.67646712739855 336.38968173984597
252 457.43706056285816 310.4798918379337
252 432.17641846694073 284.14929526438203
252 406.59272954952166 255.511403191544
252 378.2170489052502 229.89268768790927
252 352.8785226916734 213.91428622916874
252 337.825317253281 185.73467650151446
252 310.57901769889827 139.63565422470506
252 265.5096997238721 118.21273151719745
252 244.83564016908963 48.1807391167596
252 174.97600830445884 28.29190312293002
252 155.8767718764885 17.852193023007853
252 146.1241888829712 8.053599766680163
252 136.2727725214241 2.8777849994203355
252 130.35024158755573 0.8467752353078302
252 127.57251570676858 1.4057415214373405
252 125.22944966941964 0.3146557880994756
252 122.96518195976556 0.5600022654620175
252 121.3764723998767 0.0804209451776466
252 119.67905563616529 0.3151416573919314
252 118.28358562078806 0.18061008856608257
252 117.39700849519659 0.5890606847242061
252 117.05401469052374 0.33396060419810714
252 116.58757834790181 0.530516735775602
252 116.33679475168553 0.5644145633575608
252 116.23373931707492 0.425364271844342
252 115.58119108632913 0.53195387428616
252 115.54639955941067 0.45189547162231514
252 115.35648254965783 0.7069180340457577
252 115.58520781262979 0.5470877167358283
252 115.30130304708753 0.33259176335567114
252 115.12291168740906 1.1767435975394327
252 115.77392113146014 0.07634381528032513
252 114.76132796762798 0.9454072480410445
252 115.26706599474284 0.20885437916753766
252 114.43428662382476 0.45226306776047265
252 114.41799187892425 0.7605603853186531
252 114.59776312620235 0.8935606898686141
252 114.6516165417314 0.37097180763948884
252 114.19127396600517 0.990691421163525
252 114.74810558633158 0.10546800014895437
252 113.93222901951029 0.8166183583841411
252 114.35385491115424 0.7096925493849134
252 114.31400852362458 0.5092762862817373
252 113.90504393542038 0.6599708727255693
252 114.05845353181799 0.205863178701362
252 113.63996066025162 0.9802215250583197
252 114.36002574534618 0.05779676575524658
252 113.45047290088303 0.416960625864105
252 113.60396277791826 0.6879408110419407
252 113.8435728785619 0.011429382936265615
252 113.12071244205575 0.0062665763272535474
252 113.00750423146627 0.008623902375722213
252 112.9542059009612 0.010328117298373473
252 112.92424577417526 0.010581460745051608
252 112.91072677227227 0.010984966952408193
252 112.90330756506711 0.011099751466059429
252 112.90069580450997 0.011278624294292024
252 112.8990210145776 0.011354397077241552
254 719.0472055021619 580.1218269278729
254 692.9733929792649 552.5787363907586
254 665.4709066715086 528.2744759223967
254 641.4521464219198 503.701009954196
254 617.2437825127145 475.9078646753667
254 589.8186426937245 451.31827332113517
254 565.26641404419 427.8254136512815
254 542.5114146375034 403.49453060819496
254 518.40330395206 378.2576634818447
254 493.88167736873834 351.9595644057682
254 468.194898541828 329.85647517595805
254 446.55046317733274 300.1245467372504
254 417.04775142755045 275.37968569462333
254 392.70503033642706 253.08593302236338
254 371.1894710768126 229.0291070626127
254 347.76235415104907 200.69170417643667
254 320.80080708647597 174.99448224345127
254 295.3920116024479 128.67648790818478
254 249.49792150350902 59.80770465978024
254 180.95204729483808 41.691598079882084
254 163.06407443458164 26.98881336261713
254 148.63959464646607 13.808400937961244
254 135.75180563683477 5.016192492936908
254 127.34554303379348 1.3051795753457973
254 123.98207502706347 0.3384970459467315
254 121.8210591846843 0.35249737699372086
254 119.60861148797458 0.1281456591470049
254 117.40654638921538 0.39245920731515815
254 116.02823851300946 0.09690150061270039
254 114.95204001122346 0.776966154673792
254 114.83908688408673 0.18446227705624582
254 114.05315582210213 1.1415188407246708
254 114.37047852791781 0.24048398852335293
254 113.54795410154148 0.31360710214147053
254 113.21405957265668 0.4138630856782262
254 113.05627197617169 0.7812218663582935
254 112.835222725295 0.1419817201588862
254 112.25361577110289 1.5682595297333115
254 113.4692637265547 0.22608225282476557
254 112.09820213414145 0.7148193795614814
254 112.2408777867536 0.3890448258938118
254 112.19694613916415 0.1763601123880733
254 111.74680640772823 0.8174686578892869
254 112.1314365705471 0.28553704134894053
254 111.46918832409435 0.698124608307691
254 111.79088148950271 0.742226654794276
254 111.748975562219 0.3331684921245291
254 111.52359516454506 0.9492136482007781
254 111.9092238816712 0.19810222032053718
254 111.19921325636231 0.6499298314515379
254 111.40474207571032 0.6738397480913576
254 111.58376767160318 0.4672314320511073
254 111.17733268756554 0.670650010552725
254 111.38576342901682 0.4667740201420431
254 111.08065552860037 0.7108144693530115
254 111.32490821655041 0.16606243011737504
254 110.7447322207031 0.1478621239901405
254 110.65242604896235 0.06280973010773655
254 110.52057746658897 0.05457583893245514
254 110.4594002098369 0.05027706545071526
254 110.43039418720072 0.04984340789666372
254 110.41976138581651 0.04917428210083224
254 110.4130247641875 0.04914826083475671
254 110.40918650937218 0.04918005576300574
254 110.40761041317998 0.04927067124051601
256 716.5827386493487 581.5563405798896
256 691.9806612006578 558.3310191434454
256 668.859151537725 537.7885716409869
256 648.4252970490102 511.194502935115
256 622.0281299066589 487.5287877207279
256 598.7348663598066 463.37418952315136
256 574.8325360206869 439.62336698978754
256 551.4809746392838 410.3950740452377
256 522.4445886877947 384.7364248257179
256 497.229652188642 359.9898050916339
256 472.9466788057209 333.56319657869227
256 447.1938757365827 306.7044954379927
256 420.7558622333628 277.97802452162347
256 392.6263120937159 255.49354643009005
256 370.97809148496845 234.47631054444253
256 350.7010305170408 208.41881637336135
256 324.70760051030726 181.9262921802478
256 298.39740685841525 155.44986935388528
256 273.0849685899727 55.57779255171981
256 173.96413237488758 35.55409642174189
256 154.20343643889768 20.218340182362127
256 140.09032346577254 11.516430607665969
256 131.71438609753116 4.602024857424744
256 125.2458583454181 0.5444845651432327
256 121.38639228697801 0.07359657186510762
256 118.77183212070302 0.20635198344582162
256 117.05626162557748 0.06327922607408604
256 115.19801673746244 0.1523096992278779
256 113.60392629630212 0.13532495833582175
256 112.69743149165767 0.5544153732935793
256 112.03173185611958 0.09709198140734068
256 111.53382021044155 0.546070129499817
256 111.4298587609843 0.17085917607405685
256 111.02879063047897 0.8511762779659606
256 111.18746009916323 0.26851221301579975
256 110.68548546895455 0.9875316886793281
256 111.07023621493887 0.12443817233024143
256 110.16495837385128 1.3994898684465853
256 111.1225047787953 0.05986715240377605
256 109.80393378887162 0.5575481230761394
256 109.97107196624275 0.8240363039767691
256 110.2983618930646 0.20966278139435265
256 109.54298887548418 0.8648154462192713
256 110.03447340950821 0.23243270821741707
256 109.20865383999202 1.539809928415861
256 110.41617158527933 0.19690843650210849
256 108.91779824858912 0.8324428867552204
256 109.42769546567841 0.30898146908006896
256 108.96087618294246 0.8602630649076694
256 109.47481159200325 0.2964352041707122
256 108.9372282019814 0.6317206583689796
256 109.1231270325819 0.25980799194926285
256 108.74200704924932 0.10334166346799789
256 108.53253085147546 0.003141634811557292
256 108.3716931696603 0.007631320802947451
256 108.30571983991051 0.01030232904119232
256 108.27599570396386 0.011193390409970194
256 108.26097273575397 0.012199132609469294
256 108.25318488306685 0.012543277230516906
256 108.24928292744198 0.012777562502966718
256 108.24756404215958 0.01285166255021971
258 714.327191400281 577.4033882569363
258 685.760285361774 557.558177988644
258 665.8754601353506 529.1960916175142
258 637.6205124933854 505.42651467039735
258 613.8984292882454 485.37340202321695
258 594.2867348730756 454.8936498406175
258 564.1046693026304 433.4238420880565
258 542.7577395185263 408.172917083911
258 517.9095814984546 387.23262967042206
258 497.42510576478776 360.2737956413926
258 470.76324542188917 335.5150260436468
258 446.57902288718805 311.0708348517654
258 422.8808134369311 285.9833305673454
258 398.935968694998 256.0994649200277
258 369.96472780287485 236.1617729602683
258 349.8808879454764 209.93762472446997
258 324.89273436347105 180.95393481484922
258 296.7498098916842 154.92630973972464
258 271.98899452854255 55.215911654292725
258 173.78758395448017 35.12975488975888
258 154.03223163977904 19.25546568995723
258 139.7307965543294 11.114006504616372
258 131.42731618737847 5.257568581904399
258 124.45516028422581 0.9382417888536618
258 119.46234781951007 0.06791297586002332
258 117.93056138719574 0.17784781854562215
258 116.01120416058376 0.028753536483639708
258 113.96170702344752 0.03518785321884446
258 112.25658201046465 0.034482079784508415
258 110.61015483465047 0.0036265657523901636
258 109.62126949683577 0.1665232200527182
258 109.02841614843449 0.4272224481982049
258 108.94869627827462 0.8839050649746398
258 109.10512964229288 0.4118617628847452
258 108.76121138236726 0.8967411617501252
258 109.03309476692425 0.40936139904151625
258 108.50115171815388 0.6913586580607944
258 108.63182647691303 1.074700575659938
258 109.00909172334131 0.6274352643173035
258 108.44503586274669 0.7847482434907276
258 108.63244973226786 0.12245670710937807
258 107.70006954888156 1.171014333193463
258 108.64447063565311 0.3869373915558976
258 107.8245290444162 0.7722138867724211
258 108.29437889853844 0.2461920124313865
258 107.49899143271105 1.2223887492040955
258 108.56732015744949 0.16207034615867844
258 107.49910381655472 1.1203320193947914
258 108.3123232034709 0.11182835576787137
258 107.2320958650075 0.7748021459858745
258 107.61009952353707 0.19456184842481422
258 106.83783693050398 0.19519807041077142
258 106.82214368981964 0.05644155516532869
258 106.64662683127086 0.054373148273013004
258 106.58017763146621 0.05450556105089623
258 106.55083820557164 0.05394031594020378
258 106.53670037786469 0.05421065582596976
258 106.529315633266 0.05429528339935889
258 106.52493944262203 0.05417522278209474
258 106.52339233910567 0.05416017915093693
260 712.8039894301818 583.0304138730224
260 689.5282538438272 557.4401645676176
260 664.173921811273 534.2364230029384
260 641.1803030209003 514.0994579411683
260 621.2671652118455 492.4751208341527
260 599.6451674211246 467.6650645907321
260 575.0249291423061 440.9263399187413
260 548.4175254535689 416.58007149288693
260 524.3163342123992 397.3924499087201
260 505.5848858169961 372.8165563388908
260 481.3315057374182 349.1058205521802
260 457.97989770375864 327.26923920954886
260 436.6410747618115 303.50380001525235
260 413.36374899244674 276.44564643393375
260 386.95746581400294 253.006671011089
260 363.568066994197 231.1812016839343
260 342.47747286243 207.7015527913817
260 319.8088584517633 182.00325001727523
260 294.3638303709407 129.42658036428907
260 242.54438373070775 53.87739917524403
260 167.3450329397519 33.25350791134666
260 147.53389507898754 19.48633255540812
260 134.2839918948958 8.481083522349431
260 123.47163222428931 2.7338187018090316
260 118.30958353691629 0.8496786163639287
260 116.50524117083918 0.8493425776496999
260 114.39482697120255 0.20009434266311443
260 113.12715003821823 0.675178021646159
260 111.99665560311759 0.08148302801652565
260 110.62565815842223 0.20292450917836363
260 109.373419369776 0.1326501340143567
260 108.60363247658695 0.8008221217042215
260 108.42253336900316 0.4081155775356973
260 108.22314550062875 0.4309862783830877
260 107.53349715599875 0.7549602971414391
260 107.80092511822649 0.41013629494753234
260 107.16005632553544 0.6915526812790249
260 107.41381836264493 0.5144068125774408
260 107.05257172375188 0.7100392581177872
260 107.189525393844 0.8167283359569478
260 107.01922219933665 0.19011520369453422
260 106.28016370771753 0.8503152407158556
260 106.9076162037756 0.5313386865357483
260 106.50926756657849 0.5492445898923413
260 106.34892257584502 0.713234225879206
260 106.41217572177325 0.6009878553765238
260 106.34720366226216 0.2738068353194974
260 106.0060791926701 0.9752384035063166
260 106.50272379446301 0.3758431335123906
260 105.88373761283039 0.7291848090129807
260 105.9405711929403 0.46087278228050343
260 105.76432320969239 0.4567401536416512
260 105.60173265188256 0.4392987645872908
260 105.49644008617423 1.054626236444291
260 105.81462364034675 0.2742087293698955
260 104.88369523206474 1.0288334456569683
260 105.46728665794765 0.44071189174522984
260 105.01508699995124 0.9036159713197733
260 105.43615200282593 0.4755613588387177
260 105.1217810865212 0.06561639454602976
260 104.60253847195655 0.0826219669706714
260 104.46284445730991 0.08981182395941736
260 104.39926857113808 0.08854929655336925
260 104.36837875975435 0.09021470805589137
260 104.35489927688386 0.09105154098967369
260 104.34643127886542 0.09174957708737555
260 104.34238385386644 0.09195919887204462
260 104.34035205270348 0.09195528151268005
262 710.5583971426179 579.802590404892
262 684.1129567845319 555.0538113257519
262 659.6031044992039 528.4673042972311
262 633.2595523121236 500.1272282963676
262 605.3100932335954 468.46450691367727
262 574.0628482254369 442.91301194154585
262 548.5168553288815 423.0648270947124
262 528.6911488935536 400.3847973951147
262 506.29680187002583 377.32348807206995
262 483.5772496832305 354.16601991057115
262 461.0458034601075 328.0090251667111
262 435.23610006907825 304.3201694519415
262 411.8843689475531 280.3117645002451
262 388.2099990569198 254.00006558280006
262 362.38179735522266 233.38790086746332
262 342.18643170784645 214.64912014051987
262 323.2554463913342 185.54488600335927
262 295.06329381125147 137.93918313659154
262 247.52050679671146 89.3314860331902
262 199.38993150048037 47.535018730558996
262 157.86322757710417 28.5683361000984
262 139.4662464647654 16.20062898361578
262 127.33243681277264 7.744918192634209
262 119.42943354736619 1.6295128307386015
262 113.5596709431834 0.32251924891146666
262 111.93813797645346 0.5199296282583865
262 110.53617978668059 0.10850140075683834
262 109.38839762946922 0.13792407761003936
262 108.27256643157 0.07185520201454286
262 107.08327933995628 0.10922493559911514
262 106.45930413573359 0.1322183861974914
262 105.75422868910151 1.009139424797998
262 106.04580365024508 0.4059404314583935
262 105.46560279549048 1.0625053502426045
262 105.81740442068872 0.3101311294009863
262 104.97146247818526 1.5410981878843226
262 105.86889964292807 0.13765576385584471
262 104.73230978203166 1.7631697632356063
262 105.90852805382481 0.1802856407384877
262 104.53044971342905 0.5027975377767862
262 104.37689855595724 0.8991802121534688
262 104.93646202925588 0.5968666264566833
262 104.33194228487017 1.1239017765402102
262 105.15635353033866 0.4956529968532619
262 104.24069204734074 1.1716888070175562
262 104.91343805533423 0.4132488237889436
262 104.04489038922206 1.2122118632903833
262 104.93190644396819 0.5758818862885835
262 104.0259372141568 1.3703368608010944
262 104.81714393085183 0.20412396277658318
262 103.48683673541115 0.9212717989081816
262 103.86266176076433 0.7393194248825905
262 103.58810937352834 0.2096370237020132
262 103.1020197161287 0.16438000826475632
262 102.96689854936061 0.16647274725845457
262 102.90610525100016 0.1647133589145987
262 102.8779904183713 0.16310707955562742
262 102.8614434528077 0.16189932509371235
262 102.85339045732428 0.16125989803406468
262 102.84921486107945 0.16065318367183198
262 102.84724711422379 0.1605722519294887
264 709.8590003942373 580.9267949435792
264 683.8074295920878 553.3053689148514
264 656.4658805783342 526.6821118337562
264 630.0626313683314 500.8135963191784
264 604.5037875347225 476.97644375904736
264 581.2684811134675 454.99121366747715
264 559.7490021911185 426.8628034318933
264 532.1965713379968 397.78872631458296
264 503.81160540643344 375.8076917817732
264 482.82033643381095 348.6034796877591
264 455.9067853924296 319.40013622840934
264 427.1201593024213 296.2924166180203
264 404.49357619406663 272.4711183304862
264 380.638331613991 249.20194916647318
264 358.1049571060641 226.18673333824947
264 335.6213268335651 199.6406121902039
264 309.5487722831821 175.2540600874619
264 285.6210240166654 126.20419485100136
264 237.50621752520314 53.705011768133694
264 165.37814446906586 32.940326357926175
264 145.19984972491173 19.686052419136715
264 133.38179103169506 8.368638877354554
264 123.36974553963945 2.2092928736080766
264 117.81481720460188 0.1187102476916052
264 115.00192733003519 0.24284925986156786
264 112.89753971094912 0.13132058470345084
264 110.79874162185456 0.1637823203426527
264 108.855149461867 0.032474695727897095
264 107.38929771733953 0.17341341642791291
264 106.28562096959557 0.104508401964709
264 105.51708543558583 0.7989140909414847
264 105.24392436434063 0.3407665675483611
264 104.89571574876591 0.48665102622296585
264 104.43171248376441 0.4622043379376565
264 104.45015280789015 0.5939992115782092
264 104.33110920004069 0.716387459041238
264 104.57200814020344 0.9429333993669113
264 104.34440475532456 0.31072674647709236
264 103.73356822499903 1.212577638440041
264 104.25665743413147 0.19492809919075832
264 103.32559023909245 1.5984138731655302
264 104.26753942965426 0.3648161202326056
264 103.14291133562926 0.9786380793064638
264 103.48535981674198 0.6833897432433645
264 103.19564931031557 0.6593146486541094
264 103.14547488156566 0.08535669713265479
264 102.43692045506005 0.5566410696105004
264 102.316078004701 1.0496098919462804
264 102.95795419245735 0.3776434806626482
264 101.85787298669656 1.0127992224266655
264 102.62261397788552 0.35596486819117334
264 101.98373842637365 0.9164180645153827
264 102.54114046390474 0.23487712736572275
264 101.60789382058056 1.1290791759688628
264 102.42511887406398 0.3251240064509952
264 101.34917118685405 1.591257103838051
264 102.59391725717188 0.33265633572303566
264 101.16720572459876 0.16889345361049748
264 100.9652468718986 0.1388353908405912
264 100.84585258896927 0.1090234051293038
264 100.7831991741187 0.10502157972841844
264 100.7517400485419 0.10654711682426181
264 100.73671265487839 0.10518274095113947
264 100.72996342633161 0.10481502327423559
264 100.7259267776827 0.10490234360625261
264 100.72400154837439 0.10486229598006172
266 707.5982712864162 578.2999507444076
266 679.1379817010474 546.8590452590361
266 647.8630974382911 522.8861637781712
266 624.1883455011034 496.87282883384535
266 598.4116350422286 467.66140283899915
266 569.5827620885161 441.92175152823813
266 544.2125942316832 419.4344887095203
266 522.4408551240898 388.2771147025421
266 491.8607797513642 366.55330981171244
266 470.47284807747997 340.15391470235465
266 445.0218370731023 313.5467301066708
266 418.7808851184811 288.3915346295196
266 394.4613537686752 263.9833726481511
266 370.81695697724336 242.2558078383252
266 349.444385439483 219.1170771800355
266 326.56837862482035 190.16735446134135
266 298.4368107919254 140.2260038281454
266 248.97142365691246 90.34359123186125
266 200.72650310213032 43.978145884570935
266 155.0860452417594 28.72504739595597
266 139.84265349083387 15.685025099371266
266 127.47186978878929 7.162933165136401
266 118.73967291955717 2.5977583578955956
266 113.45475581459786 0.5873942612631867
266 110.34592334648094 0.25257721421828505
266 108.4300758565002 0.8138776933657543
266 107.30359790365921 0.3322357335502339
266 106.15389005021639 1.2184642018733984
266 105.96585089209213 0.22795954061383797
266 104.95715909694484 0.5034949040733832
266 104.4106122965301 0.5505435833173767
266 104.3363123208743 0.728773971366959
266 104.00440722224582 0.5694797367161013
266 104.07059955725158 0.6591185122018268
266 103.72781390343643 0.7442458119436897
266 104.0333878976033 0.6606532871727687
266 103.44944985820337 0.9670921061591244
266 104.01399027331158 0.4570960419503834
266 103.12684311704358 0.705634846385063
266 103.29735796924263 0.25198678141530395
266 102.5258730011595 0.8782376200018773
266 102.96996422121775 0.3253305999666042
266 102.31070435125675 0.560044377385331
266 102.4644711238111 0.4430681592213428
266 102.00734440032944 1.121464522315922
266 102.72978946284988 0.5691288221724687
266 102.00214592910552 0.8988564214119278
266 102.43354475187611 0.6375163531467019
266 102.07072989578265 0.08930445188510075
266 101.6366668401685 0.5430857727081584
266 101.51932080282343 0.6206944828410985
266 101.46622537030854 1.1615165744957718
266 101.70959850205178 0.4416697120976407
266 101.13624617346711 1.2580682513821462
266 101.57078634953055 0.23019553134810736
266 100.62656971282856 0.24338799696590804
266 100.40778066486244 0.10116613325404604
266 100.23399607285208 0.10567589316939052
266 100.16262988549411 0.10737947972952196
266 100.1266544810491 0.10838696719325272
266 100.10972768266478 0.10977287267259539
266 100.10095269188619 0.11024483281087247
266 100.09690848928419 0.11030684755994835
266 100.09446610035808 0.11058964248098455
268 706.6821785344882 580.4565547909491
268 680.7225596115 558.5138406370493
268 659.0795122899772 535.3495957318288
268 636.1982993453335 508.1733418436096
268 609.3471088795989 479.32060780334405
268 580.9369169144289 454.6194101582235
268 556.6430604614545 429.7126912594762
268 531.9996156477026 399.00257464152713
268 501.7895714238171 372.9841579667048
268 476.3330288422869 350.75281025463755
268 454.1855298655258 318.8290741674638
268 422.88214351989103 301.43320082951504
268 405.5974466344249 275.20998225680773
268 379.653255561138 249.9279515397368
268 355.3692069852185 229.2344465669238
268 335.34487811197107 201.67547568803235
268 308.195429787465 153.09759916915627
268 260.07212218828494 129.26468039239222
268 237.32067727261992 58.90363499954874
268 167.4802689308019 35.916946559648565
268 145.49208393408378 23.319358074757506
268 133.4915214404088 10.634842686431847
268 121.28272349411505 3.6419747692880087
268 114.46150291257891 1.3073537073988668
268 111.40265321642497 0.6181522580039469
268 109.27353048081525 0.5825816428947449
268 107.71256668686706 0.20499292941517075
268 106.38142194397639 0.40388080727446496
268 105.4313611213037 0.5255878577544277
268 105.06103597951669 0.5870739571636122
268 104.0715884857525 0.45543400167440495
268 103.91164235886677 1.2269689658478355
268 104.07633340607315 0.16054270630630119
268 103.01299279081968 1.516628108889207
268 103.79496435174141 0.3167354503776399
268 102.87227810646273 0.6207649657933964
268 102.70295290075082 0.8386096922652083
268 103.01472783582194 0.8621321398802169
268 102.59599400241542 0.3659004864910433
268 102.19605852495815 1.4961110272230926
268 102.85871036299693 0.2690546845280443
268 101.76630027218987 1.8229342155597195
268 102.90207306367614 0.1571570279684929
268 101.45641797314627 0.651434671046805
268 101.22388854754077 1.1572436903134782
268 101.86555553604816 0.20886974844056594
268 100.87311052733541 0.9246898233451055
268 101.53764279505889 0.12617395841361828
268 100.48462090735306 0.6194111022778646
268 100.61045159381557 0.519176683847636
268 100.34567210485886 0.6279352175828964
268 100.5267445160303 0.9202247075359085
268 100.359388207525 0.06096759179627771
268 99.77170694277366 1.0023995668022132
268 100.19136845264792 0.30277191011726723
268 99.59488100012754 0.04645580770054836
268 99.17036447591897 0.09096110129992298
268 99.07172459278051 0.06844408550436698
268 98.97860924244901 0.06593521749294906
268 98.94601483663679 0.07002110119685061
268 98.92579600367861 0.07103248713480283
268 98.91799338897488 0.07067188398495801
268 98.91315003633866 0.07063554459185264
268 98.91073359170932 0.07067775832684617
270 706.2972624925844 580.114858666454
270 679.486209552513 550.7826468735554
270 650.4694911714382 524.4038039903809
270 624.4197821120614 494.65095421555196
270 595.0596907445416 468.2656622561576
270 569.0637458095994 441.17489406208415
270 542.2856031912016 413.0457439691937
270 514.5585840346614 392.4767502312698
270 494.75673563049054 363.0772063447174
270 465.8937612634818 336.9482542618596
270 440.6572296006517 312.248397380892
270 416.83302672910617 283.58863021721527
270 389.0072552697322 258.95992152171084
270 364.8070308197765 234.16669142501513
270 340.31736164606843 209.30123873462492
270 315.9674745647586 181.27355478336992
270 288.6490824058966 131.7959219456529
270 239.5873516466948 58.54947749380334
270 167.00970075687096 39.27500297469732
270 148.8624326063978 21.208307752327833
270 132.12462463138772 9.843744378901997
270 121.07844764332921 3.8782403449282157
270 114.87536658184648 0.2870605769470822
270 111.72196169866072 0.49988242503855596
270 109.25422471054907 0.0405581672691128
270 107.72687734623334 0.680572441476877
270 106.23706144861012 0.19815086506183693
270 104.95045162684569 1.1260974677935653
270 104.54979270367359 0.13490639670302157
270 103.58970216793614 0.47852710236973245
270 102.76035627736796 0.46045660171425623
270 102.59610899152234 1.7899471281776278
270 103.0994086460999 0.3130558412345337
270 101.71500942771975 0.5833594358597216
270 101.4463259801257 0.3223416218710088
270 101.34926465416798 1.3601449625896387
270 101.78331927696858 0.26072515898871507
270 100.89966268666352 0.637341612686724
270 101.07348205936653 0.573785627871291
270 101.08317151313165 0.6450631969277769
270 100.78324233697478 0.3616412822685322
270 100.477223572253 1.4466679512099851
270 101.22478577323872 0.2993339901370505
270 100.38274952287196 1.269414052399345
270 100.73785679268386 0.4853086179404579
270 100.19520099821412 0.5449087840909741
270 99.6986304917542 1.029185156157212
270 100.43827745732311 0.7396740803534259
270 99.96858544773056 0.3896453097065685
270 99.7198158413711 1.1139145394554333
270 100.13249137194573 0.17608508330662725
270 99.32860341191028 1.4451768436746768
270 100.03901264197174 0.05509525104704968
270 98.93449653258207 1.3488431924083746
270 99.56778153711521 0.2674874995043378
270 98.57486925428789 0.15130049195519013
270 98.23426575388073 0.11879339647958226
270 98.10818568597463 0.1284272309614799
270 98.05891639722793 0.11913454175088174
270 98.0334311888009 0.11718163175002558
270 98.01963506687373 0.11639475003310021
270 98.01015328810608 0.11593879415850925
270 98.00510785556601 0.11527150564204272
270 98.00303855817374 0.11516200668160921
272 705.2081935706753 576.8595081404194
272 675.0328887715659 547.750276877228
272 646.191758985667 521.4270704406698
272 620.2101512371397 490.63785917385695
272 589.7190647924524 467.25180386712134
272 566.9913466563548 445.4732555093899
272 545.4889967657545 417.99901065450393
272 518.3471298740116 399.1548083420082
272 499.9604385681641 371.4436250014197
272 472.8175871917271 345.8246389028008
272 448.066291661057 318.7608498458827
272 421.7084121717687 302.1948633745475
272 405.1916904671692 273.9654264208613
272 377.8872122274277 247.59043248824497
272 352.63905122839253 217.44108611107202
272 323.21036496222496 191.29662027402628
272 297.99957250675874 133.60468470017798
272 241.38248871061776 56.590252389583
272 165.23851601507 41.59170477571335
272 150.12157287667856 24.6041579683541
272 134.0197648947493 14.191905545751318
272 123.804426092715 4.577889077513229
272 115.4187910392359 1.0113613197544031
272 111.36764300461168 0.886014900166952
272 108.98663205261315 0.1749641112743119
272 106.81889585401439 0.44753277309773154
272 105.4266091798477 0.31442692021929314
272 104.14111831394166 0.3334302494958511
272 103.4912640369079 0.9316404528748663
272 102.99059635847067 0.3647811493090977
272 102.27455758233472 0.5444798051427012
272 101.64755645833857 1.2630768631760168
272 102.59416260500124 0.632590746817388
272 101.31575972730357 1.1745019931047112
272 102.02771626669839 0.7429720894542577
272 101.04938732801345 0.6561554206705876
272 101.18931987759932 0.6362915377420896
272 100.6657467797075 0.6457979139021419
272 100.62746030776628 0.28069258115740414
272 99.83237891220404 0.9107460261408784
272 100.45678502907 0.4076725211338661
272 99.64763865461721 0.6273766827065862
272 99.82060481294364 0.39667186771489965
272 99.23084805600669 1.291375077195246
272 100.09769420977727 0.612539820046749
272 98.88861902260086 0.7946089101289391
272 99.24891922564318 0.473942839439309
272 98.65749328989003 0.8322221072344509
272 98.90934055597236 0.8984197460493842
272 98.50440787725444 1.165727001668746
272 98.88854887968459 0.7272965235329363
272 98.15737954940661 1.0151461833451607
272 98.5820322495628 0.6853677056410121
272 97.92379678173486 0.1591983753639418
272 97.44592118919593 0.15698415691749648
272 97.30455769419027 0.1700985374897442
272 97.2383430224712 0.16422907874848386
272 97.19475640096258 0.1651577915695486
272 97.17732582452085 0.16186002691950435
272 97.16604331866101 0.16229192603457848
272 97.16203775144878 0.16203926735856275
272 97.15996705730308 0.1616298950747267
274 704.9418399456462 577.9438586245967
274 675.1165934390926 551.7773024957107
274 649.4719860963721 521.1183608650183
274 619.1746053864717 491.83621607739036
274 590.1612253961673 461.1756813447521
274 559.9073904689227 429.18928984335696
274 528.5033926531702 404.2659243887914
274 504.0324221417843 379.24502699312916
274 479.4825750190825 347.53927399751694
274 448.6674860163166 320.85727949459516
274 423.0043034464235 294.32749439921577
274 397.5672844563253 266.7812240292577
274 370.89155911412394 237.71696110176376
274 342.4073831031134 211.48506210532105
274 316.73966191896614 194.04992903796935
274 299.60987330979464 168.21144327522353
274 274.5243216613217 90.43048383619396
274 197.63889886712155 42.44029073614118
274 150.6047360538914 25.840942664414694
274 134.81524573052465 12.573297787086009
274 123.285360417631 4.046640013390898
274 115.05850061572423 0.7391406532301357
274 111.31296353833912 0.8561514782951307
274 109.20477618289404 0.5742676631422607
274 107.74971019261702 1.9834142391425307
274 107.13782605551806 0.43427604559064303
274 105.76150061265106 1.378305774192503
274 105.52884115610529 0.6280545490583316
274 105.56628682085741 0.9786860293030171
274 104.65978211414466 0.23174994183356787
274 103.84093969149565 0.9676100817053779
274 103.56141836163022 0.27291193585186846
274 103.13071495632775 0.4531659176705747
274 102.65336150044502 0.39102493435739716
274 102.44938109256285 0.9671002525869834
274 102.56797480611239 0.2804137756079405
274 102.14796125261819 1.29959457098441
274 102.569436913459 0.03326218750029579
274 101.63564937368119 1.0462255733694572
274 101.87563070595976 0.08748264442522725
274 101.04349740247932 0.5104940073353396
274 100.74322401783218 1.3971166653543468
274 102.05002799689007 0.24245345006162428
274 100.59852160104091 0.9646234208907553
274 101.12726531980009 0.6543174389041152
274 100.34928053022611 0.473015083453868
274 100.18042497993909 0.8527493498785332
274 100.2236761805422 0.5400129320669823
274 100.21544644848363 0.6730923457899343
274 99.82459469693474 1.1273012993907128
274 100.61495002682355 0.6633428625238293
274 99.72550716737278 0.7125666729701253
274 99.83297959193473 1.730524547252926
274 100.27820973086182 0.6764021670546599
274 99.5250051875485 0.7416765648678725
274 99.23848089965675 0.48053389191592205
274 99.0142947418704 0.40962818586835337
274 98.9077058912072 0.3894222124205954
274 98.86456342375124 0.3890140761893353
274 98.84718982585885 0.3809816426221251
274 98.83773618673216 0.3795006382383318
274 98.83230387787708 0.3784695883208449
274 98.82890747534456 0.37815151438418515
276 706.2101798585048 575.1003705837499
276 674.0900726408819 547.9206409046933
276 647.2544177934191 520.0275450453828
276 619.838573528035 495.8879504217295
276 596.1299543729308 470.716911707707
276 571.4265414370267 440.4533909015429
276 541.8615534175489 410.197820003233
276 512.0686700505778 385.6149799798869
276 488.0429016009193 359.6448088218684
276 462.3219268912569 332.76024029306626
276 436.3329128629203 302.1842874763725
276 406.73585242904875 279.7353020007565
276 385.08582457931414 249.52368007425505
276 355.8171011963877 222.32390381605293
276 329.4804348464843 198.03846059849084
276 305.79461903193715 142.23076425216414
276 250.73090131154711 65.61170946978501
276 175.35174486342459 45.535224612831605
276 157.51938820463315 24.536644332025443
276 137.68758067707648 11.199673970594146
276 124.73089518266977 3.914409913304342
276 117.52973553421587 0.4106472707033809
276 113.7276708358886 0.19024136356382687
276 111.63073600010364 0.6921975883878587
276 109.78492054772302 0.6032939965842103
276 109.01772490110672 0.5438273072868534
276 107.40489131282752 0.32631989505756487
276 106.41665307865141 1.19512129301051
276 105.93752022341408 1.3692150346231207
276 106.55520418359696 0.9441758019615619
276 105.06686983499814 0.7600360379826948
276 104.87093412775017 1.1297888605674218
276 104.52986052627892 0.6546261088015273
276 104.38433505225618 0.6465668986803143
276 103.52599604564028 0.8940753651496922
276 103.81161352536648 0.4836383333208037
276 103.07720436925682 0.9944617281840291
276 103.49811306464456 0.6833927587546865
276 103.00666774777252 0.1811130039686894
276 102.71848804345665 1.2931322407767643
276 103.15597007115586 0.6145964907241583
276 102.83960204088882 1.242363317933454
276 102.95618066961856 0.42750690819675
276 102.40191337518621 0.912156211403842
276 102.322501380915 0.4376496007781424
276 102.43279439934884 1.139659519765774
276 102.70108876433851 0.38542951668453196
276 101.87701470068903 1.3522422648305563
276 102.32951723109753 0.7256438139908135
276 102.1689861366634 0.9318379126651763
276 102.00860696175829 0.6795322827478414
276 101.98644221281852 0.9015250929633967
276 101.81233399898596 0.2989751252680933
276 101.39710812204524 1.3252043196880554
276 101.70664782221286 0.5381127537747828
276 101.14499638707727 1.034275713027594
276 101.16040922209868 0.3483230351093313
276 100.62528163959261 0.31394269650036266
276 100.26236170661376 0.20769446105926778
276 100.0704402791579 0.2129217223530257
276 99.98607159921416 0.22053119063771426
276 99.94486069572187 0.22083467457088957
276 99.92273994392237 0.22015244669652834
276 99.9133102188064 0.21922793357074633
276 99.90799354090969 0.2194641581797777
276 99.90543535485396 0.2192775166349942
278 707.674424482156 580.7793844628861
278 680.9790551753003 552.1868474128366
278 652.9355724544662 525.2574418254974
278 626.6646513889716 496.55991753853937
278 598.4300785297979 472.0542996037901
278 574.3503588110972 446.7369472255766
278 549.5022426571397 419.7714091355342
278 522.9519664093376 387.9939489830298
278 492.3439238326992 366.6255723843115
278 471.89282629376953 335.05082887584024
278 441.3957055242597 311.9761685083966
278 419.4194985053119 287.2066683415642
278 395.51406283825986 262.990319873746
278 372.4390237102733 233.9519370841714
278 344.9072959815376 208.2188815427788
278 320.05741415063187 176.46339697342086
278 289.80509211807765 96.50934173989751
278 211.41501118277864 45.20979938989552
278 160.7081594189076 30.074128290734386
278 145.63811666073622 16.308003707944103
278 132.7859843858063 6.483598403653865
278 122.34020715349479 1.3415634565659977
278 117.07987156042824 0.14283607393401518
278 114.939477228262 0.3513838288142005
278 112.99597025565812 0.16350121538519946
278 111.64499851854997 0.965290801290531
278 110.645125974826 0.29220903755053296
278 109.38673731785703 0.585092026775451
278 108.20688206525293 0.3355145371319721
278 107.75344443019443 1.1472338618998779
278 107.53807118574888 0.24613919153090003
278 106.53017943717292 1.5536847156142697
278 106.8517382317532 0.26439446807362305
278 105.80152441098144 0.9048452375828004
278 105.56296893488418 0.5525680425057826
278 105.591184030195 0.5640284039159376
278 105.16636803428358 0.978926862027153
278 105.7545264142135 0.6202035123261425
278 104.7686083706963 1.440035548129227
278 105.98531619697518 0.4932576800527997
278 104.44764638026189 0.9230815016664213
278 105.14353676489957 0.39673533464650446
278 104.15834215316818 1.144982695504444
278 105.00363846307572 0.8553761546002642
278 104.15856563068581 0.743506771956957
278 104.06831983735157 1.0563487020975995
278 103.89821457202834 0.4231771808616706
278 103.50141053785632 2.3013037115105592
278 104.72505208085416 0.24997047079261048
278 102.85898230057632 0.8402718797343075
278 102.82184454874987 0.38695781913715915
278 102.58415745994137 1.48316310886523
278 103.1021464485471 0.26434238942104105
278 102.07090337246028 1.6120916143593589
278 102.96189289671456 0.41544170253808665
278 101.78637843272429 1.5958911675968497
278 102.72464407848983 0.2189635043289086
278 101.45776636629594 0.3371588312394572
278 101.25449412776635 0.1907239637248606
278 101.1102706514927 0.18000966137551122
278 101.02070624204994 0.18153923490156074
278 100.98092701339185 0.17868131813494137
278 100.95823806084637 0.17899557935546817
278 100.94635673726813 0.17909932175336776
278 100.93984788399794 0.17850031621922977
278 100.93720679734297 0.1784706282553546
280 708.876717886426 581.6185625535053
280 682.5379843290995 551.0730438405109
280 652.3963585469623 522.984468606873
280 624.9240850646498 497.6485943839082
280 599.866979639808 472.0812467394531
280 574.64885995291 441.5155344268751
280 544.7155586576001 410.1622781125692
280 513.8127924143937 383.6210614406599
280 487.73197114016705 353.6463849542915
280 458.5424557672991 324.0225493947868
280 429.5043790690464 295.31498224332654
280 401.4929582201891 268.8520938756489
280 375.651950987222 237.04727500645672
280 344.762130739521 210.67556854815095
280 319.0115325095677 183.2443836901043
280 292.4800271296282 132.01552905751743
280 242.46514967448928 53.07379107762292
280 164.3633692541558 33.500267520625385
280 145.68518514567637 18.466495289508988
280 131.48843455831852 8.547563104552959
280 122.6249286998896 2.0423119555188296
280 116.89317452158706 0.5322098926294027
280 115.49378134738765 0.9381947942745089
280 113.73506835981074 0.21600121695918656
280 112.30409626406191 0.9205513604161886
280 111.01644943500355 0.26128570770894066
280 110.17883452570517 1.1681800413770165
280 109.919111758251 0.30156211204920313
280 108.92618099304413 1.4695448684664103
280 109.0130431671792 0.07084031556798273
280 107.97353016259885 0.5229044725090605
280 107.34469096996393 1.2772565078382616
280 108.20878404217356 0.7972207549444075
280 106.92382808933885 0.8978702777670416
280 107.05502639072961 0.5851218126071921
280 106.09296025934357 1.6703045463434665
280 107.17904537839587 0.44336609521751524
280 105.41692537842508 1.8130149347963183
280 107.15876645769983 0.3538282366303025
280 105.26728944677058 0.42549209057015536
280 105.32285478794302 1.306307530662624
280 105.73183542295607 0.5012031655563095
280 105.19591320375127 0.8805568516486744
280 105.21878691573835 1.3641502356853863
280 105.67914304610191 0.6191233218735879
280 104.59513806871843 0.3298260768640974
280 104.19841697467639 1.5318544764463409
280 104.86587333551726 0.7398490097577312
280 104.37797162482312 0.32260142799420544
280 103.67870385206352 0.269884361964189
280 103.47344924219306 0.24958773966386621
280 103.3675576326627 0.2517659446362455
280 103.32129262511003 0.24756627193662928
280 103.2994143206624 0.2459738912276136
280 103.28880991845446 0.24581472412750388
280 103.28299612744138 0.24613659412056252
280 103.28006287461817 0.24625533611141256
282 710.7939996912469 581.7709286733841
282 685.1611558478535 553.2651197329196
282 656.8155540231885 528.1472782137175
282 632.4022507006965 499.0830892791198
282 603.9571140673793 468.863450745347
282 574.2922332143395 447.9663775520537
282 554.063963545018 420.68457397800523
282 527.4286870370097 392.9243805035609
282 500.1491984611013 360.6878081360176
282 468.68905112354116 335.6284306610236
282 444.3782715554519 305.32955450276677
282 414.69584126074244 279.2276654478809
282 389.30229863969817 255.91817166857433
282 366.78277537646466 230.12443910066295
282 341.7298727421031 201.78598008306903
282 314.4735971036878 172.49039814433155
282 285.8611334567444 95.85925057999592
282 209.91923105038907 41.9904305890815
282 157.26374621732066 21.41277987692851
282 137.38888874794213 9.086334580387565
282 125.87274468795317 2.598764202722856
282 119.9834162504275 0.5377422574757806
282 118.10143343137523 1.5942096608119745
282 117.01285076412599 0.29280145182673517
282 115.2324846890704 1.2742594051409644
282 114.41802024131809 0.16164515648972969
282 113.6382604567824 0.6690720245082602
282 112.46916744570905 1.063444992602177
282 113.42972880316654 0.743239603701464
282 112.09858579533874 0.6075411582085077
282 112.0215379256682 0.8462436471819081
282 111.23617486156171 0.736107532057187
282 111.01321968269136 1.3002220714134038
282 110.71637460739967 0.6278439310708638
282 110.33348757421261 1.7481137243954272
282 110.56256960156725 0.34389359571883543
282 109.35110022615633 1.0493471303082433
282 109.42779640427527 0.7909384749330686
282 109.53347717076247 0.5074870173927418
282 108.53370666904253 1.7073924643464382
282 109.8532615596563 0.3709035049740613
282 108.18014759336852 0.42461896376966307
282 107.47918358375036 0.9023929264221846
282 107.2945870576818 1.2476832733560044
282 107.95088942369668 1.2703124963776087
282 107.22061846655753 0.9707967408933075
282 107.32166667429085 0.889464523379724
282 106.58582049815921 1.1137473857415081
282 106.89087108522152 1.3276853752923568
282 106.55541202035064 0.31312390609163265
282 105.83813306672602 1.1294259367067048
282 105.86535896347768 0.8422232852410597
282 105.41885117899506 0.8986202204162483
282 104.85428810059423 0.9401695985505135
282 104.98149449721963 0.9630045752856644
282 104.51907479810515 0.35974348163523245
282 103.94425142201419 0.36578529081117866
282 103.79703651440875 0.3756972222645086
282 103.72006627776977 0.3709751653549667
282 103.67967177934709 0.35956095056891846
282 103.65630019890025 0.3609080841665147
282 103.64540129328725 0.3600068265046883
282 103.64055414136133 0.358962863577557
282 103.63819667926755 0.35933756166161923
284 711.6662677236949 581.96531225851
284 685.8935565122505 555.9727567616268
284 660.490013548228 526.4520463190613
284 631.6162269811202 495.31729526699485
284 590.10049217176 467.7023656159829
284 563.151819097005 438.1688794164585
284 534.3221768464821 411.3875049791771
284 508.6172101435766 380.34254287162116
284 463.684462785763 352.9464854701714
284 436.9323823517256 325.4135581231665
284 410.6211564507312 292.3471381826537
284 365.49220465680514 266.6282019600241
284 340.6391096436822 240.17105174735985
284 315.39042334962267 212.60594250470444
284 288.3924103943452 185.97057272591312
284 262.19704379058135 159.94681932825827
284 237.79358697490244 54.836211238311606
284 133.9084787839236 34.647650755788355
284 114.53025203770997 20.48642630570847
284 101.26566412095656 8.421277766913976
284 89.72424242406831 1.3847308309011792
284 83.06244250558596 0.14649097325599314
284 81.40326187993698 1.51843550702789
284 80.04805866030281 0.3188879464708067
284 78.8695133817997 0.524440675920215
284 77.02169350314134 0.17998566810456046
284 75.68300964177365 0.6327656564084564
284 74.93029375213237 0.8863048287175098
284 75.38088245611365 0.557123778166593
284 74.02526981418369 0.7859251448251747
284 74.58954025454442 0.8279772769707926
284 73.80149447527883 0.790673440787215
284 74.06632508690298 1.1925135416085668
284 73.62486371425521 0.2191062122495509
284 73.07025365261107 2.1130023599822203
284 73.92497559790243 0.34638251497494815
284 72.94920312526958 1.977247366128859
284 73.62704925224301 0.35986126453460543
284 72.50302281810727 0.8950350372722065
284 72.30309347858267 0.5840674101696883
284 72.11813843804589 0.9134533962190337
284 71.71819086369918 0.5942209373288176
284 71.70364834354851 1.0828203614866379
284 71.51412064333326 0.4709443665811674
284 71.14517288126953 1.609687454788566
284 71.45981377390872 0.4456516535857439
284 70.70286705953356 1.2737254906436455
284 70.95831214487457 0.7117539395990542
284 70.67768937876154 1.525856813535897
284 70.67492343449008 0.4293969731620567
284 70.07258350406084 1.862937397552393
284 70.65383877249862 0.5118478723706751
284 69.94433908344344 1.852362090394296
284 70.50705527914907 0.6769251267990869
284 69.78263333217079 1.5847612089648648
284 70.26280767510063 0.6962699867659206
284 70.01243012941865 0.3749339130176475
284 69.2306896151476 0.24402240181636886
284 69.01585174404705 0.24836885468521586
284 68.93959639384063 0.2431305778025214
284 68.89093437704778 0.239609269961434
284 68.86624531935729 0.24202927993964532
284 68.85308527301966 0.24109501958227994
284 68.84598437985088 0.24064957274722082
284 68.84274773205834 0.24064220136206738
286 677.0005086829126 582.5604995483325
286 651.6646495694362 556.3236971581631
286 626.1002373660581 522.9779138494828
286 593.6295469865144 488.2063371433287
286 560.0480164445041 458.96011101237644
286 531.8644621502934 429.28419129563576
286 502.5408577458921 399.809418121464
286 473.9131566345824 372.4121652902635
286 447.43774043680673 345.8775731879715
286 421.7100521112693 311.99864731897173
286 388.7679754598073 283.8126682907549
286 361.1686094590696 256.5422700998265
286 334.8670039536556 233.45892229954535
286 312.5218484055779 207.47760862733114
286 287.3916601886722 178.89631716805798
286 260.25991510723463 154.46012547416288
286 236.70101730082763 49.49853375680451
286 133.4773423856444 30.07802334833045
286 115.06679317767257 14.697898222179234
286 100.405593564884 4.406489144215057
286 91.26623484215749 0.1602337605391509
286 88.0552819653479 0.049207157769965974
286 86.2279086493888 0.2377830936012144
286 84.31477957690751 0.21437501612018978
286 83.22275594559584 0.7045780580033582
286 81.96330256690301 0.4475963762041623
286 81.96136261665757 1.1802694864002112
286 81.2266257338107 0.16152695961732166
286 80.60165446868186 1.4780207417755369
286 80.71526858055924 0.6469930394982278
286 80.4966802686501 0.6081269832487929
286 79.57484264491455 0.5927572669100638
286 79.71594562011626 1.242510368586932
286 79.42014601386656 0.2924465790308549
286 79.04304004764954 2.233620645067567
286 79.88655346355748 0.4365068524628952
286 78.39870769429909 2.496745787589183
286 79.5252462617671 0.2890913640260018
286 77.74690984589341 1.1713077039039232
286 77.61814169905344 1.1178426333374993
286 78.18549449730223 1.315068531424719
286 77.44495819134958 0.7281441123194896
286 77.45560869994972 1.5711548384454441
286 77.28606263632462 1.3060106636922266
286 77.70748088679714 1.2078483227798702
286 76.95626533666498 0.8500065212703648
286 77.33231230118678 1.785667380391256
286 77.34773397262613 0.8721915246151414
286 77.21628435511593 1.1339750242991942
286 76.80952661610178 0.5593434750687573
286 76.898641441277 1.5316283839293203
286 77.12607875108009 0.58285363474374
286 76.2201254703655 0.42773819025011195
286 75.99214071708381 0.42637685517590157
286 75.89030326804766 0.4236270693344235
286 75.84292853653362 0.42473448453270146
286 75.81712273415123 0.42243112461895593
286 75.80735017577634 0.42274116550895124
286 75.8020299518919 0.4224112926978491
286 75.79921991963899 0.4227890807827019
288 684.8821335356988 577.9518713350029
288 653.9345135722742 553.4521249148239
288 629.7574464350599 521.3628251908897
288 598.7172743444 490.34292614385413
288 568.2942177653015 460.2242669783907
288 539.3559916733518 438.7306356766496
288 518.7825650218555 405.5334052602566
288 486.70398288835736 369.62373721495464
288 451.8178200179189 340.1353866381851
288 423.4499402317818 312.05854878602054
288 396.6440679095428 283.57772783428106
288 368.9163267515183 255.53882592165067
288 341.779291782938 221.41489731235976
288 309.194379470327 191.1101292549655
288 279.9071743293935 164.2982474327659
288 253.9645138807632 60.133650728637214
288 150.79361267321664 36.64996162180925
288 127.8027993417711 19.156492682745125
288 111.889439469151 6.052055523705613
288 100.22779183504194 0.913301670656781
288 96.16765869408455 0.18829773964849889
288 94.10157397427203 0.5843593012854544
288 92.5181677199635 0.1813422821090511
288 90.92574489676568 0.8229804359197377
288 89.77480977015546 0.3905941686483633
288 88.79766037452488 1.295782948854095
288 88.48979200888023 0.5182242602167072
288 88.13242606875745 1.4449012731684643
288 87.76993194427922 0.38995714305828666
288 86.7438342840608 1.9940751075365009
288 87.00815483489299 0.4965302307173872
288 86.38428280891667 1.319508875736291
288 85.97701833504058 1.3007064186886819
288 86.8070672248743 1.2764275734970365
288 85.45648684345336 0.8049281711086368
288 85.61360124614511 0.8355997879746495
288 84.83607274195666 0.8875591476428867
288 85.23061253016431 1.663705272847645
288 85.07775488978012 0.5059705080736002
288 84.66207890241498 1.6507637490833282
288 85.03424880899067 0.5566697576301092
288 84.47479026621677 0.9447362574925677
288 84.05007959574097 0.6151413608964251
288 84.0551082932739 2.0452397036948415
288 84.61048554797847 0.8046495848590393
288 84.0978740732969 0.9836739136015815
288 83.51392381507338 0.7551528926075085
288 83.7515907666418 1.5516805055557223
288 83.72473899756461 0.7186916897139541
288 83.4103308086268 1.478287791398935
288 83.49055870864366 0.5977385609985377
288 83.12910335387569 1.2442219755993522
288 83.02260674915179 0.8160765360873872
288 82.89005435380923 1.8057300147959374
288 83.09872285008656 0.5166245025078552
288 82.21462110528073 0.42788884240215197
288 81.89250761687427 0.3126515325900653
288 81.73436811686373 0.3628535456931402
288 81.63622185389589 0.37896032026228765
288 81.5906034111875 0.3734681067948164
288 81.56506260349411 0.37472996698070116
288 81.55536134353292 0.37656091843654005
288 81.5505761910163 0.3765890250213907
288 81.54791369178125 0.3771419034262232
290 690.5969675655529 580.1419666521058
290 661.8027971362319 552.7867510180685
290 635.3052041225044 521.5017967838986
290 604.9561805583287 490.0302036014747
290 574.268017637255 458.7060552415445
290 543.8305502459389 431.8458175622575
290 517.657313667067 403.06121669724917
290 490.12591268866555 371.46935981492436
290 459.64732301381423 342.7112896538964
290 431.7127887601724 307.7220509994971
290 398.17643449821423 277.6626657311643
290 369.18803284204535 248.2345078807602
290 341.40467456574913 221.5555479176823
290 316.0207268512626 193.6380426898632
290 289.1436444028665 140.8255301911047
290 237.79579547201308 85.58533821576151
290 183.98880164203243 36.426413906783125
290 136.60192029642877 18.4529415551712
290 120.36761696806568 6.8532929341948865
290 109.60989973278124 1.3236960637153807
290 104.85551077784464 0.8180251533929194
290 102.813078493715 0.35908339402082123
290 100.62330885089283 0.8447338751663183
290 98.86533387105668 0.8072247877316983
290 98.75489311692941 1.817050146313483
290 97.94086951690926 0.8410371423674187
290 97.2193831583786 1.0342568415118336
290 96.29155911495185 0.4833962695608488
290 95.27036170228875 2.4607451945711047
290 95.8655089567365 0.42604133879721817
290 94.79078397471831 1.1179509574531534
290 94.25113754815379 0.6100358468321139
290 93.6985692385677 1.5007862312860172
290 93.19479516085575 1.356422332532055
290 93.44449263319308 1.7054127217316126
290 92.64546547346087 0.8841064154239874
290 92.43209882228155 1.5505792088256074
290 92.23914372084056 0.941605290621614
290 92.049335312892 1.7714827141407632
290 91.85327330911785 0.5498103912537465
290 90.84428670851774 2.618994683951849
290 91.83680924593376 0.37524276303893467
290 90.36317366583928 2.1303038086593946
290 91.1362990945558 0.6424373493639758
290 90.11844448431548 1.910952939115188
290 90.49609158164125 0.7152741602174455
290 89.55718003316365 2.772755778109474
290 90.76342354947829 0.3967849117134345
290 88.97887747577465 2.1365100783350113
290 90.01123235090377 0.24792184997363415
290 88.52496591735321 1.4224438923080658
290 88.9138125291959 1.2109881163687715
290 89.11270376514675 0.7490669423411884
290 88.09421308128987 1.261974475782778
290 89.27028349386003 0.44097648373070025
290 87.45656600512685 0.4094646183969944
290 87.27178662514783 0.41214381443906417
290 87.05161823274453 0.4510220894991589
290 86.96669833908948 0.43777371608037263
290 86.92517455694276 0.4400824901372329
290 86.90563986933623 0.43855178636107905
290 86.89485229439728 0.4397616152555953
290 86.88876240378804 0.4401796857767176
290 86.88574765658186 0.43962827306010244
292 696.1276708802965 576.0915723599247
292 663.4699745891492 548.1005949296458
292 636.2055147152444 508.53585725767266
292 597.7580194353176 469.05591433809013
292 559.4579294992991 435.7495113076393
292 527.4016046859513 406.5691386741488
292 499.1972387974485 373.7850176513091
292 467.75197773207384 341.48695406350794
292 436.7517517817287 311.5396735895115
292 407.5197693906688 283.00163924684705
292 380.0612488963158 251.15560777840386
292 349.59989222439776 216.66197147287792
292 316.37925459317285 190.40855256129862
292 291.8241659234513 134.71629030348683
292 237.697678091689 57.41444225282812
292 162.22024090029154 31.951913182216373
292 138.48553842508434 18.053772432985994
292 125.17617506192067 9.07515551317291
292 116.72360537530531 1.2581672870649827
292 110.12475402220923 0.3002427713029527
292 107.59416053841412 1.9052629002647934
292 106.7100621037305 0.4746810183775467
292 105.66816869245102 0.9109739273233379
292 104.1326995383722 0.3707245853129976
292 102.77421512296351 1.567959620579061
292 102.20827918076306 0.5559060715436903
292 101.54534005175478 1.1737775488849167
292 100.88914903564222 0.3741819204867105
292 100.06272761408518 1.0729559512006588
292 99.55283906791979 0.4347576235030459
292 99.18080438806743 1.5745527814730695
292 99.09588285287921 0.8355619521794627
292 99.29075209941547 1.5440901164640284
292 98.76354478929744 1.1862122747740225
292 99.15626529749372 1.126680918508017
292 98.09232605993743 0.3978627281864403
292 97.83943873935286 2.1273659827704705
292 98.4003063960247 0.3862791075592811
292 97.17602081522185 0.956455342227655
292 96.76141122112547 1.132022932603464
292 97.66884683456792 0.5376161231782495
292 96.42275478723144 0.8306470648239638
292 96.70541405750718 1.117278484522243
292 95.90173571466354 1.755451585295742
292 96.90005964462453 1.3203642409444165
292 95.36260665756201 1.7040780147392232
292 96.30636909954731 1.7633648517201226
292 95.36740039623808 0.7042972397117672
292 95.02007780072537 1.8546843988031902
292 95.15560141132121 0.7902325211924798
292 94.72701134924756 2.094653180283001
292 94.92176219867333 0.9683074086408114
292 94.40407058341317 1.969100946738457
292 94.65423130513938 0.6700341250889137
292 93.98325379060726 0.5453542489294261
292 93.40354837636566 0.4376328685954357
292 93.23485773490508 0.45472175156210926
292 93.11680090244842 0.4438200981633362
292 93.07058715493487 0.4510295565189405
292 93.04495121344104 0.4529070243748431
292 93.03130982749559 0.45354477196967247
292 93.02562892140048 0.45385615861042883
292 93.0222541824079 0.45411674239885713
294 702.0238238930094 580.9025349219232
294 674.0461841996183 548.0539849654709
294 641.9752812228966 519.9333222510716
294 614.7889568618328 488.9757423923857
294 584.5530313121653 461.66590019079524
294 558.2543675308275 425.990091440176
294 523.6739192150811 399.26890613003474
294 497.8205794977118 369.6255631163758
294 468.7804523196638 340.0683954924877
294 440.61750560282854 315.6531786258343
294 416.8844968190843 284.9082230555799
294 387.3157116699506 254.91514463172882
294 358.12222095349387 223.2192292146795
294 327.38327692752966 192.24146289133603
294 297.15860073325354 136.96611368006074
294 243.0454383707936 62.478559428617785
294 169.74103678035186 36.04300639740885
294 144.809651584655 17.67581282585769
294 127.89280429908823 5.931032093823163
294 118.136393295476 0.6026015699819742
294 113.53713488264415 0.44710195902973904
294 111.61110037762728 1.3746062087767257
294 110.02271632805379 0.8514757615689219
294 109.83862977453619 1.1687328038535925
294 108.25425023589604 0.7279778544187626
294 107.44639455235544 1.6593888833533414
294 107.05591575224375 0.298639121390625
294 106.24791679710184 1.6240449864729025
294 106.09562039213567 0.3507809523179388
294 105.29390596443368 2.8026179730440157
294 106.27015962575278 0.6096598227342893
294 104.90919533229965 1.143877582641149
294 104.10145236175669 1.8787137567133871
294 105.0652286138716 1.0217633952866363
294 103.1993334958372 1.514021849885335
294 103.66541217545434 1.0891293669329114
294 102.63018723542253 1.4869472426131645
294 103.55981452775214 0.8535112818530972
294 102.1044227796939 1.9940602491879074
294 103.4429255858839 1.368619419132136
294 101.86906497602493 0.8049036361551457
294 101.61353549874612 1.8904442169198823
294 101.68579060816667 1.4340008028086115
294 102.01633352462011 1.2970739242876406
294 100.8702325107194 1.0899962819880717
294 101.40290199536504 1.711365132435513
294 101.08428139721237 0.8476320016481639
294 100.78926094457366 2.2261551147396172
294 101.27219964083477 0.985432644777003
294 100.70259435239856 1.8542027835717048
294 100.59861677880693 0.7527361617457157
294 99.9592154331884 2.3960673774772614
294 100.85807502103623 0.6356809174017528
294 99.71470882223774 0.5294313296254244
294 99.13409880884046 0.5231679562261842
294 98.90938661525968 0.5110665260130882
294 98.78589919599233 0.5121730922074791
294 98.72136477185309 0.5114390471744634
294 98.69205145789257 0.512749379123462
294 98.67758842377222 0.5133985120095512
294 98.67139361869776 0.5139723426612613
294 98.66780191834773 0.5144798846448634
296 708.1133922071335 579.7490182937959
296 678.93401213343 548.2654645714002
296 648.1598376191611 514.9170097300448
296 615.6794841359952 481.8969137363061
296 583.8745977150184 451.0974072643648
296 554.1283872694758 420.0885038773339
296 524.4506716093684 392.5093156810799
296 498.463420543948 359.93687297042555
296 467.1252911442482 330.3284098962522
296 438.8105925856346 302.80356755034484
296 411.86831374297446 273.99198316870655
296 384.4828739531286 248.51910041593595
296 360.6669604984215 218.02024001406517
296 331.60016724797885 187.29009843730495
296 302.32422114337623 166.11583423804976
296 282.5944522016537 64.66753027032973
296 181.87575185257054 39.13153361308895
296 157.7391500613919 20.35970001168834
296 140.26016918514696 7.605424783532138
296 128.49277173461616 1.4171161661293854
296 122.30538689064551 0.1502592601110181
296 119.65673963931087 0.8769270390903526
296 117.64525269354938 0.26384293358981187
296 116.46003080717858 1.332142854835082
296 115.63997835098965 0.22469497365351898
296 114.74409887807272 0.8443983233707514
296 113.27040825455315 0.4660238743127217
296 112.59624602612777 0.7305502683640757
296 111.8162614347002 0.41789565649565064
296 111.710233284744 0.5656339448045344
296 110.78782519943108 0.8597970761089333
296 110.74747660662162 1.112303413751916
296 109.75539049284748 0.8711036324247152
296 109.51244593857875 0.678504569331973
296 108.39908720915231 0.7914756207676269
296 108.58151993473074 1.3839044220023062
296 107.85217961983106 0.8551056406123649
296 107.65040731379518 1.3273255073552024
296 107.34155307200508 0.6920621040413257
296 106.87436928017567 1.0785296357280438
296 106.37252173382632 0.6879866323236172
296 106.5635795937702 1.2505894326168958
296 106.45329085974886 0.2677472132380091
296 105.90723649591233 1.257506495389264
296 105.8361223641344 0.38424082085913625
296 105.05826549965903 1.78926268028689
296 105.61726973999563 0.47414803647104176
296 104.45780541612595 1.117626575755446
296 104.24523995933265 0.8452458446401386
296 104.36778186534943 0.9939991182513827
296 103.98087251897181 0.5859740085564373
296 103.49081641254449 1.3819846563914884
296 103.38776421008231 0.2673987672698317
296 102.52515196082251 1.142615401567272
296 102.34555467176985 0.9149391401608181
296 102.27965151941173 0.8251973885076103
296 101.78893459085779 0.8454027054561698
296 101.81320990035272 0.6245753749271457
296 100.97203143600737 0.7323481112591401
296 101.04332286455696 1.031520467857474
296 100.66934710703863 0.5075562303180372
296 100.16565402275181 1.3845054565637334
296 100.56277663840179 0.8779602131425089
296 100.46958845267723 0.7379698383446418
296 99.5951563717987 0.9010184646121999
296 99.6759558892974 1.4541603646444203
296 99.37202186357314 0.999499076790555
296 99.23543915254035 1.1900874508025927
296 98.89733526695906 0.8504041055808016
296 99.03867995850214 1.2243171454981665
296 98.54807963954062 1.2864515759464226
296 98.90939400990408 1.3331889310451874
296 98.02358261586836 0.7625107326348797
296 97.61569439170039 0.779850041867026
296 97.38824961773334 0.7233191626252223
296 97.28191526532372 0.6987420021876183
296 97.23027298803734 0.6990003732729355
296 97.20383001808229 0.6954259261811242
296 97.19184354532995 0.6929493479568715
296 97.18527784444662 0.6921350583609658
296 97.18181513427949 0.6917751104731659
298 705.6042406732751 584.5793140972955
298 681.8992295163204 554.463981232558
298 652.3749098087703 521.9106411898089
298 620.5990328012265 494.4332115560513
298 594.0575297271824 463.0376934781721
298 563.187174778798 432.0643641951305
298 533.1271039615683 402.4502940536756
298 504.1333228887256 378.83699758352043
298 481.3124771865596 352.03644860951397
298 455.7412461826465 330.7710934083219
298 434.86018287277557 300.3733134305331
298 405.61986605745193 277.19598767310003
298 383.45274747820304 257.7514881088927
298 364.7328522196928 231.84586791293205
298 339.6547779584953 210.9714288757947
298 319.5566184120356 187.92886465292423
298 297.21784836272695 140.24127027459662
298 249.79791689382867 63.57582697048976
298 173.84809486675476 42.929534942950724
298 153.59020270273845 26.259010414954417
298 137.35627488321472 13.468477660438042
298 125.31622581414028 8.080645684189381
298 119.47886581305481 2.8056668482956484
298 114.20700307055778 1.1840069061268517
298 111.9803809913644 0.8379898222711295
298 110.26722662567902 1.0267556792431254
298 108.65707900840991 0.8104962494441903
298 107.28894916155753 0.9052086687682355
298 106.07578731919388 0.6244905971030209
298 104.9848808267134 0.7208659788524531
298 104.2635621169895 0.8528199846696989
298 103.37975287569927 0.58898121196333
298 102.59543974169884 0.5509233995471698
298 101.6350379679735 0.7965168897153514
298 101.22448634599867 0.7635229895227396
298 101.00208462825047 1.255559490770459
298 100.79915430742227 0.8052830816099086
298 100.56850171550423 1.1507972771057942
298 100.06379387245346 0.5064997601758785
298 99.63549882996547 0.6456756326710096
298 99.12178250274061 0.46522688122005496
298 98.57898750671856 1.094778013707806
298 98.64878243309394 0.29457680986456747
298 97.90611214992997 0.6200186358752371
298 97.49216008659782 0.8306244343674215
298 97.38681256576658 0.6399748262443318
298 96.81024924561869 1.0693698056076961
298 97.11627547681591 0.6369633824565881
298 96.1316060454161 0.6716617734952948
298 95.86767937147854 0.8786847957172412
298 95.57526897758825 0.8250082131980188
298 95.3233241286526 0.6592903936235956
298 94.9273433363793 0.8669760025900666
298 94.78662493944894 0.7962264457778578
298 94.3413574871502 0.46629846961303634
298 93.76896604177175 0.649334974224338
298 93.48597778432823 0.580290105944546
298 93.29010650085175 0.6703778765694896
298 93.0309527293375 0.272405183520951
298 92.43644996334285 0.9120418645657534
298 92.39171153393552 0.14152700033277263
298 91.80614060980874 0.8181059171281735
298 91.76155086379825 0.5785368989732457
298 91.19295635687689 0.663293492921929
298 90.90724729581567 0.602700578726246
298 90.546575639372 0.7043183028601585
298 89.97153486955652 0.552254084124142
298 89.67137200338561 0.7254301416488014
298 89.135325383859 0.6418265318451313
298 88.68367736509883 1.1932202483423022
298 88.51730450707144 0.6454100957942175
298 87.94506544814125 0.48309682738629534
298 87.31288339677151 0.33923337215692195
298 86.86861298260054 1.009647614991201
298 86.97804003612933 0.42670126334866704
298 86.36816115657595 0.7513411717415102
298 85.98967984331684 0.837741482893637
298 86.01087991572982 0.8657647742298358
298 85.5911290507326 0.5573474220938255
298 85.2266745910516 1.0103881861429815
298 84.94587861930417 0.9672663578090807
298 84.85251262054386 0.857155666396912
298 84.58522042644933 0.479135771664267
298 84.06911292681144 1.0525567535964122
298 84.02390701846728 0.6534227027232281
298 84.06816917881562 0.9459161089653089
298 83.79629109002248 0.8209760969923645
298 83.26000199073648 1.0873754450276545
298 83.17752495372527 0.7163431317887076
298 82.94536321171535 1.0595011206752825
298 82.66041481659515 1.056310448275642
298 82.9409914373937 1.0061586770554922
298 82.5432292969672 1.1272152809512253
298 82.42001957635473 0.7695311594264223
298 81.89220219678808 0.6369236476945624
298 81.54863473268563 0.8659507322292315
298 81.1345959152257 0.5901012632224957
298 80.74454348219733 1.2896255240586803
298 80.83208993738923 0.565514223489534
298 80.33653333445935 0.733897547809245
298 79.9853844778646 0.9601527854958976
298 79.7452249753566 0.5480989467568642
298 79.32748741978867 0.6869781215701474
298 79.0758394819146 1.3927343053310737
298 79.05047405943472 0.7613558733559391
298 78.30409202000753 1.041800352906091
298 78.21530676217895 0.645090271527303
298 77.85711361704489 0.9734308794369539
298 77.7153703944065 0.5031069558208994
298 77.20467926466269 0.7378265460181243
298 77.0646387219012 0.9879073442502861
298 77.21979580583479 0.8525826986359697
298 76.72751330864881 0.6832118761311372
298 76.3589814351405 1.1082071820157697
298 76.33133142460764 0.70626088003782
298 76.12675770406103 0.4969661180433164
298 75.6939474956158 0.5845319021181536
298 75.58579522132328 0.6988525831584884
298 75.22539086064042 0.4365405953135111
298 74.8993131772045 0.9740212920029532
298 74.80621054994717 0.6409286252206474
298 74.18359189427439 0.9148976897154664
298 74.080065506097 0.8455888759280056
298 74.26387196671513 0.8158351202936177
298 73.52075778940211 1.0099302240202284
298 73.87524072254732 0.7539744124301229
298 73.25919027450757 0.4514932036832254
298 72.93008511424479 0.39535652889513595
298 72.77316543896107 0.3996149010932632
298 72.68366336837263 0.3993631497930287
298 72.6456874439662 0.4015857006994439
298 72.6278810309724 0.4016636389345124
298 72.61710951422717 0.40226521829002493
298 72.6115652419821 0.40255304955979665
298 72.60899035213176 0.40253752227934725
300 679.2079737491079 586.3840160347045
300 658.6246508543616 563.0654362493104
300 635.378027836153 541.7639923177919
300 614.4143835445068 521.1588135529488
300 594.4123636877705 501.5941631516774
300 575.2855489787185 480.6288957170235
300 554.6343119593572 461.77047555440606
300 535.877091321859 441.45970569036797
300 515.9214338831297 417.95594090574536
300 492.9209553254585 399.6303656442835
300 474.7307302558973 381.0066972149384
300 456.60865284165243 361.8110733818991
300 437.4285827069773 342.23549641646537
300 418.2888878425475 324.3233858267058
300 401.18062333184986 304.28477652711285
300 381.80595819304403 286.9184808542102
300 364.9355575400622 268.09540747491087
300 346.4883166917169 251.06830791294055
300 330.22199334137133 232.3684568128548
300 311.9706151293337 215.06325987852517
300 294.8174713674927 195.93726264887755
300 276.0959903336982 184.0883993123943
300 264.1637318865158 140.85627753601
300 221.34486139003297 128.9872014815354
300 209.06636536800417 90.61671702581002
300 171.14299336909278 53.30015181959216
300 134.22845707034963 41.92592376314478
300 122.92539342009711 32.441313914959736
300 114.12861653312437 23.701272013614208
300 105.48651717914268 16.826169249073196
300 98.7789895403219 11.426326465729678
300 93.35924064871836 7.263132372986192
300 89.25310319851181 3.532588693434207
300 85.30724533398785 1.771794353405411
300 82.64245174143822 1.201054188440642
300 80.13024750131824 0.6489835100012209
300 78.67406159368613 0.5452033965890439
300 77.17276476239263 0.5120685796082876
300 75.98624067152352 0.5566073175369448
300 75.09867911017368 0.4632383772710342
300 74.47080166294032 0.3448659814872835
300 73.86260247696447 0.33079421375325224
300 73.28647506603092 0.34713017727194706
300 72.78743392454516 0.5881958079783499
300 72.28184040618063 0.40304488467584254
300 71.64703283408542 0.27718086231508426
300 71.05198533081149 0.44217459563753847
300 70.5290277662584 0.2890234672383919
300 70.09023087200902 0.39800329861285494
300 69.83412885927619 0.29655555723888555
300 69.37349761347544 0.5763567570058437
300 69.02762654757781 0.2341095221787948
300 68.50500157242487 0.3737729697989518
300 67.98621441926464 0.3954355070764055
300 67.44726903721019 0.40395729107740874
300 66.80899286969498 0.5052601315504984
300 66.33521729902242 0.31840392201504886
300 65.69511634531524 0.34806570654590313
300 65.31316140908875 0.3722334462724365
300 64.79853160693945 0.21886599655592223
300 64.24802464094294 0.20599284573030255
300 63.77361915110342 0.42653771106312016
300 63.220338015741 0.40814580618214896
300 62.70188559037719 0.30152007798856434
300 62.3549193386503 0.4867703824292318
300 61.840553449070704 0.3100756164678704
300 61.39627122052954 0.5939048816323516
300 61.056056634359805 0.425049236201714
300 60.7239777632807 0.43217476855738396
300 60.25439183255454 0.47112759021333983
300 59.81991831432441 0.1863287556339156
300 59.257152056968444 0.3086618708443072
300 58.719828494279454 0.4491686598788162
300 58.136556343798546 0.21267361188013745
300 57.86493404192346 0.32711670929085057
300 57.288642032990495 0.3029359929904244
300 56.78310054201333 0.3728969987716547
300 56.298548366487566 0.2112425929793589
300 56.12542565970187 0.21277680147671893
300 55.51914758958416 0.3716940788588964
300 55.06640232575887 0.40533410920286617
300 54.6871495375266 0.4595025537721007
300 54.45053540016838 0.36205063062144455
300 54.038242257663114 0.39684218627784823
300 53.56247300382584 0.3192760568177415
300 53.03900680773741 0.21408260918689465
300 52.66367350283946 0.24965648495257414
300 52.298143911844484 0.24465843684239985
300 51.76330098597775 0.34083656338794277
300 51.452230382715875 0.3550492911529046
300 50.99638874297067 0.23318970165199626
300 50.559273417337636 0.2587474003979192
300 50.111946367965906 0.22109642594999374
300 49.71533200380847 0.30800055915014174
300 49.3019512023685 0.27160501668574344
300 48.976004070259926 0.28830667284436345
300 48.595306459317314 0.2317955288154367
300 48.22884428837471 0.40248103777767646
300 47.80055975797255 0.45673833034485023
300 47.456059349586205 0.1872217154899588
300 47.10804539684221 0.19560818729687912
300 46.66130805191958 0.3574495565389908
300 46.40291162352106 0.2742609158280897
300 46.006231241599636 0.16891371122658735
300 45.662300127473294 0.4409612618951671
300 45.379333836032735 0.466694959011695
300 45.19763336132904 0.25737505867813465
300 44.85658146232907 0.3852826506624216
300 44.45707101468029 0.27598176122306733
300 44.106600363373325 0.16377077935740958
300 43.97803158652454 0.13480036226180572
300 43.714631695524055 0.24850106335193414
300 43.38181367912451 0.27193717369045084
300 43.18828585159029 0.34535501764259746
300 42.779844076874014 0.2561064537665704
300 42.38022554279251 0.2715915212544706
300 42.12983051855176 0.22689283556310175
300 41.880876396386725 0.22839624095181893
300 41.50334104042073 0.2198562870484691
300 41.27668006650356 0.2987144730649505
300 41.03915929707444 0.26094184147770666
300 40.73121769380383 0.34334872116484294
300 40.53304373383078 0.2739476876584311
300 40.16873441330477 0.25055285530019783
300 39.93092578148138 0.181790291750753
300 39.55528253705107 0.22588350587092923
300 39.1997525590099 0.26977660678428916
300 39.0306905916397 0.16394666627719356
300 38.780122096604984 0.29410151854411437
300 38.639041149878466 0.33437694734653434
300 38.37826154230534 0.27070805459449476
300 38.08651572785105 0.23328505704550492
300 37.88307647804074 0.23270315160038352
300 37.64908812006862 0.3109467993471232
300 37.40675007147644 0.18933182359448125
300 37.114451824010665 0.37410924813480584
300 36.951837815956736 0.22597486578782983
300 36.86189424612866 0.2582882189766974
300 36.54149899932347 0.25403960643992596
300 36.23039238375514 0.2732536464200177
300 36.0385389692906 0.31472557013440666
300 35.802974799607696 0.4074636073488952
300 35.66252915740303 0.31758015291285
300 35.467136025824 0.2216802217214661
300 35.12288778752076 0.2985041568115773
300 34.85360426618942 0.4511843530575059
300 34.83037577329539 0.2469619211735249
300 34.53539233059914 0.34060874820481857
300 34.26081536852024 0.2629642496547807
300 34.0222270088964 0.2676211485252625
300 33.773900011310424 0.2926224299101072
300 33.496991022599666 0.2619030408992073
300 33.24966813775411 0.23868627936214934
300 33.01130328917366 0.17680393421640286
300 32.7463150326265 0.2576161172783048
300 32.387175921757674 0.19029098149643653
300 32.07823559552464 0.2550524447406935
300 31.928666447783474 0.13459923886525094
300 31.609529097989405 0.3677477751679926
300 31.52955670320151 0.1779117846403104
300 31.326977207953757 0.220306578867144
300 31.067688617915564 0.1993154237731374
300 30.835483725517914 0.2011003316351757
300 30.710684495462907 0.23850930206013843
300 30.51022781532382 0.29099315294192346
300 30.383007322890528 0.19934585486769857
300 30.125241966479518 0.3570724972883519
300 29.96423864782677 0.10583482448830651
300 29.66512906444309 0.26365563338074827
300 29.64777728671265 0.3631286997214094
300 29.529992685887038 0.21327149182295202
300 29.3791562830666 0.352874503575626
300 29.28302134280783 0.19517024503938052
300 29.035590799644435 0.3549193184667828
300 28.818453017197992 0.056464865422637456
300 28.543790016878834 0.2896725209468506
300 28.283901995290915 0.2384794701759784
300 28.09148992405336 0.20497003389881813
300 27.792987871366968 0.14628611918799056
300 27.547797436779327 0.11905516022492989
300 27.216510307915573 0.12389628342477357
300 26.991697741145817 0.1426118757207519
300 26.787726271259295 0.16215743631429408
300 26.53342723556454 0.20309721553484641
300 26.39873499374145 0.09836030180651864
300 26.12766141274348 0.26765214955483524
300 26.082006890659095 0.20284914966335446
300 25.86058500541517 0.3193150946014888
300 25.859775623924573 0.038510629951580916
300 25.514199775192715 0.17290358156294947
300 25.280552444435376 0.09309092627611822
300 25.140579272778034 0.16215844932351015
300 24.996549125028384 0.28761413031469274
300 24.966539581963026 0.2023961753334055
300 24.659285980879595 0.24477024137208236
300 24.47144946280736 0.23206642868028204
300 24.34181452517832 0.35174825486095995
300 24.258848225498856 0.09475822949057167
300 24.034054976271317 0.2786281528009151
300 23.946903708849092 0.20123757694307687
300 23.726006456281123 0.31502962763049924
300 23.653598205298156 0.14441818325506006
300 23.481214781670538 0.21264575280092562
300 23.33338703000596 0.31358361791674105
300 23.295876814275132 0.09828795906626847
300 23.155603379725044 0.28052385450550976
300 23.054883829098518 0.23836113734941342
300 23.028116932160156 0.03211970255399263
300 22.75966150163381 0.23150764650546263
300 22.583669262361283 0.34321631721081675
300 22.49909543676618 0.22401247230088311
300 22.252539086611563 0.19122591643675296
300 22.106498538651127 0.19750387410860692
300 22.007563588281066 0.12459089767234734
300 21.92211786146653 0.24732892774027326
300 21.799129806575664 0.42654578995138254
300 21.832015559905017 0.21699336731149585
300 21.614407718321672 0.1011813967524768
300 21.4657062398346 0.11946640714216507
300 21.26307775099389 0.30667508585361647
300 21.23807413448309 0.10585962904620792
300 21.040330959522294 0.3280141978208003
300 21.037936939260284 0.1835970844788172
300 20.82088587215924 0.286193284595674
300 20.72844884795851 0.13904854616660708
300 20.620130446566076 0.2534208977345424
300 20.567154715035574 0.2512572214816397
300 20.522578220544574 0.2318288495743427
300 20.34169420761524 0.24701905681071315
300 20.32787701452443 0.18546171744827106
300 20.165590983950604 0.355401777282198
300 20.173932620764642 0.34023735691528934
300 20.03588675273703 0.11270545199903245
300 19.83820512270788 0.10647316546470587
300 19.673537361245625 0.25903307288984023
300 19.560380388619784 0.2919037894213676
300 19.487905690944785 0.31354196447704674
300 19.43171549785578 0.18602213964669986
300 19.314216209933875 0.3667651358089947
300 19.337804386843974 0.1938424944303352
300 19.111936948566076 0.17140174794855945
300 19.07048526615197 0.4404640232586663
300 19.204706959435423 0.05078084042127175
300 18.903910351164892 0.09937934374324095
300 18.68215273773489 0.20378591410066352
300 18.65373498079656 0.11903663985988495
300 18.539795623145743 0.27629098133723917
300 18.645540714059234 0.08850532687523362
300 18.501862376695282 0.1954152280937455
300 18.32165038760379 0.25706643084148906
300 18.288620273227384 0.24193089654156724
300 18.307222463785294 0.16902228746286127
300 18.179826177979432 0.2401252381632451
300 18.10131212634848 0.09344656343457042
300 17.94887267951941 0.1584773686011926
300 17.87128065412618 0.3116125073142444
300 17.91556207302452 0.22750060062228522
300 17.78103955686774 0.2272141911202933
300 17.727462934802507 0.19607007238355545
300 17.638359564902903 0.168161869491743
300 17.57035880012464 0.2191626541943405
300 17.489961250480725 0.13327938973780581
300 17.54836030079332 0.06551348106258903
300 17.33858618584636 0.1968171009558013
300 17.345959389778773 0.244140311202162
300 17.235841206951143 0.17303925349251148
300 17.15553802842055 0.20406042098335067
300 17.14308392819411 0.17230753319091952
300 17.145348526978967 0.04437211398105685
300 17.03157469513006 0.037642596103231334
300 16.866879947753734 0.06656912400402826
300 16.82477321111291 0.06574837065200624
300 16.798636223582943 0.06615470245924197
300 16.789318830560685 0.06686672996450628
300 16.7834914345348 0.06745793924872133
300 16.780379692935437 0.06764634875716478
300 16.778873812587236 0.06777229910068618
300 16.777957298496958 0.0677474024707289
302 622.9877007467439 593.1557349480387
302 609.9916686407878 579.5635096913676
302 596.590647351647 563.7621151421833
302 580.9169606429434 552.354937687356
302 569.7794793830756 540.1559927938692
302 557.8535505257323 529.6625926483478
302 547.8775499915797 516.3355196066389
302 534.6335126771455 507.24383561159493
302 525.3853001548099 493.7241954993787
302 512.2799356807556 483.15324410570514
302 501.7876595520401 472.3666317118646
302 491.2796129266807 461.1333336540535
302 480.5307268379821 451.02724821731283
302 470.8915840085367 439.8214046723448
302 460.0302037192664 428.4456968136574
302 449.095526402409 419.83684989599146
302 440.00763328373637 410.8235205929178
302 431.63503022070086 400.78950852583387
302 421.92446764350296 392.64630021285996
302 413.9609893483528 382.4288165959411
302 403.6031421860701 371.2223598588205
302 392.53097068314156 361.7966991361543
302 383.44584874661354 352.8736273765887
302 374.5712594019011 344.3072924884105
302 366.52254612642895 335.53608064247345
302 358.05448458560494 325.862565298547
302 348.1641119869871 317.06417647239914
302 339.64075921882096 307.4061887443746
302 330.2207328092923 299.5941604012975
302 321.6723607874879 290.23384702683063
302 312.4645570023044 282.11485060799066
302 304.4442701259763 275.42832141082
302 297.31550482863173 268.14081868555826
302 289.9204881104002 261.70242164825993
302 283.43149831776987 252.6000593444655
302 274.6937189738006 243.46517902475773
302 265.92082070678106 236.63950998275007
302 259.09057661062735 229.0036566362197
302 251.71342763190714 223.28513266876902
302 245.62149406333262 216.10779352874147
302 238.31996699054162 208.56413507297944
302 231.18379653024476 201.52652598593778
302 223.94310757718932 195.44396531601558
302 217.92969551748874 188.0499442821071
302 210.65689065040775 180.56221173551324
302 203.18128454098397 149.1009557273626
302 172.15306525177908 142.05704895557574
302 164.61323566702094 135.23483795664683
302 157.63501095603073 128.6037799763343
302 151.38205479774828 122.43154109796602
302 146.09194518844927 116.40790235969963
302 139.93158144802211 60.40911497737574
302 83.59864005040384 54.515558505555006
302 77.57254337182155 49.03726987473294
302 71.93858367568782 44.49033798986342
302 67.51525869015214 40.04711529736861
302 62.6510676150903 36.21367425975533
302 58.594185572233116 32.29841577240597
302 54.59477073123031 30.30183069149311
302 52.26164286324848 26.664554333260668
302 48.07864315959098 23.47212168636394
302 44.903104078188065 20.699547918750497
302 41.881718276059125 17.70844384651215
302 38.91267443765237 15.724773458326904
302 36.71401594827476 13.668401056370183
302 34.379061979934164 11.480650464717664
302 32.071088963170766 10.04586894437243
302 30.224429087467588 8.669043807177541
302 28.278349383728607 7.493733663290568
302 26.55181501087204 6.423891160562109
302 25.058927069829558 5.240413615462219
302 23.59050199390476 3.9177723774780726
302 22.269791314727858 3.2384398281782962
302 21.4399449879591 2.502149037065272
302 20.401695701505357 1.9803993079387787
302 19.80317873739592 1.565942109978712
302 19.162261890564544 1.0397187966319856
302 18.570190763150478 0.7595475562042037
302 18.075137402968746 0.40808035184511793
302 17.70958102770519 0.18928047245577995
302 17.36469723124263 0.16140988739979378
302 17.129217430660223 0.08129949482407317
302 16.921957544678957 0.20647695853640893
302 16.718209056097482 0.03470756445157826
302 16.53579824292353 0.16015263095052584
302 16.438586399157657 0.008743745574880437
302 16.347774515286897 0.0975036146226697
302 16.200896104300213 0.030777608765828593
302 15.980515033333578 0.09148756780202505
302 15.800712385774686 0.023027343705603144
302 15.624951294548175 0.2197895193070135
302 15.500660185019122 0.011385062406057703
302 15.336703451645594 0.1630875180724901
302 15.239523495047571 0.05156807339646642
302 15.168533004726156 0.07538030731908515
302 15.063410916252973 0.033907854770961525
302 15.084678770059098 0.04804047611958687
302 14.938614998065173 0.06284405285926735
302 14.800808159843651 0.12447415171526496
302 14.69612585969164 0.01710459497898535
302 14.668992445193165 0.0819905741758986
302 14.51910992564479 0.08452446190746567
302 14.465878001761407 0.12377648005396832
302 14.485336880233143 0.16939128309698168
302 14.40181219357575 0.015640481387478165
302 14.29926876265586 0.1449639292469274
302 14.248035646356822 0.01738926237745139
302 14.23121500132276 0.20049152058370856
302 14.214345525969515 0.02339832612016663
302 14.203092611351842 0.12272004118617544
302 14.144289123500165 0.04320270841881224
302 14.047816077723052 0.11387461107396757
302 14.052244235524938 0.007332865121396838
302 13.89315521040292 0.17597266804827144
302 13.94492757508734 0.023366664802832955
302 13.80974691631104 0.15525827024254343
302 13.741907292171723 0.002989283425984443
302 13.723451545747793 0.07480232564279642
302 13.683803027600197 0.008647302530532157
302 13.642152889592477 0.13344817204591752
302 13.578744228394456 0.004124135383416045
302 13.56639020289827 0.09655283771289272
302 13.478509047347831 0.009158363889494238
302 13.524069345302483 0.19191613707940985
302 13.498989042473927 0.012679384793419813
302 13.42368704066535 0.11722784204403625
302 13.402742458345946 0.013103407718530535
302 13.336458620510516 0.0711516372048297
302 13.296163510979659 0.014468639972099816
302 13.194720754045523 0.26734363905048003
302 13.265660127641167 0.01778916169751472
302 13.122450763778769 0.2163771927234626
302 13.188400565336828 0.03254205732989864
302 13.06904219853256 0.034189856004784726
302 13.11134861725252 0.04130131683640005
302 13.050171017467521 0.1477261657452003
302 13.036815578977329 0.07347183864926493
302 12.980665479849144 0.07712516266353957
302 12.978528343840901 0.06242348640192013
302 12.943911427010054 0.07986968237206457
302 12.89348064483522 0.059831382448075454
302 12.858855922231147 0.1040353555451489
302 12.88673444271154 0.028165447819527477
302 12.909791414313135 0.09509323672040597
302 12.805335080762758 0.034965587254141964
302 12.723995464638433 0.04955724931400759
302 12.697531345249162 0.04597062839920385
302 12.686874313010112 0.048701621102938436
302 12.681238035324387 0.050032007468294726
302 12.678891064240752 0.050277937571800976
302 12.677732137515154 0.05042078765351725
302 12.677127167537675 0.050341169410776626
302 12.676743588482278 0.050190407671420786
304 619.2296176129859 600.614054376396
304 613.2272823548417 595.985910975434
304 608.690845744076 591.2318441187515
304 603.9750668548304 586.7567587484434
304 599.772271237613 582.6982766094325
304 595.7811675836199 577.3743260831976
304 590.6861523650015 573.2428596935191
304 586.4755843485163 569.7699009161838
304 583.2279664970085 565.1861240346157
304 578.7687360339412 560.6557841023752
304 574.1735427161218 556.4497448268523
304 569.9660831885584 552.4195014608058
304 566.0894333312148 548.9331837579603
304 562.7885143003872 544.8513804788925
304 558.6176332685135 540.50919805269
304 554.3131445456945 535.6347504721803
304 549.603299173941 532.4211334259799
304 546.4373282965649 528.2916032573626
304 542.5365900114131 524.3935922595688
304 538.7758598839109 520.3015378916742
304 534.9520782405957 517.6520367644466
304 532.1470265630924 514.4102629464276
304 528.9711885583461 511.85705741045194
304 526.0256123122714 508.60694156950717
304 522.6038732116159 505.275096047666
304 519.4595135574867 502.782596085971
304 516.8952680397603 499.53383241914344
304 513.7526536743908 496.0575290611313
304 510.31969488850166 492.40293093677724
304 506.6473582790904 489.5882774468263
304 503.9821352558924 486.30523186545594
304 500.9065745054617 482.58232520445483
304 497.2654776854739 479.68589693388355
304 494.3992305912014 476.9695307989874
304 491.5773865176983 473.3333503310821
304 488.0979321305678 470.28516539778354
304 485.19028965351504 467.4276963781754
304 482.58329270112864 464.80575563232486
304 479.8531001967226 461.9536140323044
304 477.04008654573386 460.3240763170802
304 475.1092913224691 457.72999096992396
304 472.91376597458094 454.7510028094703
304 470.2492137104071 452.47476520703157
304 467.9212803143669 450.2382211766576
304 465.459513863571 448.03767378378325
304 463.1939997378314 445.41805504699107
304 460.61413974156665 443.38053590253776
304 458.6183061359292 440.6695318519938
304 455.9406317510722 437.9185657518092
304 453.3607770165777 435.8380967921205
304 451.368970348696 433.00871911139404
304 448.7502029013735 430.52721159083205
304 446.07646204224756 428.94490404861597
304 444.47623391879347 426.83124928005077
304 442.4256970554254 424.99703844757653
304 440.5536822453156 423.0294566843007
304 438.29937909070964 420.47358486652087
304 436.0450653597775 418.8092155226242
304 434.16082072581634 417.22946286478765
304 432.3813636883958 415.1123992961647
304 430.3387397663199 413.6483563947468
304 428.566408646964 411.5368299233002
304 426.46401054471835 409.5242437394653
304 424.54901061626845 407.4345395089418
304 422.6813049530229 405.88586701906013
304 421.20383831553545 404.0670254363654
304 419.2265242770729 402.73224158311916
304 417.69960082788583 400.67002241993333
304 415.6414335598843 398.9096354257704
304 413.84922674110715 396.9039704731836
304 411.85483875476467 395.0935759599239
304 410.4126307033989 393.5892376565775
304 408.9754629000251 391.68052026071985
304 407.17927527687806 390.1233259497272
304 405.3672692061695 388.7159606304747
304 403.8551215708281 386.85613321488347
304 402.1043245420029 384.9484881763399
304 400.29096307807794 383.2716985396423
304 398.5705665451551 381.5490531003918
304 396.81109990441917 380.123112728048
304 395.6259027799285 378.5733059477092
304 393.91953086593406 376.9358114200627
304 392.2665742056487 375.16693151088634
304 390.6066128319581 373.8332610169426
304 389.3548940691588 372.0048586503588
304 387.6732425358193 370.7579656216642
304 386.3028593762754 369.53704794269186
304 385.2699251565763 368.0767759638348
304 383.7862838581765 366.61190806554833
304 382.34560436525607 365.3496585692273
304 381.32801713166 364.1699326807402
304 380.15550234481316 363.1317490102881
304 379.03124977451705 336.73463539816566
304 352.5168031869144 335.5253990287357
304 351.2421038538058 334.15683533311704
304 349.8072415002957 333.1280091276403
304 348.81662902523493 332.0323543004557
304 347.73633688884775 330.8474103867667
304 346.6010391405729 329.77219336749937
304 345.64249735428723 328.78611085459414
304 344.6550051056745 328.6864840811179
304 344.5539759732249 328.5825608542315
304 344.43895881148717 328.49106967583117
304 344.35174941499656 328.36974823455444
304 344.2306733235366 328.25794439884913
304 344.11785580580977 328.1819628636831
304 344.03683716062756 328.08849365597536
304 343.9413035925676 327.9630821610666
304 343.8228299875469 327.84197616146594
304 343.6972330460085 327.75382777840673
304 343.60353108707795 327.6588417228779
304 343.53891864779314 327.56030516991945
304 343.43564187421657 327.4617186194984
304 343.33718417873774 327.3661218280887
304 343.22973264099784 327.2638032696061
304 343.12815682441936 327.1497425623178
304 343.0250905427777 327.04934176765545
304 342.91216403180334 326.97767069287335
304 342.8457535070757 326.8724349976262
304 342.7474447836558 326.74587527286013
304 342.6339159447183 326.652573536276
304 342.5446962487093 326.5603448348617
304 342.44819376466995 326.46009757274646
304 342.35254179759045 326.3565567144669
304 342.2433631139326 326.265547262184
304 342.1600842388543 326.17369778315094
304 342.06264318019043 326.06947335631924
304 341.94654491955566 325.96400237754585
304 341.849607479695 325.8680045121308
304 341.7486243731909 325.7582669218302
304 341.6350065054301 325.6409756856212
304 341.5347307423716 325.5425065246652
304 341.4304775285724 325.4402731331811
304 341.33227131413383 325.31811704879925
304 341.21299938752827 325.22003356412404
304 341.113201012585 325.1371847734166
304 341.0374955621077 325.02638004949836
304 340.9396423121307 324.91063253864723
304 340.8386521529334 324.7972380360579
304 340.7230130984381 324.7032640736578
304 340.6334577490041 324.59429804043225
304 340.53692211405667 324.49868835415214
304 340.4478659697711 324.40256335412965
304 340.3589071313623 324.30643175053444
304 340.2622429202972 324.2054919228987
304 340.1645059151148 324.1185289877802
304 340.07550575277486 324.0109142287158
304 339.9728531203003 323.9077283390752
304 339.8786924867149 323.8000764621462
304 339.7741346928651 323.6881657764253
304 339.673804280768 323.60027993942253
304 339.5940325632995 323.5182251915371
304 339.50691474973365 323.44514378449094
304 339.4296244617258 323.3675549419851
304 339.3475799473974 323.2717002270652
304 339.25444185311636 323.170693369271
304 339.1477985097096 323.08912619123794
304 339.06500963175296 323.0135221429962
304 338.982433471489 322.96646075435615
304 338.9262942136476 322.86362294430546
304 338.82484272199457 322.7689639658945
304 338.7299234637085 322.66365918919735
304 338.6435837682087 322.6049305184479
304 338.57709299600504 322.4987474715525
304 338.47160201452823 322.41061505256596
304 338.39235385147964 322.30344047259115
304 338.29661956991396 322.2157985655852
304 338.20669087568024 322.1166362149921
304 338.119528052704 322.0182319264312
304 338.02456606503216 321.9372880251284
304 337.939146230976 321.8578708166915
304 337.86167300137834 321.7683864397734
304 337.7724290465028 321.6551330813053
304 337.67283850814033 321.5723940208833
304 337.5863350159381 321.4845204842334
304 337.4952816260816 321.3746530974807
304 337.39185765200426 321.2772138578987
304 337.3083374746363 321.17016750178817
304 337.21839828031597 321.077167590252
304 337.1299808561127 320.9786861576276
304 337.03184027131863 320.8971203441528
304 336.94412382779046 320.79759337599444
304 336.8512234451346 320.70824545964734
304 336.7673433901765 320.625266434791
304 336.68261468114565 320.53283008123014
304 336.5974688311661 320.4452529854352
304 336.5135056788366 320.3475312190409
304 336.42264364222166 320.2601540477067
304 336.335447480234 320.19312354379485
304 336.254665237863 320.1183433198619
304 336.17423638508643 320.03471997139405
304 336.0923563371391 319.9428501826759
304 336.00804174849196 319.84533413754514
304 335.9210057006626 319.73882545848556
304 335.8182257579474 319.63446050806124
304 335.7190568780436 319.56434746010495
304 335.6373333087145 319.4564990398196
304 335.55553286604095 319.36997002939523
304 335.4745887515385 319.27456399547805
304 335.38684976674375 319.2108646082367
304 335.3089320716435 319.2019925618612
304 335.299197568291 319.19247411286574
304 335.2904887868551 319.1834936928439
304 335.28095126913496 319.17408979527397
304 335.27135492197107 319.1661928412456
304 335.2634226219541 319.15710315023114
304 335.25484007500756 319.14997774286707
304 335.24806167271134 319.13931435380704
304 335.2376666840232 319.13143463444334
304 335.23016238104935 319.1245279239273
304 335.2229335276824 319.1144873385925
304 335.212767132335 319.10508101769756
304 335.20359669278525 319.09634195126773
304 335.19533129846013 319.08655985045795
304 335.1867299323023 319.07812374213165
304 335.17723020231324 319.0692604477279
304 335.1681852623108 319.06154286712274
304 335.1595956871947 319.0520508426184
304 335.15010466962354 319.0427682633211
304 335.142310504494 319.03587180914343
304 335.1343525381044 319.02794065027405
304 335.1265675307547 319.0188625031087
304 335.1177450946542 319.0104258355594
304 335.10894903095794 319.0032916060184
304 335.1016727135566 318.9945842571574
304 335.09294141691345 318.98655535531145
304 335.0844740410826 318.97673280770897
304 335.0747400881541 318.96687890994497
304 335.0653180087063 318.95843871590785
304 335.05660721865587 318.94816219308683
304 335.04758703881924 318.9387053650046
304 335.0379510223815 318.93172622698376
304 335.0302410436466 318.92272519406185
304 335.0216943661922 318.9148022179389
304 335.0130019366961 318.90614780826866
304 335.00416861544875 318.8974117227913
304 334.9949030155545 318.8899068656453
304 334.9874003329554 318.8809570906411
304 334.9788312762881 318.87422543038065
304 334.9708022108906 318.86538263430566
304 334.9618606218736 318.85769508046036
304 334.9536801921215 318.8481098725119
304 334.9453142612201 318.83985807691266
304 334.93603300883524 318.8309997745616
304 334.9271131607901 318.8230383749359
304 334.92078931420434 318.8135834530014
304 334.911890876038 318.80565626658955
304 334.90419622878295 318.79653157052303
304 334.89445407221774 318.7881295146883
304 334.88631191432313 318.7794595529094
304 334.87715026900304 318.76849417924575
304 334.8670284469991 318.76068860651196
304 334.85802716503065 318.7544608899398
304 334.8509877277574 318.7464745829422
304 334.8424209631531 318.7374186039002
304 334.8338238211 318.7313532723348
304 334.82621735319503 318.7245082516398
304 334.8184198102582 318.71735913993865
304 334.8100670504735 318.7117165333516
304 334.8027127414791 318.7043397451207
304 334.79460219709574 318.69853317216285
304 334.78861424249516 318.6899304054008
304 334.7794300041287 318.6826802159021
304 334.77153998607463 318.6733912752869
304 334.7624737325627 318.66598926475325
304 334.75412088670913 318.65838538382377
304 334.74625616456115 318.6495148298984
304 334.73729709065265 318.6402306895501
304 334.7281894092788 318.6306966309098
304 334.7192920452479 318.6214753085559
304 334.71215028965366 318.6133967593553
304 334.70368934595547 318.6053395369605
304 334.694809920782 318.59606212728806
304 334.68553286016953 318.58701817512326
304 334.67716202405325 318.5774509589224
304 334.66813110618955 318.5682568466859
304 334.65841715326115 318.5601739712864
304 334.6499602837149 318.5515778532007
304 334.6423817013336 318.5425253023702
304 334.6337696915638 318.5332036983991
304 334.62475842418655 318.52464996087355
304 334.61548298310163 318.51733180532784
304 334.60773319672853 318.50682831786855
304 334.59762680093047 318.49647944641754
304 334.5880227832796 318.48991123642963
304 334.58077437677366 318.4827168022826
304 334.57427482932724 318.4746932600983
304 334.56674784557805 318.4658059645429
304 334.5581776549009 318.455804578669
304 334.5489889384736 318.4484356268125
304 334.54116063800245 318.4404573365012
304 334.53249531927287 318.4313471250977
304 334.52511006982866 318.4242466947531
304 334.5184021017689 318.41658170132985
304 334.51052472005426 318.40874529941414
304 334.5017957733379 318.3996812108411
304 334.4930944293005 318.3924361071605
304 334.4849574320775 318.38342794542416
304 334.4769734277258 318.37572065998364
304 334.4691158696575 318.3673311866766
304 334.4605382452809 318.3667010936121
304 334.4598020279873 318.3657628358356
304 334.458838877787 318.3649956409829
304 334.45805622922535 318.3642032479805
304 334.4572845337111 318.36325437350945
304 334.4563180537862 318.3624735970651
304 334.4555699630833 318.3615796420687
304 334.4546435557788 318.3608077900273
304 334.4538928942469 318.3598038954459
304 334.4529372795929 318.3589033451942
304 334.4522124624163 318.3583858175273
304 334.4515523679696 318.35746155817367
304 334.4505702379856 318.3566287916737
304 334.44969436015987 318.35576769949546
304 334.4488280125639 318.3550329963098
304 334.4480171361478 318.3541849453858
304 334.4470832361964 318.35321382088944
304 334.4461349823573 318.35228281459155
304 334.4453147001539 318.35164804555137
304 334.4446272434763 318.35075874033976
304 334.44373539524315 318.35001773501943
304 334.44291395556496 318.3490716681864
304 334.4420012485664 318.34833137206175
304 334.4412196725252 318.34746253671824
304 334.4403867490365 318.3464987305007
304 334.4394220397228 318.34552861283385
304 334.438577245744 318.34477726833495
304 334.43775469640224 318.3439926329196
304 334.43701482092644 318.3431004263981
304 334.4360863626463 318.3421247375232
304 334.435155714409 318.3412264166439
304 334.4342108001598 318.3402559486658
304 334.4332327079443 318.33943095902725
304 334.4323434303066 318.3385462946095
304 334.431487252533 318.33768418886484
304 334.4306091656945 318.33682549776063
304 334.42967022592137 318.33583900315637
304 334.42875170376624 318.3351512191884
304 334.4280578747681 318.33430481115863
304 334.4273517744388 318.333546147914
304 334.4266791456823 318.3328080970265
304 334.42587913482816 318.33213004914285
304 334.4251132010164 318.33116924265397
304 334.42417833775 318.3303623162222
304 334.4233641482369 318.3295964466712
304 334.4226276316012 318.3287053313432
304 334.42168281162685 318.32785699445964
304 334.42079002657005 318.3271191787795
304 334.420059289332 318.32612590119965
304 334.4191968560382 318.32555217877166
304 334.41850086462523 318.32472754620244
304 334.4176831916259 318.32401473572963
304 334.4168747732964 318.3231578427506
304 334.41612205338697 318.3222069763683
304 334.4151603177172 318.3213594507439
304 334.4142353320342 318.32055957307625
304 334.41345991835686 318.31997474537036
304 334.4126955779512 318.31897652737064
304 334.4117675523744 318.3180655781665
304 334.4107920944887 318.3174214720388
304 334.41015962274247 318.31652109810267
304 334.40918819286964 318.3155974160976
304 334.40826334761994 318.31476301181544
304 334.40744168183255 318.31396540140753
304 334.40663974130325 318.31327532850815
304 334.4058594935918 318.312473215258
304 334.4049966107079 318.3116426174339
304 334.4041585897133 318.3107940747017
304 334.4032885609155 318.30986606485624
304 334.40248341141523 318.30894350849076
304 334.4015601013528 318.3080390770597
304 334.4006170520582 318.30710854173776
304 334.3998179047054 318.3062216998659
304 334.39900743937943 318.3053397681165
304 334.39813270231895 318.3044154865679
304 334.3972364149656 318.30347136726493
304 334.39635316334005 318.3026306346939
304 334.3954737641328 318.30188701696255
304 334.3946105715915 318.30105416018216
304 334.3937894357173 318.30033939128936
304 334.392962115746 318.2995495366893
304 334.3921489843537 318.29889131102567
304 334.39136064342165 318.29813992566784
304 334.39066820158314 318.29742821061654
304 334.3899444838214 318.29651491623997
304 334.388993524734 318.2956699890069
304 334.3881002542484 318.29505645238004
304 334.3874837764358 318.2941300437412
304 334.3865812122822 318.2931377139471
304 334.3856824089235 318.2923605500812
304 334.384840010895 318.2915832474974
304 334.384118260091 318.2906366298537
304 334.3831286734062 318.28991969925414
304 334.3823760208403 318.2889438273666
304 334.38148303159477 318.28809306507077
304 334.38057159495554 318.287193560205
304 334.3796460444854 318.28614681495225
304 334.3787204852133 318.2852944170577
304 334.3778125755663 318.28444930439787
304 334.37694248695556 318.2834761411518
304 334.3759723645735 318.28341712506636
306 972.1193205885439 955.4286699369529
306 971.4435255284549 954.445483449351
306 970.5184091695193 953.4533963453562
306 969.5365242759241 952.5780671177486
306 968.6714648893526 951.4097607216577
306 967.6412233533176 950.4698854044391
306 966.6839899517206 949.4607835042345
306 965.8229706128561 948.63560095646
306 964.9660122201211 947.785508071679
306 964.077709574 946.783602575867
306 963.2400161324423 945.6103294568807
306 962.1461057848012 944.7192342669775
306 961.050092132961 943.7954985444885
306 960.1581990454251 943.0001582639202
306 959.2275446621628 941.951436096744
306 958.2627566206481 941.2610169540958
306 957.5167102251703 940.2374840138948
306 956.3389853478511 939.5621212245908
306 955.5647196056665 938.6753662483916
306 954.6310249584865 937.8989605975119
306 953.9692579016232 936.9209615699137
306 953.0047173512748 936.3084484263641
306 952.3939718073435 935.4878336994
306 951.5911729542145 934.3785174987861
306 950.6224993158869 933.5950611030297
306 949.7541656889457 932.6763179181463
306 948.8992810622159 931.6663051027717
306 947.8322740144306 930.7778131668321
306 946.9908130340262 929.8476815794077
306 945.998676444479 928.8176475831444
306 944.8943503605534 927.785941044965
306 943.8312895421377 926.7947324662141
306 942.9640284769363 925.8035224955985
306 941.9371509188296 924.7298825889194
306 940.9803427249403 923.6371889469175
306 939.8416875181526 922.5827443456635
306 938.8152639775485 921.5822616798253
306 937.8266886727182 920.6702313379434
306 936.8731218154571 919.7122274651836
306 935.8362999493027 918.9892942622268
306 934.9960808408331 917.8906891805605
306 933.8957357247898 917.1412351152442
306 933.0425169564783 916.0438977414519
306 932.0584000551328 915.097731637986
306 931.137642250233 913.8541518699461
306 929.9878551665796 912.8030567037104
306 929.0308689339848 911.7448648773685
306 927.9642936387324 910.5229975245188
306 926.8782835764008 909.2132121015784
306 925.6942455611071 908.2012784796011
306 924.5708555634267 906.8710169098738
306 923.3049241231961 906.2637779869242
306 922.6298077575387 904.8674479399476
306 921.3501073606366 903.6645884111039
306 920.1807725965398 902.8701367876457
306 919.3099445854285 901.7451765149854
306 918.2586309974563 900.7448783350624
306 917.2450588439262 899.4194362012697
306 916.0853732518013 898.242166219223
306 914.9271907127298 896.875898885272
306 913.6946510236971 870.6934957125868
306 887.4888926534542 869.6146956351213
306 886.5711588143065 869.1007764270648
306 885.9215123881992 868.6018748254423
306 885.2604506839521 868.195153087271
306 884.7374687771297 867.8310055029677
306 884.2663720455836 867.3042387951845
306 883.6113999511931 866.7732897562419
306 883.0586256142255 866.3662154211756
306 882.5851874880392 866.0516677905648
306 882.0492730535659 865.6540441479206
306 881.4918832103276 865.068195441695
306 880.890553573394 864.5787379042051
306 880.2748540866762 864.0818113523288
306 879.8135790317087 863.599486987756
306 879.3027300000152 863.0773933840298
306 878.7263616988763 862.7380304269192
306 878.2320951796138 862.2861911580583
306 877.7205579968901 861.6667494990752
306 877.081529924399 861.2189648118926
306 876.6231024199773 860.6997259967719
306 875.9904320073908 860.2421792893291
306 875.508301771177 859.7856048423165
306 875.0612738169955 859.1692001308452
306 874.449077329167 858.4782928107234
306 873.7682511266667 858.0730589745405
306 873.2364941062777 857.4542087878094
306 872.7667063550047 856.9289729824479
306 872.0651647338182 856.3259022020375
306 871.4690196912142 855.8039236457272
306 870.8592648643845 855.0854579760617
306 870.1560769279067 854.3764785633
306 869.5111539279053 853.8270354423196
306 869.0140229206706 853.3280049691199
306 868.5997773964996 852.7117864100836
306 867.9852245557361 852.3209910199865
306 867.4691871345412 851.9413513418605
306 867.0400278610596 851.34194517405
306 866.4473222947989 850.6849042537063
306 865.7069689101863 850.0243574402216
306 864.96630637339 849.9626687202976
306 864.9026115342172 849.9119871040533
306 864.8492557595404 849.8320301388243
306 864.7729476848298 849.761843312722
306 864.6978495533891 849.6971924185475
306 864.6293928282669 849.6235249606948
306 864.5618848268401 849.5562183891446
306 864.4978228010949 849.4906023571934
306 864.4311825531983 849.414338217074
306 864.3621882445818 849.3473806283645
306 864.2962002649358 849.2654458549902
306 864.2238048939681 849.1967168455341
306 864.1489426607668 849.1342902314495
306 864.09061274483 849.0680213739245
306 864.0277265467641 848.9843337210255
306 863.9522860723952 848.9182369756157
306 863.897268646165 848.8478795191776
306 863.8362580346446 848.7883142601727
306 863.770711180345 848.7126863992452
306 863.6974194352314 848.6378179058502
306 863.632261848553 848.5711375052904
306 863.5637202457635 848.4884542235317
306 863.4876354030127 848.4191132140871
306 863.4172046035023 848.3464104582914
306 863.3421815522714 848.2938431662019
306 863.2907987489151 848.2400079768249
306 863.2281752203577 848.1715814512097
306 863.1603251421759 848.1038785566492
306 863.1051279822362 848.0366529353136
306 863.0350232433307 847.9663280369575
306 862.9837410206482 847.8871504518966
306 862.9149112759459 847.8292045774368
306 862.8533597791866 847.7458794861636
306 862.7798639917249 847.6809287273521
306 862.716449610243 847.6313207025636
306 862.6679138387796 847.583383993486
306 862.6202450439862 847.5175152921165
306 862.5497370180944 847.4312068509269
306 862.4666352027775 847.3668062646859
306 862.3962103348357 847.308271399298
306 862.3415376219945 847.2428305367579
306 862.2706584504049 847.187178225944
306 862.2170148900901 847.1227790505984
306 862.1508234236114 847.0610083680928
306 862.089737214754 846.9888291627622
306 862.0300827040614 846.926882754691
306 861.9647031204813 846.8430816119076
306 861.8913261962814 846.7756755795165
306 861.8279504940407 846.7023828419078
306 861.7608236918355 846.6332367145282
306 861.6964917009104 846.5605621435172
306 861.629558847982 846.4896323390232
306 861.5619883834988 846.4219851612784
306 861.4960379861103 846.34380342309
306 861.423511940373 846.2755291057956
306 861.3599253676043 846.2108902218247
306 861.2974801660391 846.1454267933632
306 861.2340287345046 846.0584739600657
306 861.1587245161417 845.9911929988358
306 861.082138670899 845.9162876203063
306 861.0171094155847 845.8672807019444
306 860.9601411424175 845.7818943861764
306 860.8855491594071 845.7038237442146
306 860.8203615563268 845.6474913940519
306 860.7603666013162 845.5848665877202
306 860.6971259187645 845.5231270251842
306 860.6305600673332 845.4658534758682
306 860.5715083229871 845.3902513514195
306 860.4959057088362 845.3252581612448
306 860.4388056763507 845.2469489836543
306 860.3708529597086 845.1778203761157
306 860.2967667274335 845.1110682555964
306 860.2243711281443 845.0298521019907
306 860.1572621521285 844.9519661987853
306 860.0927027526359 844.9095048478039
306 860.042636411146 844.83844684446
306 859.9694206592113 844.7626369354664
306 859.8945867296256 844.6917662201615
306 859.8315078138662 844.620708228067
306 859.7677777579142 844.5432011489283
306 859.6944926444272 844.460708810416
306 859.6192711846129 844.3995318432808
306 859.5629346668537 844.3361853928792
306 859.5035527364763 844.268778810156
306 859.4451933652925 844.1942096991611
306 859.3748373182716 844.128059904793
306 859.3070494758157 844.0836486439209
306 859.260455450712 844.0073436743648
306 859.1910119371773 843.9264524601028
306 859.1172205176688 843.8713184673852
306 859.0581263566348 843.7980410670166
306 858.9955271549666 843.7271374856318
306 858.923645674289 843.6623663963926
306 858.8584892022883 843.6035679817999
306 858.7953427631801 843.5238717881823
306 858.724024790615 843.4462831322124
306 858.6535101766722 843.366488763712
306 858.582141460466 843.2893917943538
306 858.5092231088346 843.2126617825201
306 858.4380594668995 843.1376649406352
306 858.3610668967451 843.1293711009141
306 858.3535042331395 843.1227008060927
306 858.3464567577712 843.1156995348052
306 858.3400185055465 843.1078431895884
306 858.3324778671989 843.099673558842
306 858.3251345348726 843.0942049539892
306 858.319829598254 843.0867296958393
306 858.3130564636818 843.0787600319052
306 858.30563816559 843.0712080815417
306 858.2984233278368 843.0660273880347
306 858.292893146451 843.058520085754
306 858.2853101327764 843.0512367114214
306 858.2780046789289 843.0429890265677
306 858.2704827753352 843.0357334766909
306 858.2636015614203 843.0281838432833
306 858.2563049482416 843.0209264274627
306 858.2492854374232 843.0155872816392
306 858.2446196727394 843.01100226011
306 858.2389243466272 843.0037601393071
306 858.2326527584243 842.9976378772631
306 858.226966412879 842.9934590746444
306 858.2223758403434 842.9872579503725
306 858.2162468581247 842.9787775453615
306 858.2085399437908 842.9725590987623
306 858.2037061283879 842.9645118933865
306 858.1965061761128 842.9580112430409
306 858.1908652257085 842.9503548419141
306 858.1833039451486 842.9434190436507
306 858.176802349517 842.9375888046974
306 858.1707036959803 842.9299155215143
306 858.164263891979 842.9231621437564
306 858.1570776426316 842.9161469026297
306 858.1505171995291 842.9092700443792
306 858.1440688470369 842.9024190706202
306 858.1379527836206 842.8949331038098
306 858.1308255379212 842.889163087402
306 858.1245805128486 842.8834383241982
306 858.1187505336104 842.8772413225684
306 858.1128650579101 842.87376624631
306 858.1083471027707 842.8671767611952
306 858.1023711485541 842.8601115834406
306 858.095337878558 842.8531186342032
306 858.0886267190036 842.8461468037549
306 858.0821790050542 842.8394918325836
306 858.0762817976243 842.8328219376843
306 858.0691119999725 842.8245680440614
306 858.0623342685125 842.8167960781572
306 858.0559167314275 842.8097486072032
306 858.0495314191807 842.8024166640396
306 858.042927758592 842.7962295400962
306 858.0371440305761 842.7879706585097
306 858.0297264778493 842.7830923387637
306 858.0247259142182 842.7744227431701
306 858.0164542520195 842.7674261887335
306 858.0099497841286 842.7619529781769
306 858.0048446284868 842.7547339170846
306 857.9977729180098 842.7481674805745
306 857.9922925155493 842.739915110071
306 857.9857172687945 842.7320937169075
306 857.9777825093404 842.724919585844
306 857.9707123729927 842.7201525599635
306 857.9660165107209 842.7135747509143
306 857.960139842223 842.7060131368617
306 857.9533485343659 842.6986252192492
306 857.9460465047758 842.6921475018409
306 857.9397227081662 842.685377846655
306 857.9323961934226 842.6777143827019
306 857.9252472722469 842.6694458017461
306 857.9178986580727 842.6620684032833
306 857.9110906095141 842.6546934562494
306 857.9042918650691 842.6480119239427
306 857.8972339144651 842.6401523612185
306 857.8892497719048 842.6331693423575
306 857.8831882238723 842.6266623678059
306 857.8769457476754 842.619908035394
306 857.8711328906729 842.6138177157613
306 857.8649246249245 842.6076466645799
306 857.8585686161647 842.6015815881157
306 857.8527237085424 842.5939656210207
306 857.8456634791539 842.5866284955678
306 857.8383025306508 842.5797161751309
306 857.8309975037874 842.5720224967152
306 857.8243603177463 842.5667925032648
306 857.8188612740453 842.5597596631454
306 857.8118687161344 842.5518700566076
306 857.8043111415091 842.5464242493988
306 857.7987399735156 842.5375142697321
306 857.7915894059439 842.5332011877794
306 857.7865404212072 842.5266235426034
306 857.7798447840604 842.5203124584755
306 857.7736978441371 842.5134254317666
306 857.7673334019241 842.5061150305264
306 857.7601334841723 842.4994736873379
306 857.7528538208703 842.4914029284745
306 857.745397865727 842.4851178899323
306 857.7388184111804 842.4770100260721
306 857.7317400632986 842.4710456174295
306 857.7255212460818 842.4654167350186
306 857.719615959209 842.4608978565542
306 857.7153883499426 842.4527402574428
306 857.7077616082364 842.4519110664293
306 857.7069926735904 842.4514005690588
306 857.7064250802797 842.4506421655191
306 857.705728557127 842.4499172598947
306 857.7050198678513 842.449230651185
306 857.7042762741721 842.4486018621733
306 857.7036412474203 842.4479428718514
306 857.7029187410903 842.4471511233198
306 857.7021962181465 842.4464589243515
306 857.7014987304872 842.4456717968848
306 857.7007582708934 842.4449748688119
306 857.70001188463 842.4442409654807
306 857.6993062640416 842.4435090470942
306 857.6985842038212 842.4428987649488
306 857.6979618631887 842.4422339034522
306 857.6973270091469 842.4415520165455
306 857.6967020656533 842.4409239845938
306 857.6959999432468 842.4403900473991
306 857.6954219508841 842.4397698245868
306 857.6948210821425 842.439124736655
306 857.6941235921128 842.4384414552119
306 857.6934571404205 842.4377478434707
306 857.6928188797488 842.4371269143654
306 857.6921138557256 842.4365095888406
306 857.6916239530121 842.4359575509801
306 857.6910482752029 842.4352723361953
306 857.6903204481877 842.4345583278014
306 857.6897374934097 842.4338720512073
306 857.6890024602153 842.4332577692455
306 857.6883508828085 842.4325506160748
306 857.6877725857482 842.4318203519535
306 857.6870886259646 842.4311898455833
306 857.6864728813345 842.4304415552281
306 857.685738803681 842.4298261154534
306 857.6850952586537 842.4293213794367
306 857.6845220951736 842.4285689775323
306 857.6838520378635 842.4279659184084
306 857.6832454835209 842.4273601299872
306 857.6826274238113 842.426710457818
306 857.6820791947393 842.4260424511178
306 857.6814058610189 842.4254739009805
306 857.6808087981335 842.4247682019451
306 857.6801514046482 842.4239943125402
306 857.6794560078744 842.4233829977546
306 857.6789537159368 842.4227038859362
306 857.6783003275277 842.422066877891
306 857.6776224857967 842.4212891550951
306 857.6769061594111 842.4207748225087
306 857.6763473174265 842.4200003018368
306 857.6757338137722 842.4193210750554
306 857.6750095464223 842.4186751899974
306 857.674396423439 842.4180155993128
306 857.673754384804 842.4172312680143
306 857.6731029287716 842.416491342799
306 857.6724229068699 842.4157686943937
306 857.6718125607522 842.4151233644792
306 857.6712337400949 842.4143904065937
306 857.6706130235061 842.4138155556375
306 857.670045055507 842.4129096559685
306 857.669238422248 842.4123256941062
306 857.6685790149111 842.4115816737537
306 857.6678811035114 842.4109552789602
306 857.667285897229 842.410289215448
306 857.666585772584 842.4094783173565
306 857.6658613336285 842.408574692128
306 857.6650619357384 842.4078304736274
306 857.6643473162283 842.4070921174457
306 857.6636662709178 842.4064264412939
306 857.6629642817737 842.4056512704481
306 857.6623105203616 842.404864430503
306 857.6616220815074 842.4041886238942
306 857.6609572709841 842.4036079071319
306 857.6603286105689 842.4028796093041
306 857.659666688102 842.402217882633
306 857.6589324246016 842.401522293826
306 857.6582624515736 842.4008847698904
306 857.6576412691651 842.4002712686275
306 857.6570515789622 842.3997677539546
306 857.6566352412441 842.3990381475139
306 857.6559136830825 842.3984105121339
306 857.6552477822312 842.3977362753915
306 857.6546376107303 842.3971520369483
306 857.6540970714152 842.3965057252065
306 857.6534548009352 842.395824714481
306 857.6528465490412 842.3949736273903
306 857.6521044503877 842.3943002806257
306 857.6513853053929 842.3936730697924
306 857.6507438740628 842.3929720784201
306 857.6500750813639 842.3922545851373
306 857.6494512560242 842.3914582824463
306 857.6486578193684 842.3908441294501
306 857.648026041619 842.3901526179852
306 857.6473455654416 842.3893903349638
306 857.646618061745 842.3889194183167
306 857.646029312331 842.3880436049608
306 857.6453027852615 842.3873103507942
306 857.6445377756003 842.3867296982669
306 857.6439803484498 842.3860552840932
306 857.6432405362821 842.3854014742564
306 857.6425699053325 842.3846874818596
306 857.641851250114 842.3846259304112
308 1505.3504891476803 1488.815444064091
308 1504.215281317433 1487.5051641469518
308 1503.084177119015 1486.1186655666336
308 1501.8144534038458 1485.0594771836345
308 1500.7882410323664 1483.8580211635044
308 1499.6368206699485 1482.7649701644386
308 1498.7286851301806 1481.4787596552105
308 1497.5327832844946 1480.5770673723705
308 1496.677005334106 1479.5579162794038
308 1495.7227795024305 1478.4173936689826
308 1494.6873865890639 1477.0729736310861
308 1493.4085982846157 1476.0768756141406
308 1492.566266330671 1475.0773053209598
308 1491.554739476551 1474.2629826701047
308 1490.7049884584249 1473.2007586567452
308 1489.7049975448404 1471.9508328125673
308 1488.5449276233237 1470.9289156472983
308 1487.540977750863 1470.0584413555507
308 1486.6828597651424 1468.8606123012771
308 1485.537014606369 1467.6224827993533
308 1484.489747326584 1466.2570982542557
308 1483.336997974238 1465.3200894739048
308 1482.3789027055086 1464.1257909085725
308 1481.3548547421221 1462.8459144259632
308 1480.1239932688713 1461.7998650181407
308 1479.167814046662 1460.7215166012222
308 1478.0189105368554 1459.4973359295427
308 1477.0181355312895 1458.316794111698
308 1475.8424107965018 1457.1943591127501
308 1474.9278258443326 1456.3299149327925
308 1474.004548867691 1455.1125104073503
308 1472.8095885905775 1453.7662862345478
308 1471.705205328456 1452.409121446918
308 1470.4922046942754 1451.2254779917312
308 1469.386006492063 1450.1168542283272
308 1468.1558315849484 1448.8605239528306
308 1466.9938032737432 1447.7313211863163
308 1465.7120000000543 1446.4222240899294
308 1464.3313093227687 1445.0761811687894
308 1463.3307357207748 1443.8062567333286
308 1462.0752097946965 1442.1009472923465
308 1460.6265377189848 1440.7466382705047
308 1459.655807926863 1439.5346935391194
308 1458.557298156193 1438.4539074651361
308 1457.2906748398948 1436.9402578121583
308 1455.9911194205638 1435.597409036895
308 1454.5897930831618 1434.3875541021057
308 1453.2900164646633 1432.8917197464561
308 1452.083489151406 1431.5412828693552
308 1450.883495223722 1430.0648961808115
308 1449.383344082017 1428.4411176383105
308 1448.0508141999717 1426.9527201801768
308 1446.6428735926318 1425.6004459097317
308 1445.4613030946834 1424.1641810226379
308 1444.2042664057922 1422.657524922044
308 1442.9373938030922 1396.3066830754708
308 1416.7291479359762 1395.1994925683753
308 1415.583731868933 1394.2583408998012
308 1414.4875173244354 1393.1556848335654
308 1413.6199843849242 1392.542704109267
308 1412.9710413694327 1391.9208872714453
308 1412.2361849581184 1391.39213913175
308 1411.5850710538405 1390.9493894371053
308 1411.0307909830253 1390.3419409238072
308 1410.3828691475687 1389.7299987916276
308 1409.645267790448 1389.2019080826626
308 1408.9474706067658 1388.5751310450032
308 1408.2669628021033 1388.109545675857
308 1407.8417249116073 1387.7153832714023
308 1407.2721932824352 1387.2043530771355
308 1406.6191887569657 1386.5595705725366
308 1405.9583584722445 1385.9705077167741
308 1405.3575735028442 1385.4401354780732
308 1404.7179981059503 1384.904676715177
308 1404.1203168681404 1384.2576101481484
308 1403.5426027175254 1383.897077053851
308 1402.9736346395414 1383.349356731345
308 1402.4466297521835 1382.7134190014322
308 1401.7971347742673 1382.11206235495
308 1401.4523767790229 1381.9155607390762
308 1401.0233006199846 1381.3685084351634
308 1400.4555765999562 1380.7544967490323
308 1399.8362188220842 1380.0415385638685
308 1399.2200660474962 1379.3074706740467
308 1398.6607780838517 1378.8600822328822
308 1398.019005549642 1378.2596172351741
308 1397.3511516637825 1377.708394683223
308 1396.7190824139332 1377.015658774992
308 1396.061933151748 1376.4834178739638
308 1395.5322297698772 1375.8241114719135
308 1394.944998886588 1375.402670825965
308 1394.5043522153064 1374.7200766368164
308 1393.8575891621506 1374.1106258106042
308 1393.3077486780212 1373.4569506275407
308 1392.6349323657132 1372.8369655903684
308 1391.9224156885139 1372.1483272783516
308 1391.1940436857396 1371.4476195755533
308 1390.4290557525712 1370.6973662371165
308 1389.8868721421343 1370.1370555203082
308 1389.2477676720514 1369.457292295212
308 1388.5877150614742 1369.3808482322254
308 1388.50741262053 1369.3185650383846
308 1388.4356471977896 1369.264235537775
308 1388.3544575683875 1369.2024904544182
308 1388.276830801318 1369.1221989667956
308 1388.2049624193232 1369.0620525444706
308 1388.137811146846 1368.971517044296
308 1388.0456090815455 1368.935409175454
308 1387.9871908636253 1368.8475088969956
308 1387.9088698502653 1368.7735626434805
308 1387.843802813145 1368.7068315098836
308 1387.763540585173 1368.623624417005
308 1387.684405125418 1368.5547672639875
308 1387.6089679250063 1368.4979886978015
308 1387.5430708899132 1368.420738661903
308 1387.4687961111388 1368.327171617906
308 1387.3924973728297 1368.2517727983031
308 1387.3138894130998 1368.1619085244931
308 1387.2323283365138 1368.1150892479332
308 1387.1803505714747 1368.038776115158
308 1387.1085377109273 1367.967118633987
308 1387.0258333990678 1367.9012408907345
308 1386.9591048737973 1367.8230100687542
308 1386.883566362406 1367.7469343013179
308 1386.813165470737 1367.6602620208414
308 1386.733747862689 1367.5696520796591
308 1386.6592158338638 1367.4809093774109
308 1386.5866248146522 1367.4281938771899
308 1386.5287432797736 1367.3585332320765
308 1386.4572695035213 1367.2867416269091
308 1386.3955133118259 1367.21473051455
308 1386.3234004127164 1367.1543002031985
308 1386.2593087912837 1367.0758493006729
308 1386.1887438819099 1366.9912196302128
308 1386.11359317825 1366.9136503946788
308 1386.0392388960565 1366.8559176825681
308 1385.9790302580454 1366.7601413729428
308 1385.9001976773918 1366.6659113327676
308 1385.815091321625 1366.5920279903926
308 1385.7464169035602 1366.5234569413772
308 1385.669281683225 1366.444470709077
308 1385.5993977989724 1366.355907523203
308 1385.5090402802387 1366.2775113714993
308 1385.430759010478 1366.1952677911975
308 1385.3478234925494 1366.1257256695799
308 1385.2715731199205 1366.0355672663609
308 1385.192613459888 1365.9601270554838
308 1385.1124312696813 1365.9052916044216
308 1385.0529561141634 1365.8247770350308
308 1384.96735617436 1365.7744675311526
308 1384.920023120825 1365.7005168090482
308 1384.841223614708 1365.6389165948763
308 1384.768397861345 1365.5819500078378
308 1384.7064174434117 1365.4910096523338
308 1384.6283231621392 1365.4250251351882
308 1384.5846374429032 1365.351424314479
308 1384.5001584207287 1365.2629315550587
308 1384.4209843908623 1365.185937882312
308 1384.3440519075616 1365.1248696784469
308 1384.2822274246178 1365.0568774787896
308 1384.2099505212936 1364.9869559526296
308 1384.1389275103468 1364.9166369770064
308 1384.0670707446363 1364.854759073274
308 1384.0034869643023 1364.7662506086506
308 1383.921014547794 1364.6898329252206
308 1383.853933711208 1364.6319926187873
308 1383.7944036339436 1364.5798912532446
308 1383.7455377631945 1364.5137949779435
308 1383.6814041273321 1364.423951497089
308 1383.5972958342006 1364.340576234818
308 1383.5242538879322 1364.2851554733804
308 1383.4608416971216 1364.1914387188074
308 1383.3803755719343 1364.1393647810212
308 1383.3132838759825 1364.0627406502415
308 1383.2374162329008 1364.0025221387875
308 1383.182074252482 1363.9511463902306
308 1383.1193800631345 1363.8716641680219
308 1383.046467376607 1363.812957718347
308 1382.986547466962 1363.7292186286525
308 1382.9066437491892 1363.6470583704843
308 1382.841609164791 1363.5788255321086
308 1382.772047555738 1363.481223786491
308 1382.6863562747176 1363.401715212259
308 1382.607158921015 1363.3293308591603
308 1382.535553254137 1363.2513785174408
308 1382.4554813701077 1363.1790647201144
308 1382.3844959260534 1363.0967532191116
308 1382.306703062015 1363.017308408344
308 1382.2318550372893 1362.9486467650343
308 1382.1729760911026 1362.8808112975298
308 1382.0961729109567 1362.8081222322724
308 1382.0236507222698 1362.7152040978883
308 1381.9597192370325 1362.6426177759402
308 1381.8824905766076 1362.5953424663462
308 1381.8230098436309 1362.5078734205583
308 1381.7438106153497 1362.4246710038774
308 1381.6649572383626 1362.3504471623123
308 1381.5945156021407 1362.2872488605692
308 1381.5289577115493 1362.2094494799182
308 1381.4586860723841 1362.12072606108
308 1381.3798115213933 1362.11304272834
308 1381.3721924131762 1362.1064729400352
308 1381.3648140769062 1362.0983803917402
308 1381.3576079014217 1362.092371776328
308 1381.3505075193286 1362.0849180557873
308 1381.3428440311802 1362.0768366074903
308 1381.334674211673 1362.0716511283943
308 1381.3297198899843 1362.0625285559972
308 1381.3213130311997 1362.0574753302308
308 1381.315301580442 1362.048737626124
308 1381.3065011105678 1362.0423595672594
308 1381.3003302273223 1362.0341069951528
308 1381.2927432545762 1362.0246073495355
308 1381.2831592056243 1362.016975547851
308 1381.2751845973194 1362.0073664093584
308 1381.2658875470854 1361.9971711616313
308 1381.2568911084466 1361.9910828059667
308 1381.2494130936177 1361.9824601372773
308 1381.2404587342824 1361.9744555094485
308 1381.2332349813385 1361.9671815390561
308 1381.2251164681065 1361.9609456683647
308 1381.21976379012 1361.9530064729593
308 1381.212858273265 1361.9465702393115
308 1381.2061122554353 1361.9376818720143
308 1381.1973902539069 1361.930104915593
308 1381.1890877558446 1361.923094685327
308 1381.1831173826242 1361.9160873205374
308 1381.1761199359034 1361.9072904382533
308 1381.1680252689653 1361.8990787358696
308 1381.1602320149489 1361.8890302452241
308 1381.1514227455214 1361.8808803039565
308 1381.1427356661466 1361.8731062269198
308 1381.1349993651154 1361.8651042597653
308 1381.1274935635588 1361.8575083448663
308 1381.1202250869362 1361.8484727107023
308 1381.112243786231 1361.8404259360357
308 1381.1050970957394 1361.8316890657563
308 1381.0980488291298 1361.8248658072719
308 1381.091690100994 1361.8181154900394
308 1381.0851098299963 1361.8102652496652
308 1381.0771009864638 1361.8012325656712
308 1381.0698721627493 1361.7959849704798
308 1381.0642419396838 1361.7884542039906
308 1381.0573451290666 1361.7789791326607
308 1381.0484896391179 1361.7717125431477
308 1381.040919785726 1361.763992155658
308 1381.032752923681 1361.7567762741367
308 1381.0247594116854 1361.75050418952
308 1381.0180256021886 1361.742583888869
308 1381.0097517272372 1361.7347835746043
308 1381.0025059032862 1361.726809985463
308 1380.9949786532338 1361.7175632987048
308 1380.987412545399 1361.7098069029869
308 1380.9799812253498 1361.7040202974765
308 1380.9730904099397 1361.6941685589593
308 1380.9643868811902 1361.687074719686
308 1380.9571409068144 1361.6794450094299
308 1380.9492921826961 1361.6725046145052
308 1380.942935036168 1361.6629667500529
308 1380.9349132808638 1361.6548761393105
308 1380.9270381624747 1361.6478936836456
308 1380.9201323323603 1361.6386014905427
308 1380.9114592537494 1361.6318514199716
308 1380.9043885557849 1361.6246239207294
308 1380.8973114970267 1361.619553956341
308 1380.8927699121525 1361.6111581675416
308 1380.8841566211477 1361.602006144096
308 1380.8757721109757 1361.5946537548407
308 1380.8687740424248 1361.5861195370658
308 1380.8606098818223 1361.5788962713068
308 1380.8527078022107 1361.5689284920368
308 1380.8450614079736 1361.5613767891796
308 1380.8364602918357 1361.552911093263
308 1380.8300351865676 1361.5464678718529
308 1380.8236079814958 1361.5388456004503
308 1380.8157044161694 1361.5305694643585
308 1380.8076921503525 1361.5216688342166
308 1380.7995277939792 1361.513372351897
308 1380.7916717304854 1361.504211505442
308 1380.7831293493407 1361.4966598705555
308 1380.7755122295973 1361.489139520731
308 1380.7690706458168 1361.4808695275517
308 1380.7609245096176 1361.4727862075554
308 1380.75374969116 1361.4660605006065
308 1380.7460241426807 1361.4567211615733
308 1380.7375794871853 1361.4500484072482
308 1380.7307073951397 1361.4393374974213
308 1380.7215282701334 1361.4306026255244
308 1380.7152097415328 1361.424084959223
308 1380.7080369179707 1361.415653759862
308 1380.699960844746 1361.407557263073
308 1380.692021187355 1361.4000087220334
308 1380.6849091556928 1361.391339516345
308 1380.6775610052841 1361.3848124548665
308 1380.670516795371 1361.3757547178727
308 1380.661681046984 1361.3686684931745
308 1380.6545206779917 1361.359832651853
308 1380.6464015578852 1361.3524120694497
308 1380.639372310087 1361.345279444989
308 1380.6317665454878 1361.3377828057378
308 1380.6239326184257 1361.3369981945864
308 1380.6232264354117 1361.3360249763819
308 1380.6223325515157 1361.3351419322876
308 1380.6215106148718 1361.3345335133563
308 1380.6208000781648 1361.3337742203537
308 1380.6200321038013 1361.3328975178506
308 1380.6192256085862 1361.332135598674
308 1380.618547886661 1361.3313605098651
308 1380.6177747533661 1361.33061673562
308 1380.6170042370554 1361.329813163886
308 1380.6163113868267 1361.3288572570068
308 1380.6154148345206 1361.3278212702933
308 1380.6145474158568 1361.3268805748016
308 1380.613712548728 1361.3258732522224
308 1380.6128563445616 1361.325022673644
308 1380.6120633236035 1361.3241849674278
308 1380.6112707523748 1361.3235148058266
308 1380.6105834974803 1361.3227756640372
308 1380.609795705927 1361.3220379614881
308 1380.6089735395583 1361.3211419545999
308 1380.6081865397205 1361.3201690292228
308 1380.6072992769537 1361.3192138976387
308 1380.6064657848985 1361.3183500813323
308 1380.6057624264974 1361.3175979075438
308 1380.6049593674727 1361.316757353513
308 1380.604172394541 1361.316052414259
308 1380.6033959117324 1361.3150691483993
308 1380.6025784765156 1361.3142995640378
308 1380.6018461057067 1361.3135037667748
308 1380.6011002536118 1361.3126312885106
308 1380.6002289796381 1361.3118436107434
308 1380.5995231022525 1361.3110675775226
308 1380.5987342086362 1361.310231878182
308 1380.5979245521914 1361.3095521533312
308 1380.5972529677622 1361.308791186048
308 1380.5964340111511 1361.3080606450287
308 1380.595744444519 1361.307346979948
308 1380.595023545741 1361.3064906540396
308 1380.5941665070854 1361.3058593873338
308 1380.5933807917788 1361.3050867791567
308 1380.5926091449355 1361.3043259017124
308 1380.5919094263436 1361.3035677370945
308 1380.5911227199401 1361.3028248590833
308 1380.5903609365612 1361.302045092021
308 1380.5896181767077 1361.3013650183616
308 1380.5888899315369 1361.3004877605072
308 1380.588034589786 1361.2999104208745
308 1380.5873565769102 1361.2991020219542
308 1380.5866146521187 1361.298333742262
308 1380.5858775903932 1361.2974902344952
308 1380.5850113786303 1361.296760521762
308 1380.584451808255 1361.2958590924607
308 1380.5836097500392 1361.2952593903797
308 1380.582921069555 1361.2943315995442
308 1380.582032450884 1361.2934733331444
308 1380.581277682724 1361.292488558354
308 1380.5804446960415 1361.291710761888
308 1380.5797003805776 1361.2909503157641
308 1380.5788603653543 1361.289999046935
308 1380.5781129687932 1361.2891593698635
308 1380.5772396175073 1361.2883129900001
308 1380.5764255742517 1361.287609187656
308 1380.575735221545 1361.2868528519764
308 1380.5750672192198 1361.2859682950448
308 1380.5743620992318 1361.285313698715
308 1380.5736330795175 1361.2846285454611
308 1380.5729672863263 1361.283762356677
308 1380.572159553607 1361.2829171310125
308 1380.5713589372563 1361.2822174704988
308 1380.5706873818506 1361.2813433579245
308 1380.5698538084634 1361.2804837167535
308 1380.569008584146 1361.2798127842389
308 1380.5683331524958 1361.2789909572707
308 1380.5675900587394 1361.2780802656453
308 1380.5668355687994 1361.2774633044803
308 1380.5661366984787 1361.276599340734
308 1380.565441096338 1361.2756777439886
308 1380.5645922931851 1361.2748432510134
308 1380.5639177033536 1361.274092374444
308 1380.5630758023444 1361.273145191723
308 1380.5622174537546 1361.2721998086176
308 1380.5614354191537 1361.2713361336184
308 1380.5606476880569 1361.2704561623148
308 1380.5598325057317 1361.2696633124715
308 1380.5591257106855 1361.2689252870582
308 1380.5585008452645 1361.267953587475
308 1380.5577537182514 1361.2672454649696
308 1380.5569460556749 1361.2663451778508
308 1380.556160289548 1361.2655024312571
308 1380.5554218032994 1361.2646766843438
308 1380.5546194568929 1361.2641497271024
308 1380.5541021520967 1361.2632714245365
308 1380.553375485503 1361.262450629616
308 1380.5526123829038 1361.2615178272326
308 1380.5517160520071 1361.26091052366
308 1380.5510594227371 1361.2601020067825
308 1380.5502971645462 1361.25932693218
308 1380.5495556573442 1361.2584052967811
308 1380.5488307171988 1361.2576947456296
308 1380.5481236645794 1361.2568950537984
308 1380.547264649758 1361.2568070223629
310 2037.7452080963494 2016.663078236276
310 2036.1371737715865 2015.0875357267582
310 2034.804759280638 2013.5145432964753
310 2033.3848062680186 2011.5749358220846
310 2031.7031261011623 2009.819155541348
310 2030.1443142876635 2008.1905523702615
310 2028.712801716048 2006.4105768703123
310 2027.1615287185257 2004.8989173880339
310 2025.7542216207523 2003.272258955455
310 2024.3147679815527 2001.5852834450643
310 2022.6479263541873 1999.8451980021168
310 2021.0608091108031 1998.1657198387582
310 2019.6903168723793 1996.7066318793547
310 2018.2272410209541 1995.276922747049
310 2016.84508148365 1993.7644842478285
310 2015.5976227440392 1992.2360439013587
310 2014.1527652709844 1990.4498220969867
310 2012.5128515355527 1988.8587762515276
310 2010.9724324575589 1987.480517719893
310 2009.7546186195807 1985.6501645675785
310 2008.260890127794 1984.1104909463713
310 2006.9181964027619 1982.8398083587426
310 2005.572677083211 1981.4784248803653
310 2004.2761434361107 1979.71535982447
310 2002.7160041990558 1978.1008281843858
310 2001.227926883712 1976.457980555957
310 1999.568211502547 1974.9278270323289
310 1998.3181957606446 1973.2841705745052
310 1996.682398419175 1971.6653546761997
310 1995.114856939086 1970.110508265608
310 1993.5277784797474 1967.9217572938692
310 1991.6698523809928 1966.2561300206316
310 1990.045762823633 1964.8155422365867
310 1988.5995405269869 1963.0707179679564
310 1987.2094787430437 1961.5757708017356
310 1985.9376965921715 1960.1195177890984
310 1984.73976901858 1958.4333471035386
310 1983.384781396158 1957.2480300686302
310 1982.0056371759395 1955.5307358901719
310 1980.610089485572 1954.1878049873399
310 1979.3025138076423 1952.4072243344758
310 1977.4572006051385 1951.163306099928
310 1976.2728521671033 1949.4005875190967
310 1974.6525444693204 1947.639001383086
310 1973.0834355082227 1945.7486486222342
310 1971.4753453221642 1944.2009807695993
310 1970.0247350828365 1942.3703415051573
310 1968.4203967995936 1940.1500897629044
310 1966.4285634532152 1938.7201670624686
310 1964.99943825546 1937.0825862340869
310 1963.3455121009995 1935.16293906552
310 1961.6824293043023 1933.2847960823551
310 1960.1144327138566 1931.1849537133453
310 1958.1340153807066 1904.0935096788646
310 1931.3294199569746 1902.8256554878453
310 1930.0014116768448 1901.5310252033382
310 1928.8755995623947 1900.257475683542
310 1927.8089703246983 1899.729492244162
310 1926.9229650422806 1898.6307188089613
310 1926.110780924524 1897.8770179386088
310 1925.3485346849889 1897.0602971677813
310 1924.3559202200743 1896.3123161412286
310 1923.6473647879438 1895.7200730261743
310 1922.8631157708362 1894.7740588350446
310 1922.0163155951268 1893.870320110364
310 1921.147318741129 1893.3345274909782
310 1920.5542289162286 1892.4097148915885
310 1919.784569550827 1891.7601200156555
310 1919.028238059949 1890.992401867007
310 1918.3391894341373 1890.5423711378062
310 1917.7500668326413 1890.0363859463278
310 1917.0037551923767 1889.3263019224587
310 1916.2413796844876 1888.4470237168473
310 1915.4235299680925 1887.7474209072243
310 1914.6108302083558 1887.0695307898927
310 1913.8862354037358 1886.2969644556251
310 1913.180885219906 1885.52364935864
310 1912.3821958349558 1885.0534820922762
310 1911.9468462444302 1884.4858934080155
310 1911.2346566147064 1883.5389621073164
310 1910.4233759611157 1882.9106130687014
310 1909.7286250926825 1882.0134063777389
310 1908.8524039206388 1881.2941282525212
310 1908.2391329054808 1880.5549507652172
310 1907.3596780111375 1879.6730546684153
310 1906.3848716653974 1878.9728322414542
310 1905.6452454870937 1878.1631152568236
310 1904.927369411815 1877.423313841106
310 1904.1746404053422 1876.5047159818125
310 1903.3097043182695 1875.7166341447783
310 1902.4073742683026 1874.7170200483947
310 1901.4865501535874 1874.0233362398947
310 1900.0959085663544 1873.1101490530339
310 1899.2336854751138 1872.199123207735
310 1898.3116298107634 1871.504730490803
310 1897.4795999643093 1870.8365382116017
310 1896.715655155182 1869.899499041609
310 1895.845353076167 1869.0038228157323
310 1894.8825707031654 1867.9574401271448
310 1893.8728586946982 1867.145442735222
310 1892.9917222931513 1867.0451244294404
310 1892.9105605888958 1866.9523853193177
310 1892.8122620871923 1866.859446481773
310 1892.7251821107134 1866.7787258906224
310 1892.6378160508234 1866.697451630459
310 1892.5570516325442 1866.6282132800766
310 1892.480546023534 1866.5519093008304
310 1892.3947274827426 1866.4974193629153
310 1892.3169360086779 1866.3964525064155
310 1892.2114874383803 1866.3041498235348
310 1892.1134369288693 1866.2368711536246
310 1892.0294603543325 1866.127697838938
310 1891.947882924427 1866.031686620873
310 1891.8468356658386 1865.9290300265006
310 1891.7506293421789 1865.8247843459712
310 1891.641947871611 1865.7300722244959
310 1891.5348379330455 1865.653997082039
310 1891.4616692129734 1865.5554338186053
310 1891.3741199599688 1865.4513605459888
310 1891.2778063870612 1865.3610018514833
310 1891.1926201954263 1865.2923496336043
310 1891.113335853019 1865.2037115145731
310 1891.0196466730144 1865.119767464769
310 1890.931465093131 1865.0473183931094
310 1890.8567162796498 1864.9493424188033
310 1890.7575913962687 1864.8688298039244
310 1890.6895720581565 1864.7826204499966
310 1890.5947870923958 1864.7040146598088
310 1890.5170266265397 1864.6077921516421
310 1890.4177102543363 1864.5084327114437
310 1890.3243222802714 1864.4044549888845
310 1890.213843386299 1864.3219534091254
310 1890.1247796175119 1864.2087950341588
310 1890.0211382253628 1864.1377685582447
310 1889.9490805348064 1864.0620820644551
310 1889.871012556218 1863.9806129177346
310 1889.7690941315914 1863.897191411496
310 1889.685382646701 1863.819571599307
310 1889.6005727922059 1863.7299213408046
310 1889.5069907865288 1863.6494705370785
310 1889.4241134609772 1863.5415065941215
310 1889.3285429503421 1863.4714118380361
310 1889.2425167330546 1863.367170467534
310 1889.1455471633503 1863.3067865508901
310 1889.0820021632076 1863.228327276321
310 1888.9941297549306 1863.1633217507706
310 1888.9225243359886 1863.063122856062
310 1888.8238519314716 1862.9715760384006
310 1888.7347960427949 1862.8849215438631
310 1888.650756007521 1862.786408321824
310 1888.565715000033 1862.7322473982904
310 1888.4865184525609 1862.668227067049
310 1888.4173300377288 1862.5762405413648
310 1888.3298807030849 1862.4710790925883
310 1888.2327963023406 1862.3619515841656
310 1888.1272507489346 1862.2762580416188
310 1888.0438080107551 1862.1801956606314
310 1887.9563551477936 1862.0998503100857
310 1887.867035512502 1862.0002820027648
310 1887.780372479319 1861.9306812283712
310 1887.6924296498976 1861.8241074466177
310 1887.6004919588584 1861.7363383731663
310 1887.4988063108099 1861.642486327354
310 1887.42509183917 1861.5352259689437
310 1887.3325922645708 1861.4467027676887
310 1887.2441789707937 1861.3659152118685
310 1887.1654142891687 1861.2760013111358
310 1887.0808692981884 1861.1951378145916
310 1886.9945513978644 1861.0986529159945
310 1886.910831887724 1861.0240457972773
310 1886.8305771662185 1860.9236077062724
310 1886.7427462374492 1860.847919211436
310 1886.6683671851313 1860.752467931367
310 1886.5698617827998 1860.6909359797573
310 1886.4998704104637 1860.6060964597714
310 1886.4131517291137 1860.519565815831
310 1886.3117219276535 1860.4313357379829
310 1886.2181195821406 1860.3298373292726
310 1886.143864822046 1860.2667696258968
310 1886.0620483461842 1860.1678980324
310 1885.9676255544719 1860.0832575315972
310 1885.883100451208 1859.9866426983463
310 1885.7851047168947 1859.9059605576767
310 1885.710379384022 1859.8190741915682
310 1885.6478790438525 1859.7099371041934
310 1885.541671857254 1859.6179686468522
310 1885.4560821010905 1859.5368826056115
310 1885.3796500421724 1859.4419795977137
310 1885.2737570880656 1859.335213876069
310 1885.1721573558418 1859.2387248623168
310 1885.0871665883024 1859.133729478022
310 1884.970747145603 1859.0556831338884
310 1884.9037646827032 1858.9748678077667
310 1884.8195785471244 1858.8981083350877
310 1884.7379212475869 1858.8114936425322
310 1884.655116569961 1858.724144364574
310 1884.5714721194493 1858.6387253876364
310 1884.4898985112713 1858.5356383818007
310 1884.3898477443604 1858.462999252884
310 1884.3074794442934 1858.4106825997221
310 1884.2569672035934 1858.4015685358197
310 1884.2468305508678 1858.3937648056988
310 1884.2378882019095 1858.3835639013207
310 1884.2278067701757 1858.3754443187634
310 1884.2203335858999 1858.3672293754178
310 1884.210279600996 1858.357066582265
310 1884.200163428384 1858.34837205215
310 1884.191325150431 1858.3400104321254
310 1884.181885444528 1858.329977790243
310 1884.1721044883677 1858.3199942346428
310 1884.162603858615 1858.3085966817744
310 1884.1525199487453 1858.300355656924
310 1884.1436921130487 1858.2923058082806
310 1884.135046241936 1858.2832158515594
310 1884.1269053490062 1858.2757244311015
310 1884.1178664640613 1858.2673687670324
310 1884.1093177659504 1858.2569067040586
310 1884.0999661586795 1858.2485851135257
310 1884.0910307464144 1858.2385077781137
310 1884.0829660585985 1858.229423887238
310 1884.0749740408478 1858.2205527777555
310 1884.0653488745857 1858.2104125776727
310 1884.0557663118707 1858.2020995317264
310 1884.0458477553796 1858.1937367689543
310 1884.0386725997348 1858.1861169021017
310 1884.0301391673843 1858.1758548876003
310 1884.02047137095 1858.16544726953
310 1884.0116522368494 1858.15715734981
310 1884.0029433681707 1858.150278614634
310 1883.9956844216563 1858.1401694486517
310 1883.986283663396 1858.1319514262595
310 1883.976770521502 1858.1204032019418
310 1883.9660834432718 1858.1095518624838
310 1883.955830213535 1858.1008193467715
310 1883.9473977285509 1858.0898823460589
310 1883.9366096630436 1858.0792797861486
310 1883.9267493588004 1858.0697645786704
310 1883.9164674485346 1858.0615104611757
310 1883.9080727398707 1858.0522991804546
310 1883.898224590748 1858.042223016474
310 1883.8881533170395 1858.0307875087337
310 1883.8780747523206 1858.0232681606196
310 1883.8698958810608 1858.0142139687487
310 1883.8608477260457 1858.0019637379175
310 1883.8496236661247 1857.9926579455037
310 1883.8406911807422 1857.984126446099
310 1883.831542910947 1857.9742423508424
310 1883.8216512517663 1857.9646015445546
310 1883.8125900714415 1857.9572041868523
310 1883.8040087959046 1857.949086102049
310 1883.7954612745787 1857.9406468885581
310 1883.7868529653215 1857.9310130541635
310 1883.7779640617493 1857.920019343987
310 1883.7689100356333 1857.9114194280623
310 1883.7608258764672 1857.9016189470753
310 1883.7507969437402 1857.891732723182
310 1883.7415233546221 1857.8824222129538
310 1883.7331501446308 1857.8718646324905
310 1883.7223684922042 1857.8609966107595
310 1883.711851173068 1857.8497335156196
310 1883.7015569926753 1857.8402166519336
310 1883.6916104878335 1857.8311667801781
310 1883.6835394816596 1857.8200538250362
310 1883.6739982721335 1857.813454059686
310 1883.6673424860226 1857.805235473676
310 1883.6577247005644 1857.7968698520717
310 1883.6490621268824 1857.7853870581728
310 1883.6387059153747 1857.7750021109598
310 1883.6285553211662 1857.7655584594227
310 1883.6200424088502 1857.7563317324843
310 1883.6109577045881 1857.7464166970988
310 1883.6026221718635 1857.7391576096725
310 1883.5957875548884 1857.7308172925807
310 1883.587660035338 1857.7232595977564
310 1883.5787287847713 1857.7159266423337
310 1883.5714191034797 1857.7058571135435
310 1883.5622683451497 1857.6967579239645
310 1883.5531976241637 1857.6884074069649
310 1883.544448244736 1857.6771681158395
310 1883.5343086245066 1857.668086884397
310 1883.5240744912253 1857.6573066636274
310 1883.5136704221059 1857.6461205233772
310 1883.5032759787318 1857.6362633705721
310 1883.4925449517293 1857.6277890265142
310 1883.4838244445389 1857.6175184243416
310 1883.4733964798104 1857.6079284877455
310 1883.4645384917153 1857.6001069793278
310 1883.4554134770344 1857.5928151780072
310 1883.4475563365822 1857.5839931663518
310 1883.439107430441 1857.573323592283
310 1883.4285607330532 1857.5665298522156
310 1883.4208888868693 1857.5597979718164
310 1883.4130779738932 1857.552867512462
310 1883.4048789255212 1857.5430789276716
310 1883.3962383124558 1857.5356424915326
310 1883.3880405022549 1857.5259866626498
310 1883.3780257273434 1857.5153482231822
310 1883.3682210566703 1857.5059244690647
310 1883.3594466514269 1857.4973475762113
310 1883.351269868886 1857.4895277322485
310 1883.3433850842493 1857.488495887601
310 1883.342423983768 1857.4872885485624
310 1883.341304626441 1857.4861867007485
310 1883.3403086342482 1857.4852368327433
310 1883.339352866021 1857.484396944043
310 1883.3384695216284 1857.483675753853
310 1883.3376991756738 1857.482545118976
310 1883.3366335895555 1857.4815605994177
310 1883.3355796145936 1857.4805704061864
310 1883.3346442472036 1857.4796328142018
310 1883.33365250317 1857.478682691437
310 1883.3327363485541 1857.4780839667055
310 1883.3319144107434 1857.477333634461
310 1883.3311817345848 1857.4762748784208
310 1883.3301813169487 1857.4755258107139
310 1883.3293255056305 1857.474761833787
310 1883.3284356650943 1857.4739142273859
310 1883.32761418451 1857.4730452817298
310 1883.3267271593015 1857.4720598531458
310 1883.325770554434 1857.4712900480793
310 1883.3249060189644 1857.4702539883433
310 1883.3238710659493 1857.4691554762708
310 1883.3229488012003 1857.4680243564928
310 1883.3218824005146 1857.4672775375093
310 1883.3211465094182 1857.466446468899
310 1883.3203217282426 1857.4654434308554
310 1883.3193355976448 1857.4645998364467
310 1883.318559335263 1857.4636370557887
310 1883.3176004523305 1857.4627754297708
310 1883.3166966214624 1857.4616998273686
310 1883.3156457257671 1857.4606333479114
310 1883.3145948244594 1857.4597111836533
310 1883.3136715434573 1857.4587668292265
310 1883.3126965814524 1857.4576774289776
310 1883.3116964908106 1857.4568050429043
310 1883.310793821362 1857.4559481338893
310 1883.3100029927773 1857.45491498592
310 1883.3089916433735 1857.453879539243
310 1883.3081481786626 1857.4528800557387
310 1883.3071191853792 1857.451990288052
310 1883.306156787266 1857.4508750181503
310 1883.305148537504 1857.4499120566738
310 1883.3041650096077 1857.4488767168964
310 1883.3032054414432 1857.4479711280333
310 1883.3023310730327 1857.447034131274
310 1883.3014360486015 1857.4460833586245
310 1883.3004656616006 1857.4453302232894
310 1883.2996240375928 1857.4445669888828
310 1883.298840278474 1857.443549960816
310 1883.298010460461 1857.4424696242793
310 1883.2969618677876 1857.4414679201257
310 1883.2959320778905 1857.4406176504062
310 1883.295115842664 1857.440009747912
310 1883.2944689024175 1857.4390286266016
310 1883.2934726615658 1857.4379240290925
310 1883.2924392441926 1857.4367112353364
310 1883.2913392256314 1857.4358251442884
310 1883.290366975026 1857.434987746959
310 1883.2895160701755 1857.433869653843
310 1883.2883877945558 1857.4331590029
310 1883.2876842357618 1857.4322520276237
310 1883.286757036741 1857.4314102405383
310 1883.2858482996985 1857.4307190010782
310 1883.2851204162448 1857.4298395064425
310 1883.2843151817335 1857.4290683976403
310 1883.2834058346857 1857.4281789542097
310 1883.2825818382 1857.4274395498269
310 1883.2817685976413 1857.4266383331087
310 1883.2808974488569 1857.4257126035473
310 1883.2799804160695 1857.424572686033
310 1883.2788106305295 1857.4236544851265
310 1883.2779583167264 1857.4229282245433
310 1883.2771435205902 1857.4219878895178
310 1883.276085172854 1857.4211025454028
310 1883.2752179107226 1857.4203488800063
310 1883.2745153577146 1857.4195033420272
310 1883.2736581861122 1857.4184618561483
310 1883.27260665486 1857.41742558252
310 1883.2716228538347 1857.4163595930177
310 1883.27064551996 1857.4154276067657
310 1883.2697160839743 1857.4145787139582
310 1883.2688714071414 1857.413566840331
310 1883.2679074047633 1857.4124493976292
310 1883.2669121559993 1857.4114130756914
310 1883.2659555234004 1857.4105066464963
310 1883.2651352772589 1857.409630990433
310 1883.2642320505745 1857.4086259587652
310 1883.2632592183172 1857.4078441374163
310 1883.2623901843344 1857.4068942193321
310 1883.2615004624772 1857.4061175694937
310 1883.2607311937597 1857.4051435266933
310 1883.2597169410815 1857.4041219783494
310 1883.2588240139037 1857.4032543135418
310 1883.257920921558 1857.4023299936575
310 1883.2570756585842 1857.4014033979738
310 1883.2561848430419 1857.4005988651022
310 1883.2552682746357 1857.3995980869483
310 1883.2544241385117 1857.3986222351382
310 1883.2534454055822 1857.397870682563
310 1883.2525876463965 1857.3971744602363
310 1883.2517783111564 1857.3970917029133
312 2549.3479473042944 2521.265598500335
312 2547.4374299833553 2519.294910808709
312 2545.93945530822 2517.262754567344
312 2544.1427246891335 2515.5446773282565
312 2542.7644575172853 2513.365772886762
312 2540.656657243328 2511.8122522670074
312 2539.4595742888678 2509.886337720899
312 2537.5493284487866 2508.4158084470755
312 2536.5311051567737 2506.736803579994
312 2535.017883580289 2504.740077129202
312 2533.1724171500355 2503.0850736537345
312 2531.5341424950702 2501.338377357709
312 2530.0945399294874 2499.3059908981286
312 2528.1666923234943 2497.4170534399254
312 2526.3836057105764 2495.324097359162
312 2524.6520971597997 2493.577371221183
312 2523.1607889605943 2491.7762601660743
312 2521.7845809975665 2490.44559557833
312 2520.1030439806714 2488.232696861066
312 2518.175675327893 2486.2931172205863
312 2516.674454369781 2484.660281080828
312 2515.1187008211705 2482.47017783676
312 2513.232227662689 2480.7184888243073
312 2511.6672115914757 2478.7722773575683
312 2510.0780256023795 2476.798952448371
312 2508.393364457138 2474.88511826613
312 2506.7656035691975 2473.2068236219166
312 2505.3221112710867 2470.979066274954
312 2503.3210496381153 2469.01015912226
312 2501.4782373508247 2466.877296354266
312 2499.566120389488 2464.96286475413
312 2497.7957751012736 2462.7051577000157
312 2495.74787898759 2460.7688015962535
312 2494.1628361991925 2459.0761657748294
312 2492.425446047556 2457.1366493038972
312 2491.0094908752417 2455.385536139596
312 2489.404948074005 2453.1785542413886
312 2487.3945422110446 2451.6361756273427
312 2485.8323412779196 2449.6976326123267
312 2484.267712058436 2448.1314351801184
312 2482.5985578088566 2446.1002247394026
312 2480.7868565946933 2444.0570561151635
312 2478.9141120670256 2442.1865172384496
312 2477.5642814042367 2440.2154450288194
312 2475.8929100065097 2438.7795838156358
312 2474.575663768347 2437.3756710786142
312 2472.98161297111 2435.52275115843
312 2471.3516864172902 2433.644776705206
312 2469.716840222625 2431.9093810393124
312 2468.129315180764 2429.9216316185366
312 2466.54646017458 2428.159544817885
312 2465.0444514714486 2426.2161347896895
312 2463.4560002420862 2423.9992367959376
312 2461.623738778251 2422.171823604229
312 2460.187530394244 2420.100473517339
312 2458.360682783964 2418.5323846009087
312 2456.884336451549 2416.3784725940895
312 2455.028664191816 2414.622398272457
312 2453.464136799104 2413.518345667294
312 2452.1519567566866 2386.62346129227
312 2425.720440238325 2385.3983164096085
312 2424.463737848731 2383.968183460613
312 2423.2295730650535 2382.6208785223953
312 2422.2478372933483 2381.3297006202365
312 2421.139950210465 2380.222822882281
312 2419.938715892858 2379.508917586907
312 2419.0977762467905 2378.404670204496
312 2418.0507877908135 2377.58761337902
312 2417.1164115266283 2376.3649728143146
312 2415.927854330464 2375.4799945734335
312 2415.0415171404525 2374.5788962229785
312 2414.0702690396465 2373.643288594244
312 2413.062556347359 2372.4871628023575
312 2411.815291129534 2371.4228406463553
312 2410.876720675519 2370.420911468884
312 2409.841032911071 2369.3356391789193
312 2408.964861385188 2368.555323964909
312 2407.9709336547858 2367.5198864120257
312 2406.7912745398667 2366.5014245288903
312 2405.7484605592895 2365.654460807425
312 2404.869475541939 2364.573346705907
312 2403.7485571321245 2363.6942358986735
312 2402.7267190757884 2362.8273726164457
312 2401.6700266791945 2361.72120121155
312 2400.6301841581026 2360.732310284259
312 2399.745592192536 2359.871276404223
312 2398.7778593138833 2358.7650316587396
312 2397.6839112106845 2357.8000201046707
312 2396.7178916910566 2357.015120578818
312 2395.7411769387913 2356.026749774376
312 2394.9531251718263 2355.1937059991055
312 2394.0386573020937 2354.0441995036463
312 2393.030034141822 2353.134067776118
312 2392.0325181371168 2352.4730677247426
312 2391.128172287257 2351.677180470344
312 2390.4706870307277 2350.5872533105585
312 2389.2241696934757 2349.502266617487
312 2388.021120644507 2348.9494917414995
312 2387.2371106586734 2348.0811962573202
312 2386.5447052275704 2347.294444437362
312 2385.7040575838346 2347.200413467663
312 2385.6054982639857 2347.1163377464627
312 2385.51513196463 2347.0405524701014
312 2385.424108388959 2346.9177846627454
312 2385.3061613064133 2346.7955254615235
312 2385.2016389065066 2346.673288687891
312 2385.084061194321 2346.5545434135865
312 2384.9625647207145 2346.4402951552865
312 2384.856250622733 2346.3408952336567
312 2384.742566150965 2346.2517605462317
312 2384.6449473504968 2346.152113400468
312 2384.548597623702 2346.0496364157307
312 2384.4370583161904 2345.9105877214606
312 2384.3129473934137 2345.8060968387
312 2384.2120380704346 2345.7340441205074
312 2384.1092398630026 2345.620754118745
312 2384.0061042945526 2345.481897454965
312 2383.88808963309 2345.36937219691
312 2383.771244527974 2345.2523005012995
312 2383.6678569794612 2345.1678948550866
312 2383.556130573652 2345.08358583062
312 2383.457279229402 2344.99574534196
312 2383.365137471922 2344.9064644223045
312 2383.2570100309617 2344.8029687679814
312 2383.160152438156 2344.6920186092843
312 2383.057309128414 2344.5750480560923
312 2382.9505623657947 2344.4754813958066
312 2382.8659145233682 2344.3933307574507
312 2382.7713548651477 2344.30636044943
312 2382.6747354834692 2344.169625624909
312 2382.5527059564806 2344.0575143762057
312 2382.433989279366 2343.961058970028
312 2382.345805145519 2343.8542559059856
312 2382.239159968789 2343.757507412557
312 2382.1490664066164 2343.67909030163
312 2382.057538561331 2343.5680577932217
312 2381.9537584165732 2343.454801206957
312 2381.850352918252 2343.3434254792105
312 2381.7415566602017 2343.222837434321
312 2381.6362406020385 2343.1224457119542
312 2381.536070390589 2342.988099345135
312 2381.421648182302 2342.9095303756753
312 2381.334440680639 2342.816147464917
312 2381.2290513208345 2342.720584543478
312 2381.1248968158156 2342.6418076700957
312 2381.03736577096 2342.5587553363093
312 2380.958155329496 2342.4358719517245
312 2380.840436304116 2342.3380984700157
312 2380.749614676131 2342.2676191133214
312 2380.665682558267 2342.1722635047627
312 2380.5597870364422 2342.0621281458057
312 2380.4669589175896 2341.9371196430166
312 2380.345309826081 2341.8595561738134
312 2380.254688232864 2341.745836184202
312 2380.1426540914927 2341.671637769298
312 2380.054377860758 2341.567407834241
312 2379.9651138173003 2341.4771712082365
312 2379.8776102746683 2341.3740627933353
312 2379.7757818621567 2341.280932231265
312 2379.677137829092 2341.177115521934
312 2379.5699278412394 2341.0964173779266
312 2379.472370201738 2341.006848247591
312 2379.3858276059855 2340.8998470711094
312 2379.2887966058147 2340.7946751011677
312 2379.1911624639383 2340.6996064777527
312 2379.0933570838893 2340.587265047404
312 2378.975304911741 2340.4686325651173
312 2378.870433704074 2340.3560376999317
312 2378.7463819161267 2340.2650811088815
312 2378.659769413302 2340.1729103792486
312 2378.5664745171243 2340.071963443548
312 2378.457335747417 2339.9512977514796
312 2378.3385262501583 2339.8412140540213
312 2378.2312318522427 2339.7404910099895
312 2378.134950193148 2339.6494117649145
312 2378.0386472920477 2339.5457800044114
312 2377.9304691129223 2339.443005954126
312 2377.831119177527 2339.3406782469324
312 2377.7324521155347 2339.2285097886
312 2377.620878174111 2339.133334981204
312 2377.5270546962097 2339.017167786007
312 2377.428857613887 2338.903024695908
312 2377.323167168877 2338.827996115141
312 2377.248995887475 2338.751049924492
312 2377.1620327483056 2338.6349020662824
312 2377.046662604025 2338.52894520461
312 2376.9347715493564 2338.398306180736
312 2376.8201030838522 2338.2862915925066
312 2376.6982741012866 2338.1926347666677
312 2376.5983764838306 2338.0888719428353
312 2376.495608662675 2337.991927967093
312 2376.403988193467 2337.898757662598
312 2376.3094201608033 2337.820021071638
312 2376.21835670538 2337.7023597408206
312 2376.104728427027 2337.587740360439
312 2375.985625061722 2337.480692069837
312 2375.893698692598 2337.378357313616
312 2375.7908233566677 2337.256114687795
312 2375.6726204050647 2337.159515511147
312 2375.5703038879906 2337.063630465458
312 2375.4818417205875 2337.052605578087
312 2375.4710074168097 2337.0450543771967
312 2375.4616909673973 2337.0361608975427
312 2375.4526727845914 2337.026973555268
312 2375.4429918895844 2337.0173637286807
312 2375.434569950432 2337.007290828281
312 2375.4232611593006 2336.998187036793
312 2375.4128410925578 2336.987530482831
312 2375.4031605099985 2336.975912405833
312 2375.391599094703 2336.9671454012678
312 2375.3827079782186 2336.955364131414
312 2375.37173553179 2336.9483136180224
312 2375.3638645153046 2336.937371274692
312 2375.3523469171587 2336.926599146047
312 2375.341747916425 2336.9163512515825
312 2375.3307493114075 2336.903653788908
312 2375.318369564762 2336.8920078096553
312 2375.305583683511 2336.883114119316
312 2375.2963384090854 2336.87326254238
312 2375.285025565948 2336.860078691555
312 2375.2733062787183 2336.8492617305265
312 2375.26449140088 2336.837784149261
312 2375.252778037494 2336.8268465835154
312 2375.241771224009 2336.81765876538
312 2375.2316319906463 2336.8072627688734
312 2375.2215266204576 2336.7975211900134
312 2375.210464177355 2336.7867993470322
312 2375.1992731630394 2336.776904949132
312 2375.1893531340124 2336.767246822042
312 2375.179429504227 2336.755779455759
312 2375.169790031296 2336.745803507777
312 2375.1605467922886 2336.7347074320273
312 2375.149646573972 2336.725998077658
312 2375.1408001356735 2336.7166286573765
312 2375.130584288281 2336.7067281767436
312 2375.12041571098 2336.6974540834262
312 2375.110737638715 2336.686095959101
312 2375.0994206790992 2336.6771230330837
312 2375.090370187658 2336.6675830027543
312 2375.080372363583 2336.6552322278044
312 2375.0688777827277 2336.644738177534
312 2375.058082026867 2336.632322465766
312 2375.045251239766 2336.620442851334
312 2375.0343470880866 2336.6095306680527
312 2375.0234276916813 2336.597347846455
312 2375.012133799092 2336.5866594872086
312 2375.0033314397892 2336.5780153469645
312 2374.9971425720205 2336.56718812046
312 2374.986211305926 2336.557249924681
312 2374.9761882408934 2336.544990300302
312 2374.9653727643995 2336.5361905208147
312 2374.955623983863 2336.5272146528446
312 2374.945941202581 2336.5166660366485
312 2374.9351403259966 2336.5050780722954
312 2374.9231340907754 2336.4939492871054
312 2374.9136146218093 2336.483163075529
312 2374.903904628693 2336.471526400701
312 2374.8923139527938 2336.459964909934
312 2374.8813795391047 2336.4493576778877
312 2374.870752264363 2336.435370511454
312 2374.8578131458075 2336.4259704886676
312 2374.846898577054 2336.414327319748
312 2374.8359978092426 2336.403511573435
312 2374.826381411392 2336.3935407289955
312 2374.8163517526514 2336.3834624993433
312 2374.806091293274 2336.37133098463
312 2374.7939040614383 2336.3623862616237
312 2374.785109625268 2336.3502345324623
312 2374.77398643593 2336.339471736698
312 2374.7646531263294 2336.326258369745
312 2374.7519779925556 2336.3137917992026
312 2374.739052602376 2336.302893988683
312 2374.72928920225 2336.290099377766
312 2374.7174760562875 2336.282431691442
312 2374.7080039358675 2336.2754619482453
312 2374.6987227805325 2336.2637030353008
312 2374.6873691644864 2336.256217238733
312 2374.6794122260158 2336.2459171695346
312 2374.6694554696473 2336.23740802876
312 2374.659419973399 2336.227972045884
312 2374.651279877897 2336.219682699575
312 2374.6423574381197 2336.2065188465594
312 2374.629120172018 2336.1977363289507
312 2374.619204240774 2336.1847310408957
312 2374.6067706481513 2336.173064139228
312 2374.5957774566605 2336.15912443678
312 2374.5841267762435 2336.150685741204
312 2374.5747824123873 2336.143984058143
312 2374.5657629519233 2336.134838836279
312 2374.556244523007 2336.122527256644
312 2374.5439466387957 2336.1138628320136
312 2374.533711105442 2336.10199074929
312 2374.522567256535 2336.094301325914
312 2374.5148655443727 2336.0816522270943
312 2374.501883724656 2336.0722305426957
312 2374.4918943086586 2336.0654541337544
312 2374.4832381328415 2336.0535009273635
312 2374.472085240227 2336.044080434173
312 2374.4635251742366 2336.033468447164
312 2374.452101829502 2336.0248946366373
312 2374.442708589671 2336.0237583146627
312 2374.4416704774617 2336.0225098217916
312 2374.440387034667 2336.021439887938
312 2374.439399938218 2336.0202849427005
312 2374.4382242991974 2336.019145941839
312 2374.4371624670875 2336.018112476446
312 2374.4361684458336 2336.016993320958
312 2374.4350140028964 2336.0158839730957
312 2374.433852854137 2336.0148299250677
312 2374.432788963591 2336.0134987074093
312 2374.4315540670227 2336.012398206928
312 2374.430530172226 2336.0118575964366
312 2374.4296950325593 2336.0108253798453
312 2374.4286255287784 2336.0096219196716
312 2374.427486472832 2336.008571109804
312 2374.4264161571014 2336.007461940571
312 2374.4254311497552 2336.0062145445368
312 2374.424252637646 2336.0051100600826
312 2374.423279711366 2336.0038981825105
312 2374.4221399215553 2336.003056255674
312 2374.421269353351 2336.002052361109
312 2374.4203278049467 2336.0009190364312
312 2374.4191075289805 2335.9999001912724
312 2374.4180976210664 2335.998988841317
312 2374.4171331412535 2335.997962502717
312 2374.4160491742277 2335.996754256624
312 2374.4148285511706 2335.995504831076
312 2374.4136313995295 2335.994370958488
312 2374.412423319726 2335.993695094695
312 2374.411640201637 2335.992734994449
312 2374.4106155167015 2335.9918736501186
312 2374.4096901179482 2335.990681641679
312 2374.4086881138774 2335.989530500804
312 2374.4075957793216 2335.9881444783214
312 2374.406418197061 2335.986878660997
312 2374.4052745983195 2335.9856385275984
312 2374.4041149773225 2335.9845456824637
312 2374.402874328554 2335.9833109980163
312 2374.4017697521404 2335.982298934415
312 2374.400713351371 2335.981581637582
312 2374.3999662353194 2335.980348801631
312 2374.3988098583372 2335.9795136913986
312 2374.3978703295816 2335.9784528371797
312 2374.396702393756 2335.9773836145705
312 2374.395692381242 2335.9763873977463
312 2374.3946375040764 2335.9752978441475
312 2374.393604094687 2335.9741314859757
312 2374.39269550604 2335.9730094701526
312 2374.391533649669 2335.972139911396
312 2374.3906121774626 2335.9711152550394
312 2374.3896049502314 2335.9699023264266
312 2374.388510060018 2335.9689378116973
312 2374.3877208503845 2335.9679636371625
312 2374.3867855343933 2335.9671826013737
312 2374.385925082707 2335.966181308428
312 2374.3849352566394 2335.965244625183
312 2374.383997814927 2335.964052743002
312 2374.3828464073636 2335.9630816954814
312 2374.381767841304 2335.961826612141
312 2374.3806725783534 2335.9608206266444
312 2374.379600888308 2335.9597260059663
312 2374.378512072467 2335.9584054630504
312 2374.3772496188953 2335.957395867931
312 2374.376152762375 2335.9563378246203
312 2374.375121484198 2335.955458724738
312 2374.3744357405008 2335.9542980786414
312 2374.373183287627 2335.9532902055153
312 2374.3721309564235 2335.952402807783
312 2374.371140988215 2335.951253675439
312 2374.3700411919003 2335.9502188778138
312 2374.3690779040103 2335.949253432149
312 2374.368158377195 2335.948131211772
312 2374.3669996406325 2335.947073650619
312 2374.3659205190324 2335.9459527886497
312 2374.364853349224 2335.9447674195435
312 2374.363662489975 2335.943670457435
312 2374.3627692010755 2335.942454803978
312 2374.3615922157624 2335.941490852786
312 2374.3606809346647 2335.9406251962646
312 2374.3598694580605 2335.9395110551854
312 2374.3587832847657 2335.938567431691
312 2374.3577357696704 2335.9375432999786
312 2374.356752534865 2335.936480184823
312 2374.3557583753595 2335.93531035053
312 2374.354789113926 2335.9341194143235
312 2374.35353687305 2335.9331381528536
312 2374.35257767247 2335.931923894882
312 2374.3514763448698 2335.930958768809
312 2374.350437843528 2335.930011383572
312 2374.349394134443 2335.928689427805
312 2374.3481229969975 2335.9274321117173
312 2374.3470445346225 2335.926162029055
312 2374.3459367653104 2335.924998164446
312 2374.344898660634 2335.9241824711553
312 2374.3439370059004 2335.9230467891302
312 2374.3427948923495 2335.9221903353955
312 2374.3418946233373 2335.9212691239018
312 2374.340880346945 2335.92013565851
312 2374.3396603584056 2335.919299464508
312 2374.3387989725616 2335.9180813082935
312 2374.33763612714 2335.9179938923626
